Rank,Date,Game PK,Game Time UTC,Game Status,Venue,Matchup,Home/Away,Player ID,Player,Team,Opponent,Position,Bats,Confirmed Lineup,Lineup Spot,G,PA,AB,H,2B,3B,HR,R,RBI,BB,HBP,SO,AVG,OBP,SLG,OPS,L14 G,L14 PA,L14 AB,L14 H,L14 HR,L14 AVG,L14 HR/PA,L30 G,L30 PA,L30 AB,L30 H,L30 HR,L30 AVG,L30 HR/PA,Statcast BBE,L30 Statcast BBE,Barrel %,Hard Hit %,Pull %,Center %,Oppo %,Fly Ball %,Air Ball %,Pull Air %,Sweet Spot %,HR Launch %,Ideal HR Contact %,Ideal Contact %,HR/Barrel %,Avg Exit Velocity,Avg Launch Angle,xSLG on Contact,Avg Bat Speed,Power DNA Score,Power DNA Label,Power DNA Stars,Power Archetype,Swing Plane Grade,Swing Plane Label,Power Profile Score,Power Profile Label,Power Profile Multiplier,Power Profile Data Quality,Estimated xHR,xHR Minus Actual HR,HR Regression Label,AI Power Outlook,Raw HR/PA,Bayesian HR/PA,Expected PA,AB Since Last HR,Games Since Last HR,AB/HR,Due Ratio,Due Meter Pct,Due Label,Opposing SP ID,Opposing SP,Opposing SP Throws,Platoon,SP G,SP GS,SP IP,SP ERA,SP WHIP,SP HR,SP HR/9,SP K/9,SP BB/9,Recent Form Multiplier,Pitcher HR Multiplier,Platoon Multiplier,Legacy OPS/SLG Multiplier,Statcast Power Multiplier,Power Multiplier,Due Multiplier,Baseline HR Probability %,HR Probability %,Model Confidence %,HR Model Score,Grade,Data Quality
1,2026-07-24,823759,2026-07-24T20:10:00Z,Pre-Game,American Family Field,Colorado Rockies @ Milwaukee Brewers,Away,696100,Hunter Goodman,Colorado Rockies,Milwaukee Brewers,C,R,Yes,4.0,95,397,357,92,16,0,31,64,57,34,4,129,0.258,0.327,0.563,0.89,7,29,27,9,4,0.333,0.1379,20,83,73,24,10,0.329,0.1205,20,20,20.0,40.0,40.0,20.0,40.0,30.0,35.0,28.6,40.0,20.0,15.0,20.0,100.0,86.9,26.4,1.47,73.2,66.7,Above Average,3.5,Barrel Machine,A-,Elevated power plane,66.7,Above Average,1.047,Good,3.2,-27.8,Strong negative regression,Above Average Barrel Machine profile. 20.0% barrel rate; 86.9 mph average exit velocity; 35.0% air-ball rate; 28.6% pull-air rate; 20.0% HR-launch rate.,0.0781,0.0674,4.48,3,1,11.5,0.26,26.1,Very recent HR,675660.0,Shane Drohan,L,RHB vs LHP,20,10,76.0,3.2,1.18,6,0.71,9.0,2.49,1.35,0.938,1.025,1.03,1.047,1.078,0.98,26.84,35.22,95.0,73.3,B+,Good
2,2026-07-24,823352,2026-07-24T22:40:00Z,Scheduled,PNC Park,Chicago Cubs @ Pittsburgh Pirates,Home,699013,Esmerlyn Valdez,Pittsburgh Pirates,Chicago Cubs,RF,R,No,,34,131,113,33,7,1,13,24,34,17,0,50,0.292,0.382,0.717,1.099,9,39,31,9,6,0.29,0.1538,23,99,83,28,11,0.337,0.1111,19,19,10.5,31.6,42.9,28.6,28.6,26.3,31.6,50.0,31.6,5.3,0.0,5.3,150.0,87.4,25.1,1.115,74.8,40.0,Below Average,2.5,Pull Power,A-,Elevated power plane,40.0,Below Average,0.972,Small Statcast sample,1.66,-11.34,Strong negative regression,Below Average Pull Power profile. 10.5% barrel rate; 87.4 mph average exit velocity; 31.6% air-ball rate; 50.0% pull-air rate; 5.3% HR-launch rate.,0.0992,0.0671,4.25,5,2,8.7,0.58,57.5,Recently homered,571510.0,Matthew Boyd,L,RHB vs LHP,10,10,52.0,4.15,1.21,6,1.04,8.83,2.42,1.35,0.993,1.025,1.08,0.972,1.05,1.0,25.56,35.11,69.3,71.9,B,Lineup unconfirmed
3,2026-07-24,824573,2026-07-24T23:40:00Z,Scheduled,Rate Field,Houston Astros @ Chicago White Sox,Away,670541,Yordan Alvarez,Houston Astros,Chicago White Sox,DH,L,No,,102,446,372,122,20,0,34,69,77,66,5,76,0.328,0.433,0.656,1.089,8,36,29,15,4,0.517,0.1111,21,92,80,28,9,0.35,0.0978,25,25,16.0,32.0,58.8,17.6,23.5,20.0,36.0,66.7,32.0,12.0,8.0,12.0,75.0,87.5,16.2,1.009,74.6,57.2,Average,3.5,Pull Power,A,Excellent HR swing plane,57.2,Average,1.02,Good,3.38,-30.62,Strong negative regression,Average Pull Power profile. 16.0% barrel rate; 87.5 mph average exit velocity; 36.0% air-ball rate; 66.7% pull-air rate; 12.0% HR-launch rate.,0.0762,0.0669,4.31,0,0,10.9,0.0,0.0,Very recent HR,663436.0,Davis Martin,R,LHB vs RHP,19,19,106.0,3.31,1.27,6,0.51,8.24,2.8,1.229,0.906,1.025,1.08,1.02,1.102,0.98,25.79,30.95,84.4,67.3,B,Lineup unconfirmed
4,2026-07-24,823843,2026-07-24T23:10:00Z,Scheduled,loanDepot park,San Diego Padres @ Miami Marlins,Home,665052,Griffin Conine,Miami Marlins,San Diego Padres,LF,L,No,,36,110,97,26,5,0,7,16,16,11,2,34,0.268,0.355,0.536,0.891,8,25,24,7,3,0.292,0.12,22,74,64,19,5,0.297,0.0676,27,27,14.8,25.9,50.0,30.0,20.0,14.8,25.9,42.9,44.4,14.8,7.4,14.8,50.0,83.8,9.9,1.16,72.4,50.6,Average,3.0,Pull Power,C,Low line-drive plane,50.6,Average,1.002,Good,3.15,-3.85,Negative regression,Average Pull Power profile. 14.8% barrel rate; 83.8 mph average exit velocity; 25.9% air-ball rate; 42.9% pull-air rate; 14.8% HR-launch rate.,0.0636,0.0471,4.09,14,4,13.9,1.01,101.0,Near normal interval,608566.0,Germán Márquez,R,LHB vs RHP,10,9,44.2,5.24,1.54,11,2.22,6.04,4.43,1.342,1.113,1.025,1.03,1.002,1.032,1.0,17.92,27.13,65.8,57.4,C+,Lineup unconfirmed
5,2026-07-24,823843,2026-07-24T23:10:00Z,Scheduled,loanDepot park,San Diego Padres @ Miami Marlins,Away,664034,Ty France,San Diego Padres,Miami Marlins,1B,R,No,,77,261,236,65,12,2,16,30,43,13,8,63,0.275,0.331,0.547,0.878,9,41,35,13,6,0.371,0.1463,20,85,73,24,7,0.329,0.0824,42,42,9.5,38.1,73.7,5.3,21.1,14.3,31.0,69.2,33.3,9.5,9.5,9.5,100.0,86.7,17.1,0.791,69.7,50.4,Average,3.0,Pull Power,A,Excellent HR swing plane,50.4,Average,1.001,Good,3.75,-12.25,Strong negative regression,Average Pull Power profile. 9.5% barrel rate; 86.7 mph average exit velocity; 31.0% air-ball rate; 69.2% pull-air rate; 9.5% HR-launch rate.,0.0613,0.0521,4.15,0,0,14.8,0.0,0.0,Very recent HR,,TBD,,Unknown,0,0,0.0,0.0,0.0,0,0.0,0.0,0.0,1.35,1.0,1.0,1.03,1.001,1.031,0.98,19.9,26.35,67.4,55.0,C+,Probable SP unavailable; Lineup unconfirmed
6,2026-07-24,822707,2026-07-24T22:45:00Z,Scheduled,Nationals Park,Arizona Diamondbacks @ Washington Nationals,Home,682928,CJ Abrams,Washington Nationals,Arizona Diamondbacks,SS,L,No,,99,423,371,106,20,2,24,62,76,36,10,91,0.286,0.359,0.544,0.903,8,36,34,13,4,0.382,0.1111,21,91,82,23,7,0.28,0.0769,26,26,15.4,38.5,56.2,25.0,18.8,23.1,34.6,66.7,38.5,15.4,15.4,15.4,100.0,86.2,16.0,0.993,71.4,67.5,Above Average,3.5,Barrel Machine,A,Excellent HR swing plane,67.5,Above Average,1.049,Good,3.44,-20.56,Strong negative regression,Above Average Barrel Machine profile. 15.4% barrel rate; 86.2 mph average exit velocity; 34.6% air-ball rate; 66.7% pull-air rate; 15.4% HR-launch rate.,0.0567,0.0513,4.17,5,1,15.5,0.32,32.3,Very recent HR,593958.0,Eduardo Rodriguez,L,LHB vs LHP,20,20,116.2,2.62,1.22,12,0.93,6.33,3.16,1.347,0.973,0.985,1.03,1.049,1.08,0.98,19.71,26.13,84.3,57.4,C+,Lineup unconfirmed
7,2026-07-24,822872,2026-07-25T00:05:00Z,Scheduled,Globe Life Field,Seattle Mariners @ Texas Rangers,Home,592626,Joc Pederson,Texas Rangers,Seattle Mariners,DH,L,No,,91,305,262,64,9,2,17,40,36,36,3,70,0.244,0.339,0.489,0.828,5,18,17,6,2,0.353,0.1111,16,57,51,13,6,0.255,0.1053,11,11,18.2,36.4,57.1,14.3,28.6,18.2,45.5,80.0,45.5,9.1,9.1,9.1,100.0,87.1,28.9,1.213,70.3,56.5,Average,3.5,Pull Power,C+,High fly-ball plane,56.5,Average,1.018,Small Statcast sample,1.63,-15.37,Strong negative regression,Average Pull Power profile. 18.2% barrel rate; 87.1 mph average exit velocity; 45.5% air-ball rate; 80.0% pull-air rate; 9.1% HR-launch rate.,0.0557,0.049,4.09,0,0,15.4,0.0,0.0,Very recent HR,682243.0,Bryce Miller,R,LHB vs RHP,11,10,63.1,2.27,0.88,9,1.28,10.09,1.42,1.35,1.026,1.025,1.0,1.018,1.018,0.98,18.59,25.51,78.3,54.4,C+,Lineup unconfirmed
8,2026-07-24,824733,2026-07-24T23:15:00Z,Scheduled,Fenway Park,Toronto Blue Jays @ Boston Red Sox,Home,575929,Willson Contreras,Boston Red Sox,Toronto Blue Jays,1B,R,No,,94,388,331,97,18,2,22,52,66,37,17,95,0.293,0.389,0.559,0.948,6,24,19,8,2,0.421,0.0833,18,71,60,21,6,0.35,0.0845,23,23,8.7,34.8,38.5,23.1,38.5,21.7,47.8,45.5,39.1,8.7,4.3,8.7,50.0,88.4,21.1,0.713,75.3,44.1,Below Average,3.0,Pull Power,A-,Elevated power plane,44.1,Below Average,0.983,Good,1.84,-20.16,Strong negative regression,Below Average Pull Power profile. 8.7% barrel rate; 88.4 mph average exit velocity; 47.8% air-ball rate; 45.5% pull-air rate; 8.7% HR-launch rate.,0.0567,0.0509,4.25,10,3,15.0,0.66,66.5,Recently homered,702056.0,Trey Yesavage,R,RHB vs RHP,15,15,81.0,3.78,1.16,8,0.89,8.67,4.56,1.259,0.966,0.985,1.03,0.983,1.013,1.0,19.9,23.74,82.7,54.0,C+,Lineup unconfirmed
9,2026-07-24,822952,2026-07-24T23:10:00Z,Scheduled,Tropicana Field,Cleveland Guardians @ Tampa Bay Rays,Home,691406,Junior Caminero,Tampa Bay Rays,Cleveland Guardians,3B,R,No,,102,447,387,111,16,0,29,65,62,57,1,83,0.287,0.378,0.553,0.931,10,44,37,13,1,0.351,0.0227,25,110,97,30,13,0.309,0.1182,36,36,8.3,36.1,63.6,9.1,27.3,8.3,30.6,72.7,30.6,5.6,5.6,5.6,33.3,88.0,7.1,0.693,76.8,40.9,Below Average,2.5,Pull Power,C,Low line-drive plane,40.9,Below Average,0.975,Good,2.88,-26.12,Strong negative regression,Below Average Pull Power profile. 8.3% barrel rate; 88.0 mph average exit velocity; 30.6% air-ball rate; 72.7% pull-air rate; 5.6% HR-launch rate.,0.0649,0.0579,4.17,24,6,13.3,1.8,179.8,Above normal drought,676282.0,Joey Cantillo,L,RHB vs LHP,21,21,106.0,3.74,1.42,12,1.02,9.51,4.42,1.019,0.987,1.025,1.03,0.975,1.004,1.035,22.03,23.45,85.0,58.4,C+,Lineup unconfirmed
10,2026-07-24,823680,2026-07-25T00:10:00Z,Scheduled,Target Field,Athletics @ Minnesota Twins,Away,669127,Shea Langeliers,Athletics,Minnesota Twins,C,R,No,,92,412,372,98,18,0,23,55,51,34,5,95,0.263,0.333,0.497,0.83,8,34,30,9,3,0.3,0.0882,20,83,74,19,4,0.257,0.0482,32,32,9.4,21.9,54.5,18.2,27.3,9.4,18.8,66.7,31.2,6.2,3.1,6.2,33.3,82.2,25.5,0.923,75.2,35.5,Below Average,2.5,Pull Power,A-,Elevated power plane,35.5,Below Average,0.959,Good,2.46,-20.54,Strong negative regression,Below Average Pull Power profile. 9.4% barrel rate; 82.2 mph average exit velocity; 18.8% air-ball rate; 66.7% pull-air rate; 6.2% HR-launch rate.,0.0558,0.0505,4.15,3,1,16.2,0.19,18.5,Very recent HR,805673.0,Zebby Matthews,R,RHB vs RHP,12,12,70.0,5.4,1.34,15,1.93,7.46,2.7,1.157,1.133,0.985,1.0,0.959,0.959,0.98,19.33,23.06,83.6,51.3,C,Lineup unconfirmed
11,2026-07-24,823843,2026-07-24T23:10:00Z,Scheduled,loanDepot park,San Diego Padres @ Miami Marlins,Home,691788,Joe Mack,Miami Marlins,San Diego Padres,C,L,No,,59,190,173,42,6,0,9,26,29,12,2,48,0.243,0.299,0.434,0.733,8,24,23,6,2,0.261,0.0833,21,62,57,12,5,0.211,0.0806,13,13,15.4,30.8,55.6,11.1,33.3,23.1,30.8,50.0,23.1,15.4,15.4,15.4,100.0,82.8,8.3,1.118,69.8,54.5,Average,3.0,Barrel Machine,C,Low line-drive plane,54.5,Average,1.013,Small Statcast sample,1.56,-7.44,Strong negative regression,Average Barrel Machine profile. 15.4% barrel rate; 82.8 mph average exit velocity; 30.8% air-ball rate; 50.0% pull-air rate; 15.4% HR-launch rate.,0.0474,0.0414,3.99,4,1,19.2,0.21,20.8,Very recent HR,608566.0,Germán Márquez,R,LHB vs RHP,10,9,44.2,5.24,1.54,11,2.22,6.04,4.43,1.35,1.113,1.025,1.0,1.013,1.013,0.98,15.53,22.97,70.5,47.9,C-,Lineup unconfirmed
12,2026-07-24,822952,2026-07-24T23:10:00Z,Scheduled,Tropicana Field,Cleveland Guardians @ Tampa Bay Rays,Home,683748,Victor Mesa Jr.,Tampa Bay Rays,Cleveland Guardians,RF,L,No,,39,123,107,24,2,0,8,16,17,14,0,29,0.224,0.311,0.467,0.778,8,23,21,5,3,0.238,0.1304,20,67,60,16,6,0.267,0.0896,27,27,11.1,18.5,61.5,23.1,15.4,14.8,25.9,71.4,37.0,7.4,7.4,7.4,100.0,80.7,6.8,0.859,70.9,42.9,Below Average,2.5,Pull Power,C,Low line-drive plane,42.9,Below Average,0.98,Good,2.38,-5.62,Strong negative regression,Below Average Pull Power profile. 11.1% barrel rate; 80.7 mph average exit velocity; 25.9% air-ball rate; 71.4% pull-air rate; 7.4% HR-launch rate.,0.065,0.0487,3.99,6,2,13.4,0.45,44.9,Recently homered,676282.0,Joey Cantillo,L,LHB vs LHP,21,21,106.0,3.74,1.42,12,1.02,9.51,4.42,1.35,0.987,0.985,1.0,0.98,0.98,1.0,18.07,22.77,66.1,47.6,C-,Lineup unconfirmed
13,2026-07-24,823680,2026-07-25T00:10:00Z,Scheduled,Target Field,Athletics @ Minnesota Twins,Home,680777,Ryan Jeffers,Minnesota Twins,Athletics,C,R,No,,44,177,148,42,9,1,9,29,32,26,1,29,0.284,0.392,0.541,0.933,6,24,22,5,2,0.227,0.0833,7,29,26,6,2,0.231,0.069,22,22,4.5,13.6,58.3,25.0,16.7,13.6,18.2,75.0,22.7,4.5,4.5,4.5,200.0,80.4,22.3,0.54,69.0,26.4,Weak,2.0,Pull Power,A-,Elevated power plane,26.4,Weak,0.934,Good,1.05,-7.95,Strong negative regression,Weak Pull Power profile. 4.5% barrel rate; 80.4 mph average exit velocity; 18.2% air-ball rate; 75.0% pull-air rate; 4.5% HR-launch rate.,0.0508,0.0432,4.25,5,1,16.4,0.3,30.4,Very recent HR,682052.0,Jacob Lopez,L,RHB vs LHP,15,12,59.2,6.64,1.73,11,1.66,7.39,5.43,1.311,1.076,1.025,1.03,0.934,0.962,0.98,17.12,22.75,67.0,50.0,C,Lineup unconfirmed
14,2026-07-24,823843,2026-07-24T23:10:00Z,Scheduled,loanDepot park,San Diego Padres @ Miami Marlins,Away,592518,Manny Machado,San Diego Padres,Miami Marlins,3B,R,No,,100,422,366,75,16,0,22,51,59,49,0,93,0.205,0.295,0.429,0.724,9,41,35,10,3,0.286,0.0732,23,99,83,23,8,0.277,0.0808,32,32,15.6,37.5,52.6,26.3,21.1,25.0,28.1,44.4,31.2,18.8,15.6,18.8,60.0,85.9,24.7,0.88,72.2,63.9,Above Average,3.5,Barrel Machine,A-,Elevated power plane,63.9,Above Average,1.039,Good,4.21,-17.79,Strong negative regression,Above Average Barrel Machine profile. 15.6% barrel rate; 85.9 mph average exit velocity; 28.1% air-ball rate; 44.4% pull-air rate; 18.8% HR-launch rate.,0.0521,0.0477,4.05,8,2,16.6,0.48,48.1,Recently homered,,TBD,,Unknown,0,0,0.0,0.0,0.0,0,0.0,0.0,0.0,1.243,1.0,1.0,1.0,1.039,1.039,1.0,17.95,22.69,74.9,47.9,C-,Probable SP unavailable; Lineup unconfirmed
15,2026-07-24,823601,2026-07-24T23:10:00Z,Scheduled,Citi Field,Los Angeles Dodgers @ New York Mets,Away,571970,Max Muncy,Los Angeles Dodgers,New York Mets,3B,L,No,,95,359,313,82,16,1,20,58,47,43,3,83,0.262,0.357,0.511,0.868,8,30,26,6,3,0.231,0.1,20,77,69,17,4,0.246,0.0519,37,37,10.8,24.3,66.7,20.0,13.3,18.9,21.6,62.5,27.0,10.8,5.4,10.8,75.0,84.6,28.0,0.713,69.8,40.7,Below Average,2.5,Pull Power,A-,Elevated power plane,40.7,Below Average,0.974,Good,3.47,-16.53,Strong negative regression,Below Average Pull Power profile. 10.8% barrel rate; 84.6 mph average exit velocity; 21.6% air-ball rate; 62.5% pull-air rate; 10.8% HR-launch rate.,0.0557,0.0498,4.15,0,0,15.6,0.0,0.0,Very recent HR,640455.0,Sean Manaea,L,LHB vs LHP,21,7,79.2,4.74,1.36,12,1.36,9.15,2.94,1.23,1.042,0.985,1.0,0.974,0.974,0.98,19.09,22.63,83.2,51.1,C,Lineup unconfirmed
16,2026-07-24,823434,2026-07-24T22:45:00Z,Scheduled,Citizens Bank Park,New York Yankees @ Philadelphia Phillies,Away,700250,Ben Rice,New York Yankees,Philadelphia Phillies,1B,L,No,,97,415,361,100,17,3,30,66,71,49,3,98,0.277,0.366,0.59,0.956,8,33,30,9,1,0.3,0.0303,23,95,85,21,8,0.247,0.0842,30,30,10.0,36.7,64.3,0.0,35.7,13.3,30.0,44.4,40.0,6.7,3.3,6.7,33.3,87.5,19.3,0.82,73.4,42.0,Below Average,2.5,Pull Power,A,Excellent HR swing plane,42.0,Below Average,0.978,Good,2.53,-27.47,Strong negative regression,Below Average Pull Power profile. 10.0% barrel rate; 87.5 mph average exit velocity; 30.0% air-ball rate; 44.4% pull-air rate; 6.7% HR-launch rate.,0.0723,0.0633,4.23,4,1,12.0,0.33,33.2,Very recent HR,666200.0,Jesús Luzardo,L,LHB vs LHP,20,20,115.1,3.43,1.21,10,0.78,11.16,2.89,0.945,0.949,0.985,1.055,0.978,1.031,0.98,24.15,21.8,84.6,51.3,C,Lineup unconfirmed
17,2026-07-24,823601,2026-07-24T23:10:00Z,Scheduled,Citi Field,Los Angeles Dodgers @ New York Mets,Home,621438,Tyrone Taylor,New York Mets,Los Angeles Dodgers,CF,R,No,,59,138,127,29,7,0,7,16,18,7,0,25,0.228,0.269,0.449,0.718,6,14,11,4,1,0.364,0.0714,16,34,30,11,4,0.367,0.1176,6,6,16.7,50.0,40.0,40.0,20.0,33.3,33.3,50.0,16.7,16.7,0.0,16.7,100.0,89.9,11.8,0.697,72.9,53.8,Average,3.0,Pull Power,A,Excellent HR swing plane,53.8,Average,1.011,Small Statcast sample,0.88,-6.12,Strong negative regression,Average Pull Power profile. 16.7% barrel rate; 89.9 mph average exit velocity; 33.3% air-ball rate; 50.0% pull-air rate; 16.7% HR-launch rate.,0.0507,0.042,3.93,3,2,18.1,0.17,16.5,Very recent HR,808963.0,Roki Sasaki,R,RHB vs RHP,17,17,86.2,4.98,1.34,19,1.97,8.83,3.53,1.293,1.139,0.985,1.0,1.011,1.011,0.98,15.52,21.71,64.6,44.8,C-,Lineup unconfirmed
18,2026-07-24,823352,2026-07-24T22:40:00Z,Scheduled,PNC Park,Chicago Cubs @ Pittsburgh Pirates,Away,624424,Michael Conforto,Chicago Cubs,Pittsburgh Pirates,DH,L,No,,67,172,151,36,10,0,9,21,24,20,0,52,0.238,0.326,0.483,0.809,5,12,11,2,1,0.182,0.0833,18,52,48,13,5,0.271,0.0962,12,12,8.3,41.7,75.0,0.0,25.0,25.0,25.0,100.0,16.7,8.3,8.3,8.3,100.0,78.3,32.9,0.684,70.9,45.4,Below Average,3.0,Pull Power,C+,High fly-ball plane,45.4,Below Average,0.987,Small Statcast sample,0.95,-8.05,Strong negative regression,Below Average Pull Power profile. 8.3% barrel rate; 78.3 mph average exit velocity; 25.0% air-ball rate; 100.0% pull-air rate; 8.3% HR-launch rate.,0.0523,0.044,4.15,3,1,16.8,0.18,17.9,Very recent HR,683003.0,Jared Jones,R,LHB vs RHP,9,9,40.0,4.05,1.1,5,1.13,10.8,2.7,1.306,1.003,1.025,1.0,0.987,0.987,0.98,17.02,21.66,68.4,46.6,C-,Lineup unconfirmed
19,2026-07-24,824812,2026-07-24T23:05:00Z,Scheduled,Oriole Park at Camden Yards,Atlanta Braves @ Baltimore Orioles,Home,691723,Coby Mayo,Baltimore Orioles,Atlanta Braves,3B,R,No,,79,261,238,47,10,0,13,33,35,19,3,87,0.197,0.264,0.403,0.667,7,18,18,5,2,0.278,0.1111,15,41,37,9,3,0.243,0.0732,11,11,9.1,36.4,33.3,33.3,33.3,18.2,27.3,33.3,36.4,9.1,0.0,9.1,100.0,88.5,25.8,0.876,75.3,42.7,Below Average,2.5,Contact-First Profile,A-,Elevated power plane,42.7,Below Average,0.98,Small Statcast sample,0.88,-12.12,Strong negative regression,Below Average Contact-First Profile profile. 9.1% barrel rate; 88.5 mph average exit velocity; 27.3% air-ball rate; 33.3% pull-air rate; 9.1% HR-launch rate.,0.0498,0.0442,3.93,6,2,18.3,0.33,32.8,Very recent HR,656550.0,Grant Holmes,R,RHB vs RHP,19,18,92.1,3.7,1.34,15,1.46,7.6,4.0,1.35,1.058,0.985,1.0,0.98,0.98,0.98,16.28,21.48,73.9,45.0,C-,Lineup unconfirmed
20,2026-07-24,824248,2026-07-24T22:40:00Z,Scheduled,Comerica Park,Kansas City Royals @ Detroit Tigers,Home,693307,Dillon Dingler,Detroit Tigers,Kansas City Royals,C,R,No,,94,391,350,96,22,2,22,54,66,25,11,82,0.274,0.339,0.537,0.876,9,38,32,12,3,0.375,0.0789,21,86,77,23,4,0.299,0.0465,36,36,5.6,25.0,57.9,31.6,10.5,11.1,22.2,62.5,30.6,11.1,11.1,11.1,150.0,81.8,7.2,0.659,68.9,39.7,Below Average,2.5,Pull Power,C,Low line-drive plane,39.7,Below Average,0.971,Good,2.1,-19.9,Strong negative regression,Below Average Pull Power profile. 5.6% barrel rate; 81.8 mph average exit velocity; 22.2% air-ball rate; 62.5% pull-air rate; 11.1% HR-launch rate.,0.0563,0.0506,4.09,7,2,15.9,0.44,44.0,Recently homered,694360.0,Beck Way,R,RHB vs RHP,18,0,22.1,3.22,1.52,4,1.61,8.46,4.03,1.109,1.026,0.985,1.03,0.971,1.0,1.0,19.12,21.23,83.9,49.1,C,Lineup unconfirmed
21,2026-07-24,823680,2026-07-25T00:10:00Z,Scheduled,Target Field,Athletics @ Minnesota Twins,Home,621439,Byron Buxton,Minnesota Twins,Athletics,CF,R,No,,78,347,317,87,16,1,25,57,45,24,4,85,0.274,0.331,0.568,0.899,3,12,11,4,0,0.364,0.0,8,32,28,9,0,0.321,0.0,12,12,0.0,33.3,66.7,22.2,11.1,8.3,33.3,50.0,41.7,0.0,0.0,0.0,,88.2,8.1,0.545,71.7,37.2,Below Average,2.5,Pull Power,C,Low line-drive plane,37.2,Below Average,0.964,Small Statcast sample,0.15,-24.85,Strong negative regression,Below Average Pull Power profile. 0.0% barrel rate; 88.2 mph average exit velocity; 33.3% air-ball rate; 50.0% pull-air rate; 0.0% HR-launch rate.,0.072,0.0618,4.09,37,10,12.7,2.92,291.8,Very long drought,682052.0,Jacob Lopez,L,RHB vs LHP,15,12,59.2,6.64,1.73,11,1.66,7.39,5.43,0.79,1.076,1.025,1.03,0.964,0.993,1.06,22.95,21.2,79.3,56.8,C+,Lineup unconfirmed
22,2026-07-24,822707,2026-07-24T22:45:00Z,Scheduled,Nationals Park,Arizona Diamondbacks @ Washington Nationals,Home,695578,James Wood,Washington Nationals,Arizona Diamondbacks,RF,L,No,,103,484,396,107,25,1,28,94,69,81,4,141,0.27,0.397,0.551,0.948,8,39,34,8,2,0.235,0.0513,22,107,86,25,8,0.291,0.0748,26,26,7.7,34.6,53.3,13.3,33.3,11.5,30.8,25.0,30.8,0.0,0.0,0.0,0.0,91.6,11.8,0.545,75.1,26.1,Weak,2.0,Contact-First Profile,A,Excellent HR swing plane,26.1,Weak,0.933,Good,1.58,-26.42,Strong negative regression,Weak Contact-First Profile profile. 7.7% barrel rate; 91.6 mph average exit velocity; 30.8% air-ball rate; 25.0% pull-air rate; 0.0% HR-launch rate.,0.0579,0.0527,4.25,27,6,14.1,1.91,190.9,Above normal drought,593958.0,Eduardo Rodriguez,L,LHB vs LHP,20,20,116.2,2.62,1.22,12,0.93,6.33,3.16,1.069,0.973,0.985,1.03,0.933,0.961,1.035,20.56,20.92,85.0,55.1,C+,Lineup unconfirmed
23,2026-07-24,823680,2026-07-25T00:10:00Z,Scheduled,Target Field,Athletics @ Minnesota Twins,Away,691016,Tyler Soderstrom,Athletics,Minnesota Twins,LF,L,No,,90,373,323,80,21,2,16,48,48,46,3,66,0.248,0.346,0.474,0.82,7,30,27,8,2,0.296,0.0667,13,48,42,12,3,0.286,0.0625,35,35,5.7,22.9,73.7,10.5,15.8,14.3,22.9,62.5,20.0,5.7,5.7,5.7,100.0,83.0,22.8,0.496,72.0,29.8,Weak,2.0,Pull Power,A-,Elevated power plane,29.8,Weak,0.943,Good,1.92,-14.08,Strong negative regression,Weak Pull Power profile. 5.7% barrel rate; 83.0 mph average exit velocity; 22.9% air-ball rate; 62.5% pull-air rate; 5.7% HR-launch rate.,0.0429,0.0402,4.15,17,4,20.2,0.84,84.2,Near normal interval,805673.0,Zebby Matthews,R,LHB vs RHP,12,12,70.0,5.4,1.34,15,1.93,7.46,2.7,1.244,1.133,1.025,1.0,0.943,0.943,1.0,15.67,20.87,80.8,47.7,C-,Lineup unconfirmed
24,2026-07-24,823031,2026-07-25T00:15:00Z,Scheduled,Busch Stadium,Cincinnati Reds @ St. Louis Cardinals,Away,663993,Nathaniel Lowe,Cincinnati Reds,St. Louis Cardinals,DH,L,No,,74,239,213,52,13,0,12,23,31,26,0,63,0.244,0.326,0.474,0.8,5,19,19,5,3,0.263,0.1579,12,42,41,8,3,0.195,0.0714,18,18,11.1,44.4,41.7,33.3,25.0,27.8,33.3,33.3,27.8,11.1,5.6,11.1,100.0,89.3,13.2,0.615,72.8,46.1,Below Average,3.0,Contact-First Profile,A,Excellent HR swing plane,46.1,Below Average,0.989,Small Statcast sample,1.75,-10.25,Strong negative regression,Below Average Contact-First Profile profile. 11.1% barrel rate; 89.3 mph average exit velocity; 33.3% air-ball rate; 33.3% pull-air rate; 11.1% HR-launch rate.,0.0502,0.0441,4.15,4,1,17.8,0.23,22.5,Very recent HR,669160.0,Dustin May,R,LHB vs RHP,19,19,98.0,4.78,1.32,7,0.64,8.72,2.94,1.35,0.926,1.025,1.0,0.989,0.989,0.98,17.08,20.86,72.4,45.8,C-,Lineup unconfirmed
25,2026-07-24,824248,2026-07-24T22:40:00Z,Scheduled,Comerica Park,Kansas City Royals @ Detroit Tigers,Home,679529,Spencer Torkelson,Detroit Tigers,Kansas City Royals,1B,R,No,,102,400,349,72,18,0,19,43,50,43,5,131,0.206,0.301,0.421,0.722,9,36,34,5,3,0.147,0.0833,23,93,84,16,7,0.19,0.0753,32,32,9.4,15.6,37.5,50.0,12.5,21.9,25.0,50.0,25.0,9.4,9.4,9.4,100.0,83.4,21.8,0.762,73.1,40.6,Below Average,2.5,Pull Power,A-,Elevated power plane,40.6,Below Average,0.974,Good,2.52,-16.48,Strong negative regression,Below Average Pull Power profile. 9.4% barrel rate; 83.4 mph average exit velocity; 25.0% air-ball rate; 50.0% pull-air rate; 9.4% HR-launch rate.,0.0475,0.0439,3.99,4,1,18.4,0.22,21.8,Very recent HR,694360.0,Beck Way,R,RHB vs RHP,18,0,22.1,3.22,1.52,4,1.61,8.46,4.03,1.326,1.026,0.985,1.0,0.974,0.974,0.98,16.41,20.59,84.4,45.8,C-,Lineup unconfirmed
26,2026-07-24,824812,2026-07-24T23:05:00Z,Scheduled,Oriole Park at Camden Yards,Atlanta Braves @ Baltimore Orioles,Away,686948,Drake Baldwin,Atlanta Braves,Baltimore Orioles,C,L,No,,79,352,306,84,6,0,19,57,55,38,7,73,0.275,0.366,0.48,0.846,9,42,33,15,4,0.455,0.0952,23,103,86,25,5,0.291,0.0485,36,36,8.3,27.8,40.9,18.2,40.9,19.4,36.1,38.5,27.8,8.3,8.3,8.3,133.3,87.2,12.3,0.668,73.8,35.7,Below Average,2.5,Contact-First Profile,A,Excellent HR swing plane,35.7,Below Average,0.96,Good,2.65,-16.35,Strong negative regression,Below Average Contact-First Profile profile. 8.3% barrel rate; 87.2 mph average exit velocity; 36.1% air-ball rate; 38.5% pull-air rate; 8.3% HR-launch rate.,0.054,0.0484,4.15,0,0,16.1,0.0,0.0,Very recent HR,669432.0,Trevor Rogers,L,LHB vs LHP,18,18,96.2,4.28,1.3,10,0.93,7.17,2.98,1.214,0.973,0.985,1.0,0.96,0.96,0.98,18.6,20.21,85.0,47.2,C-,Lineup unconfirmed
27,2026-07-24,823601,2026-07-24T23:10:00Z,Scheduled,Citi Field,Los Angeles Dodgers @ New York Mets,Home,682626,Francisco Alvarez,New York Mets,Los Angeles Dodgers,C,R,No,,68,248,222,57,7,0,11,22,25,20,3,66,0.257,0.325,0.437,0.762,5,20,16,6,2,0.375,0.1,18,70,63,15,3,0.238,0.0429,12,12,8.3,33.3,40.0,60.0,0.0,8.3,16.7,0.0,25.0,8.3,0.0,8.3,0.0,86.6,22.3,0.418,70.7,32.8,Weak,2.5,Contact-First Profile,A-,Elevated power plane,32.8,Weak,0.952,Small Statcast sample,0.76,-10.24,Strong negative regression,Weak Contact-First Profile profile. 8.3% barrel rate; 86.5 mph average exit velocity; 16.7% air-ball rate; 0.0% pull-air rate; 8.3% HR-launch rate.,0.0444,0.0403,3.99,10,3,20.2,0.5,49.5,Recently homered,808963.0,Roki Sasaki,R,RHB vs RHP,17,17,86.2,4.98,1.34,19,1.97,8.83,3.53,1.275,1.139,0.985,1.0,0.952,0.952,1.0,15.15,20.18,75.3,44.5,C-,Lineup unconfirmed
28,2026-07-24,822707,2026-07-24T22:45:00Z,Scheduled,Nationals Park,Arizona Diamondbacks @ Washington Nationals,Home,671277,Luis García Jr.,Washington Nationals,Arizona Diamondbacks,1B,L,No,,95,338,322,90,16,4,21,46,70,15,0,55,0.28,0.311,0.55,0.861,7,27,26,5,1,0.192,0.037,20,79,75,25,8,0.333,0.1013,28,28,7.1,14.3,58.3,16.7,25.0,7.1,21.4,50.0,25.0,3.6,3.6,3.6,50.0,79.4,-5.0,0.606,72.0,25.3,Weak,2.0,Pull Power,D,Ground-ball heavy,25.3,Weak,0.931,Good,1.58,-19.42,Strong negative regression,Weak Pull Power profile. 7.1% barrel rate; 79.4 mph average exit velocity; 21.4% air-ball rate; 50.0% pull-air rate; 3.6% HR-launch rate.,0.0621,0.0542,4.09,0,0,15.3,0.0,0.0,Very recent HR,593958.0,Eduardo Rodriguez,L,LHB vs LHP,20,20,116.2,2.62,1.22,12,0.93,6.33,3.16,1.083,0.973,0.985,1.03,0.931,0.959,0.98,20.39,19.93,82.5,46.6,C-,Lineup unconfirmed
29,2026-07-24,823434,2026-07-24T22:45:00Z,Scheduled,Citizens Bank Park,New York Yankees @ Philadelphia Phillies,Home,656941,Kyle Schwarber,Philadelphia Phillies,New York Yankees,DH,L,No,,99,439,371,92,10,1,33,60,61,62,5,154,0.248,0.362,0.547,0.909,8,34,30,6,1,0.2,0.0294,23,101,85,20,4,0.235,0.0396,19,19,10.5,21.1,62.5,25.0,12.5,10.5,21.1,75.0,26.3,5.3,0.0,5.3,50.0,84.4,30.4,0.398,76.2,32.4,Weak,2.5,Pull Power,C+,High fly-ball plane,32.4,Weak,0.951,Small Statcast sample,1.68,-31.32,Strong negative regression,Weak Pull Power profile. 10.5% barrel rate; 84.4 mph average exit velocity; 21.1% air-ball rate; 75.0% pull-air rate; 5.3% HR-launch rate.,0.0752,0.0659,4.17,14,4,11.2,1.25,124.5,Near normal interval,693645.0,Cam Schlittler,R,LHB vs RHP,21,21,123.0,2.2,0.96,12,0.88,10.61,1.83,0.806,0.965,1.025,1.03,0.951,0.979,1.0,24.75,19.77,85.0,49.7,C,Lineup unconfirmed
30,2026-07-24,823601,2026-07-24T23:10:00Z,Scheduled,Citi Field,Los Angeles Dodgers @ New York Mets,Away,660271,Shohei Ohtani,Los Angeles Dodgers,New York Mets,TWP,L,No,,98,433,360,102,17,2,22,66,60,62,5,99,0.283,0.392,0.525,0.917,8,34,32,7,1,0.219,0.0294,21,93,85,21,5,0.247,0.0538,18,18,11.1,66.7,62.5,12.5,25.0,27.8,38.9,42.9,27.8,16.7,5.6,16.7,0.0,93.6,6.1,0.601,73.9,60.2,Average,3.5,Pure Power,C,Low line-drive plane,60.2,Average,1.029,Small Statcast sample,2.06,-19.94,Strong negative regression,Average Pure Power profile. 11.1% barrel rate; 93.6 mph average exit velocity; 38.9% air-ball rate; 42.9% pull-air rate; 16.7% HR-launch rate.,0.0508,0.0467,4.31,25,6,16.4,1.53,152.8,Above normal drought,640455.0,Sean Manaea,L,LHB vs LHP,21,7,79.2,4.74,1.36,12,1.36,9.15,2.94,0.946,1.042,0.985,1.03,1.029,1.059,1.035,18.64,19.73,84.4,50.9,C,Lineup unconfirmed
31,2026-07-24,822872,2026-07-25T00:05:00Z,Scheduled,Globe Life Field,Seattle Mariners @ Texas Rangers,Home,694671,Wyatt Langford,Texas Rangers,Seattle Mariners,LF,R,No,,50,216,202,57,9,2,11,31,27,13,1,46,0.282,0.329,0.51,0.839,8,34,32,10,2,0.312,0.0588,12,53,50,16,4,0.32,0.0755,32,32,12.5,21.9,55.6,16.7,27.8,18.8,40.6,61.5,37.5,9.4,6.2,9.4,50.0,82.9,21.2,0.84,69.7,45.3,Below Average,3.0,Pull Power,A-,Elevated power plane,45.3,Below Average,0.987,Good,3.17,-7.83,Strong negative regression,Below Average Pull Power profile. 12.5% barrel rate; 82.9 mph average exit velocity; 40.6% air-ball rate; 61.5% pull-air rate; 9.4% HR-launch rate.,0.0509,0.0442,4.09,3,1,18.4,0.16,16.3,Very recent HR,682243.0,Bryce Miller,R,RHB vs RHP,11,10,63.1,2.27,0.88,9,1.28,10.09,1.42,1.201,1.026,0.985,1.0,0.987,0.987,0.98,16.87,19.56,71.7,44.2,C-,Lineup unconfirmed
32,2026-07-24,822707,2026-07-24T22:45:00Z,Scheduled,Nationals Park,Arizona Diamondbacks @ Washington Nationals,Home,665953,Andrés Chaparro,Washington Nationals,Arizona Diamondbacks,1B,R,No,,35,79,66,14,3,0,4,14,18,12,1,19,0.212,0.342,0.439,0.781,5,15,13,5,3,0.385,0.2,14,35,31,8,4,0.258,0.1143,10,10,10.0,40.0,57.1,28.6,14.3,20.0,50.0,80.0,20.0,20.0,20.0,20.0,100.0,85.4,21.5,0.828,70.1,55.5,Average,3.0,Pull Power,A-,Elevated power plane,55.5,Average,1.015,Small Statcast sample,1.05,-2.95,Negative regression,Average Pull Power profile. 10.0% barrel rate; 85.4 mph average exit velocity; 50.0% air-ball rate; 80.0% pull-air rate; 20.0% HR-launch rate.,0.0506,0.0394,3.99,1,1,16.5,0.06,6.1,Very recent HR,593958.0,Eduardo Rodriguez,L,RHB vs LHP,20,20,116.2,2.62,1.22,12,0.93,6.33,3.16,1.35,0.973,1.025,1.0,1.015,1.015,0.98,14.82,19.45,60.4,41.5,D+,Small season sample; Lineup unconfirmed
33,2026-07-24,823601,2026-07-24T23:10:00Z,Scheduled,Citi Field,Los Angeles Dodgers @ New York Mets,Home,665742,Juan Soto,New York Mets,Los Angeles Dodgers,LF,L,No,,83,357,293,83,8,2,21,46,52,61,0,48,0.283,0.404,0.539,0.943,7,31,24,3,0,0.125,0.0,22,98,72,17,4,0.236,0.0408,22,22,0.0,31.8,63.6,9.1,27.3,18.2,27.3,50.0,18.2,0.0,0.0,0.0,,85.5,20.3,0.233,71.7,20.7,Weak,2.0,Pull Power,A-,Elevated power plane,20.7,Weak,0.918,Good,0.26,-20.74,Strong negative regression,Weak Pull Power profile. 0.0% barrel rate; 85.5 mph average exit velocity; 27.3% air-ball rate; 50.0% pull-air rate; 0.0% HR-launch rate.,0.0588,0.0521,4.25,27,8,14.0,1.94,193.5,Above normal drought,808963.0,Roki Sasaki,R,LHB vs RHP,17,17,86.2,4.98,1.34,19,1.97,8.83,3.53,0.818,1.139,1.025,1.03,0.918,0.945,1.035,20.33,19.11,84.8,52.3,C,Lineup unconfirmed
34,2026-07-24,823680,2026-07-25T00:10:00Z,Scheduled,Target Field,Athletics @ Minnesota Twins,Home,665019,Kody Clemens,Minnesota Twins,Athletics,1B,L,No,,90,361,330,79,19,3,18,47,48,22,5,84,0.239,0.295,0.479,0.774,9,37,36,6,2,0.167,0.0541,22,95,89,21,7,0.236,0.0737,37,37,5.4,27.0,70.0,10.0,20.0,21.6,32.4,66.7,18.9,2.7,2.7,2.7,100.0,84.4,27.9,0.523,70.3,24.2,Weak,2.0,Pull Power,A-,Elevated power plane,24.2,Weak,0.928,Good,1.92,-16.08,Strong negative regression,Weak Pull Power profile. 5.4% barrel rate; 84.4 mph average exit velocity; 32.4% air-ball rate; 66.7% pull-air rate; 2.7% HR-launch rate.,0.0499,0.0454,3.99,21,5,18.3,1.15,114.5,Near normal interval,682052.0,Jacob Lopez,L,LHB vs LHP,15,12,59.2,6.64,1.73,11,1.66,7.39,5.43,1.154,1.076,0.985,1.0,0.928,0.928,1.0,16.92,19.02,84.6,46.0,C-,Lineup unconfirmed
35,2026-07-24,822707,2026-07-24T22:45:00Z,Scheduled,Nationals Park,Arizona Diamondbacks @ Washington Nationals,Home,678554,Curtis Mead,Washington Nationals,Arizona Diamondbacks,3B,R,No,,85,318,279,72,17,1,17,48,48,35,4,62,0.258,0.349,0.509,0.858,7,28,25,11,2,0.44,0.0714,20,86,78,27,4,0.346,0.0465,21,21,4.8,38.1,55.6,22.2,22.2,0.0,19.0,50.0,42.9,4.8,0.0,4.8,0.0,87.3,19.5,0.494,69.0,34.2,Weak,2.5,Pull Power,A,Excellent HR swing plane,34.2,Weak,0.956,Good,1.03,-15.97,Strong negative regression,Weak Pull Power profile. 4.8% barrel rate; 87.3 mph average exit velocity; 19.0% air-ball rate; 50.0% pull-air rate; 4.8% HR-launch rate.,0.0535,0.0476,4.09,20,5,16.4,1.22,121.9,Near normal interval,593958.0,Eduardo Rodriguez,L,RHB vs LHP,20,20,116.2,2.62,1.22,12,0.93,6.33,3.16,1.106,0.973,1.025,1.0,0.956,0.956,1.0,18.08,18.98,81.6,47.1,C-,Lineup unconfirmed
36,2026-07-24,822952,2026-07-24T23:10:00Z,Scheduled,Tropicana Field,Cleveland Guardians @ Tampa Bay Rays,Home,668723,Ryan Vilade,Tampa Bay Rays,Cleveland Guardians,RF,R,No,,55,167,148,38,7,1,7,17,31,14,1,33,0.257,0.319,0.459,0.778,4,12,11,3,1,0.273,0.0833,8,28,25,4,2,0.16,0.0714,4,4,0.0,25.0,100.0,0.0,0.0,0.0,0.0,,25.0,0.0,0.0,0.0,,89.9,-6.0,0.388,79.3,43.3,Below Average,2.5,Contact-First Profile,D,Ground-ball heavy,43.3,Below Average,0.981,Small Statcast sample,0.0,-7.0,Strong negative regression,Below Average Contact-First Profile profile. 0.0% barrel rate; 89.9 mph average exit velocity; 0.0% air-ball rate; 0.0% HR-launch rate; 0.0% ideal HR-contact rate.,0.0419,0.0378,3.99,10,3,21.1,0.47,47.3,Recently homered,676282.0,Joey Cantillo,L,RHB vs LHP,21,21,106.0,3.74,1.42,12,1.02,9.51,4.42,1.35,0.987,1.025,1.0,0.981,0.981,1.0,14.24,18.72,66.2,41.1,D+,Lineup unconfirmed
37,2026-07-24,823352,2026-07-24T22:40:00Z,Scheduled,PNC Park,Chicago Cubs @ Pittsburgh Pirates,Away,673548,Seiya Suzuki,Chicago Cubs,Pittsburgh Pirates,RF,R,No,,86,371,322,87,16,0,17,54,53,43,3,95,0.27,0.358,0.478,0.836,8,38,29,8,2,0.276,0.0526,21,96,82,25,7,0.305,0.0729,27,27,14.8,29.6,75.0,8.3,16.7,11.1,25.9,71.4,44.4,11.1,3.7,11.1,50.0,84.7,23.1,1.08,71.2,49.8,Average,3.0,Pull Power,A-,Elevated power plane,49.8,Average,0.999,Good,3.27,-13.73,Strong negative regression,Average Pull Power profile. 14.8% barrel rate; 84.7 mph average exit velocity; 25.9% air-ball rate; 71.4% pull-air rate; 11.1% HR-launch rate.,0.0458,0.0424,4.15,0,0,18.9,0.0,0.0,Very recent HR,683003.0,Jared Jones,R,RHB vs RHP,9,9,40.0,4.05,1.1,5,1.13,10.8,2.7,1.182,1.003,0.985,1.0,0.999,0.999,0.98,16.47,18.66,84.7,44.5,C-,Lineup unconfirmed
38,2026-07-24,823196,2026-07-25T02:15:00Z,Scheduled,Oracle Park,Los Angeles Angels @ San Francisco Giants,Home,642715,Willy Adames,San Francisco Giants,Los Angeles Angels,SS,R,No,,97,408,379,86,22,1,18,50,45,27,1,116,0.227,0.279,0.433,0.712,8,32,30,7,3,0.233,0.0938,20,81,71,17,5,0.239,0.0617,25,25,8.0,20.0,27.3,27.3,45.5,20.0,20.0,20.0,36.0,12.0,4.0,12.0,100.0,79.8,23.7,0.585,70.6,25.1,Weak,2.0,Contact-First Profile,A-,Elevated power plane,25.1,Weak,0.93,Good,1.59,-16.41,Strong negative regression,Weak Contact-First Profile profile. 8.0% barrel rate; 79.8 mph average exit velocity; 20.0% air-ball rate; 20.0% pull-air rate; 12.0% HR-launch rate.,0.0441,0.0414,3.93,6,2,21.1,0.28,28.5,Very recent HR,680570.0,Grayson Rodriguez,R,RHB vs RHP,8,8,35.0,8.23,1.77,5,1.29,6.94,4.37,1.35,1.015,0.985,1.0,0.93,0.93,0.98,15.3,18.56,83.5,42.3,C-,Lineup unconfirmed
39,2026-07-24,824573,2026-07-24T23:40:00Z,Scheduled,Rate Field,Houston Astros @ Chicago White Sox,Home,808959,Munetaka Murakami,Chicago White Sox,Houston Astros,1B,L,No,,66,285,230,53,7,0,20,49,42,53,1,95,0.23,0.375,0.522,0.897,8,34,25,4,0,0.16,0.0,9,39,30,5,0,0.167,0.0,15,15,6.7,26.7,37.5,25.0,37.5,33.3,53.3,37.5,46.7,0.0,0.0,0.0,0.0,85.7,25.8,0.671,74.3,34.9,Weak,2.5,Contact-First Profile,A-,Elevated power plane,34.9,Weak,0.958,Small Statcast sample,0.77,-19.23,Strong negative regression,Weak Contact-First Profile profile. 6.7% barrel rate; 85.7 mph average exit velocity; 53.3% air-ball rate; 37.5% pull-air rate; 0.0% HR-launch rate.,0.0702,0.0589,4.09,34,11,11.5,2.96,295.7,Very long drought,681293.0,Spencer Arrighetti,R,LHB vs RHP,16,16,87.0,4.34,1.31,12,1.24,9.0,4.97,0.758,1.022,1.025,1.03,0.958,0.986,1.06,21.97,18.54,75.5,51.9,C,Lineup unconfirmed
40,2026-07-24,823031,2026-07-25T00:15:00Z,Scheduled,Busch Stadium,Cincinnati Reds @ St. Louis Cardinals,Away,553993,Eugenio Suárez,Cincinnati Reds,St. Louis Cardinals,DH,R,No,,72,286,259,54,11,0,13,26,37,24,2,101,0.208,0.28,0.402,0.682,7,27,26,7,4,0.269,0.1481,20,81,72,15,6,0.208,0.0741,19,19,15.8,26.3,50.0,25.0,25.0,31.6,42.1,37.5,21.1,10.5,5.3,10.5,33.3,89.7,21.6,0.615,69.9,43.6,Below Average,2.5,Contact-First Profile,A-,Elevated power plane,43.6,Below Average,0.982,Small Statcast sample,2.47,-10.53,Strong negative regression,Below Average Contact-First Profile profile. 15.8% barrel rate; 89.7 mph average exit velocity; 42.1% air-ball rate; 37.5% pull-air rate; 10.5% HR-launch rate.,0.0455,0.0415,3.99,0,0,19.9,0.0,0.0,Very recent HR,669160.0,Dustin May,R,RHB vs RHP,19,19,98.0,4.78,1.32,7,0.64,8.72,2.94,1.35,0.926,0.985,1.0,0.982,0.982,0.98,15.55,18.23,78.9,40.7,D+,Lineup unconfirmed
41,2026-07-24,823434,2026-07-24T22:45:00Z,Scheduled,Citizens Bank Park,New York Yankees @ Philadelphia Phillies,Away,665862,Jazz Chisholm Jr.,New York Yankees,Philadelphia Phillies,2B,L,No,,97,383,342,77,13,2,16,51,43,37,1,113,0.225,0.3,0.415,0.715,8,31,31,8,3,0.258,0.0968,21,74,69,15,4,0.217,0.0541,29,29,10.3,31.0,64.3,0.0,35.7,20.7,20.7,50.0,17.2,13.8,6.9,13.8,100.0,85.9,21.4,0.873,69.5,45.5,Below Average,3.0,Pull Power,A-,Elevated power plane,45.5,Below Average,0.987,Good,2.72,-13.28,Strong negative regression,Below Average Pull Power profile. 10.3% barrel rate; 85.9 mph average exit velocity; 20.7% air-ball rate; 50.0% pull-air rate; 13.8% HR-launch rate.,0.0418,0.0394,4.05,8,2,21.4,0.37,37.4,Recently homered,666200.0,Jesús Luzardo,L,LHB vs LHP,20,20,115.1,3.43,1.21,10,0.78,11.16,2.89,1.331,0.949,0.985,1.0,0.987,0.987,1.0,15.04,18.21,82.9,41.7,D+,Lineup unconfirmed
42,2026-07-24,824248,2026-07-24T22:40:00Z,Scheduled,Comerica Park,Kansas City Royals @ Detroit Tigers,Home,682985,Riley Greene,Detroit Tigers,Kansas City Royals,LF,L,No,,102,428,369,105,21,1,15,53,50,53,2,116,0.285,0.374,0.469,0.843,9,36,32,7,2,0.219,0.0556,22,93,82,22,6,0.268,0.0645,32,32,15.6,43.8,52.9,23.5,23.5,18.8,34.4,45.5,37.5,15.6,6.2,15.6,40.0,85.9,11.5,0.845,73.8,59.7,Average,3.5,Pull Power,A,Excellent HR swing plane,59.7,Average,1.027,Good,4.1,-10.9,Strong negative regression,Average Pull Power profile. 15.6% barrel rate; 85.9 mph average exit velocity; 34.4% air-ball rate; 45.5% pull-air rate; 15.6% HR-launch rate.,0.035,0.0344,4.09,11,3,24.6,0.45,44.7,Recently homered,694360.0,Beck Way,R,LHB vs RHP,18,0,22.1,3.22,1.52,4,1.61,8.46,4.03,1.289,1.026,1.025,1.0,1.027,1.027,1.0,13.33,18.17,84.4,43.8,C-,Lineup unconfirmed
43,2026-07-24,824573,2026-07-24T23:40:00Z,Scheduled,Rate Field,Houston Astros @ Chicago White Sox,Home,695657,Colson Montgomery,Chicago White Sox,Houston Astros,SS,L,No,,96,402,359,79,17,0,24,48,57,34,9,130,0.22,0.303,0.468,0.771,7,29,25,5,1,0.2,0.0345,20,86,81,18,4,0.222,0.0465,12,12,8.3,25.0,33.3,50.0,0.0,25.0,25.0,33.3,8.3,8.3,8.3,8.3,100.0,77.8,16.8,0.957,75.0,38.6,Below Average,2.5,Contact-First Profile,A,Excellent HR swing plane,38.6,Below Average,0.968,Small Statcast sample,0.77,-23.23,Strong negative regression,Below Average Contact-First Profile profile. 8.3% barrel rate; 77.8 mph average exit velocity; 25.0% air-ball rate; 33.3% pull-air rate; 8.3% HR-launch rate.,0.0597,0.0533,3.99,7,2,15.0,0.47,46.8,Recently homered,681293.0,Spencer Arrighetti,R,LHB vs RHP,16,16,87.0,4.34,1.31,12,1.24,9.0,4.97,0.899,1.022,1.025,1.0,0.968,0.968,1.0,19.64,18.05,83.9,42.4,C-,Lineup unconfirmed
44,2026-07-24,823601,2026-07-24T23:10:00Z,Scheduled,Citi Field,Los Angeles Dodgers @ New York Mets,Away,605141,Mookie Betts,Los Angeles Dodgers,New York Mets,SS,R,No,,66,284,259,60,10,0,13,40,34,23,1,35,0.232,0.296,0.421,0.717,8,32,28,5,2,0.179,0.0625,20,84,76,18,4,0.237,0.0476,24,24,8.3,12.5,61.5,23.1,15.4,25.0,33.3,75.0,20.8,8.3,8.3,8.3,100.0,81.5,20.1,0.611,66.8,37.2,Below Average,2.5,Pull Power,A-,Elevated power plane,37.2,Below Average,0.964,Good,1.77,-11.23,Strong negative regression,Below Average Pull Power profile. 8.3% barrel rate; 81.5 mph average exit velocity; 33.3% air-ball rate; 75.0% pull-air rate; 8.3% HR-launch rate.,0.0458,0.0417,4.05,6,2,19.9,0.3,30.1,Very recent HR,640455.0,Sean Manaea,L,RHB vs LHP,21,7,79.2,4.74,1.36,12,1.36,9.15,2.94,1.136,1.042,1.025,1.0,0.964,0.964,0.98,15.84,17.97,79.0,40.8,D+,Lineup unconfirmed
45,2026-07-24,822952,2026-07-24T23:10:00Z,Scheduled,Tropicana Field,Cleveland Guardians @ Tampa Bay Rays,Away,656555,Rhys Hoskins,Cleveland Guardians,Tampa Bay Rays,1B,R,No,,81,281,231,41,13,0,11,30,33,43,3,89,0.177,0.31,0.377,0.687,5,18,17,3,2,0.176,0.1111,16,48,42,8,4,0.19,0.0833,24,24,12.5,25.0,54.5,0.0,45.5,25.0,29.2,71.4,37.5,12.5,12.5,12.5,66.7,84.3,36.2,0.873,71.5,52.0,Average,3.0,Pull Power,D,Popup-heavy plane,52.0,Average,1.006,Good,2.58,-8.42,Strong negative regression,Average Pull Power profile. 12.5% barrel rate; 84.3 mph average exit velocity; 29.2% air-ball rate; 71.4% pull-air rate; 12.5% HR-launch rate.,0.0391,0.037,4.05,6,2,21.0,0.29,28.6,Very recent HR,663556.0,Shane McClanahan,L,RHB vs LHP,18,18,91.0,3.16,1.15,7,0.69,8.41,3.07,1.35,0.934,1.025,1.0,1.006,1.006,0.98,14.16,17.77,75.9,39.6,D+,Lineup unconfirmed
46,2026-07-24,822707,2026-07-24T22:45:00Z,Scheduled,Nationals Park,Arizona Diamondbacks @ Washington Nationals,Away,571448,Nolan Arenado,Arizona Diamondbacks,Washington Nationals,3B,R,No,,97,374,332,83,19,0,14,49,48,33,6,80,0.25,0.326,0.434,0.76,9,35,30,10,3,0.333,0.0857,22,86,76,22,6,0.289,0.0698,28,28,7.1,21.4,70.6,17.6,11.8,14.3,35.7,70.0,42.9,7.1,7.1,7.1,100.0,82.0,20.2,0.663,68.1,38.8,Below Average,2.5,Pull Power,A-,Elevated power plane,38.8,Below Average,0.969,Good,1.83,-12.17,Strong negative regression,Below Average Pull Power profile. 7.1% barrel rate; 82.0 mph average exit velocity; 35.7% air-ball rate; 70.0% pull-air rate; 7.1% HR-launch rate.,0.0374,0.0361,4.05,2,1,23.7,0.08,8.4,Very recent HR,687223.0,Carson Palmquist,L,RHB vs LHP,7,4,11.1,8.74,1.68,1,0.79,11.12,2.38,1.35,0.992,1.025,1.0,0.969,0.969,0.98,13.84,17.74,83.9,41.8,D+,Lineup unconfirmed
47,2026-07-24,823843,2026-07-24T23:10:00Z,Scheduled,loanDepot park,San Diego Padres @ Miami Marlins,Home,681715,Heriberto Hernández,Miami Marlins,San Diego Padres,LF,R,No,,73,254,228,56,11,1,13,25,37,24,1,63,0.246,0.319,0.474,0.793,8,34,33,10,0,0.303,0.0,21,80,71,20,5,0.282,0.0625,21,21,14.3,38.1,58.3,16.7,25.0,23.8,28.6,66.7,28.6,9.5,4.8,9.5,0.0,86.8,17.9,0.942,71.9,50.9,Average,3.0,Pull Power,A,Excellent HR swing plane,50.9,Average,1.003,Good,2.51,-10.49,Strong negative regression,Average Pull Power profile. 14.3% barrel rate; 86.8 mph average exit velocity; 28.6% air-ball rate; 66.7% pull-air rate; 9.5% HR-launch rate.,0.0512,0.045,3.99,33,8,17.5,1.88,188.2,Above normal drought,608566.0,Germán Márquez,R,RHB vs RHP,10,9,44.2,5.24,1.54,11,2.22,6.04,4.43,0.927,1.113,0.985,1.0,1.003,1.003,1.035,16.79,17.64,76.5,46.3,C-,Lineup unconfirmed
48,2026-07-24,824812,2026-07-24T23:05:00Z,Scheduled,Oriole Park at Camden Yards,Atlanta Braves @ Baltimore Orioles,Away,671739,Michael Harris II,Atlanta Braves,Baltimore Orioles,CF,L,No,,96,385,365,109,19,0,19,51,61,15,2,76,0.299,0.327,0.507,0.834,9,41,39,11,3,0.282,0.0732,23,106,100,28,5,0.28,0.0472,48,48,4.2,25.0,60.0,24.0,16.0,14.6,20.8,80.0,22.9,2.1,2.1,2.1,150.0,81.6,11.1,0.516,72.5,23.1,Weak,2.0,Pull Power,A,Excellent HR swing plane,23.1,Weak,0.925,Good,2.13,-16.87,Strong negative regression,Weak Pull Power profile. 4.2% barrel rate; 81.6 mph average exit velocity; 20.8% air-ball rate; 80.0% pull-air rate; 2.1% HR-launch rate.,0.0494,0.0452,4.15,0,0,19.2,0.0,0.0,Very recent HR,669432.0,Trevor Rogers,L,LHB vs LHP,18,18,96.2,4.28,1.3,10,0.93,7.17,2.98,1.144,0.973,0.985,1.0,0.925,0.925,0.98,17.48,17.36,85.0,42.4,C-,Lineup unconfirmed
49,2026-07-24,823031,2026-07-25T00:15:00Z,Scheduled,Busch Stadium,Cincinnati Reds @ St. Louis Cardinals,Away,668709,JJ Bleday,Cincinnati Reds,St. Louis Cardinals,LF,L,No,,73,308,262,62,11,1,17,38,44,41,2,62,0.237,0.342,0.481,0.823,8,32,29,6,2,0.207,0.0625,22,89,77,17,4,0.221,0.0449,28,28,7.1,17.9,26.7,33.3,40.0,25.0,42.9,25.0,35.7,10.7,7.1,10.7,50.0,83.9,22.0,0.701,73.5,28.8,Weak,2.0,Contact-First Profile,A-,Elevated power plane,28.8,Weak,0.941,Good,1.72,-15.28,Strong negative regression,Weak Contact-First Profile profile. 7.1% barrel rate; 83.9 mph average exit velocity; 42.9% air-ball rate; 25.0% pull-air rate; 10.7% HR-launch rate.,0.0552,0.0487,4.15,0,0,15.4,0.0,0.0,Very recent HR,669160.0,Dustin May,R,LHB vs RHP,19,19,98.0,4.78,1.32,7,0.64,8.72,2.94,1.049,0.926,1.025,1.0,0.941,0.941,0.98,18.71,17.28,81.1,41.6,D+,Lineup unconfirmed
50,2026-07-24,823601,2026-07-24T23:10:00Z,Scheduled,Citi Field,Los Angeles Dodgers @ New York Mets,Home,596019,Francisco Lindor,New York Mets,Los Angeles Dodgers,SS,S,No,,46,197,176,41,5,3,6,24,16,19,2,33,0.233,0.315,0.398,0.713,8,34,30,10,2,0.333,0.0588,21,87,78,20,4,0.256,0.046,29,29,10.3,31.0,46.2,38.5,15.4,10.3,31.0,44.4,48.3,10.3,6.9,10.3,33.3,86.5,24.2,0.818,72.2,44.9,Below Average,3.0,Pull Power,A-,Elevated power plane,44.9,Below Average,0.986,Good,2.59,-3.41,Negative regression,Below Average Pull Power profile. 10.3% barrel rate; 86.5 mph average exit velocity; 31.0% air-ball rate; 44.4% pull-air rate; 10.3% HR-launch rate.,0.0305,0.031,3.99,12,3,29.3,0.41,40.9,Recently homered,808963.0,Roki Sasaki,R,Switch vs RHP,17,17,86.2,4.98,1.34,19,1.97,8.83,3.53,1.284,1.139,1.035,1.0,0.986,0.986,1.0,11.82,17.24,73.0,38.7,D+,Lineup unconfirmed
51,2026-07-24,823031,2026-07-25T00:15:00Z,Scheduled,Busch Stadium,Cincinnati Reds @ St. Louis Cardinals,Home,663494,Bryan Torres,St. Louis Cardinals,Cincinnati Reds,LF,L,No,,35,77,70,15,0,2,4,10,10,6,0,16,0.214,0.276,0.443,0.719,7,9,8,3,0,0.375,0.0,17,28,27,5,2,0.185,0.0714,6,6,0.0,33.3,66.7,33.3,0.0,0.0,33.3,50.0,33.3,16.7,16.7,16.7,,83.9,3.8,0.736,65.0,47.7,Below Average,3.0,Pull Power,D,Ground-ball heavy,47.7,Below Average,0.994,Small Statcast sample,0.18,-3.82,Negative regression,Below Average Pull Power profile. 0.0% barrel rate; 83.9 mph average exit velocity; 33.3% air-ball rate; 50.0% pull-air rate; 16.7% HR-launch rate.,0.0519,0.0398,3.93,21,13,17.5,1.2,120.0,Near normal interval,695076.0,Rhett Lowder,R,LHB vs RHP,17,14,72.0,5.75,1.64,9,1.13,7.63,4.38,1.143,1.005,1.025,1.0,0.994,0.994,1.0,14.75,17.08,59.7,38.8,D+,Small season sample; Lineup unconfirmed
52,2026-07-24,824733,2026-07-24T23:15:00Z,Scheduled,Fenway Park,Toronto Blue Jays @ Boston Red Sox,Home,677800,Wilyer Abreu,Boston Red Sox,Toronto Blue Jays,RF,L,No,,99,429,379,99,21,3,15,52,50,41,2,87,0.261,0.333,0.451,0.784,9,37,33,7,4,0.212,0.1081,23,101,85,18,5,0.212,0.0495,31,31,12.9,35.5,23.5,35.3,41.2,29.0,41.9,23.1,41.9,19.4,9.7,19.4,75.0,80.3,14.7,0.898,72.7,48.5,Average,3.0,Contact-First Profile,A,Excellent HR swing plane,48.5,Average,0.996,Good,3.11,-11.89,Strong negative regression,Average Contact-First Profile profile. 12.9% barrel rate; 80.3 mph average exit velocity; 41.9% air-ball rate; 23.1% pull-air rate; 19.4% HR-launch rate.,0.035,0.0343,3.99,15,4,25.3,0.59,59.4,Recently homered,702056.0,Trey Yesavage,R,LHB vs RHP,15,15,81.0,3.78,1.16,8,0.89,8.67,4.56,1.344,0.966,1.025,1.0,0.996,0.996,1.0,13.01,16.95,85.0,41.0,D+,Lineup unconfirmed
53,2026-07-24,823601,2026-07-24T23:10:00Z,Scheduled,Citi Field,Los Angeles Dodgers @ New York Mets,Away,687221,Dalton Rushing,Los Angeles Dodgers,New York Mets,C,L,No,,67,222,194,48,11,0,11,32,33,23,4,62,0.247,0.338,0.474,0.812,8,21,16,2,1,0.125,0.0476,20,65,55,14,3,0.255,0.0462,10,10,10.0,30.0,33.3,0.0,66.7,10.0,30.0,33.3,20.0,10.0,0.0,10.0,100.0,86.7,0.0,1.959,70.8,39.0,Below Average,2.5,Contact-First Profile,D,Ground-ball heavy,39.0,Below Average,0.969,Small Statcast sample,0.84,-10.16,Strong negative regression,Below Average Contact-First Profile profile. 10.0% barrel rate; 86.7 mph average exit velocity; 30.0% air-ball rate; 33.3% pull-air rate; 10.0% HR-launch rate.,0.0495,0.0434,4.15,0,0,17.6,0.0,0.0,Very recent HR,640455.0,Sean Manaea,L,LHB vs LHP,21,7,79.2,4.74,1.36,12,1.36,9.15,2.94,1.033,1.042,0.985,1.0,0.969,0.969,0.98,16.81,16.92,73.1,39.7,D+,Lineup unconfirmed
54,2026-07-24,824812,2026-07-24T23:05:00Z,Scheduled,Oriole Park at Camden Yards,Atlanta Braves @ Baltimore Orioles,Away,621566,Matt Olson,Atlanta Braves,Baltimore Orioles,1B,L,No,,102,448,397,106,25,0,26,68,60,46,2,107,0.267,0.344,0.526,0.87,9,41,35,9,1,0.257,0.0244,23,103,90,23,6,0.256,0.0583,32,32,6.2,18.8,25.0,43.8,31.2,18.8,28.1,0.0,28.1,6.2,3.1,6.2,50.0,82.1,26.0,0.576,70.9,14.7,Weak,1.5,Contact-First Profile,A-,Elevated power plane,14.7,Weak,0.901,Good,1.4,-24.6,Strong negative regression,Weak Contact-First Profile profile. 6.2% barrel rate; 82.1 mph average exit velocity; 28.1% air-ball rate; 0.0% pull-air rate; 6.2% HR-launch rate.,0.058,0.0525,4.15,23,6,15.3,1.51,150.6,Above normal drought,669432.0,Trevor Rogers,L,LHB vs LHP,18,18,96.2,4.28,1.3,10,0.93,7.17,2.98,0.902,0.973,0.985,1.03,0.901,0.928,1.035,20.07,16.89,85.0,45.7,C-,Lineup unconfirmed
55,2026-07-24,823843,2026-07-24T23:10:00Z,Scheduled,loanDepot park,San Diego Padres @ Miami Marlins,Home,665923,Esteury Ruiz,Miami Marlins,San Diego Padres,RF,R,No,,63,129,107,26,8,1,5,25,10,15,5,37,0.243,0.359,0.477,0.836,6,13,13,3,1,0.231,0.0769,17,41,33,7,1,0.212,0.0244,12,12,8.3,16.7,57.1,28.6,14.3,33.3,33.3,50.0,41.7,8.3,8.3,8.3,100.0,77.8,25.4,0.747,62.4,45.5,Below Average,3.0,Pull Power,A-,Elevated power plane,45.5,Below Average,0.987,Small Statcast sample,0.82,-4.18,Strong negative regression,Below Average Pull Power profile. 8.3% barrel rate; 77.8 mph average exit velocity; 33.3% air-ball rate; 50.0% pull-air rate; 8.3% HR-launch rate.,0.0388,0.0355,4.09,6,3,21.4,0.28,28.0,Very recent HR,608566.0,Germán Márquez,R,RHB vs RHP,10,9,44.2,5.24,1.54,11,2.22,6.04,4.43,1.16,1.113,0.985,1.0,0.987,0.987,0.98,13.74,16.71,64.5,38.5,D+,Lineup unconfirmed
56,2026-07-24,823434,2026-07-24T22:45:00Z,Scheduled,Citizens Bank Park,New York Yankees @ Philadelphia Phillies,Away,642708,Amed Rosario,New York Yankees,Philadelphia Phillies,3B,R,No,,58,167,153,36,4,1,9,20,27,11,0,41,0.235,0.281,0.451,0.732,4,4,3,0,0,0.0,0.0,16,39,36,7,2,0.194,0.0513,0,0,,,,,,,,,,,,,,,,,77.6,50.0,Average,3.0,Contact-First Profile,Unknown,No tracked launch-angle sample,50.0,Average,1.0,Small Statcast sample,,,Unknown,Average Contact-First Profile profile. .,0.0539,0.0447,3.99,13,9,17.0,0.76,76.5,Recently homered,666200.0,Jesús Luzardo,L,RHB vs LHP,20,20,115.1,3.43,1.21,10,0.78,11.16,2.89,1.026,0.949,1.025,1.0,1.0,1.0,1.0,16.69,16.66,67.0,37.3,D+,Lineup unconfirmed
57,2026-07-24,823031,2026-07-25T00:15:00Z,Scheduled,Busch Stadium,Cincinnati Reds @ St. Louis Cardinals,Away,701398,Sal Stewart,Cincinnati Reds,St. Louis Cardinals,1B,R,No,,101,440,386,96,23,0,21,53,74,46,2,93,0.249,0.327,0.472,0.799,8,36,32,5,2,0.156,0.0556,22,97,89,22,7,0.247,0.0722,31,31,6.5,16.1,37.5,37.5,25.0,22.6,25.8,50.0,35.5,6.5,3.2,6.5,100.0,81.2,22.7,0.613,68.8,31.1,Weak,2.0,Pull Power,A-,Elevated power plane,31.1,Weak,0.947,Good,1.71,-19.29,Strong negative regression,Weak Pull Power profile. 6.5% barrel rate; 81.2 mph average exit velocity; 25.8% air-ball rate; 50.0% pull-air rate; 6.5% HR-launch rate.,0.0477,0.0444,4.05,0,0,18.4,0.0,0.0,Very recent HR,669160.0,Dustin May,R,RHB vs RHP,19,19,98.0,4.78,1.32,7,0.64,8.72,2.94,1.168,0.926,0.985,1.0,0.947,0.947,0.98,16.79,16.62,84.8,40.7,D+,Lineup unconfirmed
58,2026-07-24,823196,2026-07-25T02:15:00Z,Scheduled,Oracle Park,Los Angeles Angels @ San Francisco Giants,Home,805811,Bryce Eldridge,San Francisco Giants,Los Angeles Angels,DH,L,No,,60,243,211,56,13,0,10,30,23,31,0,63,0.265,0.358,0.469,0.827,8,33,29,7,2,0.241,0.0606,22,91,81,19,4,0.235,0.044,27,27,7.4,29.6,18.2,45.5,36.4,25.9,33.3,11.1,33.3,11.1,7.4,11.1,100.0,84.3,10.3,0.789,74.1,28.6,Weak,2.0,Contact-First Profile,A,Excellent HR swing plane,28.6,Weak,0.94,Good,1.64,-8.36,Strong negative regression,Weak Contact-First Profile profile. 7.4% barrel rate; 84.3 mph average exit velocity; 33.3% air-ball rate; 11.1% pull-air rate; 11.1% HR-launch rate.,0.0412,0.0381,4.09,11,3,21.1,0.52,52.1,Recently homered,680570.0,Grayson Rodriguez,R,LHB vs RHP,8,8,35.0,8.23,1.77,5,1.29,6.94,4.37,1.157,1.015,1.025,1.0,0.94,0.94,1.0,14.7,16.51,76.6,39.8,D+,Lineup unconfirmed
59,2026-07-24,823843,2026-07-24T23:10:00Z,Scheduled,loanDepot park,San Diego Padres @ Miami Marlins,Away,701538,Jackson Merrill,San Diego Padres,Miami Marlins,CF,L,No,,100,421,388,87,15,1,14,47,44,29,1,104,0.224,0.28,0.376,0.656,9,38,35,10,4,0.286,0.1053,24,100,95,25,6,0.263,0.06,38,38,13.2,34.2,36.8,21.1,42.1,23.7,39.5,33.3,44.7,15.8,10.5,15.8,80.0,85.2,20.9,1.037,71.0,52.1,Average,3.0,Balanced Power,A-,Elevated power plane,52.1,Average,1.006,Good,4.12,-9.88,Strong negative regression,Average Balanced Power profile. 13.2% barrel rate; 85.2 mph average exit velocity; 39.5% air-ball rate; 33.3% pull-air rate; 15.8% HR-launch rate.,0.0333,0.033,3.99,1,1,27.7,0.04,3.6,Very recent HR,,TBD,,Unknown,0,0,0.0,0.0,0.0,0,0.0,0.0,0.0,1.35,1.0,1.0,1.0,1.006,1.006,0.98,12.52,16.39,75.0,36.8,D+,Probable SP unavailable; Lineup unconfirmed
60,2026-07-24,822872,2026-07-25T00:05:00Z,Scheduled,Globe Life Field,Seattle Mariners @ Texas Rangers,Away,642215,Weston Wilson,Seattle Mariners,Texas Rangers,3B,R,No,,35,75,67,15,2,0,3,10,9,7,1,21,0.224,0.307,0.388,0.695,6,15,14,4,2,0.286,0.1333,11,22,21,5,2,0.238,0.0909,14,14,7.1,14.3,57.1,14.3,28.6,21.4,28.6,75.0,21.4,7.1,7.1,7.1,100.0,76.7,17.6,0.369,72.3,38.4,Below Average,2.5,Pull Power,A,Excellent HR swing plane,38.4,Below Average,0.968,Small Statcast sample,0.92,-2.08,Negative regression,Below Average Pull Power profile. 7.1% barrel rate; 76.7 mph average exit velocity; 28.6% air-ball rate; 75.0% pull-air rate; 7.1% HR-launch rate.,0.04,0.0351,4.05,2,1,22.3,0.09,9.0,Very recent HR,669022.0,MacKenzie Gore,L,RHB vs LHP,21,21,110.2,4.8,1.28,14,1.14,9.92,3.42,1.257,1.006,1.025,1.0,0.968,0.968,0.98,13.46,16.35,59.1,35.1,D,Small season sample; Lineup unconfirmed
61,2026-07-24,823352,2026-07-24T22:40:00Z,Scheduled,PNC Park,Chicago Cubs @ Pittsburgh Pirates,Home,694378,Jacob Gonzalez,Pittsburgh Pirates,Chicago Cubs,1B,L,No,,37,114,103,26,5,0,4,14,22,8,2,23,0.252,0.319,0.417,0.736,7,17,17,5,2,0.294,0.1176,18,54,50,16,3,0.32,0.0556,25,25,8.0,36.0,60.0,26.7,13.3,12.0,36.0,77.8,52.0,12.0,8.0,12.0,100.0,89.4,26.8,0.778,70.9,51.9,Average,3.0,Pull Power,A-,Elevated power plane,51.9,Average,1.005,Good,2.22,-1.78,Near expected,Average Pull Power profile. 8.0% barrel rate; 89.4 mph average exit velocity; 36.0% air-ball rate; 77.8% pull-air rate; 12.0% HR-launch rate.,0.0351,0.0335,3.99,1,1,25.8,0.04,3.9,Very recent HR,571510.0,Matthew Boyd,L,LHB vs LHP,10,10,52.0,4.15,1.21,6,1.04,8.83,2.42,1.35,0.993,0.985,1.0,1.005,1.005,0.98,12.71,16.29,64.5,36.4,D+,Lineup unconfirmed
62,2026-07-24,823759,2026-07-24T20:10:00Z,Pre-Game,American Family Field,Colorado Rockies @ Milwaukee Brewers,Away,666160,Mickey Moniak,Colorado Rockies,Milwaukee Brewers,LF,L,Yes,7.0,67,247,229,64,11,3,16,34,42,13,3,59,0.279,0.324,0.563,0.887,7,28,28,8,1,0.286,0.0357,21,77,73,20,4,0.274,0.0519,28,28,0.0,32.1,47.1,35.3,17.6,17.9,39.3,45.5,28.6,3.6,3.6,3.6,,83.3,21.2,0.372,73.5,21.7,Weak,2.0,Pull Power,A-,Elevated power plane,21.7,Weak,0.921,Good,0.4,-15.6,Strong negative regression,Weak Pull Power profile. 0.0% barrel rate; 83.3 mph average exit velocity; 39.3% air-ball rate; 45.5% pull-air rate; 3.6% HR-launch rate.,0.0648,0.0541,4.08,4,1,14.3,0.28,27.9,Very recent HR,675660.0,Shane Drohan,L,LHB vs LHP,20,10,76.0,3.2,1.18,6,0.71,9.0,2.49,0.918,0.938,0.985,1.03,0.921,0.948,0.98,20.29,16.28,87.8,41.9,D+,Good
63,2026-07-24,823601,2026-07-24T23:10:00Z,Scheduled,Citi Field,Los Angeles Dodgers @ New York Mets,Home,676724,Jared Young,New York Mets,Los Angeles Dodgers,1B,L,No,,56,173,154,38,7,0,7,18,19,13,5,35,0.247,0.324,0.429,0.753,6,17,14,4,1,0.286,0.0588,21,69,60,16,2,0.267,0.029,15,15,6.7,26.7,50.0,30.0,20.0,13.3,33.3,40.0,33.3,0.0,0.0,0.0,100.0,76.5,18.4,0.569,67.4,29.8,Weak,2.0,Contact-First Profile,A,Excellent HR swing plane,29.8,Weak,0.943,Small Statcast sample,0.71,-6.29,Strong negative regression,Weak Contact-First Profile profile. 6.7% barrel rate; 76.5 mph average exit velocity; 33.3% air-ball rate; 40.0% pull-air rate; 0.0% HR-launch rate.,0.0405,0.037,3.99,2,1,22.0,0.09,9.1,Very recent HR,808963.0,Roki Sasaki,R,LHB vs RHP,17,17,86.2,4.98,1.34,19,1.97,8.83,3.53,1.091,1.139,1.025,1.0,0.943,0.943,0.98,13.97,16.28,69.9,37.4,D+,Lineup unconfirmed
64,2026-07-24,823196,2026-07-25T02:15:00Z,Scheduled,Oracle Park,Los Angeles Angels @ San Francisco Giants,Home,669477,Casey Schmitt,San Francisco Giants,Los Angeles Angels,LF,R,No,,94,396,374,102,17,1,20,45,51,11,7,78,0.273,0.303,0.484,0.787,8,34,32,6,2,0.188,0.0588,23,95,89,18,4,0.202,0.0421,29,29,3.4,17.2,78.6,14.3,7.1,17.2,20.7,83.3,10.3,3.4,3.4,3.4,100.0,80.5,32.0,0.373,70.8,21.1,Weak,2.0,Pull Power,C+,High fly-ball plane,21.1,Weak,0.919,Good,1.22,-18.78,Strong negative regression,Weak Pull Power profile. 3.4% barrel rate; 80.5 mph average exit velocity; 20.7% air-ball rate; 83.3% pull-air rate; 3.4% HR-launch rate.,0.0505,0.0462,3.99,0,0,18.7,0.0,0.0,Very recent HR,680570.0,Grayson Rodriguez,R,RHB vs RHP,8,8,35.0,8.23,1.77,5,1.29,6.94,4.37,1.044,1.015,0.985,1.0,0.919,0.919,0.98,17.2,16.24,84.6,39.9,D+,Lineup unconfirmed
65,2026-07-24,823434,2026-07-24T22:45:00Z,Scheduled,Citizens Bank Park,New York Yankees @ Philadelphia Phillies,Home,656537,Derek Hill,Philadelphia Phillies,New York Yankees,RF,R,No,,77,157,142,35,3,0,8,23,17,11,1,57,0.246,0.305,0.437,0.742,6,19,17,2,1,0.118,0.0526,17,46,41,11,3,0.268,0.0652,18,18,5.6,5.6,60.0,0.0,40.0,5.6,5.6,100.0,22.2,5.6,5.6,5.6,100.0,76.6,24.3,0.833,69.1,32.4,Weak,2.5,Pull Power,A-,Elevated power plane,32.4,Weak,0.951,Small Statcast sample,1.08,-6.92,Strong negative regression,Weak Pull Power profile. 5.6% barrel rate; 76.6 mph average exit velocity; 5.6% air-ball rate; 100.0% pull-air rate; 5.6% HR-launch rate.,0.051,0.0427,3.99,5,2,17.8,0.28,28.2,Very recent HR,693645.0,Cam Schlittler,R,RHB vs RHP,21,21,123.0,2.2,0.96,12,0.88,10.61,1.83,1.146,0.965,0.985,1.0,0.951,0.951,0.98,16.0,16.21,66.9,36.7,D+,Lineup unconfirmed
66,2026-07-24,823196,2026-07-25T02:15:00Z,Scheduled,Oracle Park,Los Angeles Angels @ San Francisco Giants,Home,646240,Rafael Devers,San Francisco Giants,Los Angeles Angels,1B,L,No,,102,433,389,94,26,1,20,51,53,40,1,121,0.242,0.312,0.468,0.78,8,34,30,3,1,0.1,0.0294,23,97,83,21,8,0.253,0.0825,30,30,0.0,23.3,46.2,15.4,38.5,10.0,16.7,0.0,26.7,0.0,0.0,0.0,,87.7,19.0,0.387,72.7,9.8,Weak,1.5,Contact-First Profile,A,Excellent HR swing plane,9.8,Weak,0.887,Good,0.0,-20.0,Strong negative regression,Weak Contact-First Profile profile. 0.0% barrel rate; 87.7 mph average exit velocity; 16.7% air-ball rate; 0.0% pull-air rate; 0.0% HR-launch rate.,0.0462,0.0431,3.99,14,4,19.4,0.72,72.0,Recently homered,680570.0,Grayson Rodriguez,R,LHB vs RHP,8,8,35.0,8.23,1.77,5,1.29,6.94,4.37,1.083,1.015,1.025,1.0,0.887,0.887,1.0,16.12,16.13,84.8,39.6,D+,Lineup unconfirmed
67,2026-07-24,823759,2026-07-24T20:10:00Z,Pre-Game,American Family Field,Colorado Rockies @ Milwaukee Brewers,Home,641343,Jake Bauers,Milwaukee Brewers,Colorado Rockies,1B,L,No,,93,367,313,80,15,1,18,57,59,50,3,99,0.256,0.362,0.482,0.844,9,33,26,3,1,0.115,0.0303,24,91,77,16,4,0.208,0.044,19,19,0.0,26.3,37.5,25.0,37.5,15.8,15.8,0.0,21.1,0.0,0.0,0.0,,84.8,20.5,0.32,75.9,8.6,Weak,1.5,Contact-First Profile,A-,Elevated power plane,8.6,Weak,0.884,Small Statcast sample,0.0,-18.0,Strong negative regression,Weak Contact-First Profile profile. 0.0% barrel rate; 84.8 mph average exit velocity; 15.8% air-ball rate; 0.0% pull-air rate; 0.0% HR-launch rate.,0.049,0.0448,4.09,23,8,17.4,1.32,132.3,Near normal interval,608372.0,Tomoyuki Sugano,R,LHB vs RHP,17,17,90.2,4.76,1.29,18,1.79,5.06,2.28,0.925,1.11,1.025,1.0,0.884,0.884,1.0,17.11,16.0,84.3,42.9,C-,Lineup unconfirmed
68,2026-07-24,823031,2026-07-25T00:15:00Z,Scheduled,Busch Stadium,Cincinnati Reds @ St. Louis Cardinals,Away,682829,Elly De La Cruz,Cincinnati Reds,St. Louis Cardinals,SS,S,No,,82,367,326,90,15,4,17,55,46,37,2,99,0.276,0.351,0.503,0.854,8,37,32,10,2,0.312,0.0541,22,101,87,24,5,0.276,0.0495,32,32,3.1,25.0,52.9,35.3,11.8,9.4,25.0,37.5,34.4,6.2,6.2,6.2,100.0,83.6,13.1,0.491,77.7,25.9,Weak,2.0,Contact-First Profile,A,Excellent HR swing plane,25.9,Weak,0.933,Good,1.1,-15.9,Strong negative regression,Weak Contact-First Profile profile. 3.1% barrel rate; 83.6 mph average exit velocity; 25.0% air-ball rate; 37.5% pull-air rate; 6.2% HR-launch rate.,0.0463,0.0428,4.15,4,1,19.2,0.21,20.9,Very recent HR,669160.0,Dustin May,R,Switch vs RHP,19,19,98.0,4.78,1.32,7,0.64,8.72,2.94,1.086,0.926,1.035,1.0,0.933,0.933,0.98,16.6,15.85,85.0,40.3,D+,Lineup unconfirmed
69,2026-07-24,823031,2026-07-25T00:15:00Z,Scheduled,Busch Stadium,Cincinnati Reds @ St. Louis Cardinals,Home,676369,Nelson Velázquez,St. Louis Cardinals,Cincinnati Reds,LF,R,No,,28,73,64,14,3,0,4,10,12,7,1,22,0.219,0.301,0.453,0.754,4,8,7,0,0,0.0,0.0,13,33,28,4,2,0.143,0.0606,6,6,0.0,0.0,100.0,0.0,0.0,0.0,0.0,,0.0,0.0,0.0,0.0,,81.8,33.5,0.129,73.0,38.2,Below Average,2.5,Contact-First Profile,C+,High fly-ball plane,38.2,Below Average,0.967,Small Statcast sample,0.0,-4.0,Strong negative regression,Below Average Contact-First Profile profile. 0.0% barrel rate; 81.8 mph average exit velocity; 0.0% air-ball rate; 0.0% HR-launch rate; 0.0% ideal HR-contact rate.,0.0548,0.0406,3.99,12,6,16.0,0.75,75.0,Recently homered,695076.0,Rhett Lowder,R,RHB vs RHP,17,14,72.0,5.75,1.64,9,1.13,7.63,4.38,1.089,1.005,0.985,1.0,0.967,0.967,1.0,15.25,15.85,59.9,35.3,D,Small season sample; Lineup unconfirmed
70,2026-07-24,822707,2026-07-24T22:45:00Z,Scheduled,Nationals Park,Arizona Diamondbacks @ Washington Nationals,Away,543510,James McCann,Arizona Diamondbacks,Washington Nationals,C,R,No,,26,78,74,19,3,0,3,7,14,2,0,21,0.257,0.276,0.419,0.695,3,13,12,6,3,0.5,0.2308,4,16,15,7,3,0.467,0.1875,7,7,14.3,28.6,40.0,20.0,40.0,28.6,28.6,50.0,14.3,14.3,14.3,14.3,100.0,85.6,13.9,1.048,69.6,51.8,Average,3.0,Pull Power,A,Excellent HR swing plane,51.8,Average,1.005,Small Statcast sample,0.83,-2.17,Negative regression,Average Pull Power profile. 14.3% barrel rate; 85.6 mph average exit velocity; 28.6% air-ball rate; 50.0% pull-air rate; 14.3% HR-launch rate.,0.0385,0.0345,3.99,0,0,24.7,0.0,0.0,Very recent HR,687223.0,Carson Palmquist,L,RHB vs LHP,7,4,11.1,8.74,1.68,1,0.79,11.12,2.38,1.223,0.992,1.025,1.0,1.005,1.005,0.98,13.09,15.84,58.9,34.3,D,Small season sample; Lineup unconfirmed; Limited recent games
71,2026-07-24,824573,2026-07-24T23:40:00Z,Scheduled,Rate Field,Houston Astros @ Chicago White Sox,Away,665161,Jeremy Peña,Houston Astros,Chicago White Sox,SS,R,No,,56,235,212,64,9,0,9,42,28,17,4,38,0.302,0.362,0.472,0.834,7,29,25,9,3,0.36,0.1034,12,51,47,17,3,0.362,0.0588,21,21,9.5,28.6,41.7,33.3,25.0,9.5,33.3,42.9,23.8,9.5,4.8,9.5,150.0,85.9,3.1,0.809,71.5,33.0,Weak,2.5,Pull Power,D,Ground-ball heavy,33.0,Weak,0.952,Good,1.72,-7.28,Strong negative regression,Weak Pull Power profile. 9.5% barrel rate; 85.9 mph average exit velocity; 33.3% air-ball rate; 42.9% pull-air rate; 9.5% HR-launch rate.,0.0383,0.0362,4.15,0,0,23.6,0.0,0.0,Very recent HR,663436.0,Davis Martin,R,RHB vs RHP,19,19,106.0,3.31,1.27,6,0.51,8.24,2.8,1.35,0.906,0.985,1.0,0.952,0.952,0.98,14.18,15.82,72.9,38.3,D+,Lineup unconfirmed
72,2026-07-24,824733,2026-07-24T23:15:00Z,Scheduled,Fenway Park,Toronto Blue Jays @ Boston Red Sox,Away,672960,Kazuma Okamoto,Toronto Blue Jays,Boston Red Sox,3B,R,No,,100,407,361,81,12,0,22,50,62,38,6,126,0.224,0.307,0.44,0.747,9,34,29,2,0,0.069,0.0,22,87,79,14,5,0.177,0.0575,31,31,0.0,19.4,25.0,58.3,16.7,16.1,19.4,33.3,12.9,0.0,0.0,0.0,,80.1,26.8,0.159,73.1,9.4,Weak,1.5,Contact-First Profile,A-,Elevated power plane,9.4,Weak,0.886,Good,0.23,-21.77,Strong negative regression,Weak Contact-First Profile profile. 0.0% barrel rate; 80.1 mph average exit velocity; 19.4% air-ball rate; 33.3% pull-air rate; 0.0% HR-launch rate.,0.0541,0.049,4.05,29,9,16.4,1.77,176.7,Above normal drought,663776.0,Patrick Sandoval,L,RHB vs LHP,2,2,9.1,4.82,1.71,1,0.96,9.64,1.93,0.888,0.997,1.025,1.0,0.886,0.886,1.035,18.42,15.53,84.0,42.7,C-,Lineup unconfirmed
73,2026-07-24,824733,2026-07-24T23:15:00Z,Scheduled,Fenway Park,Toronto Blue Jays @ Boston Red Sox,Away,678218,Brandon Valenzuela,Toronto Blue Jays,Boston Red Sox,C,S,No,,60,195,172,40,6,0,8,20,21,21,0,50,0.233,0.314,0.407,0.721,4,15,14,2,1,0.143,0.0667,10,32,29,4,1,0.138,0.0312,12,12,0.0,41.7,20.0,40.0,40.0,25.0,33.3,25.0,25.0,8.3,0.0,8.3,,87.5,36.2,0.332,70.7,30.6,Weak,2.0,Contact-First Profile,D,Popup-heavy plane,30.6,Weak,0.946,Small Statcast sample,0.19,-7.81,Strong negative regression,Weak Contact-First Profile profile. 0.0% barrel rate; 87.5 mph average exit velocity; 33.3% air-ball rate; 25.0% pull-air rate; 8.3% HR-launch rate.,0.041,0.0376,4.05,6,2,21.5,0.28,27.9,Very recent HR,663776.0,Patrick Sandoval,L,Switch vs LHP,2,2,9.1,4.82,1.71,1,0.96,9.64,1.93,1.135,0.997,1.035,1.0,0.946,0.946,0.98,14.37,15.53,68.5,35.5,D,Lineup unconfirmed
74,2026-07-24,822872,2026-07-25T00:05:00Z,Scheduled,Globe Life Field,Seattle Mariners @ Texas Rangers,Away,670042,Luke Raley,Seattle Mariners,Texas Rangers,RF,L,No,,88,275,252,58,9,1,15,27,39,13,7,88,0.23,0.286,0.452,0.738,7,19,19,4,1,0.211,0.0526,18,56,52,11,1,0.212,0.0179,20,20,5.0,35.0,70.0,0.0,30.0,20.0,35.0,57.1,20.0,5.0,5.0,5.0,100.0,81.7,8.2,0.703,71.9,31.1,Weak,2.0,Pull Power,C,Low line-drive plane,31.1,Weak,0.947,Good,0.94,-14.06,Strong negative regression,Weak Pull Power profile. 5.0% barrel rate; 81.7 mph average exit velocity; 35.0% air-ball rate; 57.1% pull-air rate; 5.0% HR-launch rate.,0.0545,0.0477,3.99,8,3,16.8,0.48,47.6,Recently homered,669022.0,MacKenzie Gore,L,LHB vs LHP,21,21,110.2,4.8,1.28,14,1.14,9.92,3.42,0.924,1.006,0.985,1.0,0.947,0.947,1.0,17.72,15.51,76.1,36.8,D+,Lineup unconfirmed
75,2026-07-24,823031,2026-07-25T00:15:00Z,Scheduled,Busch Stadium,Cincinnati Reds @ St. Louis Cardinals,Home,699625,Jimmy Crooks,St. Louis Cardinals,Cincinnati Reds,C,L,No,,30,83,73,13,2,0,3,4,9,7,3,27,0.178,0.277,0.329,0.606,6,17,15,3,1,0.2,0.0588,13,30,26,5,2,0.192,0.0667,11,11,9.1,54.5,42.9,14.3,42.9,27.3,36.4,50.0,27.3,9.1,9.1,9.1,100.0,94.9,23.0,0.877,72.0,55.5,Average,3.0,Pure Power,A-,Elevated power plane,55.5,Average,1.015,Small Statcast sample,1.03,-1.97,Near expected,Average Pure Power profile. 9.1% barrel rate; 94.9 mph average exit velocity; 36.4% air-ball rate; 50.0% pull-air rate; 9.1% HR-launch rate.,0.0361,0.0337,3.81,8,3,24.3,0.33,32.9,Very recent HR,695076.0,Rhett Lowder,R,LHB vs RHP,17,14,72.0,5.75,1.64,9,1.13,7.63,4.38,1.317,1.005,1.025,0.94,1.015,0.954,0.98,12.24,15.34,60.3,33.0,D,Lineup unconfirmed
76,2026-07-24,823031,2026-07-25T00:15:00Z,Scheduled,Busch Stadium,Cincinnati Reds @ St. Louis Cardinals,Away,668715,Spencer Steer,Cincinnati Reds,St. Louis Cardinals,1B,R,No,,96,378,335,81,14,0,16,54,40,34,6,83,0.242,0.321,0.427,0.748,7,29,27,5,2,0.185,0.069,20,77,68,17,3,0.25,0.039,20,20,0.0,35.0,57.1,21.4,21.4,30.0,40.0,50.0,15.0,10.0,5.0,10.0,,88.8,17.4,0.318,71.6,33.5,Weak,2.5,Pull Power,A,Excellent HR swing plane,33.5,Weak,0.954,Good,0.5,-15.5,Strong negative regression,Weak Pull Power profile. 0.0% barrel rate; 88.8 mph average exit velocity; 40.0% air-ball rate; 50.0% pull-air rate; 10.0% HR-launch rate.,0.0423,0.0398,4.05,15,4,20.9,0.72,71.6,Recently homered,669160.0,Dustin May,R,RHB vs RHP,19,19,98.0,4.78,1.32,7,0.64,8.72,2.94,1.157,0.926,0.985,1.0,0.954,0.954,1.0,15.18,15.28,83.2,37.6,D+,Lineup unconfirmed
77,2026-07-24,823196,2026-07-25T02:15:00Z,Scheduled,Oracle Park,Los Angeles Angels @ San Francisco Giants,Away,666176,Jo Adell,Los Angeles Angels,San Francisco Giants,RF,R,No,,102,423,394,95,15,1,15,44,57,13,14,94,0.241,0.288,0.398,0.686,8,32,29,4,2,0.138,0.0625,21,82,75,16,5,0.213,0.061,32,32,9.4,25.0,53.8,23.1,23.1,15.6,25.0,62.5,31.2,9.4,6.2,9.4,66.7,80.6,21.4,0.786,77.1,41.6,Below Average,2.5,Pull Power,A-,Elevated power plane,41.6,Below Average,0.976,Good,2.5,-12.5,Strong negative regression,Below Average Pull Power profile. 9.4% barrel rate; 80.6 mph average exit velocity; 25.0% air-ball rate; 62.5% pull-air rate; 9.4% HR-launch rate.,0.0355,0.0347,3.99,3,1,26.3,0.11,11.4,Very recent HR,657277.0,Logan Webb,R,RHB vs RHP,17,17,107.0,3.87,1.11,9,0.76,7.15,2.27,1.313,0.946,0.985,1.0,0.976,0.976,0.98,13.14,15.24,83.6,36.6,D+,Lineup unconfirmed
78,2026-07-24,822707,2026-07-24T22:45:00Z,Scheduled,Nationals Park,Arizona Diamondbacks @ Washington Nationals,Away,694374,Tim Tawa,Arizona Diamondbacks,Washington Nationals,LF,R,No,,46,126,109,24,7,0,4,12,19,11,0,29,0.22,0.287,0.394,0.681,9,36,34,10,2,0.294,0.0556,13,50,45,13,3,0.289,0.06,27,27,7.4,33.3,37.5,31.2,31.2,25.9,37.0,20.0,37.0,11.1,7.4,11.1,0.0,86.6,18.3,0.615,68.4,30.9,Weak,2.0,Contact-First Profile,A,Excellent HR swing plane,30.9,Weak,0.947,Good,1.77,-2.23,Negative regression,Weak Contact-First Profile profile. 7.4% barrel rate; 86.6 mph average exit velocity; 37.0% air-ball rate; 20.0% pull-air rate; 11.1% HR-launch rate.,0.0317,0.0319,3.99,21,6,27.2,0.77,77.1,Recently homered,687223.0,Carson Palmquist,L,RHB vs LHP,7,4,11.1,8.74,1.68,1,0.79,11.12,2.38,1.317,0.992,1.025,1.0,0.947,0.947,1.0,12.12,15.17,65.0,33.9,D,Lineup unconfirmed
79,2026-07-24,824248,2026-07-24T22:40:00Z,Scheduled,Comerica Park,Kansas City Royals @ Detroit Tigers,Away,521692,Salvador Perez,Kansas City Royals,Detroit Tigers,DH,R,No,,96,404,373,78,14,0,14,36,43,16,10,84,0.209,0.257,0.359,0.616,9,37,30,6,3,0.2,0.0811,21,87,78,18,4,0.231,0.046,33,33,9.1,15.2,28.6,42.9,28.6,15.2,18.2,33.3,21.2,9.1,6.1,9.1,100.0,77.8,24.2,0.923,68.2,28.5,Weak,2.0,Contact-First Profile,A-,Elevated power plane,28.5,Weak,0.94,Good,2.3,-11.7,Strong negative regression,Weak Contact-First Profile profile. 9.1% barrel rate; 77.8 mph average exit velocity; 18.2% air-ball rate; 33.3% pull-air rate; 9.1% HR-launch rate.,0.0347,0.034,3.87,4,1,26.6,0.15,15.0,Very recent HR,669373.0,Tarik Skubal,L,RHB vs LHP,14,14,82.2,2.83,0.93,10,1.09,10.67,1.2,1.327,0.998,1.025,0.975,0.94,0.916,0.98,12.55,15.14,84.0,36.0,D+,Lineup unconfirmed
80,2026-07-24,824812,2026-07-24T23:05:00Z,Scheduled,Oriole Park at Camden Yards,Atlanta Braves @ Baltimore Orioles,Away,663586,Austin Riley,Atlanta Braves,Baltimore Orioles,3B,R,No,,102,414,370,80,13,1,12,43,48,33,9,123,0.216,0.295,0.354,0.649,9,38,34,10,3,0.294,0.0789,23,93,85,19,4,0.224,0.043,27,27,18.5,48.1,61.5,30.8,7.7,18.5,37.0,60.0,37.0,11.1,7.4,11.1,40.0,89.2,19.2,1.151,76.4,67.9,Above Average,3.5,Pull Power,A,Excellent HR swing plane,67.9,Above Average,1.05,Good,4.15,-7.85,Strong negative regression,Above Average Pull Power profile. 18.5% barrel rate; 89.2 mph average exit velocity; 37.0% air-ball rate; 60.0% pull-air rate; 11.1% HR-launch rate.,0.029,0.0297,3.93,15,4,30.8,0.49,48.6,Recently homered,669432.0,Trevor Rogers,L,RHB vs LHP,18,18,96.2,4.28,1.3,10,0.93,7.17,2.98,1.345,0.973,1.025,0.975,1.05,1.024,1.0,11.16,15.08,84.4,35.9,D,Lineup unconfirmed
81,2026-07-24,822872,2026-07-25T00:05:00Z,Scheduled,Globe Life Field,Seattle Mariners @ Texas Rangers,Away,702284,Cole Young,Seattle Mariners,Texas Rangers,2B,L,No,,103,408,371,92,14,1,13,48,48,26,7,73,0.248,0.307,0.396,0.703,8,32,31,6,2,0.194,0.0625,22,84,80,18,6,0.225,0.0714,39,39,5.1,20.5,47.4,26.3,26.3,17.9,28.2,36.4,23.1,7.7,5.1,7.7,100.0,79.7,24.9,0.549,69.4,23.4,Weak,2.0,Contact-First Profile,A-,Elevated power plane,23.4,Weak,0.926,Good,1.79,-11.21,Strong negative regression,Weak Contact-First Profile profile. 5.1% barrel rate; 79.7 mph average exit velocity; 28.2% air-ball rate; 36.4% pull-air rate; 7.7% HR-launch rate.,0.0319,0.0319,4.05,12,3,28.5,0.42,42.0,Recently homered,669022.0,MacKenzie Gore,L,LHB vs LHP,21,21,110.2,4.8,1.28,14,1.14,9.92,3.42,1.35,1.006,0.985,1.0,0.926,0.926,1.0,12.3,15.06,83.7,36.6,D+,Lineup unconfirmed
82,2026-07-24,823680,2026-07-25T00:10:00Z,Scheduled,Target Field,Athletics @ Minnesota Twins,Away,805779,Jacob Wilson,Athletics,Minnesota Twins,SS,R,No,,62,265,251,73,10,1,7,30,32,11,1,30,0.291,0.322,0.422,0.744,8,36,35,13,3,0.371,0.0833,12,51,49,17,3,0.347,0.0588,36,36,8.3,25.0,34.8,52.2,13.0,22.2,33.3,58.3,22.2,8.3,5.6,8.3,100.0,79.1,5.8,0.584,63.9,32.1,Weak,2.5,Pull Power,C,Low line-drive plane,32.1,Weak,0.95,Good,2.52,-4.48,Strong negative regression,Weak Pull Power profile. 8.3% barrel rate; 79.1 mph average exit velocity; 33.3% air-ball rate; 58.3% pull-air rate; 8.3% HR-launch rate.,0.0264,0.0282,4.05,4,1,35.9,0.11,11.2,Very recent HR,805673.0,Zebby Matthews,R,RHB vs RHP,12,12,70.0,5.4,1.34,15,1.93,7.46,2.7,1.35,1.133,0.985,1.0,0.95,0.95,0.98,10.92,15.05,75.0,36.0,D+,Lineup unconfirmed
83,2026-07-24,823680,2026-07-25T00:10:00Z,Scheduled,Target Field,Athletics @ Minnesota Twins,Away,687515,Colby Thomas,Athletics,Minnesota Twins,RF,R,No,,50,109,103,21,3,0,4,11,11,4,1,32,0.204,0.241,0.35,0.591,5,10,9,1,0,0.111,0.0,15,36,35,7,2,0.2,0.0556,4,4,0.0,25.0,33.3,33.3,33.3,0.0,25.0,100.0,50.0,0.0,0.0,0.0,,75.4,21.5,0.4,76.8,44.8,Below Average,3.0,Pull Power,A-,Elevated power plane,44.8,Below Average,0.985,Small Statcast sample,0.09,-3.91,Negative regression,Below Average Pull Power profile. 0.0% barrel rate; 75.3 mph average exit velocity; 25.0% air-ball rate; 100.0% pull-air rate; 0.0% HR-launch rate.,0.0367,0.0342,3.87,23,11,25.8,0.89,89.3,Near normal interval,805673.0,Zebby Matthews,R,RHB vs RHP,12,12,70.0,5.4,1.34,15,1.93,7.46,2.7,1.112,1.133,0.985,0.975,0.985,0.961,1.0,12.61,14.89,62.7,33.3,D,Lineup unconfirmed
84,2026-07-24,823352,2026-07-24T22:40:00Z,Scheduled,PNC Park,Chicago Cubs @ Pittsburgh Pirates,Away,691718,Pete Crow-Armstrong,Chicago Cubs,Pittsburgh Pirates,CF,L,No,,102,445,379,107,16,5,21,66,55,52,11,116,0.282,0.383,0.517,0.9,8,37,27,4,0,0.148,0.0,22,100,77,20,4,0.26,0.04,26,26,3.8,23.1,41.7,41.7,16.7,7.7,30.8,62.5,34.6,3.8,3.8,3.8,0.0,83.2,22.6,0.476,72.1,26.1,Weak,2.0,Pull Power,A-,Elevated power plane,26.1,Weak,0.933,Good,1.08,-19.92,Strong negative regression,Weak Pull Power profile. 3.8% barrel rate; 83.2 mph average exit velocity; 30.8% air-ball rate; 62.5% pull-air rate; 3.8% HR-launch rate.,0.0472,0.044,4.31,34,10,18.0,1.88,188.4,Above normal drought,683003.0,Jared Jones,R,LHB vs RHP,9,9,40.0,4.05,1.1,5,1.13,10.8,2.7,0.841,1.003,1.025,1.0,0.933,0.933,1.035,17.62,14.88,85.0,44.6,C-,Lineup unconfirmed
85,2026-07-24,823434,2026-07-24T22:45:00Z,Scheduled,Citizens Bank Park,New York Yankees @ Philadelphia Phillies,Home,607208,Trea Turner,Philadelphia Phillies,New York Yankees,SS,R,No,,100,442,410,100,18,0,14,69,40,28,2,99,0.244,0.294,0.39,0.684,8,36,30,10,4,0.333,0.1111,22,99,91,27,7,0.297,0.0707,36,36,11.1,33.3,57.1,35.7,7.1,5.6,16.7,83.3,25.0,11.1,8.3,11.1,75.0,84.7,21.8,0.715,71.5,46.8,Below Average,3.0,Pull Power,A-,Elevated power plane,46.8,Below Average,0.991,Good,3.64,-10.36,Strong negative regression,Below Average Pull Power profile. 11.1% barrel rate; 84.7 mph average exit velocity; 16.7% air-ball rate; 83.3% pull-air rate; 11.1% HR-launch rate.,0.0317,0.0317,3.99,8,2,29.3,0.27,27.3,Very recent HR,693645.0,Cam Schlittler,R,RHB vs RHP,21,21,123.0,2.2,0.96,12,0.88,10.61,1.83,1.35,0.965,0.985,1.0,0.991,0.991,0.98,12.08,14.87,84.9,36.2,D+,Lineup unconfirmed
86,2026-07-24,822872,2026-07-25T00:05:00Z,Scheduled,Globe Life Field,Seattle Mariners @ Texas Rangers,Home,669394,Jake Burger,Texas Rangers,Seattle Mariners,1B,R,No,,98,398,363,86,15,0,17,42,61,30,3,105,0.237,0.299,0.419,0.718,8,33,31,5,1,0.161,0.0303,21,88,81,15,4,0.185,0.0455,29,29,13.8,37.9,58.8,23.5,17.6,13.8,17.2,80.0,27.6,10.3,6.9,10.3,25.0,85.6,19.7,0.584,76.5,50.8,Average,3.0,Pull Power,A,Excellent HR swing plane,50.8,Average,1.002,Good,3.43,-13.57,Strong negative regression,Average Pull Power profile. 13.8% barrel rate; 85.6 mph average exit velocity; 17.2% air-ball rate; 80.0% pull-air rate; 10.3% HR-launch rate.,0.0427,0.0402,3.99,8,2,21.4,0.37,37.5,Recently homered,682243.0,Bryce Miller,R,RHB vs RHP,11,10,63.1,2.27,0.88,9,1.28,10.09,1.42,0.969,1.026,0.985,1.0,1.002,1.002,1.0,15.11,14.85,84.0,36.5,D+,Lineup unconfirmed
87,2026-07-24,824812,2026-07-24T23:05:00Z,Scheduled,Oriole Park at Camden Yards,Atlanta Braves @ Baltimore Orioles,Away,642201,Eli White,Atlanta Braves,Baltimore Orioles,RF,R,No,,61,134,123,27,5,1,5,17,17,9,1,31,0.22,0.276,0.398,0.674,7,15,13,3,1,0.231,0.0667,12,24,21,5,2,0.238,0.0833,11,11,9.1,9.1,75.0,25.0,0.0,9.1,18.2,100.0,18.2,0.0,0.0,0.0,100.0,78.0,23.5,0.472,71.8,38.1,Below Average,2.5,Pull Power,A-,Elevated power plane,38.1,Below Average,0.967,Small Statcast sample,0.82,-4.18,Strong negative regression,Below Average Pull Power profile. 9.1% barrel rate; 78.0 mph average exit velocity; 18.2% air-ball rate; 100.0% pull-air rate; 0.0% HR-launch rate.,0.0373,0.0348,3.99,4,4,24.6,0.16,16.3,Very recent HR,669432.0,Trevor Rogers,L,RHB vs LHP,18,18,96.2,4.28,1.3,10,0.93,7.17,2.98,1.196,0.973,1.025,1.0,0.967,0.967,0.98,13.18,14.79,63.5,32.9,D,Lineup unconfirmed
88,2026-07-24,823031,2026-07-25T00:15:00Z,Scheduled,Busch Stadium,Cincinnati Reds @ St. Louis Cardinals,Home,691023,Jordan Walker,St. Louis Cardinals,Cincinnati Reds,RF,R,No,,100,426,385,112,22,0,22,65,77,35,3,105,0.291,0.352,0.519,0.871,9,38,34,9,0,0.265,0.0,23,96,82,24,4,0.293,0.0417,38,38,7.9,21.1,52.6,31.6,15.8,5.3,18.4,28.6,26.3,5.3,5.3,5.3,0.0,83.2,12.0,0.454,78.2,23.1,Weak,2.0,Contact-First Profile,A,Excellent HR swing plane,23.1,Weak,0.925,Good,2.27,-19.73,Strong negative regression,Weak Contact-First Profile profile. 7.9% barrel rate; 83.2 mph average exit velocity; 18.4% air-ball rate; 28.6% pull-air rate; 5.3% HR-launch rate.,0.0516,0.0473,4.09,38,10,17.5,2.17,217.1,Very long drought,695076.0,Rhett Lowder,R,RHB vs RHP,17,14,72.0,5.75,1.64,9,1.13,7.63,4.38,0.835,1.005,0.985,1.0,0.925,0.925,1.06,17.99,14.78,84.7,45.3,C-,Lineup unconfirmed
89,2026-07-24,822872,2026-07-25T00:05:00Z,Scheduled,Globe Life Field,Seattle Mariners @ Texas Rangers,Away,686527,Dominic Canzone,Seattle Mariners,Texas Rangers,DH,L,No,,88,276,245,63,13,1,15,34,40,26,3,58,0.257,0.333,0.502,0.835,6,26,22,4,0,0.182,0.0,17,71,63,13,3,0.206,0.0423,24,24,4.2,29.2,41.7,50.0,8.3,12.5,20.8,40.0,33.3,8.3,0.0,8.3,0.0,84.3,10.9,0.254,72.1,22.9,Weak,2.0,Contact-First Profile,A,Excellent HR swing plane,22.9,Weak,0.924,Good,1.06,-13.94,Strong negative regression,Weak Contact-First Profile profile. 4.2% barrel rate; 84.3 mph average exit velocity; 20.8% air-ball rate; 40.0% pull-air rate; 8.3% HR-launch rate.,0.0543,0.0476,4.15,26,7,16.3,1.59,159.2,Above normal drought,669022.0,MacKenzie Gore,L,LHB vs LHP,21,21,110.2,4.8,1.28,14,1.14,9.92,3.42,0.837,1.006,0.985,1.0,0.924,0.924,1.035,18.31,14.76,77.4,41.1,D+,Lineup unconfirmed
90,2026-07-24,823680,2026-07-25T00:10:00Z,Scheduled,Target Field,Athletics @ Minnesota Twins,Away,641680,Jonah Heim,Athletics,Minnesota Twins,C,S,No,,56,203,185,44,10,0,9,21,32,13,2,39,0.238,0.291,0.438,0.729,7,31,29,7,0,0.241,0.0,20,84,78,18,3,0.231,0.0357,32,32,3.1,21.9,61.1,22.2,16.7,15.6,31.2,70.0,31.2,6.2,6.2,6.2,0.0,83.1,26.1,0.423,69.5,27.7,Weak,2.0,Pull Power,A-,Elevated power plane,27.7,Weak,0.938,Good,1.33,-7.67,Strong negative regression,Weak Pull Power profile. 3.1% barrel rate; 83.1 mph average exit velocity; 31.2% air-ball rate; 70.0% pull-air rate; 6.2% HR-launch rate.,0.0443,0.0398,4.05,40,10,20.6,1.95,194.6,Above normal drought,805673.0,Zebby Matthews,R,Switch vs RHP,12,12,70.0,5.4,1.34,15,1.93,7.46,2.7,0.839,1.133,1.035,1.0,0.938,0.938,1.035,15.15,14.5,73.2,40.1,D+,Lineup unconfirmed
91,2026-07-24,822872,2026-07-25T00:05:00Z,Scheduled,Globe Life Field,Seattle Mariners @ Texas Rangers,Home,679822,Justin Foscue,Texas Rangers,Seattle Mariners,2B,R,No,,52,134,121,33,7,0,7,15,19,10,2,33,0.273,0.336,0.504,0.84,8,19,19,4,0,0.211,0.0,17,47,43,13,3,0.302,0.0638,19,19,0.0,15.8,44.4,44.4,11.1,15.8,26.3,40.0,52.6,0.0,0.0,0.0,,81.3,20.9,0.292,70.2,19.8,Weak,2.0,Contact-First Profile,A-,Elevated power plane,19.8,Weak,0.915,Small Statcast sample,0.17,-6.83,Strong negative regression,Weak Contact-First Profile profile. 0.0% barrel rate; 81.3 mph average exit velocity; 26.3% air-ball rate; 40.0% pull-air rate; 0.0% HR-launch rate.,0.0522,0.0427,4.09,21,9,17.3,1.21,121.5,Near normal interval,682243.0,Bryce Miller,R,RHB vs RHP,11,10,63.1,2.27,0.88,9,1.28,10.09,1.42,0.946,1.026,0.985,1.0,0.915,0.915,1.0,16.34,14.42,65.3,37.2,D+,Lineup unconfirmed
92,2026-07-24,823434,2026-07-24T22:45:00Z,Scheduled,Citizens Bank Park,New York Yankees @ Philadelphia Phillies,Away,502671,Paul Goldschmidt,New York Yankees,Philadelphia Phillies,1B,R,No,,73,278,255,65,10,1,15,34,42,19,3,67,0.255,0.313,0.478,0.791,7,22,20,4,1,0.2,0.0455,19,67,63,8,1,0.127,0.0149,17,17,0.0,5.9,22.2,44.4,33.3,23.5,41.2,28.6,52.9,0.0,0.0,0.0,,83.9,26.8,0.417,69.1,18.2,Weak,1.5,Contact-First Profile,A-,Elevated power plane,18.2,Weak,0.911,Small Statcast sample,0.11,-14.89,Strong negative regression,Weak Contact-First Profile profile. 0.0% barrel rate; 83.9 mph average exit velocity; 41.2% air-ball rate; 28.6% pull-air rate; 0.0% HR-launch rate.,0.054,0.0473,4.05,16,6,17.0,0.94,94.1,Near normal interval,666200.0,Jesús Luzardo,L,RHB vs LHP,20,20,115.1,3.43,1.21,10,0.78,11.16,2.89,0.892,0.949,1.025,1.0,0.911,0.911,1.0,17.83,14.31,77.2,36.7,D+,Lineup unconfirmed
93,2026-07-24,823759,2026-07-24T20:10:00Z,Pre-Game,American Family Field,Colorado Rockies @ Milwaukee Brewers,Home,669699,Braden Shewmake,Milwaukee Brewers,Colorado Rockies,SS,L,No,,34,91,85,22,5,0,3,12,10,2,0,16,0.259,0.27,0.424,0.694,4,8,7,2,0,0.286,0.0,6,12,11,4,0,0.364,0.0,6,6,0.0,33.3,60.0,40.0,0.0,0.0,50.0,66.7,50.0,0.0,0.0,0.0,,80.0,11.7,0.461,70.3,43.7,Below Average,2.5,Pull Power,A,Excellent HR swing plane,43.7,Below Average,0.982,Small Statcast sample,0.09,-2.91,Negative regression,Below Average Pull Power profile. 0.0% barrel rate; 80.0 mph average exit velocity; 50.0% air-ball rate; 66.7% pull-air rate; 0.0% HR-launch rate.,0.033,0.0324,3.93,65,24,28.3,2.29,229.4,Very long drought,608372.0,Tomoyuki Sugano,R,LHB vs RHP,17,17,90.2,4.76,1.29,18,1.79,5.06,2.28,1.0,1.11,1.025,1.0,0.982,0.982,1.06,12.15,14.27,59.5,38.9,D+,Lineup unconfirmed
94,2026-07-24,822707,2026-07-24T22:45:00Z,Scheduled,Nationals Park,Arizona Diamondbacks @ Washington Nationals,Away,606466,Ketel Marte,Arizona Diamondbacks,Washington Nationals,2B,S,No,,98,432,395,102,20,3,18,56,59,31,2,63,0.258,0.313,0.461,0.774,8,36,33,7,1,0.212,0.0278,22,97,89,21,5,0.236,0.0515,22,22,4.5,31.8,55.6,11.1,33.3,31.8,40.9,44.4,18.2,9.1,4.5,9.1,100.0,83.2,17.3,0.557,74.3,30.6,Weak,2.0,Pull Power,A,Excellent HR swing plane,30.6,Weak,0.946,Good,1.05,-16.95,Strong negative regression,Weak Pull Power profile. 4.5% barrel rate; 83.2 mph average exit velocity; 40.9% air-ball rate; 44.4% pull-air rate; 9.1% HR-launch rate.,0.0417,0.0396,4.05,7,2,21.9,0.32,31.9,Very recent HR,687223.0,Carson Palmquist,L,Switch vs LHP,7,4,11.1,8.74,1.68,1,0.79,11.12,2.38,0.989,0.992,1.035,1.0,0.946,0.946,0.98,15.08,14.25,84.8,36.5,D+,Lineup unconfirmed
95,2026-07-24,823352,2026-07-24T22:40:00Z,Scheduled,PNC Park,Chicago Cubs @ Pittsburgh Pirates,Home,680779,Henry Davis,Pittsburgh Pirates,Chicago Cubs,C,R,No,,66,202,177,29,5,0,8,24,27,18,5,45,0.164,0.259,0.328,0.587,7,22,20,5,1,0.25,0.0455,16,50,45,11,3,0.244,0.06,13,13,7.7,38.5,42.9,14.3,42.9,7.7,38.5,40.0,38.5,0.0,0.0,0.0,0.0,84.5,13.8,0.523,67.0,36.2,Below Average,2.5,Contact-First Profile,A,Excellent HR swing plane,36.2,Below Average,0.961,Small Statcast sample,0.74,-7.26,Strong negative regression,Below Average Contact-First Profile profile. 7.7% barrel rate; 84.5 mph average exit velocity; 38.5% air-ball rate; 40.0% pull-air rate; 0.0% HR-launch rate.,0.0396,0.0368,3.81,14,4,22.1,0.63,63.3,Recently homered,571510.0,Matthew Boyd,L,RHB vs LHP,10,10,52.0,4.15,1.21,6,1.04,8.83,2.42,1.166,0.993,1.025,0.94,0.961,0.904,1.0,13.3,14.21,70.4,32.6,D,Lineup unconfirmed
96,2026-07-24,822952,2026-07-24T23:10:00Z,Scheduled,Tropicana Field,Cleveland Guardians @ Tampa Bay Rays,Away,681807,David Fry,Cleveland Guardians,Tampa Bay Rays,RF,R,No,,66,158,136,26,4,0,6,16,13,22,0,48,0.191,0.304,0.353,0.657,3,9,8,0,0,0.0,0.0,15,30,27,3,2,0.111,0.0667,11,11,0.0,9.1,50.0,16.7,33.3,18.2,18.2,50.0,18.2,0.0,0.0,0.0,,84.0,17.5,0.084,69.4,32.1,Weak,2.5,Pull Power,A,Excellent HR swing plane,32.1,Weak,0.95,Small Statcast sample,0.13,-5.87,Strong negative regression,Weak Pull Power profile. 0.0% barrel rate; 84.0 mph average exit velocity; 18.2% air-ball rate; 50.0% pull-air rate; 0.0% HR-launch rate.,0.038,0.0354,4.05,18,9,22.7,0.79,79.4,Recently homered,663556.0,Shane McClanahan,L,RHB vs LHP,18,18,91.0,3.16,1.15,7,0.69,8.41,3.07,1.153,0.934,1.025,1.0,0.95,0.95,1.0,13.58,14.21,65.7,32.2,D,Lineup unconfirmed
97,2026-07-24,823680,2026-07-25T00:10:00Z,Scheduled,Target Field,Athletics @ Minnesota Twins,Away,666126,Carlos Cortes,Athletics,Minnesota Twins,RF,L,No,,78,245,218,60,12,1,7,22,25,22,4,33,0.275,0.351,0.436,0.787,7,19,18,4,1,0.222,0.0526,16,39,37,10,1,0.27,0.0256,16,16,6.2,25.0,55.6,11.1,33.3,12.5,25.0,25.0,31.2,18.8,6.2,18.8,100.0,85.1,15.9,0.421,68.9,35.2,Below Average,2.5,Contact-First Profile,A,Excellent HR swing plane,35.2,Below Average,0.959,Small Statcast sample,1.06,-5.94,Strong negative regression,Below Average Contact-First Profile profile. 6.2% barrel rate; 85.1 mph average exit velocity; 25.0% air-ball rate; 25.0% pull-air rate; 18.8% HR-launch rate.,0.0286,0.0297,4.05,6,3,31.1,0.19,19.3,Very recent HR,805673.0,Zebby Matthews,R,LHB vs RHP,12,12,70.0,5.4,1.34,15,1.93,7.46,2.7,1.145,1.133,1.025,1.0,0.959,0.959,0.98,11.49,14.2,72.6,34.9,D,Lineup unconfirmed
98,2026-07-24,824573,2026-07-24T23:40:00Z,Scheduled,Rate Field,Houston Astros @ Chicago White Sox,Home,678246,Miguel Vargas,Chicago White Sox,Houston Astros,3B,R,No,,100,435,368,90,24,1,21,68,61,56,6,73,0.245,0.35,0.486,0.836,8,34,33,8,0,0.242,0.0,22,98,85,22,4,0.259,0.0408,29,29,3.4,24.1,47.1,35.3,17.6,17.2,34.5,50.0,34.5,6.9,3.4,6.9,0.0,83.8,22.5,0.455,72.4,27.1,Weak,2.0,Pull Power,A-,Elevated power plane,27.1,Weak,0.936,Good,1.17,-19.83,Strong negative regression,Weak Pull Power profile. 3.4% barrel rate; 83.8 mph average exit velocity; 34.5% air-ball rate; 50.0% pull-air rate; 6.9% HR-launch rate.,0.0483,0.0448,4.09,33,8,17.5,1.88,188.3,Above normal drought,681293.0,Spencer Arrighetti,R,RHB vs RHP,16,16,87.0,4.34,1.31,12,1.24,9.0,4.97,0.841,1.022,0.985,1.0,0.936,0.936,1.035,17.08,14.19,84.8,42.5,C-,Lineup unconfirmed
99,2026-07-24,823434,2026-07-24T22:45:00Z,Scheduled,Citizens Bank Park,New York Yankees @ Philadelphia Phillies,Home,669016,Brandon Marsh,Philadelphia Phillies,New York Yankees,LF,L,No,,98,385,360,105,15,2,16,54,47,20,2,103,0.292,0.33,0.478,0.808,8,30,27,3,1,0.111,0.0333,23,93,86,17,5,0.198,0.0538,24,24,8.3,16.7,54.5,9.1,36.4,12.5,20.8,40.0,20.8,8.3,0.0,8.3,50.0,82.1,16.6,0.538,68.5,25.7,Weak,2.0,Contact-First Profile,A,Excellent HR swing plane,25.7,Weak,0.932,Good,1.61,-14.39,Strong negative regression,Weak Contact-First Profile profile. 8.3% barrel rate; 82.1 mph average exit velocity; 20.8% air-ball rate; 40.0% pull-air rate; 8.3% HR-launch rate.,0.0416,0.0393,4.09,5,2,22.5,0.22,22.2,Very recent HR,693645.0,Cam Schlittler,R,LHB vs RHP,21,21,123.0,2.2,0.96,12,0.88,10.61,1.83,1.033,0.965,1.025,1.0,0.932,0.932,0.98,15.12,14.16,84.4,36.8,D+,Lineup unconfirmed
100,2026-07-24,823352,2026-07-24T22:40:00Z,Scheduled,PNC Park,Chicago Cubs @ Pittsburgh Pirates,Away,621020,Dansby Swanson,Chicago Cubs,Pittsburgh Pirates,SS,R,No,,98,379,334,71,12,3,16,63,58,39,1,86,0.213,0.294,0.41,0.704,8,31,29,6,0,0.207,0.0,22,84,82,20,5,0.244,0.0595,26,26,3.8,30.8,50.0,27.8,22.2,23.1,38.5,30.0,42.3,11.5,3.8,11.5,0.0,85.4,12.3,0.598,69.7,28.0,Weak,2.0,Contact-First Profile,A,Excellent HR swing plane,28.0,Weak,0.938,Good,1.16,-14.84,Strong negative regression,Weak Contact-First Profile profile. 3.8% barrel rate; 85.4 mph average exit velocity; 38.5% air-ball rate; 30.0% pull-air rate; 11.5% HR-launch rate.,0.0422,0.0398,4.05,53,15,20.9,2.54,253.9,Very long drought,683003.0,Jared Jones,R,RHB vs RHP,9,9,40.0,4.05,1.1,5,1.13,10.8,2.7,0.946,1.003,0.985,1.0,0.938,0.938,1.06,15.15,14.15,83.7,43.2,C-,Lineup unconfirmed
