Date,Game,Venue,Park Factor,Weather Factor,Temp F,Relative Humidity %,Wind MPH,Wind Direction,Wind Direction Deg,Precip %,Weather Conditions,Estimated Fly Ball Distance Change Ft,Expected HR Boost %,Ball Flight AI Score,Ball Flight Grade,Weather Confidence %,Team,Player,Opp Pitcher,BvP AVG,BvP Hits,BvP AB,Expected PA,Pitcher Weakness,Hits/G,Runs/G,RBI/G,Projected HRR,Median HRR,Floor HRR,Ceiling HRR,Simulation Dispersion,Projected Zero HRR %,Recent Games Used,Season Games Used,Hit Rate %,Recent 5 HRR Avg,Recent 5 HRR Scores,Recent 5 HRR Dates,Recent 10 HRR Avg,Recent 10 HRR Scores,Recent 10 HRR Dates,Recent 15 HRR Avg,Recent 15 HRR Scores,Recent 15 HRR Dates,MC Over 0.5 %,MC Over 1.5 %,MC Over 2.5 %,MC Over 3.5 %,MC Over 4.5 %,MC Over 5.5 %,MC Over 6.5 %,Bet Score,AI Score
2026-07-23,San Diego Padres @ Atlanta Braves,Truist Park,1.008,1.008,86.3,56.0,8.9,SW,236.0,3.0,Clear,3.6,5.2,57.8,B,92.0,Atlanta Braves,Michael Harris II,Griffin Canning,0.8,4,5,4.4,1.2,1.32,0.65,0.85,2.66,2.0,0.0,6.0,3.79,17.0,40,95,57.5,2.6,1|1|3|3|5,07/22|07/21|07/20|07/19|07/18,2.2,1|1|3|3|5|6|0|1|0|2,07/22|07/21|07/20|07/19|07/18|07/17|07/12|07/11|07/10|07/09,3.07,1|1|3|3|5|6|0|1|0|2|2|3|5|6|8,07/22|07/21|07/20|07/19|07/18|07/17|07/12|07/11|07/10|07/09|07/08|07/07|07/06|07/05|07/04,83.0,64.8,45.7,30.0,18.3,10.7,6.1,3.03,63.7
2026-07-23,San Diego Padres @ Atlanta Braves,Truist Park,1.008,1.008,86.3,56.0,8.9,SW,236.0,3.0,Clear,3.6,5.2,57.8,B,92.0,Atlanta Braves,Mauricio Dubón,Griffin Canning,0.375,3,8,4.3,1.2,1.1,0.68,0.57,2.38,2.0,0.0,5.0,6.85,12.6,40,97,55.0,2.0,3|1|1|1|4,07/22|07/21|07/20|07/19|07/18,1.8,3|1|1|1|4|3|0|3|0|2,07/22|07/21|07/20|07/19|07/18|07/17|07/12|07/11|07/10|07/09,2.13,3|1|1|1|4|3|0|3|0|2|0|3|1|5|5,07/22|07/21|07/20|07/19|07/18|07/17|07/12|07/11|07/10|07/09|07/08|07/07|07/06|07/05|07/04,87.4,64.3,41.1,23.4,12.0,5.7,2.6,2.52,59.5
2026-07-23,Tampa Bay Rays @ Toronto Blue Jays,Rogers Centre,1.0,1.0,,,,,,,Roof / indoor neutral,0.0,0.0,50.0,Roof,95.0,Tampa Bay Rays,Junior Caminero,Shane Bieber,0.5,1,2,4.4,1.2,1.32,0.72,0.74,2.65,2.0,0.0,6.0,1.6,24.6,40,101,52.5,2.6,3|3|5|1|1,07/22|07/21|07/20|07/19|07/18,2.7,3|3|5|1|1|5|1|0|2|6,07/22|07/21|07/20|07/19|07/18|07/17|07/17|07/12|07/11|07/10,2.0,3|3|5|1|1|5|1|0|2|6|3|0|0|0|0,07/22|07/21|07/20|07/19|07/18|07/17|07/17|07/12|07/11|07/10|07/09|07/08|07/07|07/06|07/05,75.4,56.7,41.0,28.9,20.3,13.9,9.4,3.03,58.8
2026-07-23,San Diego Padres @ Atlanta Braves,Truist Park,1.008,1.008,86.3,56.0,8.9,SW,236.0,3.0,Clear,3.6,5.2,57.8,B,92.0,San Diego Padres,Fernando Tatis Jr.,Chris Sale,0.333,4,12,4.5,0.85,1.13,0.65,0.66,2.47,2.0,0.0,5.0,2.64,16.2,40,101,60.0,4.8,4|8|0|9|3,07/22|07/21|07/20|07/19|07/18,3.1,4|8|0|9|3|4|0|1|1|1,07/22|07/21|07/20|07/19|07/18|07/17|07/12|07/11|07/10|07/09,3.0,4|8|0|9|3|4|0|1|1|1|5|2|0|5|2,07/22|07/21|07/20|07/19|07/18|07/17|07/12|07/11|07/10|07/09|07/08|07/07|07/06|07/05|07/04,83.8,59.5,40.1,25.6,15.8,9.3,5.4,3.21,63.2
2026-07-23,Arizona Diamondbacks @ St. Louis Cardinals,Busch Stadium,0.995,1.005,83.5,37.0,4.5,N,9.0,2.0,Overcast,2.5,3.6,55.5,C,92.0,St. Louis Cardinals,Jordan Walker,Brandon Pfaadt,0.182,2,11,4.2,1.08,1.07,0.67,0.74,2.37,2.0,0.0,5.0,4.05,18.0,40,99,67.5,1.6,0|1|2|3|2,07/22|07/21|07/20|07/19|07/18,2.1,0|1|2|3|2|1|3|2|2|5,07/22|07/21|07/20|07/19|07/18|07/17|07/12|07/11|07/10|07/09,2.6,0|1|2|3|2|1|3|2|2|5|5|3|4|0|6,07/22|07/21|07/20|07/19|07/18|07/17|07/12|07/11|07/10|07/09|07/08|07/07|07/07|07/06|07/05,82.0,60.5,40.0,24.5,13.9,7.8,4.1,2.91,63.5
2026-07-23,Tampa Bay Rays @ Toronto Blue Jays,Rogers Centre,1.0,1.0,,,,,,,Roof / indoor neutral,0.0,0.0,50.0,Roof,95.0,Tampa Bay Rays,Yandy Díaz,Shane Bieber,0.25,1,4,4.6,1.2,1.21,0.75,0.6,2.36,2.0,0.0,5.0,2.87,23.0,40,97,57.5,3.0,1|7|5|0|2,07/22|07/21|07/20|07/19|07/18,2.0,1|7|5|0|2|0|0|3|2|0,07/22|07/21|07/20|07/19|07/18|07/17|07/17|07/12|07/11|07/10,2.13,1|7|5|0|2|0|0|3|2|0|2|5|5|0|0,07/22|07/21|07/20|07/19|07/18|07/17|07/17|07/12|07/11|07/10|07/09|07/08|07/07|07/06|07/05,77.0,57.4,39.2,25.3,15.7,9.3,5.4,2.78,58.7
2026-07-23,San Diego Padres @ Atlanta Braves,Truist Park,1.008,1.008,86.3,56.0,8.9,SW,236.0,3.0,Clear,3.6,5.2,57.8,B,92.0,Atlanta Braves,Drake Baldwin,Griffin Canning,0.0,0,0,4.6,1.2,1.21,0.76,0.8,2.49,2.0,0.0,6.0,1.3,30.2,40,78,50.0,3.4,4|0|0|10|3,07/22|07/21|07/20|07/19|07/18,3.4,4|0|0|10|3|10|2|1|0|4,07/22|07/21|07/20|07/19|07/18|07/17|07/12|07/11|07/10|07/09,3.13,4|0|0|10|3|10|2|1|0|4|2|0|2|8|1,07/22|07/21|07/20|07/19|07/18|07/17|07/12|07/11|07/10|07/09|07/08|07/07|07/06|07/05|07/04,69.8,51.7,37.2,26.9,19.1,13.3,9.1,3.02,55.9
2026-07-23,San Diego Padres @ Atlanta Braves,Truist Park,1.008,1.008,86.3,56.0,8.9,SW,236.0,3.0,Clear,3.6,5.2,57.8,B,92.0,Atlanta Braves,Ozzie Albies,Griffin Canning,0.0,0,1,4.5,1.2,1.01,0.69,0.66,2.28,2.0,0.0,5.0,2.25,23.0,40,101,55.0,1.6,3|0|4|0|1,07/22|07/21|07/20|07/19|07/18,1.8,3|0|4|0|1|4|2|0|0|4,07/22|07/21|07/20|07/19|07/18|07/17|07/12|07/11|07/10|07/09,1.87,3|0|4|0|1|4|2|0|0|4|1|2|3|2|2,07/22|07/21|07/20|07/19|07/18|07/17|07/12|07/11|07/10|07/09|07/08|07/07|07/06|07/05|07/04,77.0,55.1,37.0,23.6,14.6,8.8,5.1,2.59,55.8
2026-07-23,Minnesota Twins @ Cleveland Guardians,Progressive Field,0.995,1.002,74.1,46.0,8.3,NNW,327.0,0.0,Clear,1.0,1.4,52.1,C,92.0,Minnesota Twins,Byron Buxton,Gavin Williams,0.4,4,10,4.2,0.94,1.21,0.57,0.53,2.26,2.0,0.0,5.0,2.57,21.4,40,77,57.5,1.6,1|2|1|4|0,07/21|07/20|07/05|07/04|06/28,2.0,1|2|1|4|0|0|7|0|2|3,07/21|07/20|07/05|07/04|06/28|06/27|06/26|06/24|06/23|06/22,2.27,1|2|1|4|0|0|7|0|2|3|2|6|2|0|4,07/21|07/20|07/05|07/04|06/28|06/27|06/26|06/24|06/23|06/22|06/21|06/20|06/19|06/18|06/16,78.6,56.3,37.0,22.4,13.3,7.8,4.5,2.84,58.6
2026-07-23,San Diego Padres @ Atlanta Braves,Truist Park,1.008,1.008,86.3,56.0,8.9,SW,236.0,3.0,Clear,3.6,5.2,57.8,B,92.0,Atlanta Braves,Matt Olson,Griffin Canning,0.211,4,19,4.5,1.2,1.12,0.7,0.47,2.21,2.0,0.0,5.0,2.61,21.3,40,101,50.0,1.6,4|1|0|3|0,07/22|07/21|07/20|07/19|07/18,1.9,4|1|0|3|0|5|1|1|0|4,07/22|07/21|07/20|07/19|07/18|07/17|07/12|07/11|07/10|07/09,2.13,4|1|0|3|0|5|1|1|0|4|0|2|7|2|2,07/22|07/21|07/20|07/19|07/18|07/17|07/12|07/11|07/10|07/09|07/08|07/07|07/06|07/05|07/04,78.7,55.2,35.6,21.9,12.9,7.4,4.2,2.45,53.7
2026-07-23,Tampa Bay Rays @ Toronto Blue Jays,Rogers Centre,1.0,1.0,,,,,,,Roof / indoor neutral,0.0,0.0,50.0,Roof,95.0,Tampa Bay Rays,Ryan Vilade,Shane Bieber,0.0,0,0,3.4,1.2,0.83,0.52,0.99,2.21,2.0,0.0,5.0,2.14,25.0,40,54,32.5,1.8,2|1|1|5|0,07/18|07/17|07/17|07/11|07/09,1.5,2|1|1|5|0|0|0|4|1|1,07/18|07/17|07/17|07/11|07/09|07/05|07/04|06/30|06/24|06/22,1.53,2|1|1|5|0|0|0|4|1|1|3|0|0|5|0,07/18|07/17|07/17|07/11|07/09|07/05|07/04|06/30|06/24|06/22|06/21|06/17|06/16|06/15|06/12,75.0,52.8,35.4,22.6,14.0,8.6,5.2,2.67,49.7
2026-07-23,Minnesota Twins @ Cleveland Guardians,Progressive Field,0.995,1.002,74.1,46.0,8.3,NNW,327.0,0.0,Clear,1.0,1.4,52.1,C,92.0,Cleveland Guardians,Chase DeLauter,Taj Bradley,0.667,2,3,4.3,0.95,1.29,0.37,0.59,2.15,2.0,0.0,5.0,3.0,22.5,40,86,50.0,2.8,1|2|7|1|3,07/22|07/21|07/20|07/19|07/18,2.6,1|2|7|1|3|1|3|0|5|3,07/22|07/21|07/20|07/19|07/18|07/18|07/12|07/11|07/10|07/09,2.6,1|2|7|1|3|1|3|0|5|3|4|2|6|1|0,07/22|07/21|07/20|07/19|07/18|07/18|07/12|07/11|07/10|07/09|07/08|07/07|07/05|07/04|07/03,77.5,54.9,35.1,21.0,12.1,7.0,3.8,2.72,55.3
2026-07-23,Arizona Diamondbacks @ St. Louis Cardinals,Busch Stadium,0.995,1.005,83.5,37.0,4.5,N,9.0,2.0,Overcast,2.5,3.6,55.5,C,92.0,Arizona Diamondbacks,Gabriel Moreno,Michael McGreevy,0.667,2,3,4.3,0.85,1.12,0.62,0.35,2.09,2.0,0.0,4.0,30.0,12.8,40,75,65.0,2.6,4|3|1|1|4,07/22|07/21|07/20|07/19|07/18,2.7,4|3|1|1|4|3|2|4|4|1,07/22|07/21|07/20|07/19|07/18|07/17|07/12|07/11|07/10|07/09,2.53,4|3|1|1|4|3|2|4|4|1|3|2|3|1|2,07/22|07/21|07/20|07/19|07/18|07/17|07/12|07/11|07/10|07/09|07/08|07/07|07/06|07/05|07/04,87.2,60.7,34.8,16.3,6.7,2.4,0.7,2.67,61.4
2026-07-23,Minnesota Twins @ Cleveland Guardians,Progressive Field,0.995,1.002,74.1,46.0,8.3,NNW,327.0,0.0,Clear,1.0,1.4,52.1,C,92.0,Cleveland Guardians,José Ramírez,Taj Bradley,0.375,3,8,4.3,0.95,0.98,0.62,0.48,2.08,2.0,0.0,5.0,2.98,20.3,40,73,57.5,2.2,5|2|0|1|3,07/22|06/13|06/12|06/10|06/09,1.9,5|2|0|1|3|2|0|4|0|2,07/22|06/13|06/12|06/10|06/09|06/08|06/07|06/06|06/05|06/04,2.6,5|2|0|1|3|2|0|4|0|2|7|6|3|2|2,07/22|06/13|06/12|06/10|06/09|06/08|06/07|06/06|06/05|06/04|06/03|06/02|05/31|05/30|05/29,79.7,54.3,33.6,19.2,10.5,5.4,2.7,2.56,55.9
2026-07-23,Minnesota Twins @ Cleveland Guardians,Progressive Field,0.995,1.002,74.1,46.0,8.3,NNW,327.0,0.0,Clear,1.0,1.4,52.1,C,92.0,Minnesota Twins,Ryan Jeffers,Gavin Williams,0.375,6,16,3.9,0.94,0.88,0.59,0.69,2.16,2.0,0.0,5.0,1.71,23.4,40,43,55.0,2.4,3|0|1|5|3,07/21|07/19|07/18|07/17|07/12,2.1,3|0|1|5|3|1|2|5|1|0,07/21|07/19|07/18|07/17|07/12|07/10|05/18|05/17|05/16|05/15,2.4,3|0|1|5|3|1|2|5|1|0|1|4|1|2|7,07/21|07/19|07/18|07/17|07/12|07/10|05/18|05/17|05/16|05/15|05/14|05/12|05/10|05/08|05/07,76.6,51.7,33.5,21.3,13.1,7.9,4.9,2.76,55.4
2026-07-23,Tampa Bay Rays @ Toronto Blue Jays,Rogers Centre,1.0,1.0,,,,,,,Roof / indoor neutral,0.0,0.0,50.0,Roof,95.0,Tampa Bay Rays,Chandler Simpson,Shane Bieber,0.0,0,3,4.1,1.2,1.34,0.53,0.24,1.98,2.0,0.0,4.0,4.06,24.0,40,92,40.0,3.2,3|6|1|2|4,07/22|07/21|07/20|07/19|07/18,2.6,3|6|1|2|4|0|0|2|5|3,07/22|07/21|07/20|07/19|07/18|07/17|07/12|07/11|07/10|07/09,2.33,3|6|1|2|4|0|0|2|5|3|1|0|2|1|5,07/22|07/21|07/20|07/19|07/18|07/17|07/12|07/11|07/10|07/09|07/08|07/07|07/06|07/05|07/02,76.0,52.4,32.3,18.4,10.0,5.1,2.3,2.18,48.1
2026-07-23,Minnesota Twins @ Cleveland Guardians,Progressive Field,0.995,1.002,74.1,46.0,8.3,NNW,327.0,0.0,Clear,1.0,1.4,52.1,C,92.0,Minnesota Twins,Josh Bell,Gavin Williams,0.167,1,6,4.1,0.94,0.98,0.47,0.56,2.0,2.0,0.0,4.0,4.33,19.7,40,100,65.0,2.0,3|2|3|1|1,07/22|07/21|07/20|07/19|07/18,1.5,3|2|3|1|1|1|0|1|3|0,07/22|07/21|07/20|07/19|07/18|07/17|07/12|07/11|07/10|07/09,2.0,3|2|3|1|1|1|0|1|3|0|2|3|2|8|0,07/22|07/21|07/20|07/19|07/18|07/17|07/12|07/11|07/10|07/09|07/08|07/07|07/05|07/04|07/03,80.3,54.0,32.2,17.1,8.6,4.2,2.0,2.53,57.4
2026-07-23,Minnesota Twins @ Cleveland Guardians,Progressive Field,0.995,1.002,74.1,46.0,8.3,NNW,327.0,0.0,Clear,1.0,1.4,52.1,C,92.0,Cleveland Guardians,Brayan Rocchio,Taj Bradley,0.5,1,2,4.2,0.95,1.1,0.45,0.55,1.95,2.0,0.0,4.0,4.92,23.6,40,100,57.5,2.8,4|3|4|1|2,07/22|07/21|07/20|07/19|07/18,2.7,4|3|4|1|2|0|6|2|2|3,07/22|07/21|07/20|07/19|07/18|07/18|07/12|07/11|07/10|07/09,2.47,4|3|4|1|2|0|6|2|2|3|5|0|1|2|2,07/22|07/21|07/20|07/19|07/18|07/18|07/12|07/11|07/10|07/09|07/08|07/07|07/05|07/04|07/03,76.4,52.9,31.9,17.4,8.8,4.1,2.0,2.59,55.4
2026-07-23,Arizona Diamondbacks @ St. Louis Cardinals,Busch Stadium,0.995,1.005,83.5,37.0,4.5,N,9.0,2.0,Overcast,2.5,3.6,55.5,C,92.0,St. Louis Cardinals,Alec Burleson,Brandon Pfaadt,0.2,2,10,4.2,1.08,1.05,0.51,0.58,1.99,2.0,0.0,5.0,2.39,26.7,40,100,60.0,2.4,0|3|0|6|3,07/22|07/21|07/20|07/19|07/18,2.0,0|3|0|6|3|3|2|0|0|3,07/22|07/21|07/20|07/19|07/18|07/17|07/12|07/11|07/10|07/09,1.93,0|3|0|6|3|3|2|0|0|3|6|0|0|0|3,07/22|07/21|07/20|07/19|07/18|07/17|07/12|07/11|07/10|07/09|07/08|07/07|07/07|07/06|07/05,73.3,50.0,31.7,19.2,11.1,6.3,3.5,2.47,54.0
2026-07-23,San Diego Padres @ Atlanta Braves,Truist Park,1.008,1.008,86.3,56.0,8.9,SW,236.0,3.0,Clear,3.6,5.2,57.8,B,92.0,Atlanta Braves,Jim Jarvis,Griffin Canning,0.0,0,0,3.6,1.2,1.07,0.5,0.49,2.01,1.0,0.0,5.0,1.73,27.7,16,16,43.8,2.2,4|5|0|0|2,07/22|07/21|07/20|07/19|07/18,2.5,4|5|0|0|2|5|2|0|1|6,07/22|07/21|07/20|07/19|07/18|07/17|07/12|07/11|07/10|07/09,2.0,4|5|0|0|2|5|2|0|1|6|1|2|0|1|1,07/22|07/21|07/20|07/19|07/18|07/17|07/12|07/11|07/10|07/09|07/07|07/06|07/05|07/02|05/08,72.3,48.5,31.3,19.3,12.0,7.1,4.2,2.2,47.4
2026-07-23,Kansas City Royals @ Detroit Tigers,Comerica Park,0.982,1.003,78.5,29.0,7.2,E,88.0,0.0,Clear,1.5,2.2,53.4,C,92.0,Detroit Tigers,Dillon Dingler,Randy Dobnak,0.0,0,0,4.0,0.85,1.05,0.59,0.51,2.17,1.0,0.0,6.0,0.92,29.7,40,93,57.5,3.6,1|5|10|0|2,07/22|07/21|07/20|07/19|07/18,2.2,1|5|10|0|2|1|0|1|2|0,07/22|07/21|07/20|07/19|07/18|07/17|07/12|07/11|07/08|07/07,2.2,1|5|10|0|2|1|0|1|2|0|3|0|2|3|3,07/22|07/21|07/20|07/19|07/18|07/17|07/12|07/11|07/08|07/07|07/05|07/04|07/02|07/01|06/30,70.3,45.5,31.2,21.4,14.9,10.2,7.0,2.85,53.9
2026-07-23,Tampa Bay Rays @ Toronto Blue Jays,Rogers Centre,1.0,1.0,,,,,,,Roof / indoor neutral,0.0,0.0,50.0,Roof,95.0,Tampa Bay Rays,Jonathan Aranda,Shane Bieber,0.5,1,2,4.3,1.2,1.09,0.38,0.58,1.93,2.0,0.0,4.0,3.24,24.7,40,100,52.5,1.0,0|2|2|1|0,07/22|07/21|07/20|07/19|07/18,1.8,0|2|2|1|0|0|0|4|5|4,07/22|07/21|07/20|07/19|07/18|07/17|07/17|07/12|07/11|07/10,1.73,0|2|2|1|0|0|0|4|5|4|2|5|0|0|1,07/22|07/21|07/20|07/19|07/18|07/17|07/17|07/12|07/11|07/10|07/09|07/08|07/07|07/06|07/05,75.3,51.1,30.8,17.4,9.2,4.8,2.3,2.21,50.9
2026-07-23,Arizona Diamondbacks @ St. Louis Cardinals,Busch Stadium,0.995,1.005,83.5,37.0,4.5,N,9.0,2.0,Overcast,2.5,3.6,55.5,C,92.0,Arizona Diamondbacks,Ketel Marte,Michael McGreevy,0.333,1,3,4.5,0.85,0.95,0.54,0.51,1.91,2.0,0.0,4.0,4.27,22.8,40,98,57.5,3.2,3|2|4|3|4,07/22|07/21|07/20|07/19|07/18,1.9,3|2|4|3|4|1|0|0|2|0,07/22|07/21|07/20|07/19|07/18|07/17|07/12|07/11|07/10|07/09,1.6,3|2|4|3|4|1|0|0|2|0|1|1|2|1|0,07/22|07/21|07/20|07/19|07/18|07/17|07/12|07/11|07/10|07/09|07/08|07/07|07/06|07/05|07/04,77.2,51.8,30.4,16.4,8.1,3.8,1.7,2.64,55.3
2026-07-23,San Diego Padres @ Atlanta Braves,Truist Park,1.008,1.008,86.3,56.0,8.9,SW,236.0,3.0,Clear,3.6,5.2,57.8,B,92.0,Atlanta Braves,Austin Riley,Griffin Canning,0.2,1,5,4.1,1.2,0.94,0.5,0.6,1.93,1.0,0.0,5.0,1.48,32.3,40,101,35.0,2.8,3|0|0|9|2,07/22|07/21|07/20|07/19|07/18,2.3,3|0|0|9|2|5|1|1|2|0,07/22|07/21|07/20|07/19|07/18|07/17|07/12|07/11|07/10|07/09,2.33,3|0|0|9|2|5|1|1|2|0|0|3|0|3|6,07/22|07/21|07/20|07/19|07/18|07/17|07/12|07/11|07/10|07/09|07/08|07/07|07/06|07/05|07/04,67.7,46.0,29.8,18.8,11.7,7.4,4.5,2.23,44.3
2026-07-23,Tampa Bay Rays @ Toronto Blue Jays,Rogers Centre,1.0,1.0,,,,,,,Roof / indoor neutral,0.0,0.0,50.0,Roof,95.0,Tampa Bay Rays,Victor Mesa Jr.,Shane Bieber,0.0,0,0,3.7,1.2,0.89,0.54,0.68,1.86,1.0,0.0,4.0,2.42,31.1,34,34,47.1,2.6,4|3|3|3|0,07/22|07/20|07/19|07/18|07/12,2.6,4|3|3|3|0|5|2|4|0|2,07/22|07/20|07/19|07/18|07/12|07/10|07/09|07/07|07/05|07/04,2.13,4|3|3|3|0|5|2|4|0|2|0|0|2|1|3,07/22|07/20|07/19|07/18|07/12|07/10|07/09|07/07|07/05|07/04|07/03|07/02|07/01|06/28|06/27,68.9,47.3,29.7,17.8,10.0,5.4,3.0,2.35,48.7
2026-07-23,Minnesota Twins @ Cleveland Guardians,Progressive Field,0.995,1.002,74.1,46.0,8.3,NNW,327.0,0.0,Clear,1.0,1.4,52.1,C,92.0,Minnesota Twins,Trevor Larnach,Gavin Williams,0.0,0,12,3.7,0.94,1.04,0.51,0.49,1.98,1.0,0.0,5.0,1.09,33.7,40,85,45.0,2.8,7|1|3|0|3,07/22|07/21|07/20|07/18|07/17,2.4,7|1|3|0|3|6|1|3|0|0,07/22|07/21|07/20|07/18|07/17|07/12|07/11|07/10|07/09|07/08,2.4,7|1|3|0|3|6|1|3|0|0|0|5|0|6|1,07/22|07/21|07/20|07/18|07/17|07/12|07/11|07/10|07/09|07/08|07/07|07/04|07/03|07/01|06/30,66.3,44.2,29.6,19.5,12.9,8.6,5.7,2.54,48.1
2026-07-23,Arizona Diamondbacks @ St. Louis Cardinals,Busch Stadium,0.995,1.005,83.5,37.0,4.5,N,9.0,2.0,Overcast,2.5,3.6,55.5,C,92.0,St. Louis Cardinals,JJ Wetherholt,Brandon Pfaadt,0.333,1,3,4.5,1.08,0.97,0.64,0.4,1.87,1.0,0.0,5.0,1.67,32.0,40,95,52.5,2.0,3|1|0|3|3,07/22|07/21|07/20|07/19|07/18,1.8,3|1|0|3|3|4|0|0|1|3,07/22|07/21|07/20|07/19|07/18|07/17|07/12|07/11|07/10|07/09,2.0,3|1|0|3|3|4|0|0|1|3|0|2|1|4|5,07/22|07/21|07/20|07/19|07/18|07/17|07/12|07/11|07/10|07/09|07/07|07/07|07/06|07/05|07/04,68.0,45.4,29.4,18.0,10.8,6.6,3.9,2.29,48.8
2026-07-23,San Diego Padres @ Atlanta Braves,Truist Park,1.008,1.008,86.3,56.0,8.9,SW,236.0,3.0,Clear,3.6,5.2,57.8,B,92.0,San Diego Padres,Ty France,Chris Sale,0.167,1,6,4.0,0.85,0.97,0.44,0.61,1.96,1.0,0.0,5.0,0.95,36.2,40,71,42.5,3.6,0|3|4|9|2,07/22|07/21|07/20|07/19|07/18,3.4,0|3|4|9|2|4|3|6|2|1,07/22|07/21|07/20|07/19|07/18|07/17|07/12|07/11|07/10|07/06,2.53,0|3|4|9|2|4|3|6|2|1|0|0|0|1|3,07/22|07/21|07/20|07/19|07/18|07/17|07/12|07/11|07/10|07/06|07/05|07/04|07/03|07/02|07/01,63.8,42.7,28.9,19.4,13.3,9.0,6.2,2.68,47.7
2026-07-23,Minnesota Twins @ Cleveland Guardians,Progressive Field,0.995,1.002,74.1,46.0,8.3,NNW,327.0,0.0,Clear,1.0,1.4,52.1,C,92.0,Minnesota Twins,Kody Clemens,Gavin Williams,0.0,0,6,4.1,0.94,0.83,0.5,0.55,1.89,1.0,0.0,5.0,1.7,27.6,40,88,55.0,1.8,1|2|0|0|6,07/22|07/21|07/20|07/19|07/18,1.1,1|2|0|0|6|0|0|1|1|0,07/22|07/21|07/20|07/19|07/18|07/17|07/12|07/11|07/10|07/09,2.2,1|2|0|0|6|0|0|1|1|0|5|4|1|7|5,07/22|07/21|07/20|07/19|07/18|07/17|07/12|07/11|07/10|07/09|07/08|07/07|07/05|07/04|07/03,72.4,46.7,28.8,17.3,10.2,5.9,3.3,2.41,50.8
2026-07-23,San Diego Padres @ Atlanta Braves,Truist Park,1.008,1.008,86.3,56.0,8.9,SW,236.0,3.0,Clear,3.6,5.2,57.8,B,92.0,San Diego Padres,Manny Machado,Chris Sale,0.357,10,28,4.3,0.85,0.87,0.52,0.61,1.85,1.0,0.0,5.0,1.79,31.7,40,99,55.0,2.4,0|6|4|2|0,07/22|07/21|07/20|07/19|07/18,2.6,0|6|4|2|0|0|5|3|2|4,07/22|07/21|07/20|07/19|07/18|07/17|07/12|07/11|07/10|07/09,2.2,0|6|4|2|0|0|5|3|2|4|0|1|6|0|0,07/22|07/21|07/20|07/19|07/18|07/17|07/12|07/11|07/10|07/09|07/07|07/06|07/05|07/04|07/03,68.3,45.5,28.8,17.7,10.7,6.3,3.5,2.66,52.0
2026-07-23,Arizona Diamondbacks @ St. Louis Cardinals,Busch Stadium,0.995,1.005,83.5,37.0,4.5,N,9.0,2.0,Overcast,2.5,3.6,55.5,C,92.0,Arizona Diamondbacks,Nolan Arenado,Michael McGreevy,0.0,0,3,4.1,0.85,0.85,0.6,0.52,1.82,2.0,0.0,4.0,6.49,24.0,40,96,50.0,3.2,5|2|1|4|4,07/22|07/21|07/20|07/19|07/18,2.8,5|2|1|4|4|0|3|4|2|3,07/22|07/21|07/20|07/19|07/18|07/17|07/12|07/11|07/10|07/09,2.47,5|2|1|4|4|0|3|4|2|3|3|0|3|0|3,07/22|07/21|07/20|07/19|07/18|07/17|07/12|07/11|07/10|07/09|07/08|07/07|07/06|07/04|07/03,76.0,50.9,28.7,14.7,6.9,3.1,1.3,2.66,53.1
2026-07-23,Tampa Bay Rays @ Toronto Blue Jays,Rogers Centre,1.0,1.0,,,,,,,Roof / indoor neutral,0.0,0.0,50.0,Roof,95.0,Tampa Bay Rays,Nick Fortes,Shane Bieber,0.0,0,0,3.3,1.2,0.96,0.54,0.53,1.87,1.0,0.0,5.0,1.24,34.7,40,74,40.0,3.4,1|9|5|2|0,07/22|07/21|07/20|07/18|07/17,2.2,1|9|5|2|0|0|1|2|2|0,07/22|07/21|07/20|07/18|07/17|07/17|07/11|07/09|07/08|07/06,2.2,1|9|5|2|0|0|1|2|2|0|0|5|0|5|1,07/22|07/21|07/20|07/18|07/17|07/17|07/11|07/09|07/08|07/06|07/05|07/03|07/01|06/30|06/28,65.3,43.7,28.5,18.7,11.8,7.4,4.6,2.21,44.4
2026-07-23,Minnesota Twins @ Cleveland Guardians,Progressive Field,0.995,1.002,74.1,46.0,8.3,NNW,327.0,0.0,Clear,1.0,1.4,52.1,C,92.0,Minnesota Twins,Brooks Lee,Gavin Williams,0.182,2,11,4.1,0.94,0.99,0.4,0.55,1.84,1.0,0.0,5.0,1.65,30.7,40,96,55.0,2.8,7|4|1|1|1,07/22|07/20|07/19|07/18|07/17,2.1,7|4|1|1|1|0|0|3|0|4,07/22|07/20|07/19|07/18|07/17|07/12|07/11|07/10|07/09|07/08,2.0,7|4|1|1|1|0|0|3|0|4|2|5|0|0|2,07/22|07/20|07/19|07/18|07/17|07/12|07/11|07/10|07/09|07/08|07/07|07/05|07/04|07/03|07/01,69.3,45.4,28.2,17.1,10.2,6.0,3.5,2.43,50.4
2026-07-23,Tampa Bay Rays @ Toronto Blue Jays,Rogers Centre,1.0,1.0,,,,,,,Roof / indoor neutral,0.0,0.0,50.0,Roof,95.0,Toronto Blue Jays,George Springer,Ian Seymour,0.5,3,6,4.3,1.02,0.96,0.55,0.41,1.8,1.0,0.0,4.0,2.9,27.3,40,71,55.0,2.6,1|3|3|2|4,07/22|07/21|07/20|07/18|07/17,2.1,1|3|3|2|4|0|1|4|1|2,07/22|07/21|07/20|07/18|07/17|07/11|07/10|07/08|06/30|06/29,1.8,1|3|3|2|4|0|1|4|1|2|3|1|0|0|2,07/22|07/21|07/20|07/18|07/17|07/11|07/10|07/08|06/30|06/29|06/28|06/26|06/25|06/24|06/23,72.7,47.9,28.1,15.8,8.1,4.0,2.0,2.25,50.3
2026-07-23,San Diego Padres @ Atlanta Braves,Truist Park,1.008,1.008,86.3,56.0,8.9,SW,236.0,3.0,Clear,3.6,5.2,57.8,B,92.0,San Diego Padres,Jackson Merrill,Chris Sale,0.143,1,7,4.5,0.85,0.96,0.5,0.5,1.82,1.0,0.0,5.0,1.4,34.5,40,98,55.0,3.6,4|4|0|10|0,07/22|07/21|07/20|07/19|07/18,2.5,4|4|0|10|0|0|0|4|3|0,07/22|07/21|07/20|07/19|07/18|07/17|07/12|07/11|07/10|07/09,2.47,4|4|0|10|0|0|0|4|3|0|5|3|2|2|0,07/22|07/21|07/20|07/19|07/18|07/17|07/12|07/11|07/10|07/09|07/08|07/07|07/06|07/05|07/04,65.5,43.3,27.7,17.3,10.8,6.8,4.1,2.57,50.4
2026-07-23,Kansas City Royals @ Detroit Tigers,Comerica Park,0.982,1.003,78.5,29.0,7.2,E,88.0,0.0,Clear,1.5,2.2,53.4,C,92.0,Detroit Tigers,Riley Greene,Randy Dobnak,0.0,0,0,4.1,0.85,0.83,0.51,0.5,1.82,1.0,0.0,5.0,1.5,30.3,40,101,50.0,2.6,2|0|7|3|1,07/22|07/21|07/20|07/19|07/18,1.9,2|0|7|3|1|2|1|0|3|0,07/22|07/21|07/20|07/19|07/18|07/17|07/12|07/11|07/10|07/09,2.4,2|0|7|3|1|2|1|0|3|0|3|0|8|5|1,07/22|07/21|07/20|07/19|07/18|07/17|07/12|07/11|07/10|07/09|07/08|07/07|07/05|07/04|07/02,69.7,44.3,27.4,16.8,10.1,5.9,3.5,2.49,49.0
2026-07-23,Tampa Bay Rays @ Toronto Blue Jays,Rogers Centre,1.0,1.0,,,,,,,Roof / indoor neutral,0.0,0.0,50.0,Roof,95.0,Toronto Blue Jays,Ernie Clement,Ian Seymour,0.5,4,8,4.3,1.02,1.18,0.43,0.24,1.78,1.0,0.0,4.0,2.34,28.2,40,99,50.0,1.2,0|3|2|1|0,07/22|07/21|07/20|07/19|07/18,1.9,0|3|2|1|0|3|4|1|3|2,07/22|07/21|07/20|07/19|07/18|07/17|07/12|07/11|07/10|07/08,1.73,0|3|2|1|0|3|4|1|3|2|5|1|1|0|0,07/22|07/21|07/20|07/19|07/18|07/17|07/12|07/11|07/10|07/08|07/07|07/06|07/05|07/04|07/03,71.8,46.4,27.4,15.1,8.2,4.3,2.3,2.05,47.0
2026-07-23,Tampa Bay Rays @ Toronto Blue Jays,Rogers Centre,1.0,1.0,,,,,,,Roof / indoor neutral,0.0,0.0,50.0,Roof,95.0,Tampa Bay Rays,Jonny DeLuca,Shane Bieber,0.0,0,0,3.7,1.2,0.97,0.37,0.61,1.74,1.0,0.0,4.0,2.09,32.9,40,55,42.5,2.8,6|4|4|0|0,07/21|07/18|07/17|07/17|07/11,2.1,6|4|4|0|0|0|0|1|1|5,07/21|07/18|07/17|07/17|07/11|07/09|07/08|07/06|07/05|07/04,1.8,6|4|4|0|0|0|0|1|1|5|0|3|0|2|1,07/21|07/18|07/17|07/17|07/11|07/09|07/08|07/06|07/05|07/04|07/03|06/30|06/26|06/24|06/23,67.1,43.9,27.1,15.8,9.0,5.1,2.8,2.13,44.6
2026-07-23,Minnesota Twins @ Cleveland Guardians,Progressive Field,0.995,1.002,74.1,46.0,8.3,NNW,327.0,0.0,Clear,1.0,1.4,52.1,C,92.0,Cleveland Guardians,Steven Kwan,Taj Bradley,0.143,1,7,4.0,0.95,1.12,0.5,0.21,1.72,2.0,0.0,4.0,30.0,22.0,40,94,40.0,3.0,3|3|1|3|5,07/22|07/21|07/20|07/19|07/18,2.5,3|3|1|3|5|3|2|3|1|1,07/22|07/21|07/20|07/19|07/18|07/18|07/12|07/11|07/10|07/09,2.13,3|3|1|3|5|3|2|3|1|1|2|0|1|1|3,07/22|07/21|07/20|07/19|07/18|07/18|07/12|07/11|07/10|07/09|07/08|07/07|07/05|07/04|07/03,78.0,50.3,26.4,11.3,4.1,1.4,0.4,2.15,47.0
2026-07-23,Arizona Diamondbacks @ St. Louis Cardinals,Busch Stadium,0.995,1.005,83.5,37.0,4.5,N,9.0,2.0,Overcast,2.5,3.6,55.5,C,92.0,St. Louis Cardinals,Blaze Jordan,Brandon Pfaadt,0.0,0,0,3.6,1.08,0.83,0.32,0.62,1.79,1.0,0.0,5.0,1.18,31.8,27,27,37.0,2.6,1|2|1|7|2,07/22|07/21|07/20|07/19|07/11,2.1,1|2|1|7|2|1|1|0|0|6,07/22|07/21|07/20|07/19|07/11|07/10|07/08|07/07|07/06|07/03,1.47,1|2|1|7|2|1|1|0|0|6|0|0|1|0|0,07/22|07/21|07/20|07/19|07/11|07/10|07/08|07/07|07/06|07/03|07/02|07/01|06/30|06/28|06/26,68.2,42.0,26.3,16.6,10.1,6.2,3.8,2.09,42.1
2026-07-23,Kansas City Royals @ Detroit Tigers,Comerica Park,0.982,1.003,78.5,29.0,7.2,E,88.0,0.0,Clear,1.5,2.2,53.4,C,92.0,Detroit Tigers,Gleyber Torres,Randy Dobnak,0.0,0,1,4.2,0.85,0.96,0.46,0.38,1.76,1.0,0.0,4.0,1.48,31.8,40,45,47.5,1.2,0|3|0|3|0,07/21|07/20|06/15|06/13|06/12,1.7,0|3|0|3|0|3|4|4|0|0,07/21|07/20|06/15|06/13|06/12|06/11|06/10|06/09|06/07|06/06,2.33,0|3|0|3|0|3|4|4|0|0|6|6|3|3|0,07/21|07/20|06/15|06/13|06/12|06/11|06/10|06/09|06/07|06/06|06/05|06/03|06/02|05/02|05/01,68.2,43.2,26.2,15.6,9.5,5.4,3.1,2.35,47.0
2026-07-23,Kansas City Royals @ Detroit Tigers,Comerica Park,0.982,1.003,78.5,29.0,7.2,E,88.0,0.0,Clear,1.5,2.2,53.4,C,92.0,Detroit Tigers,Spencer Torkelson,Randy Dobnak,0.0,0,0,4.0,0.85,0.68,0.52,0.64,1.7,1.0,0.0,4.0,1.54,34.4,40,101,52.5,3.4,6|0|3|0|8,07/22|07/21|07/20|07/19|07/18,2.1,6|0|3|0|8|0|0|0|4|0,07/22|07/21|07/20|07/19|07/18|07/17|07/12|07/11|07/10|07/09,2.0,6|0|3|0|8|0|0|0|4|0|5|2|1|0|1,07/22|07/21|07/20|07/19|07/18|07/17|07/12|07/11|07/10|07/09|07/08|07/07|07/05|07/04|07/02,65.6,41.8,25.9,15.7,9.1,5.1,2.9,2.57,49.1
2026-07-23,Minnesota Twins @ Cleveland Guardians,Progressive Field,0.995,1.002,74.1,46.0,8.3,NNW,327.0,0.0,Clear,1.0,1.4,52.1,C,92.0,Cleveland Guardians,Travis Bazzana,Taj Bradley,0.0,0,3,4.5,0.95,0.85,0.51,0.48,1.77,1.0,0.0,5.0,0.87,39.0,40,71,45.0,2.8,0|3|6|0|5,07/22|07/21|07/20|07/19|07/18,2.1,0|3|6|0|5|2|2|1|1|1,07/22|07/21|07/20|07/19|07/18|07/18|07/12|07/11|07/10|07/09,1.8,0|3|6|0|5|2|2|1|1|1|1|0|2|0|3,07/22|07/21|07/20|07/19|07/18|07/18|07/12|07/11|07/10|07/09|07/08|07/07|07/05|07/04|07/03,61.0,39.6,25.6,17.1,11.2,7.3,4.9,2.3,44.4
2026-07-23,Kansas City Royals @ Detroit Tigers,Comerica Park,0.982,1.003,78.5,29.0,7.2,E,88.0,0.0,Clear,1.5,2.2,53.4,C,92.0,Detroit Tigers,Kevin McGonigle,Randy Dobnak,0.0,0,0,4.4,0.85,0.94,0.47,0.27,1.74,1.0,0.0,4.0,7.2,16.3,40,99,47.5,2.0,1|1|1|3|4,07/22|07/21|07/20|07/19|07/18,1.6,1|1|1|3|4|0|0|1|4|1,07/22|07/21|07/20|07/19|07/18|07/17|07/12|07/11|07/10|07/09,1.8,1|1|1|3|4|0|0|1|4|1|2|4|3|0|2,07/22|07/21|07/20|07/19|07/18|07/17|07/12|07/11|07/10|07/09|07/08|07/07|07/05|07/04|07/02,83.7,48.0,24.9,11.0,4.4,1.6,0.6,2.15,47.8
2026-07-23,Minnesota Twins @ Cleveland Guardians,Progressive Field,0.995,1.002,74.1,46.0,8.3,NNW,327.0,0.0,Clear,1.0,1.4,52.1,C,92.0,Minnesota Twins,Royce Lewis,Gavin Williams,0.222,4,18,4.1,0.94,0.79,0.48,0.39,1.68,1.0,0.0,4.0,2.97,24.1,40,68,52.5,1.0,1|0|2|2|0,07/22|07/21|07/20|07/19|07/17,2.0,1|0|2|2|0|0|6|2|5|2,07/22|07/21|07/20|07/19|07/17|07/12|07/11|07/10|07/09|07/08,1.8,1|0|2|2|0|0|6|2|5|2|0|5|1|1|0,07/22|07/21|07/20|07/19|07/17|07/12|07/11|07/10|07/09|07/08|07/07|07/05|07/04|07/03|07/01,75.9,44.7,24.6,12.5,6.1,2.8,1.2,2.08,47.1
2026-07-23,Tampa Bay Rays @ Toronto Blue Jays,Rogers Centre,1.0,1.0,,,,,,,Roof / indoor neutral,0.0,0.0,50.0,Roof,95.0,Toronto Blue Jays,Kazuma Okamoto,Ian Seymour,0.0,0,0,4.1,1.02,0.67,0.43,0.56,1.64,1.0,0.0,4.0,1.14,36.9,40,98,47.5,0.0,0|0|0|0|0,07/22|07/21|07/20|07/19|07/18,1.6,0|0|0|0|0|0|2|1|5|8,07/22|07/21|07/20|07/19|07/18|07/17|07/12|07/11|07/10|07/08,1.47,0|0|0|0|0|0|2|1|5|8|2|3|0|0|1,07/22|07/21|07/20|07/19|07/18|07/17|07/12|07/11|07/10|07/08|07/07|07/06|07/05|07/04|07/03,63.1,39.6,24.4,15.0,9.0,5.4,3.2,2.05,43.4
2026-07-23,Arizona Diamondbacks @ St. Louis Cardinals,Busch Stadium,0.995,1.005,83.5,37.0,4.5,N,9.0,2.0,Overcast,2.5,3.6,55.5,C,92.0,Arizona Diamondbacks,James McCann,Michael McGreevy,0.0,0,0,3.2,0.85,0.84,0.27,0.56,1.66,1.0,0.0,5.0,0.8,41.3,24,24,41.7,4.0,8|2|8|1|1,07/22|07/18|07/11|07/07|05/18,2.2,8|2|8|1|1|0|1|1|0|0,07/22|07/18|07/11|07/07|05/18|05/16|05/10|05/07|05/02|04/30,1.93,8|2|8|1|1|0|1|1|0|0|3|0|0|2|2,07/22|07/18|07/11|07/07|05/18|05/16|05/10|05/07|05/02|04/30|04/28|04/26|04/22|04/19|04/17,58.7,37.3,24.1,15.9,10.5,6.6,4.3,2.21,41.9
2026-07-23,Kansas City Royals @ Detroit Tigers,Comerica Park,0.982,1.003,78.5,29.0,7.2,E,88.0,0.0,Clear,1.5,2.2,53.4,C,92.0,Kansas City Royals,Salvador Perez,Troy Melton,0.0,0,2,4.1,0.85,0.74,0.37,0.53,1.61,1.0,0.0,4.0,1.92,31.7,40,95,40.0,2.8,4|1|4|1|4,07/22|07/21|07/20|07/19|07/18,1.9,4|1|4|1|4|2|1|1|1|0,07/22|07/21|07/20|07/19|07/18|07/17|07/12|07/11|07/10|07/09,2.33,4|1|4|1|4|2|1|1|1|0|2|5|5|3|1,07/22|07/21|07/20|07/19|07/18|07/17|07/12|07/11|07/10|07/09|07/08|07/07|07/06|07/05|07/01,68.3,41.8,23.9,13.1,7.0,3.7,1.9,2.23,43.7
2026-07-23,San Diego Padres @ Atlanta Braves,Truist Park,1.008,1.008,86.3,56.0,8.9,SW,236.0,3.0,Clear,3.6,5.2,57.8,B,92.0,Atlanta Braves,Dominic Smith,Griffin Canning,0.667,2,3,3.2,1.2,0.74,0.49,0.51,1.58,1.0,0.0,4.0,2.76,33.2,40,83,32.5,1.2,2|0|0|3|1,07/22|07/19|07/18|07/17|07/12,1.1,2|0|0|3|1|0|0|2|1|2,07/22|07/19|07/18|07/17|07/12|07/11|07/10|07/09|07/07|07/06,1.27,2|0|0|3|1|0|0|2|1|2|2|0|5|1|0,07/22|07/19|07/18|07/17|07/12|07/11|07/10|07/09|07/07|07/06|07/05|07/03|07/02|07/01|06/30,66.8,41.9,23.9,12.5,6.5,3.2,1.6,1.9,39.6
2026-07-23,Arizona Diamondbacks @ St. Louis Cardinals,Busch Stadium,0.995,1.005,83.5,37.0,4.5,N,9.0,2.0,Overcast,2.5,3.6,55.5,C,92.0,Arizona Diamondbacks,Corbin Carroll,Michael McGreevy,0.0,0,3,4.3,0.85,0.72,0.52,0.37,1.62,1.0,0.0,4.0,1.42,33.2,40,98,45.0,2.4,5|2|1|0|4,07/22|07/21|07/19|07/18|07/17,1.6,5|2|1|0|4|0|0|2|1|1,07/22|07/21|07/19|07/18|07/17|07/12|07/11|07/10|07/09|07/08,1.53,5|2|1|0|4|0|0|2|1|1|0|2|2|1|2,07/22|07/21|07/19|07/18|07/17|07/12|07/11|07/10|07/09|07/08|07/07|07/06|07/05|07/04|07/03,66.8,40.2,23.9,13.7,7.6,4.4,2.5,2.14,43.6
2026-07-23,Minnesota Twins @ Cleveland Guardians,Progressive Field,0.995,1.002,74.1,46.0,8.3,NNW,327.0,0.0,Clear,1.0,1.4,52.1,C,92.0,Minnesota Twins,Alex Jackson,Gavin Williams,0.0,0,2,3.2,0.94,1.05,0.41,0.22,1.59,1.0,0.0,4.0,1.41,36.2,20,20,45.0,2.2,6|1|0|1|3,07/22|07/19|07/09|07/08|07/04,2.1,6|1|0|1|3|0|1|3|6|0,07/22|07/19|07/09|07/08|07/04|06/30|06/28|06/21|06/16|06/15,1.73,6|1|0|1|3|0|1|3|6|0|0|0|3|0|2,07/22|07/19|07/09|07/08|07/04|06/30|06/28|06/21|06/16|06/15|06/13|06/11|06/10|06/07|06/05,63.8,39.8,23.8,13.8,7.8,4.4,2.5,1.98,42.4
2026-07-23,Kansas City Royals @ Detroit Tigers,Comerica Park,0.982,1.003,78.5,29.0,7.2,E,88.0,0.0,Clear,1.5,2.2,53.4,C,92.0,Kansas City Royals,Nick Loftin,Troy Melton,0.0,0,0,3.4,0.85,0.78,0.43,0.48,1.62,1.0,0.0,4.0,0.93,40.7,40,65,52.5,1.6,3|3|2|0|0,07/22|07/21|07/20|07/19|07/18,1.4,3|3|2|0|0|2|0|0|3|1,07/22|07/21|07/20|07/19|07/18|07/17|07/11|07/10|07/09|07/08,2.0,3|3|2|0|0|2|0|0|3|1|7|7|0|2|0,07/22|07/21|07/20|07/19|07/18|07/17|07/11|07/10|07/09|07/08|07/07|07/06|07/05|07/04|07/02,59.3,37.2,23.7,15.0,9.5,6.1,3.9,2.28,45.1
2026-07-23,Kansas City Royals @ Detroit Tigers,Comerica Park,0.982,1.003,78.5,29.0,7.2,E,88.0,0.0,Clear,1.5,2.2,53.4,C,92.0,Kansas City Royals,Lane Thomas,Troy Melton,0.0,0,0,3.8,0.85,0.83,0.34,0.48,1.6,1.0,0.0,4.0,1.66,33.7,40,85,52.5,2.0,3|0|2|0|5,07/22|07/21|07/20|07/19|07/18,2.2,3|0|2|0|5|5|4|0|0|3,07/22|07/21|07/20|07/19|07/18|07/17|07/12|07/11|07/10|07/09,2.73,3|0|2|0|5|5|4|0|0|3|1|8|4|4|2,07/22|07/21|07/20|07/19|07/18|07/17|07/12|07/11|07/10|07/09|07/08|07/07|07/06|07/05|07/04,66.3,40.6,23.6,13.5,7.4,4.1,2.2,2.21,46.1
2026-07-23,Kansas City Royals @ Detroit Tigers,Comerica Park,0.982,1.003,78.5,29.0,7.2,E,88.0,0.0,Clear,1.5,2.2,53.4,C,92.0,Kansas City Royals,Vinnie Pasquantino,Troy Melton,0.0,0,1,4.1,0.85,0.86,0.47,0.34,1.64,1.0,0.0,3.0,27.82,21.6,40,75,60.0,2.2,2|3|1|2|3,07/22|07/21|07/20|07/18|07/17,1.8,2|3|1|2|3|1|0|2|2|2,07/22|07/21|07/20|07/18|07/17|07/12|07/11|06/13|06/12|06/11,2.13,2|3|1|2|3|1|0|2|2|2|2|3|4|2|3,07/22|07/21|07/20|07/18|07/17|07/12|07/11|06/13|06/12|06/11|06/10|06/09|06/07|06/06|06/05,78.4,48.5,23.5,9.2,3.1,1.0,0.2,2.19,51.4
2026-07-23,Kansas City Royals @ Detroit Tigers,Comerica Park,0.982,1.003,78.5,29.0,7.2,E,88.0,0.0,Clear,1.5,2.2,53.4,C,92.0,Kansas City Royals,Jac Caglianone,Troy Melton,0.0,0,0,3.8,0.85,0.81,0.43,0.37,1.69,1.0,0.0,4.0,0.97,30.1,40,95,50.0,1.6,0|0|5|2|1,07/21|07/20|07/19|07/18|07/17,1.9,0|0|5|2|1|1|2|4|2|2,07/21|07/20|07/19|07/18|07/17|07/12|07/11|07/10|07/09|07/08,1.87,0|0|5|2|1|1|2|4|2|2|2|5|1|0|1,07/21|07/20|07/19|07/18|07/17|07/12|07/11|07/10|07/09|07/08|07/07|07/06|07/05|07/04|07/02,69.9,38.1,23.3,14.5,8.9,5.6,3.4,2.12,43.8
2026-07-23,San Diego Padres @ Atlanta Braves,Truist Park,1.008,1.008,86.3,56.0,8.9,SW,236.0,3.0,Clear,3.6,5.2,57.8,B,92.0,San Diego Padres,Sung-Mun Song,Chris Sale,0.0,0,0,3.2,0.85,0.63,0.59,0.49,1.54,1.0,0.0,4.0,1.16,41.4,37,37,32.4,1.8,0|0|7|1|1,07/22|07/20|07/19|07/17|07/12,1.7,0|0|7|1|1|4|0|4|0|0,07/22|07/20|07/19|07/17|07/12|07/11|07/09|07/08|07/07|07/06,1.6,0|0|7|1|1|4|0|4|0|0|2|0|1|4|0,07/22|07/20|07/19|07/17|07/12|07/11|07/09|07/08|07/07|07/06|07/05|07/04|07/03|07/01|06/28,58.6,36.7,23.1,14.1,8.4,5.1,3.1,2.31,40.0
2026-07-23,San Diego Padres @ Atlanta Braves,Truist Park,1.008,1.008,86.3,56.0,8.9,SW,236.0,3.0,Clear,3.6,5.2,57.8,B,92.0,San Diego Padres,Luis Rengifo,Chris Sale,0.0,0,3,3.8,0.85,0.89,0.37,0.34,1.58,1.0,0.0,4.0,2.03,31.7,40,61,42.5,3.0,4|3|2|6|0,07/22|07/21|07/20|07/19|07/10,2.4,4|3|2|6|0|2|1|1|1|4,07/22|07/21|07/20|07/19|07/10|06/14|06/10|06/09|06/08|06/07,2.2,4|3|2|6|0|2|1|1|1|4|1|2|0|0|6,07/22|07/21|07/20|07/19|07/10|06/14|06/10|06/09|06/08|06/07|06/05|06/04|06/03|06/02|06/01,68.3,41.3,23.0,12.4,6.3,3.3,1.6,2.05,42.9
2026-07-23,Arizona Diamondbacks @ St. Louis Cardinals,Busch Stadium,0.995,1.005,83.5,37.0,4.5,N,9.0,2.0,Overcast,2.5,3.6,55.5,C,92.0,Arizona Diamondbacks,Geraldo Perdomo,Michael McGreevy,0.0,0,2,4.5,0.85,0.78,0.48,0.33,1.61,1.0,0.0,3.0,6.1,23.0,40,98,50.0,1.4,0|1|2|4|0,07/22|07/21|07/20|07/19|07/18,1.7,0|1|2|4|0|1|1|2|3|3,07/22|07/21|07/20|07/19|07/18|07/17|07/12|07/11|07/10|07/09,1.8,0|1|2|4|0|1|1|2|3|3|1|5|4|0|0,07/22|07/21|07/20|07/19|07/18|07/17|07/12|07/11|07/10|07/09|07/07|07/06|07/05|07/04|07/03,77.0,45.2,22.5,9.9,4.1,1.6,0.6,2.09,46.8
2026-07-23,Minnesota Twins @ Cleveland Guardians,Progressive Field,0.995,1.002,74.1,46.0,8.3,NNW,327.0,0.0,Clear,1.0,1.4,52.1,C,92.0,Minnesota Twins,Luke Keaschall,Gavin Williams,0.0,0,5,3.8,0.94,0.87,0.53,0.2,1.54,1.0,0.0,4.0,2.64,31.1,40,96,50.0,1.6,3|0|1|1|3,07/22|07/21|07/19|07/18|07/17,1.6,3|0|1|1|3|3|2|0|0|3,07/22|07/21|07/19|07/18|07/17|07/12|07/11|07/10|07/09|07/08,2.07,3|0|1|1|3|3|2|0|0|3|2|2|4|2|5,07/22|07/21|07/19|07/18|07/17|07/12|07/11|07/10|07/09|07/08|07/07|07/05|07/04|07/03|07/01,68.9,41.5,22.4,11.3,5.6,2.6,1.1,1.93,44.0
2026-07-23,Tampa Bay Rays @ Toronto Blue Jays,Rogers Centre,1.0,1.0,,,,,,,Roof / indoor neutral,0.0,0.0,50.0,Roof,95.0,Toronto Blue Jays,Vladimir Guerrero Jr.,Ian Seymour,0.167,1,6,4.3,1.02,0.8,0.43,0.4,1.52,1.0,0.0,4.0,1.61,37.0,40,97,40.0,0.8,1|0|0|0|3,07/22|07/21|07/20|07/19|07/18,1.9,1|0|0|0|3|1|0|6|4|4,07/22|07/21|07/20|07/19|07/18|07/17|07/12|07/11|07/10|07/08,1.6,1|0|0|0|3|1|0|6|4|4|2|0|1|0|2,07/22|07/21|07/20|07/19|07/18|07/17|07/12|07/11|07/10|07/08|07/07|07/06|07/05|07/04|07/03,63.0,38.7,22.4,12.7,7.0,3.8,2.0,1.94,40.3
2026-07-23,Kansas City Royals @ Detroit Tigers,Comerica Park,0.982,1.003,78.5,29.0,7.2,E,88.0,0.0,Clear,1.5,2.2,53.4,C,92.0,Kansas City Royals,Michael Massey,Troy Melton,1.0,1,1,3.5,0.85,0.84,0.42,0.3,1.59,1.0,0.0,4.0,1.52,31.6,40,80,52.5,1.6,3|1|2|0|2,07/22|07/21|07/20|07/19|07/18,1.8,3|1|2|0|2|6|0|1|2|1,07/22|07/21|07/20|07/19|07/18|07/17|07/12|07/11|07/10|07/08,2.07,3|1|2|0|2|6|0|1|2|1|8|3|2|0|0,07/22|07/21|07/20|07/19|07/18|07/17|07/12|07/11|07/10|07/08|07/07|07/06|07/05|07/04|07/02,68.4,39.5,22.4,12.6,7.1,4.0,2.1,2.01,44.3
2026-07-23,Arizona Diamondbacks @ St. Louis Cardinals,Busch Stadium,0.995,1.005,83.5,37.0,4.5,N,9.0,2.0,Overcast,2.5,3.6,55.5,C,92.0,Arizona Diamondbacks,Max Kepler,Michael McGreevy,0.333,1,3,3.6,0.85,0.65,0.27,0.65,1.54,1.0,0.0,4.0,0.93,40.2,17,17,41.2,2.2,0|6|3|1|1,07/22|07/21|07/19|07/18|07/17,2.6,0|6|3|1|1|3|2|2|1|7,07/22|07/21|07/19|07/18|07/17|07/11|07/09|07/08|07/07|07/06,1.93,0|6|3|1|1|3|2|2|1|7|0|0|0|3|0,07/22|07/21|07/19|07/18|07/17|07/11|07/09|07/08|07/07|07/06|07/05|07/04|07/03|06/30|06/29,59.8,35.9,22.3,13.7,8.4,5.3,3.2,2.18,41.0
2026-07-23,Arizona Diamondbacks @ St. Louis Cardinals,Busch Stadium,0.995,1.005,83.5,37.0,4.5,N,9.0,2.0,Overcast,2.5,3.6,55.5,C,92.0,St. Louis Cardinals,Masyn Winn,Brandon Pfaadt,0.4,4,10,3.9,1.08,0.77,0.32,0.47,1.57,1.0,0.0,4.0,1.45,33.3,40,92,52.5,0.6,1|0|0|0|2,07/22|07/21|07/20|07/19|07/18,0.8,1|0|0|0|2|4|1|0|0|0,07/22|07/21|07/20|07/19|07/18|07/17|07/12|07/11|07/10|07/09,0.93,1|0|0|0|2|4|1|0|0|0|2|0|3|1|0,07/22|07/21|07/20|07/19|07/18|07/17|07/12|07/11|07/10|07/09|07/08|07/07|07/06|07/05|07/04,66.7,39.1,22.3,12.8,7.1,4.0,2.3,1.79,42.7
2026-07-23,Kansas City Royals @ Detroit Tigers,Comerica Park,0.982,1.003,78.5,29.0,7.2,E,88.0,0.0,Clear,1.5,2.2,53.4,C,92.0,Kansas City Royals,Carter Jensen,Troy Melton,0.0,0,0,4.0,0.85,0.76,0.37,0.42,1.58,1.0,0.0,4.0,2.2,28.9,40,94,60.0,1.6,0|3|0|1|4,07/22|07/21|07/20|07/19|07/18,1.3,0|3|0|1|4|5|0|0|0|0,07/22|07/21|07/20|07/19|07/18|07/17|07/12|07/11|07/10|07/09,1.47,0|3|0|1|4|5|0|0|0|0|2|2|1|0|4,07/22|07/21|07/20|07/19|07/18|07/17|07/12|07/11|07/10|07/09|07/08|07/07|07/05|07/04|07/02,71.1,41.3,22.3,11.6,5.9,3.0,1.5,2.07,47.4
2026-07-23,Tampa Bay Rays @ Toronto Blue Jays,Rogers Centre,1.0,1.0,,,,,,,Roof / indoor neutral,0.0,0.0,50.0,Roof,95.0,Tampa Bay Rays,Cedric Mullins,Shane Bieber,0.143,1,7,4.1,1.2,0.71,0.52,0.39,1.55,1.0,0.0,4.0,3.23,30.4,40,86,42.5,1.8,1|4|3|0|1,07/22|07/21|07/20|07/19|07/17,1.2,1|4|3|0|1|0|0|3|0|0,07/22|07/21|07/20|07/19|07/17|07/12|07/11|07/10|07/08|07/07,1.27,1|4|3|0|1|0|0|3|0|0|0|0|2|0|5,07/22|07/21|07/20|07/19|07/17|07/12|07/11|07/10|07/08|07/07|07/06|07/05|07/04|07/03|07/02,69.6,42.1,22.3,11.0,5.3,2.5,1.1,1.77,41.4
2026-07-23,Tampa Bay Rays @ Toronto Blue Jays,Rogers Centre,1.0,1.0,,,,,,,Roof / indoor neutral,0.0,0.0,50.0,Roof,95.0,Tampa Bay Rays,Ben Williamson,Shane Bieber,0.0,0,0,3.4,1.2,0.87,0.35,0.42,1.51,1.0,0.0,4.0,1.37,39.4,40,70,32.5,1.6,1|6|0|1|0,07/22|07/21|07/18|07/17|07/17,1.8,1|6|0|1|0|6|3|0|0|1,07/22|07/21|07/18|07/17|07/17|07/11|07/09|07/08|07/07|07/05,1.67,1|6|0|1|0|6|3|0|0|1|1|0|3|3|0,07/22|07/21|07/18|07/17|07/17|07/11|07/09|07/08|07/07|07/05|07/03|07/02|06/30|06/28|06/24,60.6,36.8,22.2,13.3,7.7,4.6,2.6,1.76,36.4
2026-07-23,San Diego Padres @ Atlanta Braves,Truist Park,1.008,1.008,86.3,56.0,8.9,SW,236.0,3.0,Clear,3.6,5.2,57.8,B,92.0,Atlanta Braves,Eli White,Griffin Canning,1.0,1,1,3.2,1.2,0.66,0.57,0.39,1.52,1.0,0.0,4.0,2.41,34.1,40,53,27.5,1.2,0|0|1|4|1,07/22|07/20|07/19|07/18|07/12,1.3,0|0|1|4|1|1|1|3|0|2,07/22|07/20|07/19|07/18|07/12|07/11|07/05|07/04|06/30|06/28,1.0,0|0|1|4|1|1|1|3|0|2|0|1|0|1|0,07/22|07/20|07/19|07/18|07/12|07/11|07/05|07/04|06/30|06/28|06/24|06/23|06/21|06/20|06/19,65.9,39.9,22.2,11.9,6.0,2.8,1.5,1.77,36.6
2026-07-23,Kansas City Royals @ Detroit Tigers,Comerica Park,0.982,1.003,78.5,29.0,7.2,E,88.0,0.0,Clear,1.5,2.2,53.4,C,92.0,Kansas City Royals,Isaac Collins,Troy Melton,0.0,0,0,3.6,0.85,0.88,0.34,0.37,1.54,1.0,0.0,4.0,4.95,28.2,40,90,50.0,1.8,0|2|3|2|2,07/22|07/21|07/20|07/19|07/18,1.7,0|2|3|2|2|2|2|0|4|0,07/22|07/21|07/20|07/19|07/18|07/17|07/12|07/11|07/10|07/09,1.73,0|2|3|2|2|2|2|0|4|0|1|4|1|3|0,07/22|07/21|07/20|07/19|07/18|07/17|07/12|07/11|07/10|07/09|07/08|07/07|07/06|07/05|07/04,71.8,43.0,21.9,10.1,4.2,1.6,0.6,2.08,45.7
2026-07-23,San Diego Padres @ Atlanta Braves,Truist Park,1.008,1.008,86.3,56.0,8.9,SW,236.0,3.0,Clear,3.6,5.2,57.8,B,92.0,Atlanta Braves,Mike Yastrzemski,Griffin Canning,0.25,1,4,3.2,1.2,0.66,0.47,0.46,1.5,1.0,0.0,4.0,1.02,42.4,40,86,35.0,2.2,0|0|2|7|2,07/22|07/21|07/10|07/09|07/08,2.2,0|0|2|7|2|3|2|0|6|0,07/22|07/21|07/10|07/09|07/08|07/07|07/06|07/05|07/04|07/03,1.67,0|0|2|7|2|3|2|0|6|0|2|0|1|0|0,07/22|07/21|07/10|07/09|07/08|07/07|07/06|07/05|07/04|07/03|07/02|07/01|06/30|06/28|06/27,57.6,35.6,21.9,13.2,8.1,5.1,3.2,1.75,36.4
2026-07-23,Arizona Diamondbacks @ St. Louis Cardinals,Busch Stadium,0.995,1.005,83.5,37.0,4.5,N,9.0,2.0,Overcast,2.5,3.6,55.5,C,92.0,Arizona Diamondbacks,Ildemaro Vargas,Michael McGreevy,0.333,1,3,3.8,0.85,0.73,0.42,0.41,1.48,1.0,0.0,4.0,1.45,38.0,40,83,32.5,3.2,7|3|1|1|4,07/22|07/21|07/20|07/17|07/12,1.9,7|3|1|1|4|0|1|0|2|0,07/22|07/21|07/20|07/17|07/12|07/11|07/10|07/09|07/08|07/06,1.67,7|3|1|1|4|0|1|0|2|0|0|2|4|0|0,07/22|07/21|07/20|07/17|07/12|07/11|07/10|07/09|07/08|07/06|07/05|07/04|07/03|06/28|06/26,62.0,37.1,21.6,12.2,6.8,3.7,2.1,2.07,38.6
2026-07-23,Arizona Diamondbacks @ St. Louis Cardinals,Busch Stadium,0.995,1.005,83.5,37.0,4.5,N,9.0,2.0,Overcast,2.5,3.6,55.5,C,92.0,St. Louis Cardinals,Iván Herrera,Brandon Pfaadt,0.0,0,2,4.4,1.08,0.76,0.47,0.3,1.53,1.0,0.0,4.0,0.71,43.0,40,101,37.5,1.0,0|1|0|4|0,07/22|07/21|07/20|07/19|07/18,1.1,0|1|0|4|0|2|0|2|2|0,07/22|07/21|07/20|07/19|07/18|07/17|07/12|07/11|07/10|07/09,1.0,0|1|0|4|0|2|0|2|2|0|0|0|4|0|0,07/22|07/21|07/20|07/19|07/18|07/17|07/12|07/11|07/10|07/09|07/08|07/07|07/07|07/06|07/05,57.0,34.1,21.4,13.6,8.9,6.0,4.0,1.75,36.4
2026-07-23,Minnesota Twins @ Cleveland Guardians,Progressive Field,0.995,1.002,74.1,46.0,8.3,NNW,327.0,0.0,Clear,1.0,1.4,52.1,C,92.0,Cleveland Guardians,Austin Hedges,Taj Bradley,0.0,0,2,3.2,0.95,0.77,0.35,0.35,1.46,1.0,0.0,4.0,1.75,34.8,40,45,42.5,2.0,2|0|2|2|4,07/21|07/18|07/10|07/08|07/04,2.1,2|0|2|2|4|2|6|2|1|0,07/21|07/18|07/10|07/08|07/04|07/03|07/01|06/29|06/28|06/26,1.67,2|0|2|2|4|2|6|2|1|0|2|0|0|1|1,07/21|07/18|07/10|07/08|07/04|07/03|07/01|06/29|06/28|06/26|06/23|06/22|06/18|06/16|06/13,65.2,37.8,20.8,10.9,5.5,2.8,1.4,1.8,39.6
2026-07-23,Tampa Bay Rays @ Toronto Blue Jays,Rogers Centre,1.0,1.0,,,,,,,Roof / indoor neutral,0.0,0.0,50.0,Roof,95.0,Tampa Bay Rays,Taylor Walls,Shane Bieber,0.5,1,2,3.8,1.2,0.85,0.51,0.2,1.59,1.0,0.0,3.0,24.41,17.7,40,77,42.5,1.6,2|1|3|1|1,07/22|07/21|07/20|07/19|07/17,1.1,2|1|3|1|1|1|0|1|0|1,07/22|07/21|07/20|07/19|07/17|07/17|07/12|07/10|07/09|07/08,1.27,2|1|3|1|1|1|0|1|0|1|2|0|2|1|3,07/22|07/21|07/20|07/19|07/17|07/17|07/12|07/10|07/09|07/08|07/07|07/06|07/04|07/03|07/02,82.3,45.4,20.7,7.7,2.5,0.7,0.2,1.64,42.0
2026-07-23,Minnesota Twins @ Cleveland Guardians,Progressive Field,0.995,1.002,74.1,46.0,8.3,NNW,327.0,0.0,Clear,1.0,1.4,52.1,C,92.0,Cleveland Guardians,Patrick Bailey,Taj Bradley,0.0,0,2,3.4,0.95,0.75,0.37,0.36,1.43,1.0,0.0,4.0,1.14,40.9,40,65,30.0,2.4,3|8|0|1|0,07/22|07/20|07/19|07/18|07/18,2.1,3|8|0|1|0|1|3|4|0|1,07/22|07/20|07/19|07/18|07/18|07/12|07/11|07/09|07/07|07/05,1.6,3|8|0|1|0|1|3|4|0|1|3|0|0|0|0,07/22|07/20|07/19|07/18|07/18|07/12|07/11|07/09|07/07|07/05|07/02|06/30|06/28|06/27|06/26,59.1,35.3,20.7,12.0,6.8,3.7,2.1,1.84,35.7
2026-07-23,Arizona Diamondbacks @ St. Louis Cardinals,Busch Stadium,0.995,1.005,83.5,37.0,4.5,N,9.0,2.0,Overcast,2.5,3.6,55.5,C,92.0,Arizona Diamondbacks,Tim Tawa,Michael McGreevy,0.5,1,2,3.7,0.85,0.69,0.35,0.49,1.43,1.0,0.0,4.0,0.77,46.5,39,39,28.2,2.0,5|1|0|0|4,07/22|07/21|07/20|07/18|07/17,2.7,5|1|0|0|4|3|6|8|0|0,07/22|07/21|07/20|07/18|07/17|07/12|07/11|07/10|07/09|07/07,1.87,5|1|0|0|4|3|6|8|0|0|0|1|0|0|0,07/22|07/21|07/20|07/18|07/17|07/12|07/11|07/10|07/09|07/07|07/05|06/22|06/20|05/31|05/26,53.5,32.5,20.6,12.9,8.2,5.2,3.4,2.05,35.3
2026-07-23,Tampa Bay Rays @ Toronto Blue Jays,Rogers Centre,1.0,1.0,,,,,,,Roof / indoor neutral,0.0,0.0,50.0,Roof,95.0,Toronto Blue Jays,Nathan Lukes,Ian Seymour,0.0,0,0,3.8,1.02,0.92,0.36,0.2,1.51,1.0,0.0,3.0,3.52,26.6,40,66,37.5,1.2,1|1|2|2|0,07/22|07/21|07/20|07/19|07/18,1.6,1|1|2|2|0|3|2|0|4|1,07/22|07/21|07/20|07/19|07/18|07/12|07/11|07/10|07/08|07/07,1.4,1|1|2|2|0|3|2|0|4|1|1|1|0|0|3,07/22|07/21|07/20|07/19|07/18|07/12|07/11|07/10|07/08|07/07|07/06|07/05|07/04|07/03|07/01,73.4,40.6,20.6,9.4,4.0,1.6,0.6,1.67,38.8
2026-07-23,Minnesota Twins @ Cleveland Guardians,Progressive Field,0.995,1.002,74.1,46.0,8.3,NNW,327.0,0.0,Clear,1.0,1.4,52.1,C,92.0,Minnesota Twins,Victor Caratini,Gavin Williams,0.0,0,2,3.6,0.94,0.72,0.31,0.41,1.52,1.0,0.0,4.0,1.39,29.5,40,75,45.0,0.8,0|0|2|1|1,07/22|07/21|07/20|07/19|07/18,1.1,0|0|2|1|1|4|0|1|1|1,07/22|07/21|07/20|07/19|07/18|07/11|07/10|07/08|07/07|07/05,1.4,0|0|2|1|1|4|0|1|1|1|2|2|1|3|2,07/22|07/21|07/20|07/19|07/18|07/11|07/10|07/08|07/07|07/05|07/03|07/01|06/30|06/29|06/27,70.5,36.6,20.5,11.3,6.1,3.4,1.7,1.81,39.8
2026-07-23,Arizona Diamondbacks @ St. Louis Cardinals,Busch Stadium,0.995,1.005,83.5,37.0,4.5,N,9.0,2.0,Overcast,2.5,3.6,55.5,C,92.0,St. Louis Cardinals,Lars Nootbaar,Brandon Pfaadt,0.25,3,12,3.7,1.08,0.7,0.47,0.32,1.48,1.0,0.0,3.0,3.31,29.5,37,37,45.9,1.0,0|2|1|1|1,07/21|07/20|07/19|07/18|07/17,1.4,0|2|1|1|1|1|6|0|2|0,07/21|07/20|07/19|07/18|07/17|07/12|07/11|07/10|07/09|07/08,1.2,0|2|1|1|1|1|6|0|2|0|1|0|0|0|3,07/21|07/20|07/19|07/18|07/17|07/12|07/11|07/10|07/09|07/08|07/07|07/06|07/05|07/04|07/02,70.5,40.3,20.5,9.5,4.3,1.7,0.7,1.72,41.1
2026-07-23,Arizona Diamondbacks @ St. Louis Cardinals,Busch Stadium,0.995,1.005,83.5,37.0,4.5,N,9.0,2.0,Overcast,2.5,3.6,55.5,C,92.0,Arizona Diamondbacks,Ryan Waldschmidt,Michael McGreevy,0.0,0,0,3.9,0.85,0.8,0.32,0.28,1.48,1.0,0.0,4.0,1.75,29.8,38,38,36.8,2.4,6|1|2|2|1,07/22|07/20|07/19|07/18|07/12,1.5,6|1|2|2|1|0|1|0|1|1,07/22|07/20|07/19|07/18|07/12|07/10|06/13|06/12|06/10|06/09,1.33,6|1|2|2|1|0|1|0|1|1|2|0|1|2|0,07/22|07/20|07/19|07/18|07/12|07/10|06/13|06/12|06/10|06/09|06/07|06/06|06/05|06/04|06/03,70.2,37.1,20.1,10.3,5.2,2.7,1.3,1.8,37.9
2026-07-23,Kansas City Royals @ Detroit Tigers,Comerica Park,0.982,1.003,78.5,29.0,7.2,E,88.0,0.0,Clear,1.5,2.2,53.4,C,92.0,Kansas City Royals,Tyler Tolbert,Troy Melton,0.0,0,0,3.2,0.85,0.79,0.47,0.17,1.4,1.0,0.0,4.0,0.7,46.8,25,25,24.0,0.2,0|0|0|1|0,07/21|07/20|07/19|07/09|07/08,2.5,0|0|0|1|0|11|10|2|0|1,07/21|07/20|07/19|07/09|07/08|07/07|07/06|07/04|07/01|06/28,2.13,0|0|0|1|0|11|10|2|0|1|0|1|4|1|1,07/21|07/20|07/19|07/09|07/08|07/07|07/06|07/04|07/01|06/28|06/25|06/24|06/23|06/19|06/18,53.2,31.9,19.9,12.4,8.0,5.2,3.3,1.83,32.6
2026-07-23,San Diego Padres @ Atlanta Braves,Truist Park,1.008,1.008,86.3,56.0,8.9,SW,236.0,3.0,Clear,3.6,5.2,57.8,B,92.0,San Diego Padres,Gavin Sheets,Chris Sale,0.333,1,3,3.4,0.85,0.58,0.47,0.34,1.38,1.0,0.0,4.0,1.36,39.3,40,95,32.5,1.2,3|1|0|2|0,07/22|07/21|07/20|07/19|07/18,0.9,3|1|0|2|0|0|1|2|0|0,07/22|07/21|07/20|07/19|07/18|07/17|07/12|07/11|07/10|07/09,0.87,3|1|0|2|0|0|1|2|0|0|0|1|1|1|1,07/22|07/21|07/20|07/19|07/18|07/17|07/12|07/11|07/10|07/09|07/08|07/07|07/06|07/05|07/04,60.7,34.8,19.5,10.8,5.7,3.0,1.6,1.86,36.2
2026-07-23,Minnesota Twins @ Cleveland Guardians,Progressive Field,0.995,1.002,74.1,46.0,8.3,NNW,327.0,0.0,Clear,1.0,1.4,52.1,C,92.0,Cleveland Guardians,Kyle Manzardo,Taj Bradley,0.0,0,3,3.5,0.95,0.64,0.52,0.27,1.35,1.0,0.0,4.0,1.13,42.8,40,93,37.5,2.0,7|1|2|0|0,07/22|07/21|07/20|07/19|07/18,1.4,7|1|2|0|0|0|2|2|0|0,07/22|07/21|07/20|07/19|07/18|07/18|07/12|07/11|07/10|07/09,1.13,7|1|2|0|0|0|2|2|0|0|0|0|2|1|0,07/22|07/21|07/20|07/19|07/18|07/18|07/12|07/11|07/10|07/09|07/08|07/07|07/05|07/04|07/03,57.2,33.1,19.0,11.0,6.3,3.6,2.0,1.78,36.1
2026-07-23,Kansas City Royals @ Detroit Tigers,Comerica Park,0.982,1.003,78.5,29.0,7.2,E,88.0,0.0,Clear,1.5,2.2,53.4,C,92.0,Detroit Tigers,Hao-Yu Lee,Randy Dobnak,0.0,0,0,3.2,0.85,0.75,0.28,0.35,1.38,1.0,0.0,3.0,2.01,35.0,40,58,35.0,2.6,5|2|2|1|3,07/22|07/21|07/20|07/19|07/17,1.6,5|2|2|1|3|2|1|0|0|0,07/22|07/21|07/20|07/19|07/17|07/11|07/09|07/08|07/07|07/05,1.73,5|2|2|1|3|2|1|0|0|0|4|1|1|4|0,07/22|07/21|07/20|07/19|07/17|07/11|07/09|07/08|07/07|07/05|07/02|07/01|06/30|06/29|06/28,65.0,36.3,18.9,9.5,4.7,2.2,1.0,1.81,37.2
2026-07-23,Tampa Bay Rays @ Toronto Blue Jays,Rogers Centre,1.0,1.0,,,,,,,Roof / indoor neutral,0.0,0.0,50.0,Roof,95.0,Tampa Bay Rays,Richie Palacios,Shane Bieber,0.0,0,0,3.3,1.2,0.68,0.41,0.36,1.33,1.0,0.0,3.0,2.08,39.1,40,71,45.0,0.6,0|0|1|2|0,07/22|07/20|07/19|07/18|07/12,1.4,0|0|1|2|0|0|3|0|5|3,07/22|07/20|07/19|07/18|07/12|07/11|07/10|07/09|07/07|07/06,1.47,0|0|1|2|0|0|3|0|5|3|0|5|3|0|0,07/22|07/20|07/19|07/18|07/12|07/11|07/10|07/09|07/07|07/06|07/05|07/04|07/02|07/01|06/28,60.9,35.0,18.5,9.6,4.5,2.2,1.0,1.58,37.5
2026-07-23,Arizona Diamondbacks @ St. Louis Cardinals,Busch Stadium,0.995,1.005,83.5,37.0,4.5,N,9.0,2.0,Overcast,2.5,3.6,55.5,C,92.0,St. Louis Cardinals,Nelson Velázquez,Brandon Pfaadt,0.0,0,0,3.2,1.08,0.5,0.42,0.42,1.26,1.0,0.0,4.0,0.82,48.4,27,27,29.6,0.0,0|0|0|0|0,07/22|07/21|07/19|07/10|07/08,1.0,0|0|0|0|0|4|0|3|0|3,07/22|07/21|07/19|07/10|07/08|07/07|07/07|07/06|07/05|07/03,1.0,0|0|0|0|0|4|0|3|0|3|0|4|0|0|1,07/22|07/21|07/19|07/10|07/08|07/07|07/07|07/06|07/05|07/03|07/01|06/30|06/24|06/23|06/19,51.6,30.2,18.0,10.8,6.5,3.8,2.1,1.62,31.8
2026-07-23,San Diego Padres @ Atlanta Braves,Truist Park,1.008,1.008,86.3,56.0,8.9,SW,236.0,3.0,Clear,3.6,5.2,57.8,B,92.0,San Diego Padres,Luis Campusano,Chris Sale,0.0,0,0,3.2,0.85,0.65,0.39,0.3,1.3,1.0,0.0,3.0,1.44,40.7,31,31,48.4,0.8,0|1|0|3|0,07/22|07/21|07/20|07/19|07/17,1.3,0|1|0|3|0|0|2|0|5|2,07/22|07/21|07/20|07/19|07/17|07/11|07/10|07/09|07/08|07/07,1.07,0|1|0|3|0|0|2|0|5|2|0|2|0|1|0,07/22|07/21|07/20|07/19|07/17|07/11|07/10|07/09|07/08|07/07|07/06|07/05|07/04|05/05|05/02,59.3,33.3,17.9,9.4,4.9,2.6,1.4,1.75,38.8
2026-07-23,Tampa Bay Rays @ Toronto Blue Jays,Rogers Centre,1.0,1.0,,,,,,,Roof / indoor neutral,0.0,0.0,50.0,Roof,95.0,Toronto Blue Jays,Alejandro Kirk,Ian Seymour,0.5,2,4,3.5,1.02,0.71,0.27,0.37,1.27,1.0,0.0,3.0,1.35,42.8,31,31,38.7,1.4,4|2|0|0|1,07/22|07/20|07/19|07/18|07/17,1.4,4|2|0|0|1|0|4|2|1|0,07/22|07/20|07/19|07/18|07/17|07/12|07/11|07/10|07/08|07/06,1.27,4|2|0|0|1|0|4|2|1|0|0|0|4|1|0,07/22|07/20|07/19|07/18|07/17|07/12|07/11|07/10|07/08|07/06|07/05|07/03|07/01|06/30|06/28,57.2,32.4,17.8,9.4,4.9,2.5,1.3,1.59,34.9
2026-07-23,San Diego Padres @ Atlanta Braves,Truist Park,1.008,1.008,86.3,56.0,8.9,SW,236.0,3.0,Clear,3.6,5.2,57.8,B,92.0,Atlanta Braves,Joey Bart,Griffin Canning,0.0,0,0,3.2,1.2,0.55,0.31,0.45,1.26,1.0,0.0,4.0,0.7,49.7,35,35,31.4,0.4,0|2|0|0|0,07/21|07/20|07/18|07/17|07/11,0.9,0|2|0|0|0|0|4|0|0|3,07/21|07/20|07/18|07/17|07/11|07/10|07/08|07/07|07/06|07/04,1.0,0|2|0|0|0|0|4|0|0|3|0|0|5|1|0,07/21|07/20|07/18|07/17|07/11|07/10|07/08|07/07|07/06|07/04|06/30|06/28|06/24|06/21|06/20,50.3,29.6,17.7,10.8,6.6,4.2,2.7,1.45,30.8
2026-07-23,Minnesota Twins @ Cleveland Guardians,Progressive Field,0.995,1.002,74.1,46.0,8.3,NNW,327.0,0.0,Clear,1.0,1.4,52.1,C,92.0,Cleveland Guardians,Petey Halpin,Taj Bradley,0.0,0,0,3.2,0.95,0.66,0.46,0.19,1.26,1.0,0.0,4.0,0.7,49.7,31,31,29.0,2.8,2|1|9|1|1,07/22|07/21|07/20|07/19|07/18,1.7,2|1|9|1|1|1|2|0|0|0,07/22|07/21|07/20|07/19|07/18|07/12|07/11|07/09|06/27|06/26,1.73,2|1|9|1|1|1|2|0|0|0|4|1|0|2|2,07/22|07/21|07/20|07/19|07/18|07/12|07/11|07/09|06/27|06/26|06/24|06/23|06/22|06/21|06/20,50.3,29.3,17.5,10.8,6.7,4.2,2.6,1.59,31.0
2026-07-23,Arizona Diamondbacks @ St. Louis Cardinals,Busch Stadium,0.995,1.005,83.5,37.0,4.5,N,9.0,2.0,Overcast,2.5,3.6,55.5,C,92.0,St. Louis Cardinals,José Fermín,Brandon Pfaadt,0.0,0,2,3.3,1.08,0.69,0.32,0.32,1.26,1.0,0.0,3.0,1.78,40.7,40,64,47.5,1.0,0|0|3|0|2,07/22|07/21|07/19|07/18|07/17,1.2,0|0|3|0|2|3|0|0|3|1,07/22|07/21|07/19|07/18|07/17|07/12|07/10|07/09|07/08|07/07,1.33,0|0|3|0|2|3|0|0|3|1|0|3|0|1|4,07/22|07/21|07/19|07/18|07/17|07/12|07/10|07/09|07/08|07/07|07/07|07/06|07/05|07/04|07/03,59.3,32.8,17.3,8.7,4.0,1.9,0.9,1.51,36.7
2026-07-23,San Diego Padres @ Atlanta Braves,Truist Park,1.008,1.008,86.3,56.0,8.9,SW,236.0,3.0,Clear,3.6,5.2,57.8,B,92.0,Atlanta Braves,Jorge Mateo,Griffin Canning,0.0,0,0,3.2,1.2,0.64,0.61,0.15,1.19,1.0,0.0,3.0,1.15,49.1,40,51,35.0,0.4,2|0|0|0|0,07/17|07/11|07/08|07/06|07/05,0.6,2|0|0|0|0|1|0|0|3|0,07/17|07/11|07/08|07/06|07/05|07/04|07/03|07/01|06/30|06/24,0.53,2|0|0|0|0|1|0|0|3|0|0|0|0|2|0,07/17|07/11|07/08|07/06|07/05|07/04|07/03|07/01|06/30|06/24|06/23|06/22|06/20|06/19|06/17,50.9,29.7,17.0,9.6,5.4,3.0,1.7,1.48,32.0
2026-07-23,Kansas City Royals @ Detroit Tigers,Comerica Park,0.982,1.003,78.5,29.0,7.2,E,88.0,0.0,Clear,1.5,2.2,53.4,C,92.0,Kansas City Royals,Josh Rojas,Troy Melton,0.0,0,0,3.2,0.85,0.75,0.36,0.34,1.31,1.0,0.0,3.0,7.4,33.3,19,19,36.8,1.4,1|2|2|0|2,07/22|07/20|07/19|07/17|07/12,1.1,1|2|2|0|2|3|0|1|0|0,07/22|07/20|07/19|07/17|07/12|07/10|07/09|07/08|07/06|07/05,0.8,1|2|2|0|2|3|0|1|0|0|0|0|0|1|0,07/22|07/20|07/19|07/17|07/12|07/10|07/09|07/08|07/06|07/05|07/02|06/28|06/27|06/26|06/25,66.7,37.1,17.0,6.7,2.5,0.8,0.2,1.91,38.6
2026-07-23,Minnesota Twins @ Cleveland Guardians,Progressive Field,0.995,1.002,74.1,46.0,8.3,NNW,327.0,0.0,Clear,1.0,1.4,52.1,C,92.0,Minnesota Twins,Ryan Kreidler,Gavin Williams,0.0,0,0,3.2,0.94,0.59,0.3,0.34,1.24,1.0,0.0,4.0,0.76,47.7,40,55,30.0,0.2,0|0|0|1|0,07/22|07/21|07/20|07/19|07/18,0.6,0|0|0|1|0|2|2|0|0|1,07/22|07/21|07/20|07/19|07/18|07/17|07/12|07/11|07/10|07/08,0.73,0|0|0|1|0|2|2|0|0|1|2|3|0|0|0,07/22|07/21|07/20|07/19|07/18|07/17|07/12|07/11|07/10|07/08|07/07|07/05|07/04|07/03|07/01,52.3,29.4,17.0,10.1,6.1,3.7,2.2,1.55,31.1
2026-07-23,Minnesota Twins @ Cleveland Guardians,Progressive Field,0.995,1.002,74.1,46.0,8.3,NNW,327.0,0.0,Clear,1.0,1.4,52.1,C,92.0,Cleveland Guardians,Gabriel Arias,Taj Bradley,0.5,1,2,3.2,0.95,0.72,0.35,0.23,1.26,1.0,0.0,3.0,1.85,38.7,33,33,39.4,1.0,2|2|0|0|1,07/21|07/19|07/18|07/18|07/12,1.8,2|2|0|0|1|4|3|0|0|6,07/21|07/19|07/18|07/18|07/12|07/11|07/09|07/08|07/07|07/05,1.53,2|2|0|0|1|4|3|0|0|6|0|1|2|2|0,07/21|07/19|07/18|07/18|07/12|07/11|07/09|07/08|07/07|07/05|07/04|07/03|07/02|07/01|06/30,61.3,33.0,16.7,7.9,3.7,1.8,0.8,1.56,35.1
2026-07-23,San Diego Padres @ Atlanta Braves,Truist Park,1.008,1.008,86.3,56.0,8.9,SW,236.0,3.0,Clear,3.6,5.2,57.8,B,92.0,San Diego Padres,Xander Bogaerts,Chris Sale,0.318,7,22,4.2,0.85,0.67,0.41,0.3,1.29,1.0,0.0,3.0,3.93,34.9,40,97,42.5,1.2,2|2|0|2|0,07/22|07/21|07/20|07/19|07/18,1.4,2|2|0|2|0|2|2|0|4|0,07/22|07/21|07/20|07/19|07/18|07/17|07/12|07/11|07/10|07/09,1.33,2|2|0|2|0|2|2|0|4|0|3|0|0|1|2,07/22|07/21|07/20|07/19|07/18|07/17|07/12|07/11|07/10|07/09|07/08|07/07|07/05|07/04|07/03,65.1,35.7,16.6,7.2,2.9,1.1,0.4,1.78,38.6
2026-07-23,Tampa Bay Rays @ Toronto Blue Jays,Rogers Centre,1.0,1.0,,,,,,,Roof / indoor neutral,0.0,0.0,50.0,Roof,95.0,Toronto Blue Jays,Daulton Varsho,Ian Seymour,0.2,1,5,3.9,1.02,0.68,0.3,0.23,1.24,1.0,0.0,3.0,0.99,42.3,40,84,30.0,1.0,0|2|1|1|1,07/22|07/21|07/20|07/19|07/18,1.3,0|2|1|1|1|0|2|1|0|5,07/22|07/21|07/20|07/19|07/18|07/17|07/12|07/11|07/10|07/08,0.87,0|2|1|1|1|0|2|1|0|5|0|0|0|0|0,07/22|07/21|07/20|07/19|07/18|07/17|07/12|07/11|07/10|07/08|07/07|07/06|07/05|07/04|07/03,57.7,29.7,16.2,9.0,4.9,2.7,1.4,1.41,30.3
2026-07-23,Arizona Diamondbacks @ St. Louis Cardinals,Busch Stadium,0.995,1.005,83.5,37.0,4.5,N,9.0,2.0,Overcast,2.5,3.6,55.5,C,92.0,St. Louis Cardinals,Jimmy Crooks,Brandon Pfaadt,0.0,0,0,3.2,1.08,0.62,0.34,0.49,1.16,1.0,0.0,3.0,1.82,47.4,29,29,24.1,0.8,0|0|3|1|0,07/22|07/20|07/18|07/17|07/12,0.8,0|0|3|1|0|3|0|0|0|1,07/22|07/20|07/18|07/17|07/12|07/10|07/07|07/07|07/03|07/02,0.67,0|0|3|1|0|3|0|0|0|1|0|0|0|2|0,07/22|07/20|07/18|07/17|07/12|07/10|07/07|07/07|07/03|07/02|07/01|06/27|06/24|06/23|06/22,52.6,30.2,16.2,8.6,4.3,2.1,1.0,1.72,31.1
2026-07-23,Tampa Bay Rays @ Toronto Blue Jays,Rogers Centre,1.0,1.0,,,,,,,Roof / indoor neutral,0.0,0.0,50.0,Roof,95.0,Toronto Blue Jays,Brandon Valenzuela,Ian Seymour,0.0,0,2,3.3,1.02,0.59,0.28,0.31,1.24,1.0,0.0,3.0,0.7,44.1,40,57,30.0,1.8,0|0|3|1|5,07/21|07/19|07/17|07/12|07/07,0.9,0|0|3|1|5|0|0|0|0|0,07/21|07/19|07/17|07/12|07/07|07/05|07/04|06/29|06/26|06/25,1.07,0|0|3|1|5|0|0|0|0|0|0|1|3|1|2,07/21|07/19|07/17|07/12|07/07|07/05|07/04|06/29|06/26|06/25|06/23|06/20|06/18|06/13|06/10,55.9,27.7,16.0,9.5,5.7,3.5,2.1,1.41,29.4
2026-07-23,Tampa Bay Rays @ Toronto Blue Jays,Rogers Centre,1.0,1.0,,,,,,,Roof / indoor neutral,0.0,0.0,50.0,Roof,95.0,Toronto Blue Jays,Luis Urías,Ian Seymour,0.0,0,0,3.2,1.02,0.75,0.25,0.23,1.17,1.0,0.0,3.0,1.0,47.9,13,13,30.8,0.8,0|0|3|1|0,07/22|07/19|07/17|07/11|07/10,0.8,0|0|3|1|0|0|0|2|2|0,07/22|07/19|07/17|07/11|07/10|07/05|07/04|06/30|06/29|06/27,1.08,0|0|3|1|0|0|0|2|2|0|0|1|5,07/22|07/19|07/17|07/11|07/10|07/05|07/04|06/30|06/29|06/27|06/25|06/24|06/23,52.1,28.4,15.9,8.9,4.9,2.8,1.6,1.41,29.9
2026-07-23,San Diego Padres @ Atlanta Braves,Truist Park,1.008,1.008,86.3,56.0,8.9,SW,236.0,3.0,Clear,3.6,5.2,57.8,B,92.0,San Diego Padres,Jake Cronenworth,Chris Sale,0.0,0,3,3.7,0.85,0.72,0.31,0.26,1.2,1.0,0.0,3.0,1.7,42.6,40,50,40.0,1.4,3|1|0|2|1,07/22|07/21|07/20|07/18|07/17,1.6,3|1|0|2|1|3|4|0|0|2,07/22|07/21|07/20|07/18|07/17|07/12|07/11|07/10|07/09|07/08,1.67,3|1|0|2|1|3|4|0|0|2|5|2|0|0|2,07/22|07/21|07/20|07/18|07/17|07/12|07/11|07/10|07/09|07/08|07/07|07/06|07/05|07/04|07/03,57.4,31.3,15.9,8.0,3.9,1.7,0.8,1.65,35.1
2026-07-23,Tampa Bay Rays @ Toronto Blue Jays,Rogers Centre,1.0,1.0,,,,,,,Roof / indoor neutral,0.0,0.0,50.0,Roof,95.0,Toronto Blue Jays,Yohendrick Piñango,Ian Seymour,1.0,1,1,3.2,1.02,0.75,0.15,0.33,1.24,1.0,0.0,3.0,1.66,38.5,40,51,32.5,0.6,1|0|1|1|0,07/22|07/05|07/04|07/03|07/01,0.8,1|0|1|1|0|1|0|0|4|0,07/22|07/05|07/04|07/03|07/01|06/30|06/29|06/28|06/27|06/19,0.67,1|0|1|1|0|1|0|0|4|0|1|0|1|0|0,07/22|07/05|07/04|07/03|07/01|06/30|06/29|06/28|06/27|06/19|06/18|06/14|06/13|06/12|06/10,61.5,31.6,15.8,7.9,3.7,1.7,0.8,1.42,31.8
2026-07-23,Kansas City Royals @ Detroit Tigers,Comerica Park,0.982,1.003,78.5,29.0,7.2,E,88.0,0.0,Clear,1.5,2.2,53.4,C,92.0,Detroit Tigers,Colt Keith,Randy Dobnak,0.0,0,0,3.2,0.85,0.56,0.35,0.27,1.08,0.0,0.0,3.0,0.7,54.5,40,92,32.5,1.8,0|0|2|0|7,07/22|07/21|07/20|07/19|07/18,1.2,0|0|2|0|7|0|0|0|3|0,07/22|07/21|07/20|07/19|07/18|07/17|07/12|07/11|07/10|07/08,1.47,0|0|2|0|7|0|0|0|3|0|4|0|2|3|1,07/22|07/21|07/20|07/19|07/18|07/17|07/12|07/11|07/10|07/08|07/07|07/05|07/04|07/02|07/01,45.5,25.4,14.9,8.8,5.2,3.2,1.9,1.58,30.1
2026-07-23,Arizona Diamondbacks @ St. Louis Cardinals,Busch Stadium,0.995,1.005,83.5,37.0,4.5,N,9.0,2.0,Overcast,2.5,3.6,55.5,C,92.0,Arizona Diamondbacks,Adrian Del Castillo,Michael McGreevy,0.0,0,0,3.4,0.85,0.55,0.31,0.37,1.11,1.0,0.0,3.0,1.52,46.3,40,50,30.0,2.0,4|5|0|1|0,07/19|07/04|07/01|06/28|06/27,1.5,4|5|0|1|0|1|0|3|1|0,07/19|07/04|07/01|06/28|06/27|06/22|06/21|06/20|06/16|06/13,1.13,4|5|0|1|0|1|0|3|1|0|0|0|0|1|1,07/19|07/04|07/01|06/28|06/27|06/22|06/21|06/20|06/16|06/13|06/11|06/05|05/31|05/30|05/29,53.7,28.6,14.8,7.4,3.6,1.7,0.8,1.66,31.4
2026-07-23,Minnesota Twins @ Cleveland Guardians,Progressive Field,0.995,1.002,74.1,46.0,8.3,NNW,327.0,0.0,Clear,1.0,1.4,52.1,C,92.0,Cleveland Guardians,Rhys Hoskins,Taj Bradley,0.5,1,2,3.3,0.95,0.46,0.27,0.35,1.06,0.0,0.0,3.0,0.8,51.6,40,80,30.0,1.4,0|6|0|1|0,07/21|07/20|07/18|07/18|07/10,1.4,0|6|0|1|0|3|3|0|0|1,07/21|07/20|07/18|07/18|07/10|07/08|07/07|07/05|07/04|07/03,1.27,0|6|0|1|0|3|3|0|0|1|0|0|1|4|0,07/21|07/20|07/18|07/18|07/10|07/08|07/07|07/05|07/04|07/03|07/02|07/01|06/29|06/28|06/26,48.4,26.0,14.2,7.7,4.2,2.4,1.3,1.37,28.3
2026-07-23,Kansas City Royals @ Detroit Tigers,Comerica Park,0.982,1.003,78.5,29.0,7.2,E,88.0,0.0,Clear,1.5,2.2,53.4,C,92.0,Kansas City Royals,Starling Marte,Troy Melton,0.0,0,0,3.3,0.85,0.64,0.3,0.17,1.18,1.0,0.0,3.0,1.44,36.9,40,43,25.0,1.8,2|1|1|0|5,07/22|07/21|07/09|07/08|07/06,1.5,2|1|1|0|5|1|0|1|3|1,07/22|07/21|07/09|07/08|07/06|07/04|07/02|07/01|06/28|06/27,1.73,2|1|1|0|5|1|0|1|3|1|1|1|6|1|2,07/22|07/21|07/09|07/08|07/06|07/04|07/02|07/01|06/28|06/27|06/25|06/23|06/18|06/16|06/15,63.1,28.5,14.0,6.7,3.0,1.4,0.7,1.41,28.5
2026-07-23,Tampa Bay Rays @ Toronto Blue Jays,Rogers Centre,1.0,1.0,,,,,,,Roof / indoor neutral,0.0,0.0,50.0,Roof,95.0,Toronto Blue Jays,Myles Straw,Ian Seymour,0.25,1,4,3.2,1.02,0.51,0.28,0.48,1.0,0.0,0.0,3.0,0.75,58.3,40,75,17.5,0.2,0|1|0|0|0,07/22|07/21|07/20|07/18|07/17,0.4,0|1|0|0|0|0|3|0|0|0,07/22|07/21|07/20|07/18|07/17|07/12|07/10|07/08|07/06|07/05,0.67,0|1|0|0|0|0|3|0|0|0|5|0|1|0|0,07/22|07/21|07/20|07/18|07/17|07/12|07/10|07/08|07/06|07/05|07/01|06/30|06/29|06/27|06/26,41.7,23.7,14.0,8.3,4.9,2.9,1.8,1.58,25.6
2026-07-23,Arizona Diamondbacks @ St. Louis Cardinals,Busch Stadium,0.995,1.005,83.5,37.0,4.5,N,9.0,2.0,Overcast,2.5,3.6,55.5,C,92.0,St. Louis Cardinals,Nathan Church,Brandon Pfaadt,0.0,0,2,3.2,1.08,0.52,0.25,0.27,1.06,1.0,0.0,3.0,0.8,49.2,40,79,30.0,0.6,0|0|3|0|0,07/22|07/21|07/20|07/19|07/18,0.3,0|0|3|0|0|0|0|0|0|0,07/22|07/21|07/20|07/19|07/18|07/17|07/12|07/11|07/09|07/08,0.4,0|0|3|0|0|0|0|0|0|0|0|0|1|1|1,07/22|07/21|07/20|07/19|07/18|07/17|07/12|07/11|07/09|07/08|07/07|07/07|07/06|07/05|07/04,50.8,25.4,13.6,7.2,4.0,2.2,1.1,1.2,26.9
2026-07-23,Minnesota Twins @ Cleveland Guardians,Progressive Field,0.995,1.002,74.1,46.0,8.3,NNW,327.0,0.0,Clear,1.0,1.4,52.1,C,92.0,Minnesota Twins,Austin Martin,Gavin Williams,0.571,4,7,3.2,0.94,0.62,0.4,0.16,1.12,1.0,0.0,3.0,2.72,40.5,40,82,25.0,0.6,0|0|2|0|1,07/21|07/20|07/19|07/18|07/17,1.2,0|0|2|0|1|1|1|0|2|5,07/21|07/20|07/19|07/18|07/17|07/11|07/10|07/08|07/07|07/05,1.07,0|0|2|0|1|1|1|0|2|5|0|1|0|2|1,07/21|07/20|07/19|07/18|07/17|07/11|07/10|07/08|07/07|07/05|06/30|06/28|06/27|06/26|06/24,59.5,30.3,13.5,5.5,2.2,0.8,0.3,1.42,29.4
2026-07-23,Tampa Bay Rays @ Toronto Blue Jays,Rogers Centre,1.0,1.0,,,,,,,Roof / indoor neutral,0.0,0.0,50.0,Roof,95.0,Toronto Blue Jays,Andrés Giménez,Ian Seymour,0.5,1,2,3.4,1.02,0.59,0.21,0.29,1.11,1.0,0.0,3.0,1.79,41.1,40,93,35.0,0.2,0|0|0|0|1,07/22|07/21|07/20|07/19|07/18,0.8,0|0|0|0|1|2|1|2|2|0,07/22|07/21|07/20|07/19|07/18|07/12|07/11|07/08|07/07|07/06,0.8,0|0|0|0|1|2|1|2|2|0|0|3|0|0|1,07/22|07/21|07/20|07/19|07/18|07/12|07/11|07/08|07/07|07/06|07/04|07/03|07/01|06/30|06/28,58.9,28.5,13.4,5.8,2.6,1.2,0.5,1.28,30.1
2026-07-23,Arizona Diamondbacks @ St. Louis Cardinals,Busch Stadium,0.995,1.005,83.5,37.0,4.5,N,9.0,2.0,Overcast,2.5,3.6,55.5,C,92.0,St. Louis Cardinals,Bryan Torres,Brandon Pfaadt,0.0,0,0,3.2,1.08,0.52,0.25,0.28,1.03,0.0,0.0,3.0,0.98,50.5,27,27,25.9,0.4,1|0|0|1|0,07/21|07/18|07/12|07/11|07/10,0.2,1|0|0|1|0|0|0|0|0|0,07/21|07/18|07/12|07/11|07/10|07/09|07/07|07/07|07/06|07/05,0.6,1|0|0|1|0|0|0|0|0|0|3|4|0|0|0,07/21|07/18|07/12|07/11|07/10|07/09|07/07|07/07|07/06|07/05|07/03|06/28|06/27|06/24|06/14,49.5,25.7,13.4,6.8,3.5,1.8,0.9,1.21,26.1
2026-07-23,Minnesota Twins @ Cleveland Guardians,Progressive Field,0.995,1.002,74.1,46.0,8.3,NNW,327.0,0.0,Clear,1.0,1.4,52.1,C,92.0,Cleveland Guardians,Daniel Schneemann,Taj Bradley,0.429,3,7,3.5,0.95,0.58,0.27,0.23,1.03,0.0,0.0,3.0,1.08,50.4,40,79,30.0,0.8,0|2|1|0|1,07/22|07/20|07/18|07/10|07/09,0.7,0|2|1|0|1|0|0|3|0|0,07/22|07/20|07/18|07/10|07/09|07/08|07/07|07/05|07/04|07/03,0.93,0|2|1|0|1|0|0|3|0|0|1|2|0|4|0,07/22|07/20|07/18|07/10|07/09|07/08|07/07|07/05|07/04|07/03|07/01|06/30|06/29|06/28|06/26,49.6,25.8,13.3,6.8,3.5,1.7,0.9,1.31,27.8
2026-07-23,Kansas City Royals @ Detroit Tigers,Comerica Park,0.982,1.003,78.5,29.0,7.2,E,88.0,0.0,Clear,1.5,2.2,53.4,C,92.0,Detroit Tigers,Ben Malgeri,Randy Dobnak,0.0,0,0,3.2,0.85,0.71,0.17,0.33,1.2,1.0,0.0,3.0,14.57,32.2,12,12,33.3,0.6,1|0|1|1|0,07/21|07/18|07/17|07/11|07/08,1.0,1|0|1|1|0|3|2|2|0|0,07/21|07/18|07/17|07/11|07/08|07/07|07/04|07/02|06/29|06/28,1.17,1|0|1|1|0|3|2|2|0|0|1|3,07/21|07/18|07/17|07/11|07/08|07/07|07/04|07/02|06/29|06/28|06/24|06/23,67.8,33.9,13.0,4.1,1.0,0.2,0.0,1.57,34.0
2026-07-23,Tampa Bay Rays @ Toronto Blue Jays,Rogers Centre,1.0,1.0,,,,,,,Roof / indoor neutral,0.0,0.0,50.0,Roof,95.0,Tampa Bay Rays,Hunter Feduccia,Shane Bieber,0.0,0,2,3.2,1.2,0.63,0.26,0.25,1.04,1.0,0.0,3.0,1.78,46.9,40,53,27.5,0.6,0|1|0|1|1,07/22|07/19|07/17|07/12|07/10,1.1,0|1|0|1|1|4|0|0|4|0,07/22|07/19|07/17|07/12|07/10|07/07|07/05|07/04|07/02|07/01,0.93,0|1|0|1|1|4|0|0|4|0|0|2|1|0|0,07/22|07/19|07/17|07/12|07/10|07/07|07/05|07/04|07/02|07/01|06/27|06/26|06/25|06/23|06/20,53.1,27.4,13.0,5.9,2.6,1.2,0.5,1.22,27.3
2026-07-23,Kansas City Royals @ Detroit Tigers,Comerica Park,0.982,1.003,78.5,29.0,7.2,E,88.0,0.0,Clear,1.5,2.2,53.4,C,92.0,Detroit Tigers,Jake Rogers,Randy Dobnak,0.0,0,0,3.2,0.85,0.41,0.32,0.24,0.94,0.0,0.0,3.0,0.82,54.0,33,33,30.3,1.0,0|0|0|2|3,07/21|07/19|07/17|07/10|07/09,1.3,0|0|0|2|3|6|0|0|2|0,07/21|07/19|07/17|07/10|07/09|07/08|07/05|07/01|06/27|06/24,1.33,0|0|0|2|3|6|0|0|2|0|2|0|0|1|4,07/21|07/19|07/17|07/10|07/09|07/08|07/05|07/01|06/27|06/24|06/20|06/17|06/16|06/11|06/03,46.0,23.3,12.0,6.1,3.1,1.7,0.9,1.31,26.8
2026-07-23,Arizona Diamondbacks @ St. Louis Cardinals,Busch Stadium,0.995,1.005,83.5,37.0,4.5,N,9.0,2.0,Overcast,2.5,3.6,55.5,C,92.0,Arizona Diamondbacks,Jorge Barrosa,Michael McGreevy,0.0,0,0,3.2,0.85,0.41,0.51,0.14,0.89,0.0,0.0,3.0,0.7,60.1,40,51,25.0,0.8,0|1|2|1|0,07/22|07/21|07/20|07/19|07/11,1.0,0|1|2|1|0|3|0|3|0|0,07/22|07/21|07/20|07/19|07/11|07/10|07/06|06/30|06/26|06/21,1.2,0|1|2|1|0|3|0|3|0|0|7|0|0|1|0,07/22|07/21|07/20|07/19|07/11|07/10|07/06|06/30|06/26|06/21|06/20|06/19|06/14|06/11|06/07,39.9,21.2,11.8,6.7,3.9,2.2,1.3,1.41,25.2
2026-07-23,Kansas City Royals @ Detroit Tigers,Comerica Park,0.982,1.003,78.5,29.0,7.2,E,88.0,0.0,Clear,1.5,2.2,53.4,C,92.0,Detroit Tigers,Kerry Carpenter,Randy Dobnak,0.0,0,0,3.2,0.85,0.4,0.26,0.25,0.97,0.0,0.0,3.0,0.7,50.7,40,78,37.5,0.2,1|0|0|0|0,07/22|07/20|07/19|07/18|07/17,0.2,1|0|0|0|0|0|0|0|1|0,07/22|07/20|07/19|07/18|07/17|07/12|07/11|07/10|07/09|07/08,0.53,1|0|0|0|0|0|0|0|1|0|0|3|2|0|1,07/22|07/20|07/19|07/18|07/17|07/12|07/11|07/10|07/09|07/08|07/07|07/05|07/04|07/02|07/01,49.3,22.1,11.7,6.3,3.5,1.9,1.0,1.24,27.6
2026-07-23,Kansas City Royals @ Detroit Tigers,Comerica Park,0.982,1.003,78.5,29.0,7.2,E,88.0,0.0,Clear,1.5,2.2,53.4,C,92.0,Detroit Tigers,Zach McKinstry,Randy Dobnak,0.0,0,0,3.4,0.85,0.52,0.27,0.23,1.07,1.0,0.0,3.0,2.46,37.9,40,75,42.5,0.6,2|0|0|0|1,07/22|07/21|07/20|07/19|07/18,1.0,2|0|0|0|1|0|1|0|2|4,07/22|07/21|07/20|07/19|07/18|07/17|07/12|07/11|07/10|07/09,1.27,2|0|0|0|1|0|1|0|2|4|1|3|0|1|4,07/22|07/21|07/20|07/19|07/18|07/17|07/12|07/11|07/10|07/09|07/08|07/07|07/05|07/04|07/02,62.1,26.4,11.3,4.3,1.7,0.6,0.2,1.34,31.4
2026-07-23,Kansas City Royals @ Detroit Tigers,Comerica Park,0.982,1.003,78.5,29.0,7.2,E,88.0,0.0,Clear,1.5,2.2,53.4,C,92.0,Detroit Tigers,Matt Vierling,Randy Dobnak,0.0,0,0,3.2,0.85,0.56,0.2,0.18,0.93,0.0,0.0,3.0,0.99,51.9,40,80,30.0,0.4,0|2|0|0|0,07/22|07/21|07/20|07/19|07/18,1.0,0|2|0|0|0|2|0|4|1|1,07/22|07/21|07/20|07/19|07/18|07/17|07/12|07/11|07/10|07/09,1.0,0|2|0|0|0|2|0|4|1|1|0|4|1|0|0,07/22|07/21|07/20|07/19|07/18|07/17|07/12|07/11|07/10|07/09|07/08|07/07|07/05|07/02|07/01,48.1,23.2,11.2,5.4,2.6,1.3,0.6,1.2,25.9
2026-07-23,Kansas City Royals @ Detroit Tigers,Comerica Park,0.982,1.003,78.5,29.0,7.2,E,88.0,0.0,Clear,1.5,2.2,53.4,C,92.0,Detroit Tigers,James Outman,Randy Dobnak,0.0,0,0,3.2,0.85,0.41,0.26,0.24,0.86,0.0,0.0,3.0,0.7,58.3,40,54,25.0,0.8,1|0|0|1|2,07/22|07/21|07/20|07/19|07/18,1.0,1|0|0|1|2|0|4|0|0|2,07/22|07/21|07/20|07/19|07/18|07/12|07/10|07/09|07/07|07/05,1.13,1|0|0|1|2|0|4|0|0|2|0|0|0|5|2,07/22|07/21|07/20|07/19|07/18|07/12|07/10|07/09|07/07|07/05|07/04|07/02|07/01|06/30|06/29,41.7,20.8,11.0,5.8,3.0,1.6,0.9,1.23,23.8
2026-07-23,San Diego Padres @ Atlanta Braves,Truist Park,1.008,1.008,86.3,56.0,8.9,SW,236.0,3.0,Clear,3.6,5.2,57.8,B,92.0,San Diego Padres,Rodolfo Durán,Chris Sale,0.0,0,0,3.2,0.85,0.48,0.23,0.23,0.8,0.0,0.0,3.0,0.7,61.6,30,30,26.7,0.6,0|2|0|1|0,07/12|07/10|07/06|07/03|07/02,0.9,0|2|0|1|0|0|0|3|3|0,07/12|07/10|07/06|07/03|07/02|07/01|06/28|06/26|06/23|06/22,0.67,0|2|0|1|0|0|0|3|3|0|0|0|0|1|0,07/12|07/10|07/06|07/03|07/02|07/01|06/28|06/26|06/23|06/22|06/21|06/20|06/19|06/17|06/16,38.4,19.5,10.2,5.4,3.0,1.6,0.9,1.22,23.6
2026-07-23,San Diego Padres @ Atlanta Braves,Truist Park,1.008,1.008,86.3,56.0,8.9,SW,236.0,3.0,Clear,3.6,5.2,57.8,B,92.0,San Diego Padres,Freddy Fermin,Chris Sale,0.0,0,0,3.2,0.85,0.47,0.17,0.18,0.82,0.0,0.0,2.0,0.7,57.7,40,50,17.5,0.6,1|0|1|1|0,07/20|07/19|07/18|07/02|07/01,0.6,1|0|1|1|0|2|1|0|0|0,07/20|07/19|07/18|07/02|07/01|06/30|06/29|06/28|06/27|06/24,1.13,1|0|1|1|0|2|1|0|0|0|0|0|0|5|6,07/20|07/19|07/18|07/02|07/01|06/30|06/29|06/28|06/27|06/24|06/13|06/12|06/09|06/08|06/07,42.3,19.7,9.8,4.9,2.3,1.3,0.7,1.04,20.2
2026-07-23,Arizona Diamondbacks @ St. Louis Cardinals,Busch Stadium,0.995,1.005,83.5,37.0,4.5,N,9.0,2.0,Overcast,2.5,3.6,55.5,C,92.0,St. Louis Cardinals,Pedro Pagés,Brandon Pfaadt,0.143,1,7,3.2,1.08,0.53,0.2,0.14,0.91,1.0,0.0,2.0,1.13,47.9,40,49,32.5,0.4,0|0|0|2|0,07/18|07/10|07/08|07/06|07/04,0.4,0|0|0|2|0|0|1|1|0|0,07/18|07/10|07/08|07/06|07/04|07/03|07/02|06/28|06/24|06/23,0.67,0|0|0|2|0|0|1|1|0|0|1|0|5|0|0,07/18|07/10|07/08|07/06|07/04|07/03|07/02|06/28|06/24|06/23|06/18|06/17|06/13|06/06|05/31,52.1,21.7,9.3,4.2,1.8,0.8,0.3,0.95,24.2
2026-07-23,Minnesota Twins @ Cleveland Guardians,Progressive Field,0.995,1.002,74.1,46.0,8.3,NNW,327.0,0.0,Clear,1.0,1.4,52.1,C,92.0,Cleveland Guardians,David Fry,Taj Bradley,0.0,0,1,3.2,0.95,0.37,0.25,0.26,0.64,0.0,0.0,2.0,0.7,68.1,40,65,12.5,0.0,0|0|0|0|0,07/21|07/20|07/18|07/09|07/08,0.3,0|0|0|0|0|0|0|0|0|3,07/21|07/20|07/18|07/09|07/08|07/07|07/05|07/04|07/03|07/02,0.6,0|0|0|0|0|0|0|0|0|3|5|0|1|0|0,07/21|07/20|07/18|07/09|07/08|07/07|07/05|07/04|07/03|07/02|07/01|06/30|06/29|06/28|06/26,31.9,15.8,7.8,4.0,2.0,1.1,0.5,1.12,17.7
2026-07-23,San Diego Padres @ Atlanta Braves,Truist Park,1.008,1.008,86.3,56.0,8.9,SW,236.0,3.0,Clear,3.6,5.2,57.8,B,92.0,San Diego Padres,Jase Bowen,Chris Sale,0.0,0,0,3.2,0.85,0.33,0.19,0.15,0.56,0.0,0.0,2.0,0.7,68.0,20,20,20.0,1.6,0|6|0|2|0,07/22|07/19|07/10|07/08|07/07,1.0,0|6|0|2|0|0|0|0|0|2,07/22|07/19|07/10|07/08|07/07|07/06|07/01|06/30|06/27|06/24,0.67,0|6|0|2|0|0|0|0|0|2|0|0|0|0|0,07/22|07/19|07/10|07/08|07/07|07/06|07/01|06/30|06/27|06/24|06/22|06/20|06/14|06/13|06/09,32.0,13.6,5.9,2.7,1.3,0.6,0.3,0.87,16.9
