Game,Away,Home,Stadium,Period,Target Local,Forecast Run UTC,Forecast Run PT,NWS Forecast Updated,Forecast Age Minutes,Hours Until Game,Models Available,Temperature Model Spread F,Wind Model Spread MPH,Precip Model Spread Pct,Wind Direction Spread Degrees,Wind Toward CF Spread MPH,Probability Wind Blowing Out %,Probability Wind Blowing In %,Exact-Time Interpolation,Interpolation Lower Time,Interpolation Upper Time,Interpolation Fraction,Ensemble Disagreement Score,Weather Confidence %,Confidence-Adjusted HR Score,Park Wind Exposure,Park Temperature Offset F,Park Carry Bias,Microclimate Adjustment,Conditions,Temp F,Feels Like F,Dew Point F,RH %,Surface Pressure hPa,Sea Level Pressure hPa,Cloud Cover %,Precip %,Precip Inches,Visibility Miles,CAPE J/kg,Forecast Wind MPH,Field Wind MPH,Wind MPH,Forecast Wind Gust MPH,Field Wind Gust MPH,Wind Gust MPH,Wind Gust Excess MPH,Wind From,Wind From Degrees,Wind Classification,Dominant Wind Sector,Wind Direction Confidence %,Wind Sector Confidence %,NWS Wind Blend Weight %,Model Wind Blend Weight %,Wind Vector Cancellation %,Forecast Wind Toward CF MPH,Forecast Wind Toward LF MPH,Forecast Wind Toward RF MPH,Forecast Crosswind MPH,Field Raw Wind Toward CF MPH,Field Raw Wind Toward LF MPH,Field Raw Wind Toward RF MPH,Raw Wind Toward CF MPH,Raw Wind Toward LF MPH,Raw Wind Toward RF MPH,Wind Toward CF MPH,Wind Toward LF MPH,Wind Toward RF MPH,Crosswind MPH,Effective Carry Wind MPH,Effective Wind Vector MPH,Crosswind Suppression Multiplier,Park Swirl Uncertainty MPH,LF Shield Multiplier,CF Shield Multiplier,RF Shield Multiplier,Park Swirl Factor,Air Density kg/m3,Air Density Class,Density Altitude Ft,Roof Status,Roof Basis,HR Carry Score,Atmospheric Carry Points,Wind Carry Points,Gust Carry Points,Precip Carry Penalty Points,Carry Multiplier,LHB Carry Score,RHB Carry Score,XBH Score,Run Environment Score,Pitching Comfort Score,Delay Risk Score,Delay Risk,Forecast Uncertainty Score,Forecast Uncertainty,NWS Temp F,Model Temp F,NWS Wind MPH,Model Wind MPH
Cincinnati Reds @ Washington Nationals,Cincinnati Reds,Washington Nationals,Nationals Park,First Pitch,12:15 PM EDT,2026-08-09 03:09:31 UTC,2026-08-08 08:09:31 PM PDT,2026-08-09T02:53:22+00:00,16.2,13.1,5,0.88,0.51,2.49,12.9,0.4,56.2,0.0,YES,2026-08-09T12:00,2026-08-09T13:00,0.25,5.9,94.8,57.5,0.96,0.4,0.5,0.5,Mostly clear,90.2,98.2,70.3,53.4,1013.2,1017.1,67.9,1.6,0.0,72.5,1267.0,6.6,6.4,6.4,12.6,12.1,12.1,5.7,WNW,302.0,CROSS LF → RF,CROSS LF → RF,90.9,90.9,41.0,59.0,1.9,-0.4,-4.1,3.5,6.6,-0.3,-3.9,3.4,-0.4,-4.1,3.5,-0.3,-3.4,3.1,6.2,-0.1,-0.1,0.35,0.6,0.92,1.01,0.96,0.1,1.1445,LIGHT,2061.0,OPEN,OPEN-AIR PARK,57.9,7.6,-0.3,0.0,0.0,1.019,60.7,54.9,57.6,54.5,48.0,12.9,LOW,4.6,LOW,89.0,90.3,7.0,6.6
Cincinnati Reds @ Washington Nationals,Cincinnati Reds,Washington Nationals,Nationals Park,+1 Hour,01:15 PM EDT,2026-08-09 03:09:31 UTC,2026-08-08 08:09:31 PM PDT,2026-08-09T02:53:22+00:00,16.2,14.1,5,1.0,0.64,0.84,16.0,0.8,56.2,0.0,YES,2026-08-09T13:00,2026-08-09T14:00,0.25,6.2,94.6,61.4,0.96,0.4,0.5,0.5,Partly cloudy,92.1,99.5,69.0,48.4,1012.9,1016.8,62.1,1.2,0.0,79.9,1110.0,6.5,6.3,6.3,12.2,11.7,11.7,5.4,W,279.2,CROSS LF → RF,CROSS LF → RF,88.4,88.4,41.0,59.0,1.0,2.2,-1.7,5.3,6.2,2.1,-1.7,5.1,2.2,-1.7,5.3,2.0,-1.4,4.7,5.8,1.1,1.1,0.6,0.6,0.92,1.01,0.96,0.1,1.1408,LIGHT,2195.0,OPEN,OPEN-AIR PARK,62.1,8.0,2.7,0.9,0.0,1.029,65.3,59.8,59.2,55.2,47.1,11.8,LOW,4.8,LOW,91.0,92.1,7.0,6.3
Cincinnati Reds @ Washington Nationals,Cincinnati Reds,Washington Nationals,Nationals Park,+2 Hours,02:15 PM EDT,2026-08-09 03:09:31 UTC,2026-08-08 08:09:31 PM PDT,2026-08-09T02:53:22+00:00,16.2,15.1,5,1.21,0.81,0.57,17.9,1.6,56.2,0.0,YES,2026-08-09T14:00,2026-08-09T15:00,0.25,7.5,93.6,62.1,0.96,0.4,0.5,0.5,Clear,93.3,99.6,67.3,44.3,1012.4,1016.3,23.6,2.4,0.0,92.5,790.0,6.6,6.4,6.4,12.2,11.7,11.7,5.3,W,274.4,OUT TO RF,OUT TO RF,85.3,85.3,41.0,59.0,0.2,2.8,-1.2,5.7,6.0,2.6,-1.2,5.5,2.8,-1.2,5.7,2.5,-1.0,5.0,5.7,1.4,1.4,0.6,0.6,0.92,1.01,0.96,0.1,1.1383,LIGHT,2292.0,OPEN,OPEN-AIR PARK,62.9,8.2,3.4,0.9,0.0,1.031,66.2,60.8,59.6,55.4,47.3,9.2,LOW,5.5,LOW,92.0,93.5,7.0,6.4
Cincinnati Reds @ Washington Nationals,Cincinnati Reds,Washington Nationals,Nationals Park,+3 Hours,03:15 PM EDT,2026-08-09 03:09:31 UTC,2026-08-08 08:09:31 PM PDT,2026-08-09T02:53:22+00:00,16.2,16.1,5,1.29,1.44,0.71,25.3,2.6,56.2,0.0,YES,2026-08-09T15:00,2026-08-09T16:00,0.25,9.7,93.2,66.2,0.96,0.4,0.5,0.5,Clear,94.2,99.3,66.0,41.3,1011.9,1015.9,30.9,2.4,0.0,101.5,577.0,6.9,6.6,6.6,13.2,12.7,12.7,6.1,W,266.1,OUT TO RF,OUT TO RF,78.2,78.2,37.0,63.0,0.1,3.7,-0.3,6.4,5.8,3.6,-0.2,6.1,3.7,-0.3,6.4,3.4,-0.2,5.5,5.4,3.1,3.1,1.0,0.7,0.92,1.01,0.96,0.1,1.1364,LIGHT,2367.0,OPEN,OPEN-AIR PARK,67.4,8.4,7.5,1.0,0.0,1.042,69.7,64.5,60.2,56.3,47.5,7.1,LOW,4.5,LOW,93.0,94.4,7.0,6.8
Athletics @ Boston Red Sox,Athletics,Boston Red Sox,Fenway Park,First Pitch,01:35 PM EDT,2026-08-09 03:09:32 UTC,2026-08-08 08:09:32 PM PDT,2026-08-08T22:22:38+00:00,286.9,14.4,5,0.21,1.92,13.82,7.6,1.4,100.0,0.0,YES,2026-08-09T13:00,2026-08-09T14:00,0.5833,11.4,91.3,71.8,0.88,0.5,0.8,0.6,Clear,90.3,93.4,66.8,47.1,1010.2,1012.4,23.1,7.2,0.0,74.8,1079.0,11.3,9.9,9.9,23.0,20.3,20.3,10.3,W,263.9,OUT TO RCF,OUT TO RCF,91.5,91.5,41.0,59.0,0.3,8.7,3.0,11.2,7.2,7.6,2.6,9.9,8.7,3.0,11.2,6.3,1.9,7.6,6.1,5.6,5.6,1.0,1.4,0.78,0.9,0.83,0.14,1.1421,LIGHT,2169.0,OPEN,OPEN-AIR PARK,73.9,7.9,13.8,1.7,0.0,1.057,75.7,70.5,61.7,56.8,46.8,14.8,LOW,6.4,LOW,90.0,89.7,10.0,12.2
Athletics @ Boston Red Sox,Athletics,Boston Red Sox,Fenway Park,+1 Hour,02:35 PM EDT,2026-08-09 03:09:32 UTC,2026-08-08 08:09:32 PM PDT,2026-08-08T22:22:38+00:00,286.9,15.4,5,0.3,2.08,15.23,5.6,1.3,100.0,0.0,YES,2026-08-09T14:00,2026-08-09T15:00,0.5833,12.8,92.0,72.7,0.88,0.5,0.8,0.6,Clear,91.1,93.0,64.8,42.6,1010.0,1012.2,17.3,7.5,0.0,82.4,798.0,12.3,10.9,10.9,23.0,20.2,20.2,9.4,W,266.2,OUT TO RF,OUT TO RF,93.0,93.0,41.0,59.0,0.1,9.2,2.8,12.2,8.3,8.1,2.4,10.8,9.2,2.8,12.2,6.7,1.8,8.3,7.0,5.9,5.9,1.0,1.5,0.78,0.9,0.83,0.14,1.141,LIGHT,2226.0,OPEN,OPEN-AIR PARK,74.6,8.0,14.5,1.5,0.0,1.059,76.7,70.9,62.5,56.9,47.7,12.1,LOW,4.1,LOW,91.0,90.2,12.0,12.6
Athletics @ Boston Red Sox,Athletics,Boston Red Sox,Fenway Park,+2 Hours,03:35 PM EDT,2026-08-09 03:09:32 UTC,2026-08-08 08:09:32 PM PDT,2026-08-08T22:22:38+00:00,286.9,16.4,5,0.33,2.27,13.27,4.9,1.3,100.0,0.0,YES,2026-08-09T15:00,2026-08-09T16:00,0.5833,12.8,91.6,72.3,0.88,0.5,0.8,0.6,Clear,91.0,90.9,62.6,40.0,1009.9,1012.1,12.7,6.2,0.0,93.2,390.0,12.5,11.0,11.0,23.2,20.5,20.5,9.5,W,268.3,OUT TO RF,OUT TO RF,93.4,93.4,41.0,59.0,0.0,9.0,2.4,12.3,8.7,7.9,2.1,10.9,9.0,2.4,12.3,6.6,1.5,8.3,7.4,5.8,5.8,1.0,1.5,0.78,0.9,0.83,0.14,1.1417,LIGHT,2225.0,OPEN,OPEN-AIR PARK,74.3,7.9,14.3,1.5,0.0,1.058,76.5,70.4,62.5,56.7,47.5,7.3,LOW,4.8,LOW,91.0,90.2,12.0,12.9
Athletics @ Boston Red Sox,Athletics,Boston Red Sox,Fenway Park,+3 Hours,04:35 PM EDT,2026-08-09 03:09:32 UTC,2026-08-08 08:09:32 PM PDT,2026-08-08T22:22:38+00:00,286.9,17.4,5,0.28,2.34,10.1,5.3,1.3,100.0,0.0,YES,2026-08-09T16:00,2026-08-09T17:00,0.5833,11.7,89.4,70.4,0.88,0.5,0.8,0.6,Clear,90.6,87.5,59.8,36.7,1009.9,1012.1,6.4,4.1,0.0,105.7,82.0,11.5,10.1,10.1,23.2,20.4,20.4,10.3,W,269.5,OUT TO RF,OUT TO RF,93.2,93.2,41.0,59.0,0.0,8.1,1.9,11.3,8.2,7.1,1.7,10.0,8.1,1.9,11.3,5.9,1.2,7.6,7.0,5.2,5.2,1.0,1.4,0.78,0.9,0.83,0.14,1.1434,LIGHT,2196.0,OPEN,OPEN-AIR PARK,72.8,7.8,12.9,1.6,0.0,1.055,75.0,69.2,61.8,56.1,48.0,3.1,LOW,9.8,LOW,91.0,89.4,10.0,12.6
New York Mets @ Pittsburgh Pirates,New York Mets,Pittsburgh Pirates,PNC Park,First Pitch,01:35 PM EDT,2026-08-09 03:09:33 UTC,2026-08-08 08:09:33 PM PDT,2026-08-08T22:06:53+00:00,302.7,14.4,5,0.97,0.19,0.0,11.2,0.5,100.0,0.0,YES,2026-08-09T13:00,2026-08-09T14:00,0.5833,4.4,96.6,68.8,0.92,0.2,0.2,0.2,Clear,85.1,90.4,61.0,46.5,986.6,1017.2,0.2,0.0,0.0,97.5,9.0,5.7,5.2,5.2,12.2,11.2,11.2,6.0,W,267.3,OUT TO LCF,OUT TO LCF,92.3,92.3,41.0,59.0,0.1,4.9,5.6,2.5,-2.8,4.5,5.2,2.3,4.9,5.6,2.5,4.2,4.3,2.0,-2.5,3.7,3.7,1.0,0.6,0.88,0.98,0.93,0.12,1.1276,LIGHT,2632.0,OPEN,OPEN-AIR PARK,69.5,9.3,9.0,1.0,0.0,1.047,67.9,70.0,59.2,54.5,58.4,0.1,LOW,2.6,LOW,85.0,84.8,6.0,5.4
New York Mets @ Pittsburgh Pirates,New York Mets,Pittsburgh Pirates,PNC Park,+1 Hour,02:35 PM EDT,2026-08-09 03:09:33 UTC,2026-08-08 08:09:33 PM PDT,2026-08-08T22:06:53+00:00,302.7,15.4,5,1.75,0.6,0.25,11.4,1.1,100.0,0.0,YES,2026-08-09T14:00,2026-08-09T15:00,0.5833,8.9,94.0,69.1,0.92,0.2,0.2,0.2,Clear,86.9,91.8,59.4,42.1,986.3,1016.8,0.0,0.1,0.0,113.9,6.0,6.0,5.5,5.5,13.3,12.2,12.2,6.7,W,266.2,OUT TO LCF,OUT TO LCF,90.4,90.4,41.0,59.0,0.2,5.2,6.0,2.5,-3.0,4.8,5.5,2.3,5.2,6.0,2.5,4.4,4.5,2.0,-2.7,3.9,3.9,1.0,0.7,0.88,0.98,0.93,0.12,1.1241,LIGHT,2758.0,OPEN,OPEN-AIR PARK,70.3,9.6,9.5,1.1,0.0,1.049,68.6,70.9,59.6,54.8,56.5,0.1,LOW,3.6,LOW,86.0,87.1,6.0,6.0
New York Mets @ Pittsburgh Pirates,New York Mets,Pittsburgh Pirates,PNC Park,+2 Hours,03:35 PM EDT,2026-08-09 03:09:33 UTC,2026-08-08 08:09:33 PM PDT,2026-08-08T22:06:53+00:00,302.7,16.4,5,1.81,0.79,0.69,13.4,1.3,100.0,0.0,YES,2026-08-09T15:00,2026-08-09T16:00,0.5833,9.8,92.6,69.7,0.92,0.2,0.2,0.2,Clear,87.8,91.4,58.8,40.4,986.0,1016.5,0.0,0.2,0.0,122.0,17.0,6.5,6.0,6.0,13.7,12.6,12.6,6.6,W,266.5,OUT TO LCF,OUT TO LCF,88.7,88.7,41.0,59.0,0.2,5.6,6.5,2.7,-3.3,5.2,5.9,2.5,5.6,6.5,2.7,4.7,4.9,2.2,-2.9,4.2,4.2,1.0,0.7,0.88,0.98,0.93,0.12,1.1219,LIGHT,2833.0,OPEN,OPEN-AIR PARK,71.3,9.8,10.3,1.1,0.0,1.051,69.5,71.9,60.0,55.0,55.4,0.3,LOW,5.3,LOW,87.0,88.1,7.0,6.1
New York Mets @ Pittsburgh Pirates,New York Mets,Pittsburgh Pirates,PNC Park,+3 Hours,04:35 PM EDT,2026-08-09 03:09:33 UTC,2026-08-08 08:09:33 PM PDT,2026-08-08T22:06:53+00:00,302.7,17.4,5,1.77,1.4,0.87,15.7,1.7,100.0,0.0,YES,2026-08-09T16:00,2026-08-09T17:00,0.5833,11.6,91.0,69.9,0.92,0.2,0.2,0.2,Clear,87.5,89.8,58.9,40.8,985.6,1016.1,0.0,0.3,0.0,120.7,38.0,6.8,6.2,6.2,13.5,12.4,12.4,6.2,W,267.6,OUT TO LCF,OUT TO LCF,86.2,86.2,41.0,59.0,0.1,5.9,6.7,3.0,-3.3,5.5,6.2,2.7,5.9,6.7,3.0,5.0,5.1,2.4,-2.9,4.4,4.4,1.0,0.7,0.88,0.98,0.93,0.12,1.1221,LIGHT,2826.0,OPEN,OPEN-AIR PARK,71.8,9.8,10.9,1.0,0.0,1.052,70.0,72.4,60.2,55.1,55.7,0.5,LOW,6.8,LOW,86.0,88.3,7.0,6.6
Toronto Blue Jays @ Philadelphia Phillies,Toronto Blue Jays,Philadelphia Phillies,Citizens Bank Park,First Pitch,01:35 PM EDT,2026-08-09 03:09:34 UTC,2026-08-08 08:09:34 PM PDT,2026-08-08T22:10:14+00:00,299.3,14.4,5,2.12,1.24,0.72,19.4,1.9,56.2,18.8,YES,2026-08-09T13:00,2026-08-09T14:00,0.5833,12.4,90.9,59.5,0.98,0.7,1.6,1.6,Code 13,91.4,97.8,68.8,49.1,1013.5,1015.8,28.3,0.3,0.001,83.2,1213.0,6.3,6.2,6.2,13.7,13.4,13.4,7.2,W,268.0,CROSS LF → RF,CROSS LF → RF,83.6,83.6,37.0,63.0,0.0,1.3,-2.5,4.6,6.2,1.3,-2.4,4.5,1.3,-2.5,4.6,1.3,-2.2,4.2,5.9,0.4,0.4,0.35,0.6,0.94,1.03,0.98,0.09,1.1429,LIGHT,2132.0,OPEN,OPEN-AIR PARK,60.4,7.8,1.0,0.0,0.0,1.025,63.8,58.1,58.7,54.8,48.0,12.6,LOW,6.3,LOW,91.0,90.5,5.0,7.1
Toronto Blue Jays @ Philadelphia Phillies,Toronto Blue Jays,Philadelphia Phillies,Citizens Bank Park,+1 Hour,02:35 PM EDT,2026-08-09 03:09:34 UTC,2026-08-08 08:09:34 PM PDT,2026-08-08T22:10:14+00:00,299.3,15.4,5,2.49,1.46,0.87,18.9,2.0,56.2,0.0,YES,2026-08-09T14:00,2026-08-09T15:00,0.5833,14.6,89.3,59.6,0.98,0.7,1.6,1.6,Code 13,92.1,98.3,67.6,46.6,1013.2,1015.5,29.6,0.8,0.001,93.9,910.0,6.6,6.4,6.4,13.7,13.5,13.5,7.0,W,265.9,CROSS LF → RF,CROSS LF → RF,83.6,83.6,37.0,63.0,0.1,1.6,-2.3,5.0,6.4,1.6,-2.3,4.9,1.6,-2.3,5.0,1.5,-2.0,4.5,6.1,0.5,0.5,0.35,0.6,0.94,1.03,0.98,0.09,1.1416,LIGHT,2185.0,OPEN,OPEN-AIR PARK,60.7,7.9,1.2,0.0,0.0,1.026,64.4,58.4,59.1,54.8,48.4,9.9,LOW,7.5,LOW,91.0,91.6,5.0,7.5
Toronto Blue Jays @ Philadelphia Phillies,Toronto Blue Jays,Philadelphia Phillies,Citizens Bank Park,+2 Hours,03:35 PM EDT,2026-08-09 03:09:34 UTC,2026-08-08 08:09:34 PM PDT,2026-08-08T22:10:14+00:00,299.3,16.4,5,2.53,1.68,0.87,18.6,2.0,56.2,0.0,YES,2026-08-09T15:00,2026-08-09T16:00,0.5833,15.5,89.1,59.7,0.98,0.7,1.6,1.6,Code 13,92.7,97.5,66.2,43.8,1013.0,1015.2,24.5,0.8,0.001,101.6,637.0,6.8,6.6,6.6,14.2,13.9,13.9,7.3,W,266.2,CROSS LF → RF,CROSS LF → RF,83.7,83.7,37.0,63.0,0.1,1.6,-2.4,5.1,6.6,1.6,-2.4,5.0,1.6,-2.4,5.1,1.6,-2.1,4.6,6.3,0.5,0.5,0.35,0.6,0.94,1.03,0.98,0.09,1.1404,LIGHT,2237.0,OPEN,OPEN-AIR PARK,60.9,8.0,1.2,0.0,0.0,1.026,64.6,58.5,59.3,54.9,48.9,7.2,LOW,7.1,LOW,92.0,92.1,5.0,7.8
Toronto Blue Jays @ Philadelphia Phillies,Toronto Blue Jays,Philadelphia Phillies,Citizens Bank Park,+3 Hours,04:35 PM EDT,2026-08-09 03:09:34 UTC,2026-08-08 08:09:34 PM PDT,2026-08-08T22:10:14+00:00,299.3,17.4,5,2.49,2.09,0.87,16.8,1.7,56.2,25.0,YES,2026-08-09T16:00,2026-08-09T17:00,0.5833,16.5,87.1,59.1,0.98,0.7,1.6,1.6,Code 12,92.3,94.2,64.5,42.4,1012.8,1015.0,16.0,0.8,0.001,115.8,409.0,7.0,6.9,6.9,14.8,14.5,14.5,7.6,W,269.6,CROSS LF → RF,CROSS LF → RF,85.7,85.7,37.0,63.0,0.0,1.3,-2.9,5.0,6.9,1.3,-2.9,4.9,1.3,-2.9,5.0,1.2,-2.6,4.6,6.6,0.4,0.4,0.35,0.6,0.94,1.03,0.98,0.09,1.1417,LIGHT,2212.0,OPEN,OPEN-AIR PARK,60.5,7.9,1.0,0.0,0.0,1.025,64.2,57.8,59.2,54.6,50.5,4.9,LOW,9.9,LOW,91.0,92.0,5.0,8.2
Atlanta Braves @ New York Yankees,Atlanta Braves,New York Yankees,Yankee Stadium,First Pitch,01:35 PM EDT,2026-08-09 03:09:36 UTC,2026-08-08 08:09:36 PM PDT,2026-08-09T00:54:37+00:00,135.0,14.4,5,1.36,1.41,4.72,11.1,1.9,100.0,0.0,YES,2026-08-09T13:00,2026-08-09T14:00,0.5833,11.3,93.6,72.6,0.92,0.5,1.2,0.9,Clear,91.4,97.5,66.0,43.8,1012.2,1014.8,21.7,3.5,0.0,81.6,874.0,8.6,7.9,7.9,16.1,14.8,14.8,6.9,WNW,281.5,OUT TO RCF,OUT TO RCF,87.5,87.5,41.0,59.0,1.5,7.8,4.2,8.5,3.8,7.1,3.9,7.8,7.8,4.2,8.5,6.5,3.2,7.0,3.4,5.8,5.8,1.0,1.0,0.88,0.97,0.95,0.12,1.1425,LIGHT,2171.0,OPEN,OPEN-AIR PARK,74.2,7.8,14.3,1.1,0.0,1.058,75.2,71.8,61.0,57.0,50.6,10.6,LOW,2.5,LOW,91.0,90.8,9.0,8.6
Atlanta Braves @ New York Yankees,Atlanta Braves,New York Yankees,Yankee Stadium,+1 Hour,02:35 PM EDT,2026-08-09 03:09:36 UTC,2026-08-08 08:09:36 PM PDT,2026-08-09T00:54:37+00:00,135.0,15.4,5,1.32,1.73,4.69,9.4,2.0,100.0,0.0,YES,2026-08-09T14:00,2026-08-09T15:00,0.5833,12.1,93.0,72.8,0.92,0.5,1.2,0.9,Clear,91.9,96.7,63.9,40.3,1012.0,1014.5,18.2,3.3,0.0,94.9,424.0,8.9,8.2,8.2,16.0,14.7,14.7,6.6,WNW,281.9,OUT TO RCF,OUT TO RCF,88.2,88.2,41.0,59.0,1.5,8.0,4.3,8.8,3.9,7.3,3.9,8.1,8.0,4.3,8.8,6.6,3.2,7.2,3.5,6.0,6.0,1.0,1.0,0.88,0.97,0.95,0.12,1.1417,LIGHT,2218.0,OPEN,OPEN-AIR PARK,74.5,7.9,14.7,1.0,0.0,1.059,75.6,72.1,61.2,57.0,50.9,6.1,LOW,2.9,LOW,91.0,91.8,9.0,9.0
Atlanta Braves @ New York Yankees,Atlanta Braves,New York Yankees,Yankee Stadium,+2 Hours,03:35 PM EDT,2026-08-09 03:09:36 UTC,2026-08-08 08:09:36 PM PDT,2026-08-09T00:54:37+00:00,135.0,16.4,5,1.11,1.89,3.07,3.2,1.2,100.0,0.0,YES,2026-08-09T15:00,2026-08-09T16:00,0.5833,11.2,93.8,72.7,0.92,0.5,1.2,0.9,Clear,92.6,94.9,62.3,37.2,1011.8,1014.4,18.1,3.2,0.0,104.0,188.0,9.0,8.3,8.3,15.9,14.7,14.7,6.4,WNW,286.5,OUT TO RCF,OUT TO RCF,93.8,93.8,33.0,67.0,2.0,7.7,3.7,9.0,4.6,7.1,3.4,8.2,7.7,3.7,9.0,6.4,2.8,7.3,4.1,5.8,5.8,1.0,1.0,0.88,0.97,0.95,0.12,1.1407,LIGHT,2264.0,OPEN,OPEN-AIR PARK,74.1,8.0,14.2,1.0,0.0,1.058,75.5,71.4,61.4,56.9,50.2,3.6,LOW,2.1,LOW,92.0,92.1,9.0,9.2
Atlanta Braves @ New York Yankees,Atlanta Braves,New York Yankees,Yankee Stadium,+3 Hours,04:35 PM EDT,2026-08-09 03:09:36 UTC,2026-08-08 08:09:36 PM PDT,2026-08-09T00:54:37+00:00,135.0,17.4,5,0.85,1.51,1.41,3.0,1.0,100.0,0.0,YES,2026-08-09T16:00,2026-08-09T17:00,0.5833,8.4,94.1,72.1,0.92,0.5,1.2,0.9,Clear,92.0,93.0,61.3,36.7,1011.7,1014.2,13.4,0.4,0.0,107.8,114.0,8.6,7.9,7.9,15.5,14.2,14.2,6.3,WNW,285.8,OUT TO RCF,OUT TO RCF,94.5,94.5,33.0,67.0,1.9,7.5,3.6,8.6,4.3,6.9,3.3,7.9,7.5,3.6,8.6,6.2,2.7,7.0,3.9,5.6,5.6,1.0,1.0,0.88,0.97,0.95,0.12,1.1419,LIGHT,2233.0,OPEN,OPEN-AIR PARK,73.5,7.9,13.7,1.0,0.0,1.056,74.8,71.0,61.1,56.6,50.8,1.4,LOW,3.9,LOW,91.0,91.9,9.0,8.7
Los Angeles Angels @ Miami Marlins,Los Angeles Angels,Miami Marlins,loanDepot park,First Pitch,01:40 PM EDT,2026-08-09 03:09:37 UTC,2026-08-08 08:09:37 PM PDT,2026-08-09T00:02:16+00:00,187.4,14.5,5,2.02,1.9,28.87,5.6,0.8,0.0,100.0,YES,2026-08-09T13:00,2026-08-09T14:00,0.6667,23.9,85.5,52.7,0.72,0.0,-0.2,-0.2,Code 13,86.9,93.9,77.2,74.1,1018.4,1019.3,26.4,18.0,0.002,41.5,2643.0,11.0,0.0,0.0,19.2,0.0,0.0,0.0,ESE,111.5,IN FROM LF,IN FROM LF,92.9,92.9,33.0,67.0,3.7,-0.0,-0.0,-0.0,0.0,-0.0,-0.0,-0.0,-0.0,-0.0,-0.0,-0.0,-0.0,-0.0,0.0,-0.0,-0.0,1.0,0.0,0.84,0.88,0.85,0.08,1.1896,NEUTRAL,858.0,CLOSED,PROJECTED: TEMPERATURE,53.2,3.4,0.0,0.0,0.0,1.008,53.2,53.2,51.9,49.6,72.8,0.0,NONE (ROOF),6.8,LOW,88.0,86.0,12.0,11.2
Los Angeles Angels @ Miami Marlins,Los Angeles Angels,Miami Marlins,loanDepot park,+1 Hour,02:40 PM EDT,2026-08-09 03:09:37 UTC,2026-08-08 08:09:37 PM PDT,2026-08-09T00:02:16+00:00,187.4,15.5,5,1.33,0.65,28.14,2.2,0.3,0.0,100.0,YES,2026-08-09T14:00,2026-08-09T15:00,0.6667,17.1,88.5,52.8,0.72,0.0,-0.2,-0.2,Code 13,87.4,97.5,77.0,71.5,1017.9,1018.8,18.6,17.6,0.003,43.7,2717.0,10.5,0.0,0.0,17.8,0.0,0.0,0.0,ESE,107.5,IN FROM LF,IN FROM LF,96.7,96.7,33.0,67.0,2.7,-0.0,-0.0,-0.0,0.0,-0.0,-0.0,-0.0,-0.0,-0.0,-0.0,-0.0,-0.0,-0.0,0.0,-0.0,-0.0,1.0,0.0,0.84,0.88,0.85,0.08,1.1896,NEUTRAL,858.0,CLOSED,PROJECTED: TEMPERATURE,53.2,3.4,0.0,0.0,0.0,1.008,53.2,53.2,51.9,49.6,72.8,0.0,NONE (ROOF),6.9,LOW,88.0,87.0,12.0,10.2
Los Angeles Angels @ Miami Marlins,Los Angeles Angels,Miami Marlins,loanDepot park,+2 Hours,03:40 PM EDT,2026-08-09 03:09:37 UTC,2026-08-08 08:09:37 PM PDT,2026-08-09T00:02:16+00:00,187.4,16.5,5,0.78,0.4,24.95,1.9,0.2,0.0,100.0,YES,2026-08-09T15:00,2026-08-09T16:00,0.6667,13.1,90.2,52.9,0.72,0.0,-0.2,-0.2,Code 13,88.6,99.0,77.3,69.9,1017.6,1018.4,24.9,15.0,0.003,42.9,3067.0,9.5,0.0,0.0,17.0,0.0,0.0,0.0,ESE,105.6,IN FROM LF,IN FROM LF,97.5,97.5,33.0,67.0,1.9,-0.0,-0.0,-0.0,0.0,-0.0,-0.0,-0.0,-0.0,-0.0,-0.0,-0.0,-0.0,-0.0,0.0,-0.0,-0.0,1.0,0.0,0.84,0.88,0.85,0.08,1.1896,NEUTRAL,858.0,CLOSED,PROJECTED: TEMPERATURE,53.2,3.4,0.0,0.0,0.0,1.008,53.2,53.2,51.9,49.6,72.8,0.0,NONE (ROOF),7.2,LOW,90.0,87.5,10.0,9.6
Los Angeles Angels @ Miami Marlins,Los Angeles Angels,Miami Marlins,loanDepot park,+3 Hours,04:40 PM EDT,2026-08-09 03:09:37 UTC,2026-08-08 08:09:37 PM PDT,2026-08-09T00:02:16+00:00,187.4,17.5,5,2.19,0.98,21.38,5.8,0.3,0.0,100.0,YES,2026-08-09T16:00,2026-08-09T17:00,0.6667,19.2,85.0,52.7,0.72,0.0,-0.2,-0.2,Code 41,86.8,93.6,76.9,73.0,1017.4,1018.3,57.1,13.9,0.009,34.7,2934.0,8.8,0.0,0.0,16.7,0.0,0.0,0.0,ESE,109.4,IN FROM LF,IN FROM LF,94.5,94.5,33.0,67.0,3.2,-0.0,-0.0,-0.0,0.0,-0.0,-0.0,-0.0,-0.0,-0.0,-0.0,-0.0,-0.0,-0.0,0.0,-0.0,-0.0,1.0,0.0,0.84,0.88,0.85,0.08,1.1896,NEUTRAL,858.0,CLOSED,PROJECTED: TEMPERATURE,53.2,3.4,0.0,0.0,0.0,1.008,53.2,53.2,51.9,49.6,72.8,0.0,NONE (ROOF),11.6,LOW,89.0,85.3,10.0,8.7
Chicago Cubs @ Kansas City Royals,Chicago Cubs,Kansas City Royals,Kauffman Stadium,First Pitch,01:10 PM CDT,2026-08-09 03:09:38 UTC,2026-08-08 08:09:38 PM PDT,2026-08-09T02:57:33+00:00,12.1,15.0,5,0.36,1.25,1.43,3.5,1.4,100.0,0.0,YES,2026-08-09T13:00,2026-08-09T14:00,0.1667,5.7,95.7,89.8,1.03,0.5,0.4,0.4,Partly cloudy,93.8,97.2,70.7,48.7,979.6,1010.2,70.0,0.8,0.0,93.2,2773.0,13.2,13.6,13.6,27.2,28.0,28.0,14.4,SSW,201.1,OUT TO LCF,OUT TO LCF,93.9,93.9,41.0,59.0,0.0,11.9,13.0,6.5,-5.7,12.3,13.4,6.7,11.9,13.0,6.5,12.2,12.7,6.4,-5.8,11.0,11.0,1.0,1.0,0.98,1.03,0.99,0.07,1.0988,VERY LIGHT,3449.0,OPEN,OPEN-AIR PARK,91.6,12.0,26.9,2.3,0.0,1.1,87.4,93.1,68.6,60.1,33.2,14.0,LOW,3.2,LOW,93.0,93.6,13.0,13.4
Chicago Cubs @ Kansas City Royals,Chicago Cubs,Kansas City Royals,Kauffman Stadium,+1 Hour,02:10 PM CDT,2026-08-09 03:09:38 UTC,2026-08-08 08:09:38 PM PDT,2026-08-09T02:57:33+00:00,12.1,16.0,5,1.05,1.85,0.96,4.4,2.0,100.0,0.0,YES,2026-08-09T14:00,2026-08-09T15:00,0.1667,10.1,91.1,90.3,1.03,0.5,0.4,0.4,Mostly clear,96.4,99.6,70.1,44.3,979.1,1009.4,54.6,0.7,0.0,108.7,2836.0,14.0,14.4,14.4,28.2,29.0,29.0,14.6,SSW,203.4,OUT TO LCF,OUT TO LCF,91.6,91.6,41.0,59.0,0.0,12.8,13.7,7.3,-5.5,13.2,14.1,7.6,12.8,13.7,7.3,13.1,13.3,7.2,-5.6,11.8,11.8,1.0,1.0,0.98,1.03,0.99,0.07,1.0933,VERY LIGHT,3639.0,OPEN,OPEN-AIR PARK,94.2,12.5,28.9,2.3,0.0,1.106,90.0,95.5,69.4,60.9,30.1,14.6,LOW,7.9,LOW,95.0,96.6,13.0,14.7
Chicago Cubs @ Kansas City Royals,Chicago Cubs,Kansas City Royals,Kauffman Stadium,+2 Hours,03:10 PM CDT,2026-08-09 03:09:38 UTC,2026-08-08 08:09:38 PM PDT,2026-08-09T02:57:33+00:00,12.1,17.0,5,1.86,2.45,0.41,4.5,2.6,100.0,0.0,YES,2026-08-09T15:00,2026-08-09T16:00,0.1667,14.9,84.9,89.1,1.03,0.5,0.4,0.4,Clear,97.9,100.0,68.5,41.2,978.5,1008.7,26.9,0.4,0.0,130.6,2615.0,14.6,15.1,15.1,28.5,29.4,29.4,14.3,SSW,204.7,OUT TO LCF,OUT TO LCF,89.7,89.7,41.0,59.0,0.0,13.6,14.3,8.0,-5.5,14.0,14.7,8.2,13.6,14.3,8.0,13.8,13.8,7.8,-5.6,12.5,12.5,1.0,1.1,0.98,1.03,0.99,0.07,1.0904,VERY LIGHT,3755.0,OPEN,OPEN-AIR PARK,96.0,12.8,30.6,2.3,0.0,1.11,91.8,97.3,70.1,61.4,29.6,14.7,LOW,15.3,LOW,95.0,99.2,13.0,15.8
Chicago Cubs @ Kansas City Royals,Chicago Cubs,Kansas City Royals,Kauffman Stadium,+3 Hours,04:10 PM CDT,2026-08-09 03:09:38 UTC,2026-08-08 08:09:38 PM PDT,2026-08-09T02:57:33+00:00,12.1,18.0,5,1.91,2.46,0.42,4.6,2.6,100.0,0.0,YES,2026-08-09T16:00,2026-08-09T17:00,0.1667,15.2,86.0,88.9,1.03,0.5,0.4,0.4,Clear,99.1,98.3,66.8,37.9,978.0,1008.1,15.6,0.3,0.0,141.7,2275.0,14.7,15.2,15.2,29.2,30.1,30.1,15.0,SSW,199.1,OUT TO LCF,OUT TO LCF,88.7,88.7,33.0,67.0,2.2,13.0,14.6,6.8,-6.8,13.4,15.0,7.0,13.0,14.6,6.8,13.3,14.2,6.6,-6.9,12.0,12.0,1.0,1.1,0.98,1.03,0.99,0.07,1.088,VERY LIGHT,3853.0,OPEN,OPEN-AIR PARK,95.2,13.0,29.4,2.4,0.0,1.108,90.4,97.2,70.7,61.2,29.3,15.1,LOW,13.1,LOW,97.0,99.7,13.0,16.1
Cleveland Guardians @ Chicago White Sox,Cleveland Guardians,Chicago White Sox,Rate Field,First Pitch,01:10 PM CDT,2026-08-09 03:09:39 UTC,2026-08-08 08:09:39 PM PDT,2026-08-09T02:16:52+00:00,52.8,15.0,5,3.77,3.74,15.11,13.1,0.8,25.0,56.2,YES,2026-08-09T13:00,2026-08-09T14:00,0.1667,31.6,74.7,55.1,1.02,0.2,0.3,0.3,Code 24,82.7,90.5,70.2,67.5,993.1,1013.9,71.4,36.0,0.014,62.5,2093.0,12.2,12.5,12.5,21.0,21.5,21.5,9.0,SSW,208.1,CROSS RF → LF,CROSS RF → LF,90.2,90.2,41.0,59.0,0.5,-1.9,5.4,-8.5,-12.1,-1.9,5.5,-8.6,-1.9,5.4,-8.5,-1.9,4.9,-7.8,-12.0,-0.6,-0.6,0.35,1.2,0.94,1.02,0.96,0.1,1.1372,LIGHT,2249.0,OPEN,OPEN-AIR PARK,56.9,8.3,-1.8,0.0,0.0,1.016,50.3,61.8,60.2,52.9,51.2,37.5,MODERATE,20.2,MEDIUM,82.0,82.8,15.0,10.4
Cleveland Guardians @ Chicago White Sox,Cleveland Guardians,Chicago White Sox,Rate Field,+1 Hour,02:10 PM CDT,2026-08-09 03:09:39 UTC,2026-08-08 08:09:39 PM PDT,2026-08-09T02:16:52+00:00,52.8,16.0,5,3.26,3.26,16.89,6.2,0.2,18.8,0.0,YES,2026-08-09T14:00,2026-08-09T15:00,0.1667,28.7,74.8,52.5,1.02,0.2,0.3,0.3,Code 26,82.6,87.6,70.1,68.4,993.1,1014.0,99.7,40.0,0.051,63.5,2016.0,10.4,10.6,10.6,20.0,20.4,20.4,9.9,SSW,202.7,CROSS RF → LF,CROSS RF → LF,93.2,93.2,33.0,67.0,6.2,-2.6,3.7,-7.9,-10.1,-2.6,3.7,-8.0,-2.6,3.7,-7.9,-2.5,3.3,-7.3,-10.0,-1.4,-1.4,0.6,1.1,0.94,1.02,0.96,0.1,1.1375,LIGHT,2241.0,OPEN,OPEN-AIR PARK,53.3,8.3,-4.1,-1.2,0.0,1.008,48.0,57.5,58.6,52.5,52.2,54.2,ELEVATED,22.3,MEDIUM,82.0,82.6,15.0,9.1
Cleveland Guardians @ Chicago White Sox,Cleveland Guardians,Chicago White Sox,Rate Field,+2 Hours,03:10 PM CDT,2026-08-09 03:09:39 UTC,2026-08-08 08:09:39 PM PDT,2026-08-09T02:16:52+00:00,52.8,17.0,5,1.51,0.76,16.61,15.0,1.6,0.0,81.2,YES,2026-08-09T15:00,2026-08-09T16:00,0.1667,14.1,73.5,42.8,1.02,0.2,0.3,0.3,Code 26,79.7,83.9,72.1,78.0,991.3,1012.4,98.6,42.5,0.052,30.5,2428.0,8.6,8.8,8.8,19.9,20.3,20.3,11.5,S,169.6,CROSS RF → LF,CROSS RF → LF,85.7,85.7,33.0,67.0,2.8,-6.3,-1.8,-8.5,-5.8,-6.5,-1.9,-8.7,-6.3,-1.8,-8.5,-6.2,-1.7,-7.9,-5.8,-5.6,-5.6,1.0,0.9,0.94,1.02,0.96,0.1,1.1408,LIGHT,2109.0,OPEN,OPEN-AIR PARK,40.2,8.0,-16.7,-1.4,0.0,0.976,38.1,43.7,53.5,50.2,53.7,56.0,ELEVATED,36.6,HIGH,82.0,77.6,15.0,5.8
Cleveland Guardians @ Chicago White Sox,Cleveland Guardians,Chicago White Sox,Rate Field,+3 Hours,04:10 PM CDT,2026-08-09 03:09:39 UTC,2026-08-08 08:09:39 PM PDT,2026-08-09T02:16:52+00:00,52.8,18.0,5,2.02,0.88,19.21,21.8,1.8,0.0,25.0,YES,2026-08-09T16:00,2026-08-09T17:00,0.1667,17.4,72.6,47.1,1.02,0.2,0.3,0.3,Code 26,81.8,92.2,73.6,76.4,991.3,1012.2,96.3,38.7,0.043,36.5,3236.0,8.6,8.8,8.8,15.6,15.9,15.9,7.0,S,185.7,CROSS RF → LF,CROSS RF → LF,82.1,82.1,41.0,59.0,1.2,-4.5,0.5,-7.9,-7.4,-4.6,0.6,-8.1,-4.5,0.5,-7.9,-4.4,0.5,-7.3,-7.3,-4.0,-4.0,1.0,0.9,0.94,1.02,0.96,0.1,1.1357,LIGHT,2249.0,OPEN,OPEN-AIR PARK,46.0,8.5,-11.9,-0.8,0.0,0.99,43.0,50.1,55.9,51.5,53.6,50.5,ELEVATED,35.6,HIGH,83.0,80.5,15.0,4.4
Minnesota Twins @ Milwaukee Brewers,Minnesota Twins,Milwaukee Brewers,American Family Field,First Pitch,01:10 PM CDT,2026-08-09 03:09:40 UTC,2026-08-08 08:09:40 PM PDT,2026-08-09T02:46:56+00:00,22.7,15.0,5,2.42,7.29,22.2,18.6,2.6,56.2,0.0,YES,2026-08-09T13:00,2026-08-09T14:00,0.1667,39.3,68.6,52.6,0.82,0.0,0.5,0.5,Code 77,75.4,76.7,70.3,82.5,988.9,1013.2,99.9,44.3,1.835,4.3,1347.0,13.9,0.0,0.0,30.2,0.0,0.0,0.0,SW,231.3,CROSS RF → LF,CROSS RF → LF,81.9,81.9,41.0,59.0,0.3,0.0,0.0,-0.0,-0.0,0.0,0.0,-0.0,0.0,0.0,-0.0,0.0,0.0,-0.0,-0.0,0.0,0.0,1.0,0.0,0.86,0.91,0.88,0.1,1.1896,NEUTRAL,858.0,CLOSED,PROJECTED: WEATHER,53.9,3.4,0.0,0.0,0.0,1.009,53.9,53.9,51.9,49.6,72.8,0.0,NONE (ROOF),25.0,MEDIUM,76.0,74.9,10.0,16.7
Minnesota Twins @ Milwaukee Brewers,Minnesota Twins,Milwaukee Brewers,American Family Field,+1 Hour,02:10 PM CDT,2026-08-09 03:09:40 UTC,2026-08-08 08:09:40 PM PDT,2026-08-09T02:46:56+00:00,22.7,16.0,5,2.11,1.25,24.81,16.0,1.9,0.0,56.2,YES,2026-08-09T14:00,2026-08-09T15:00,0.1667,20.9,80.9,53.1,0.82,0.0,0.5,0.5,Code 58,74.0,72.5,68.4,79.8,987.6,1012.0,99.4,44.0,0.027,23.4,614.0,10.4,0.0,0.0,18.9,0.0,0.0,0.0,S,187.3,CROSS RF → LF,CROSS RF → LF,85.3,85.3,41.0,59.0,0.5,-0.0,0.0,-0.0,-0.0,-0.0,0.0,-0.0,-0.0,0.0,-0.0,-0.0,0.0,-0.0,-0.0,0.0,0.0,1.0,0.0,0.86,0.91,0.88,0.1,1.1896,NEUTRAL,858.0,CLOSED,PROJECTED: WEATHER,53.9,3.4,0.0,0.0,0.0,1.009,53.9,53.9,51.9,49.6,72.8,0.0,NONE (ROOF),17.7,LOW,76.0,72.6,10.0,10.7
Minnesota Twins @ Milwaukee Brewers,Minnesota Twins,Milwaukee Brewers,American Family Field,+2 Hours,03:10 PM CDT,2026-08-09 03:09:40 UTC,2026-08-08 08:09:40 PM PDT,2026-08-09T02:46:56+00:00,22.7,17.0,5,3.04,2.35,28.78,34.4,1.1,56.2,0.0,YES,2026-08-09T15:00,2026-08-09T16:00,0.1667,29.3,74.5,52.9,0.82,0.0,0.5,0.5,Code 15,74.8,76.0,69.0,82.3,987.5,1011.9,98.7,45.4,0.005,32.2,781.0,5.9,0.0,0.0,15.4,0.0,0.0,0.0,SW,215.2,CROSS RF → LF,CROSS RF → LF,71.8,71.8,29.0,71.0,13.2,-0.0,0.0,-0.0,-0.0,-0.0,0.0,-0.0,-0.0,0.0,-0.0,-0.0,0.0,-0.0,-0.0,0.0,0.0,1.0,0.0,0.86,0.91,0.88,0.1,1.1896,NEUTRAL,858.0,CLOSED,PROJECTED: WEATHER,53.9,3.4,0.0,0.0,0.0,1.009,53.9,53.9,51.9,49.6,72.8,0.0,NONE (ROOF),22.4,MEDIUM,76.0,74.0,10.0,5.5
Minnesota Twins @ Milwaukee Brewers,Minnesota Twins,Milwaukee Brewers,American Family Field,+3 Hours,04:10 PM CDT,2026-08-09 03:09:40 UTC,2026-08-08 08:09:40 PM PDT,2026-08-09T02:46:56+00:00,22.7,18.0,5,3.17,1.11,25.2,21.5,0.7,0.0,56.2,YES,2026-08-09T16:00,2026-08-09T17:00,0.1667,24.8,79.1,53.1,0.82,0.0,0.5,0.5,Code 43,75.3,75.9,69.0,80.9,987.6,1011.9,96.9,38.2,0.017,32.4,985.0,7.8,0.0,0.0,14.6,0.0,0.0,0.0,SSW,195.6,CROSS RF → LF,CROSS RF → LF,84.9,84.9,33.0,67.0,2.6,-0.0,0.0,-0.0,-0.0,-0.0,0.0,-0.0,-0.0,0.0,-0.0,-0.0,0.0,-0.0,-0.0,0.0,0.0,1.0,0.0,0.86,0.91,0.88,0.1,1.1896,NEUTRAL,858.0,CLOSED,PROJECTED: WEATHER,53.9,3.4,0.0,0.0,0.0,1.009,53.9,53.9,51.9,49.6,72.8,0.0,NONE (ROOF),17.7,LOW,76.0,74.9,10.0,7.0
Colorado Rockies @ St. Louis Cardinals,Colorado Rockies,St. Louis Cardinals,Busch Stadium,First Pitch,01:15 PM CDT,2026-08-09 03:09:41 UTC,2026-08-08 08:09:41 PM PDT,2026-08-09T02:41:12+00:00,28.5,15.1,5,1.18,2.49,1.53,12.2,0.8,100.0,0.0,YES,2026-08-09T13:00,2026-08-09T14:00,0.25,12.7,91.1,69.2,0.96,0.4,0.3,0.3,Partly cloudy,91.3,99.1,73.3,57.0,999.3,1014.6,74.2,1.0,0.0,67.3,2882.0,10.5,10.0,10.0,19.2,18.4,18.4,8.4,S,181.0,OUT TO LF,OUT TO LF,90.9,90.9,41.0,59.0,0.0,5.0,9.4,-1.2,-9.2,4.8,9.0,-1.2,5.0,9.4,-1.2,4.6,8.1,-1.1,-8.7,4.1,4.1,1.0,0.8,0.94,1.0,0.95,0.08,1.1254,LIGHT,2602.0,OPEN,OPEN-AIR PARK,71.1,9.5,10.0,1.3,0.0,1.051,66.5,74.7,63.4,56.8,41.4,12.7,LOW,5.8,LOW,90.0,91.5,10.0,10.8
Colorado Rockies @ St. Louis Cardinals,Colorado Rockies,St. Louis Cardinals,Busch Stadium,+1 Hour,02:15 PM CDT,2026-08-09 03:09:41 UTC,2026-08-08 08:09:41 PM PDT,2026-08-09T02:41:12+00:00,28.5,16.1,5,1.12,3.21,1.87,9.9,0.8,100.0,0.0,YES,2026-08-09T14:00,2026-08-09T15:00,0.25,14.7,89.7,69.6,0.96,0.4,0.3,0.3,Partly cloudy,92.8,99.2,73.2,54.2,998.6,1013.8,57.6,1.7,0.001,69.4,2974.0,11.2,10.8,10.8,20.9,20.0,20.0,9.3,S,179.6,OUT TO LF,OUT TO LF,92.2,92.2,41.0,59.0,0.0,5.1,9.9,-1.6,-10.0,4.9,9.5,-1.5,5.1,9.9,-1.6,4.7,8.5,-1.4,-9.4,4.2,4.2,1.0,0.9,0.94,1.0,0.95,0.08,1.1216,LIGHT,2724.0,OPEN,OPEN-AIR PARK,71.8,9.8,10.2,1.5,0.0,1.052,66.8,75.8,64.1,57.1,38.5,13.4,LOW,6.7,LOW,92.0,92.6,10.0,12.1
Colorado Rockies @ St. Louis Cardinals,Colorado Rockies,St. Louis Cardinals,Busch Stadium,+2 Hours,03:15 PM CDT,2026-08-09 03:09:41 UTC,2026-08-08 08:09:41 PM PDT,2026-08-09T02:41:12+00:00,28.5,17.1,5,0.96,3.5,2.12,8.8,1.3,100.0,0.0,YES,2026-08-09T15:00,2026-08-09T16:00,0.25,15.1,91.3,70.5,0.96,0.4,0.3,0.3,Clear,93.4,98.3,73.2,53.0,998.0,1013.2,27.1,1.8,0.0,69.1,3046.0,12.6,12.1,12.1,22.9,22.0,22.0,9.9,S,177.3,OUT TO LF,OUT TO LF,91.2,91.2,41.0,59.0,0.1,5.2,10.9,-2.3,-11.4,5.0,10.4,-2.2,5.2,10.9,-2.3,4.8,9.4,-2.0,-10.8,4.3,4.3,1.0,1.0,0.94,1.0,0.95,0.08,1.1195,LIGHT,2789.0,OPEN,OPEN-AIR PARK,72.5,10.0,10.6,1.6,0.0,1.054,66.8,77.0,65.1,57.2,36.3,13.0,LOW,3.5,LOW,93.0,93.0,12.0,13.0
Colorado Rockies @ St. Louis Cardinals,Colorado Rockies,St. Louis Cardinals,Busch Stadium,+3 Hours,04:15 PM CDT,2026-08-09 03:09:41 UTC,2026-08-08 08:09:41 PM PDT,2026-08-09T02:41:12+00:00,28.5,18.1,5,1.04,3.73,2.12,3.0,2.0,100.0,0.0,YES,2026-08-09T16:00,2026-08-09T17:00,0.25,16.1,90.5,71.8,0.96,0.4,0.3,0.3,Mostly clear,93.2,97.2,72.9,53.0,997.4,1012.6,35.3,1.7,0.005,72.0,2912.0,12.5,12.0,12.0,21.8,20.9,20.9,8.9,S,182.2,OUT TO LF,OUT TO LF,92.3,92.3,41.0,59.0,0.1,6.1,11.2,-1.2,-10.8,5.9,10.8,-1.1,6.1,11.2,-1.2,5.6,9.7,-1.0,-10.2,5.0,5.0,1.0,1.0,0.94,1.0,0.95,0.08,1.1194,LIGHT,2795.0,OPEN,OPEN-AIR PARK,74.1,10.0,12.4,1.4,0.0,1.058,68.6,78.3,65.3,57.5,37.6,15.1,LOW,4.0,LOW,93.0,92.6,13.0,12.1
Baltimore Orioles @ Texas Rangers,Baltimore Orioles,Texas Rangers,Globe Life Field,First Pitch,01:35 PM CDT,2026-08-09 03:09:42 UTC,2026-08-08 08:09:42 PM PDT,2026-08-08T23:12:31+00:00,237.2,15.4,5,0.78,1.04,0.5,2.0,0.3,100.0,0.0,YES,2026-08-09T13:00,2026-08-09T14:00,0.5833,6.4,93.4,53.3,0.74,0.0,0.2,0.2,Clear,97.9,101.9,65.6,34.9,996.0,1015.1,20.1,0.3,0.0,101.0,1147.0,6.6,0.0,0.0,13.8,0.0,0.0,0.0,S,175.8,OUT TO LCF,OUT TO LCF,98.0,98.0,37.0,63.0,0.1,0.0,0.0,0.0,-0.0,0.0,0.0,0.0,0.0,0.0,0.0,0.0,0.0,0.0,-0.0,0.0,0.0,1.0,0.0,0.84,0.89,0.86,0.08,1.1896,NEUTRAL,858.0,CLOSED,PROJECTED: TEMPERATURE,53.6,3.4,0.0,0.0,0.0,1.009,53.6,53.6,51.9,49.6,72.8,0.0,NONE (ROOF),6.8,LOW,98.0,97.8,5.0,7.6
Baltimore Orioles @ Texas Rangers,Baltimore Orioles,Texas Rangers,Globe Life Field,+1 Hour,02:35 PM CDT,2026-08-09 03:09:42 UTC,2026-08-08 08:09:42 PM PDT,2026-08-08T23:12:31+00:00,237.2,16.4,5,0.68,1.21,0.21,2.4,0.3,100.0,0.0,YES,2026-08-09T14:00,2026-08-09T15:00,0.5833,6.5,93.7,53.3,0.74,0.0,0.2,0.2,Clear,99.6,103.4,64.9,32.4,995.3,1014.3,18.1,0.1,0.0,110.7,1035.0,8.9,0.0,0.0,14.5,0.0,0.0,0.0,S,174.8,OUT TO LCF,OUT TO LCF,97.6,97.6,41.0,59.0,0.3,0.0,0.0,0.0,-0.0,0.0,0.0,0.0,0.0,0.0,0.0,0.0,0.0,0.0,-0.0,0.0,0.0,1.0,0.0,0.84,0.89,0.86,0.08,1.1896,NEUTRAL,858.0,CLOSED,PROJECTED: TEMPERATURE,53.6,3.4,0.0,0.0,0.0,1.009,53.6,53.6,51.9,49.6,72.8,0.0,NONE (ROOF),6.2,LOW,100.0,99.3,10.0,8.2
Baltimore Orioles @ Texas Rangers,Baltimore Orioles,Texas Rangers,Globe Life Field,+2 Hours,03:35 PM CDT,2026-08-09 03:09:42 UTC,2026-08-08 08:09:42 PM PDT,2026-08-08T23:12:31+00:00,237.2,17.4,5,0.76,1.01,0.51,3.7,0.7,100.0,0.0,YES,2026-08-09T15:00,2026-08-09T16:00,0.5833,6.2,94.7,53.4,0.74,0.0,0.2,0.2,Clear,100.0,103.3,64.6,31.7,994.6,1013.6,16.4,0.2,0.0,115.7,1031.0,9.1,0.0,0.0,15.0,0.0,0.0,0.0,SSE,164.8,OUT TO LF,OUT TO LF,95.6,95.6,41.0,59.0,0.7,0.0,0.0,0.0,-0.0,0.0,0.0,0.0,0.0,0.0,0.0,0.0,0.0,0.0,-0.0,0.0,0.0,1.0,0.0,0.84,0.89,0.86,0.08,1.1896,NEUTRAL,858.0,CLOSED,PROJECTED: TEMPERATURE,53.6,3.4,0.0,0.0,0.0,1.009,53.6,53.6,51.9,49.6,72.8,0.0,NONE (ROOF),4.6,LOW,100.0,100.1,10.0,8.5
Baltimore Orioles @ Texas Rangers,Baltimore Orioles,Texas Rangers,Globe Life Field,+3 Hours,04:35 PM CDT,2026-08-09 03:09:42 UTC,2026-08-08 08:09:42 PM PDT,2026-08-08T23:12:31+00:00,237.2,18.4,5,0.83,1.1,2.13,4.6,0.8,100.0,0.0,YES,2026-08-09T16:00,2026-08-09T17:00,0.5833,7.4,94.8,53.4,0.74,0.0,0.2,0.2,Clear,100.1,101.8,63.9,30.8,994.1,1013.0,15.3,0.7,0.0,117.7,1014.0,9.5,0.0,0.0,15.9,0.0,0.0,0.0,S,174.2,OUT TO LCF,OUT TO LCF,94.9,94.9,41.0,59.0,0.4,0.0,0.0,0.0,-0.0,0.0,0.0,0.0,0.0,0.0,0.0,0.0,0.0,0.0,-0.0,0.0,0.0,1.0,0.0,0.84,0.89,0.86,0.08,1.1896,NEUTRAL,858.0,CLOSED,PROJECTED: TEMPERATURE,53.6,3.4,0.0,0.0,0.0,1.009,53.6,53.6,51.9,49.6,72.8,0.0,NONE (ROOF),3.4,LOW,100.0,100.2,10.0,9.2
Detroit Tigers @ San Francisco Giants,Detroit Tigers,San Francisco Giants,Oracle Park,First Pitch,01:05 PM PDT,2026-08-09 03:09:43 UTC,2026-08-08 08:09:43 PM PDT,2026-08-08T20:26:17+00:00,403.4,16.9,5,1.18,2.72,0.0,8.3,1.0,100.0,0.0,YES,2026-08-09T13:00,2026-08-09T14:00,0.0833,12.9,88.7,56.0,0.82,-2.5,-2.4,-4.0,Clear,64.8,69.3,55.1,67.6,1011.3,1011.3,13.4,0.0,0.0,64.6,2.0,6.2,5.1,5.1,13.5,11.1,11.1,6.0,WSW,248.2,OUT TO LCF,OUT TO LCF,92.4,92.4,41.0,59.0,0.0,5.9,5.9,3.8,-1.8,4.9,4.8,3.1,5.9,5.9,3.8,3.6,3.1,2.2,-1.4,3.2,3.2,1.0,1.5,0.76,0.88,0.83,0.3,1.2025,NEUTRAL,447.0,OPEN,OPEN-AIR PARK,56.8,2.1,7.7,1.0,0.0,1.016,55.9,56.7,54.1,50.1,69.3,0.0,LOW,10.0,LOW,69.0,66.1,7.0,5.7
Detroit Tigers @ San Francisco Giants,Detroit Tigers,San Francisco Giants,Oracle Park,+1 Hour,02:05 PM PDT,2026-08-09 03:09:43 UTC,2026-08-08 08:09:43 PM PDT,2026-08-08T20:26:17+00:00,403.4,17.9,5,2.21,2.25,0.0,11.6,0.8,100.0,0.0,YES,2026-08-09T14:00,2026-08-09T15:00,0.0833,15.6,88.6,58.3,0.82,-2.5,-2.4,-4.0,Clear,65.9,70.4,55.0,65.7,1011.0,1011.0,14.5,0.0,0.0,77.5,2.0,7.8,6.4,6.4,16.5,13.5,13.5,7.2,WSW,251.1,OUT TO LCF,OUT TO LCF,91.2,91.2,41.0,59.0,0.1,7.5,7.2,5.1,-1.9,6.2,5.9,4.2,7.5,7.2,5.1,4.5,3.8,2.9,-1.4,4.0,4.0,1.0,1.9,0.76,0.88,0.83,0.3,1.1997,NEUTRAL,528.0,OPEN,OPEN-AIR PARK,59.3,2.4,9.8,1.1,0.0,1.022,58.3,59.1,55.0,50.7,70.4,0.0,LOW,7.9,LOW,70.0,67.2,8.0,7.6
Detroit Tigers @ San Francisco Giants,Detroit Tigers,San Francisco Giants,Oracle Park,+2 Hours,03:05 PM PDT,2026-08-09 03:09:43 UTC,2026-08-08 08:09:43 PM PDT,2026-08-08T20:26:17+00:00,403.4,18.9,5,2.19,2.63,0.0,3.9,0.9,100.0,0.0,YES,2026-08-09T15:00,2026-08-09T16:00,0.0833,16.7,86.4,58.8,0.82,-2.5,-2.4,-4.0,Clear,64.9,68.8,54.3,66.1,1010.5,1010.5,11.1,0.0,0.0,77.7,2.0,8.8,7.2,7.2,18.1,14.9,14.9,7.7,WSW,244.6,OUT TO LCF,OUT TO LCF,95.1,95.1,41.0,59.0,0.1,8.2,8.5,5.0,-3.1,6.7,7.0,4.1,8.2,8.5,5.0,5.0,4.4,2.8,-2.3,4.4,4.4,1.0,2.2,0.76,0.88,0.83,0.3,1.2014,NEUTRAL,485.0,OPEN,OPEN-AIR PARK,60.2,2.2,10.7,1.2,0.0,1.024,58.8,60.2,55.4,50.6,69.4,0.0,LOW,11.0,LOW,69.0,66.3,10.0,8.0
Detroit Tigers @ San Francisco Giants,Detroit Tigers,San Francisco Giants,Oracle Park,+3 Hours,04:05 PM PDT,2026-08-09 03:09:43 UTC,2026-08-08 08:09:43 PM PDT,2026-08-08T20:26:17+00:00,403.4,19.9,5,1.67,4.25,0.0,11.8,1.9,43.8,0.0,YES,2026-08-09T16:00,2026-08-09T17:00,0.0833,19.4,82.4,56.9,0.82,-2.5,-2.4,-4.0,Clear,63.6,66.9,54.0,68.0,1009.9,1009.9,7.6,0.0,0.0,70.8,2.0,7.6,6.3,6.3,19.1,15.6,15.6,9.4,WSW,239.3,OUT TO LCF,OUT TO LCF,87.3,87.3,41.0,59.0,1.2,6.9,7.5,3.7,-3.3,5.6,6.2,3.0,6.9,7.5,3.7,4.1,3.9,2.1,-2.5,3.6,3.6,1.0,1.9,0.76,0.88,0.83,0.3,1.2038,NEUTRAL,415.0,OPEN,OPEN-AIR PARK,58.4,2.0,8.9,1.5,0.0,1.02,57.0,58.7,54.8,50.0,67.4,0.0,LOW,16.1,LOW,68.0,64.6,10.0,6.1
Los Angeles Dodgers @ Arizona Diamondbacks,Los Angeles Dodgers,Arizona Diamondbacks,Chase Field,First Pitch,01:10 PM MST,2026-08-09 03:09:45 UTC,2026-08-08 08:09:45 PM PDT,2026-08-08T23:22:02+00:00,227.7,17.0,5,0.26,1.13,0.0,7.9,0.1,0.0,0.0,YES,2026-08-09T13:00,2026-08-09T14:00,0.1667,4.4,95.6,53.6,0.74,0.0,0.4,0.4,Clear,107.6,113.2,61.4,22.6,971.3,1007.8,0.0,0.0,0.0,145.6,1212.0,5.5,0.0,0.0,10.8,0.0,0.0,0.0,W,267.7,CROSS LF → RF,CROSS LF → RF,95.3,95.3,37.0,63.0,0.0,0.0,-0.0,0.0,0.0,0.0,-0.0,0.0,0.0,-0.0,0.0,0.0,-0.0,0.0,0.0,0.0,0.0,1.0,0.0,0.9,0.92,0.9,0.08,1.1896,NEUTRAL,858.0,CLOSED,PROJECTED: TEMPERATURE,53.8,3.4,0.0,0.0,0.0,1.009,53.8,53.8,51.9,49.6,72.8,0.0,NONE (ROOF),4.3,LOW,108.0,107.3,5.0,5.7
Los Angeles Dodgers @ Arizona Diamondbacks,Los Angeles Dodgers,Arizona Diamondbacks,Chase Field,+1 Hour,02:10 PM MST,2026-08-09 03:09:45 UTC,2026-08-08 08:09:45 PM PDT,2026-08-08T23:22:02+00:00,227.7,18.0,5,0.12,1.66,0.0,6.3,0.1,0.0,0.0,YES,2026-08-09T14:00,2026-08-09T15:00,0.1667,5.5,93.4,53.5,0.74,0.0,0.4,0.4,Clear,108.6,113.3,60.3,21.0,970.2,1006.5,0.5,0.8,0.0,153.5,1186.0,6.2,0.0,0.0,12.5,0.0,0.0,0.0,W,267.1,CROSS LF → RF,CROSS LF → RF,96.2,96.2,37.0,63.0,0.1,0.0,-0.0,0.0,0.0,0.0,-0.0,0.0,0.0,-0.0,0.0,0.0,-0.0,0.0,0.0,0.0,0.0,1.0,0.0,0.9,0.92,0.9,0.08,1.1896,NEUTRAL,858.0,CLOSED,PROJECTED: TEMPERATURE,53.8,3.4,0.0,0.0,0.0,1.009,53.8,53.8,51.9,49.6,72.8,0.0,NONE (ROOF),7.4,LOW,108.0,109.1,5.0,6.9
Los Angeles Dodgers @ Arizona Diamondbacks,Los Angeles Dodgers,Arizona Diamondbacks,Chase Field,+2 Hours,03:10 PM MST,2026-08-09 03:09:45 UTC,2026-08-08 08:09:45 PM PDT,2026-08-08T23:22:02+00:00,227.7,19.0,5,0.16,2.13,0.0,5.8,0.1,0.0,0.0,YES,2026-08-09T15:00,2026-08-09T16:00,0.1667,7.0,91.5,53.4,0.74,0.0,0.4,0.4,Clear,109.6,111.9,59.1,19.7,969.0,1005.2,1.8,0.8,0.0,161.8,1026.0,6.9,0.0,0.0,14.1,0.0,0.0,0.0,W,269.8,CROSS LF → RF,CROSS LF → RF,96.5,96.5,37.0,63.0,0.0,-0.0,-0.0,0.0,0.0,-0.0,-0.0,0.0,-0.0,-0.0,0.0,-0.0,-0.0,0.0,0.0,0.0,0.0,1.0,0.0,0.9,0.92,0.9,0.08,1.1896,NEUTRAL,858.0,CLOSED,PROJECTED: TEMPERATURE,53.8,3.4,0.0,0.0,0.0,1.009,53.8,53.8,51.9,49.6,72.8,0.0,NONE (ROOF),9.8,LOW,109.0,110.1,5.0,8.0
Los Angeles Dodgers @ Arizona Diamondbacks,Los Angeles Dodgers,Arizona Diamondbacks,Chase Field,+3 Hours,04:10 PM MST,2026-08-09 03:09:45 UTC,2026-08-08 08:09:45 PM PDT,2026-08-08T23:22:02+00:00,227.7,20.0,5,0.22,2.08,0.0,8.4,0.2,0.0,0.0,YES,2026-08-09T16:00,2026-08-09T17:00,0.1667,7.1,93.2,53.5,0.74,0.0,0.4,0.4,Clear,110.3,109.8,57.5,18.4,968.1,1004.2,3.7,0.8,0.0,168.5,833.0,8.9,0.0,0.0,14.4,0.0,0.0,0.0,W,271.3,CROSS LF → RF,CROSS LF → RF,94.8,94.8,41.0,59.0,0.0,-0.0,-0.0,0.0,0.0,-0.0,-0.0,0.0,-0.0,-0.0,0.0,-0.0,-0.0,0.0,0.0,0.0,0.0,1.0,0.0,0.9,0.92,0.9,0.08,1.1896,NEUTRAL,858.0,CLOSED,PROJECTED: TEMPERATURE,53.8,3.4,0.0,0.0,0.0,1.009,53.8,53.8,51.9,49.6,72.8,0.0,NONE (ROOF),6.5,LOW,110.0,110.5,10.0,8.1
Tampa Bay Rays @ Seattle Mariners,Tampa Bay Rays,Seattle Mariners,T-Mobile Park,First Pitch,01:10 PM PDT,2026-08-09 03:09:46 UTC,2026-08-08 08:09:46 PM PDT,2026-08-08T18:27:04+00:00,522.7,17.0,5,2.7,0.87,0.0,36.6,0.6,18.8,0.0,YES,2026-08-09T13:00,2026-08-09T14:00,0.1667,13.4,90.3,52.2,0.72,-1.0,-0.8,-1.6,Partly cloudy,70.2,72.6,55.5,58.7,1011.8,1017.8,73.8,0.0,0.0,65.6,0.0,4.2,3.0,3.0,8.2,5.9,5.9,2.8,WNW,295.2,OUT TO RF,OUT TO RF,78.0,78.0,33.0,67.0,0.1,1.7,-0.8,3.6,3.9,1.2,-0.6,2.6,1.7,-0.8,3.6,1.0,-0.4,1.9,2.6,0.3,0.3,0.35,0.5,0.8,0.86,0.82,0.18,1.1907,NEUTRAL,787.0,OPEN,PROJECTED: DRY,52.4,3.3,0.7,0.0,0.0,1.006,53.9,51.8,53.8,49.8,74.8,0.0,LOW,6.6,LOW,72.0,70.6,5.0,3.8
Tampa Bay Rays @ Seattle Mariners,Tampa Bay Rays,Seattle Mariners,T-Mobile Park,+1 Hour,02:10 PM PDT,2026-08-09 03:09:46 UTC,2026-08-08 08:09:46 PM PDT,2026-08-08T18:27:04+00:00,522.7,18.0,5,2.57,0.44,0.0,33.8,0.5,18.8,0.0,YES,2026-08-09T14:00,2026-08-09T15:00,0.1667,11.6,91.2,52.5,0.72,-1.0,-0.8,-1.6,Mostly clear,72.4,75.7,55.1,53.8,1011.3,1017.3,51.2,0.0,0.0,78.9,0.0,4.0,2.9,2.9,8.1,5.9,5.9,2.9,WNW,298.5,OUT TO RF,OUT TO RF,79.7,79.7,33.0,67.0,0.4,1.4,-1.0,3.3,3.8,1.0,-0.7,2.4,1.4,-1.0,3.3,0.8,-0.5,1.8,2.6,0.3,0.3,0.35,0.5,0.8,0.86,0.82,0.18,1.1853,NEUTRAL,948.0,OPEN,PROJECTED: DRY,52.8,3.8,0.6,0.0,0.0,1.007,54.2,52.1,53.9,50.2,72.4,0.0,LOW,6.6,LOW,74.0,72.9,5.0,3.6
Tampa Bay Rays @ Seattle Mariners,Tampa Bay Rays,Seattle Mariners,T-Mobile Park,+2 Hours,03:10 PM PDT,2026-08-09 03:09:46 UTC,2026-08-08 08:09:46 PM PDT,2026-08-08T18:27:04+00:00,522.7,19.0,5,2.45,0.72,0.0,30.4,0.5,18.8,0.0,YES,2026-08-09T15:00,2026-08-09T16:00,0.1667,11.9,89.9,52.7,0.72,-1.0,-0.8,-1.6,Partly cloudy,73.5,77.7,54.5,50.7,1010.9,1016.9,93.3,0.0,0.0,85.2,0.0,4.3,3.1,3.1,8.5,6.1,6.1,3.1,WNW,301.0,CROSS LF → RF,CROSS LF → RF,81.3,81.3,37.0,63.0,1.2,1.3,-1.2,3.4,4.0,1.0,-0.9,2.5,1.3,-1.2,3.4,0.7,-0.6,1.8,2.8,0.2,0.2,0.35,0.6,0.8,0.86,0.82,0.18,1.1826,NEUTRAL,1033.0,OPEN,PROJECTED: DRY,53.0,4.0,0.6,0.0,0.0,1.007,54.4,52.2,54.1,50.3,71.2,0.0,LOW,8.5,LOW,74.0,74.8,6.0,3.3
Tampa Bay Rays @ Seattle Mariners,Tampa Bay Rays,Seattle Mariners,T-Mobile Park,+3 Hours,04:10 PM PDT,2026-08-09 03:09:46 UTC,2026-08-08 08:09:46 PM PDT,2026-08-08T18:27:04+00:00,522.7,20.0,5,2.27,1.44,0.08,20.9,0.2,0.0,0.0,YES,2026-08-09T16:00,2026-08-09T17:00,0.1667,13.4,90.9,52.4,0.72,-1.0,-0.8,-1.6,Partly cloudy,74.8,77.4,55.4,50.0,1010.5,1016.4,92.3,0.8,0.0,84.7,0.0,5.0,3.6,3.6,9.5,6.8,6.8,3.2,NW,321.4,CROSS LF → RF,CROSS LF → RF,87.6,87.6,41.0,59.0,0.6,-0.2,-3.0,2.7,5.0,-0.1,-2.2,2.0,-0.2,-3.0,2.7,-0.1,-1.6,1.5,3.5,-0.0,-0.0,0.35,0.7,0.8,0.86,0.82,0.18,1.1789,NEUTRAL,1135.0,OPEN,PROJECTED: DRY,52.7,4.4,-0.1,0.0,0.0,1.006,54.0,51.3,54.0,50.5,69.7,0.4,LOW,5.5,LOW,76.0,75.6,6.0,4.4
Houston Astros @ San Diego Padres,Houston Astros,San Diego Padres,Petco Park,First Pitch,05:20 PM PDT,2026-08-09 03:09:47 UTC,2026-08-08 08:09:47 PM PDT,2026-08-08T19:01:48+00:00,488.0,21.2,5,1.79,0.27,2.17,16.7,1.1,56.2,0.0,YES,2026-08-09T17:00,2026-08-09T18:00,0.3333,8.7,88.3,53.5,0.86,-1.5,-1.4,-2.4,Clear,74.6,78.0,66.7,72.8,1006.5,1010.8,29.7,2.7,0.0,37.1,-2.0,5.7,4.9,4.9,10.0,8.6,8.6,3.7,WSW,244.7,OUT TO RF,OUT TO RF,86.1,86.1,29.0,71.0,3.1,2.4,-1.0,4.9,5.1,2.1,-0.8,4.2,2.4,-1.0,4.9,1.6,-0.6,3.2,4.1,0.5,0.5,0.35,1.2,0.82,0.91,0.86,0.24,1.1713,NEUTRAL,1262.0,OPEN,OPEN-AIR PARK,54.0,5.1,1.3,0.0,0.0,1.01,56.3,53.0,56.0,51.6,68.3,1.5,LOW,14.0,LOW,79.0,74.1,5.0,6.2
Houston Astros @ San Diego Padres,Houston Astros,San Diego Padres,Petco Park,+1 Hour,06:20 PM PDT,2026-08-09 03:09:47 UTC,2026-08-08 08:09:47 PM PDT,2026-08-08T19:01:48+00:00,488.0,22.2,5,1.16,0.37,1.5,16.0,0.8,56.2,0.0,YES,2026-08-09T18:00,2026-08-09T19:00,0.3333,6.2,90.4,54.9,0.86,-1.5,-1.4,-2.4,Mostly clear,73.5,76.8,66.1,74.4,1006.6,1011.0,36.6,2.4,0.0,35.1,-7.0,4.9,4.2,4.2,8.3,7.1,7.1,2.9,SW,234.2,OUT TO RF,OUT TO RF,88.5,88.5,37.0,63.0,0.8,2.8,0.0,4.6,4.0,2.4,0.0,4.0,2.8,0.0,4.6,1.9,0.0,3.0,3.2,1.0,1.0,0.6,1.0,0.82,0.91,0.86,0.24,1.1741,NEUTRAL,1184.0,OPEN,OPEN-AIR PARK,55.4,4.8,2.5,0.5,0.0,1.013,57.2,54.5,55.6,51.6,70.1,1.3,LOW,12.4,LOW,78.0,72.9,5.0,4.9
Houston Astros @ San Diego Padres,Houston Astros,San Diego Padres,Petco Park,+2 Hours,07:20 PM PDT,2026-08-09 03:09:47 UTC,2026-08-08 08:09:47 PM PDT,2026-08-08T19:01:48+00:00,488.0,23.2,5,0.98,0.58,1.33,21.3,0.7,56.2,0.0,YES,2026-08-09T19:00,2026-08-09T20:00,0.3333,6.1,90.8,52.3,0.86,-1.5,-1.4,-2.4,Mostly clear,71.4,74.8,66.0,79.5,1006.9,1011.3,55.2,2.4,0.0,31.3,-7.0,4.0,3.5,3.5,6.8,5.8,5.8,2.4,WSW,252.8,CROSS LF → RF,CROSS LF → RF,85.1,85.1,29.0,71.0,2.4,1.2,-1.3,3.2,3.9,1.0,-1.1,2.7,1.2,-1.3,3.2,0.8,-0.8,2.0,3.1,0.3,0.3,0.35,0.8,0.82,0.91,0.86,0.24,1.1792,NEUTRAL,1033.0,OPEN,OPEN-AIR PARK,52.6,4.4,0.6,0.0,0.0,1.006,54.2,51.7,54.5,50.9,72.5,1.3,LOW,11.6,LOW,75.0,71.4,5.0,3.8
Houston Astros @ San Diego Padres,Houston Astros,San Diego Padres,Petco Park,+3 Hours,08:20 PM PDT,2026-08-09 03:09:47 UTC,2026-08-08 08:09:47 PM PDT,2026-08-08T19:01:48+00:00,488.0,24.2,5,1.08,0.45,1.0,18.9,0.3,56.2,0.0,YES,2026-08-09T20:00,2026-08-09T21:00,0.3333,6.0,91.7,51.8,0.86,-1.5,-1.4,-2.4,Partly cloudy,70.1,73.9,66.0,82.6,1007.2,1011.6,73.6,2.4,0.0,30.0,12.0,3.9,3.3,3.3,5.5,4.8,4.8,1.4,W,259.7,CROSS LF → RF,CROSS LF → RF,78.1,78.1,37.0,63.0,1.4,0.7,-1.6,2.8,3.8,0.6,-1.4,2.4,0.7,-1.6,2.8,0.5,-1.0,1.8,3.1,0.1,0.1,0.35,0.8,0.82,0.91,0.86,0.24,1.1824,NEUTRAL,939.0,OPEN,OPEN-AIR PARK,52.0,4.0,0.4,0.0,0.0,1.005,53.5,51.0,54.1,50.6,74.0,1.4,LOW,10.1,LOW,73.0,70.6,5.0,3.3
