date,rank,gamePk,player,mlb player id,team,opponent,lineup spot,lineup samples,probable pitcher,probable pitcher id,pitcher hand,batter side,park,projected pa,recent start rate,usage factor,hand split available,total bases line,best more line,best more threshold,projected tb,median tb,floor tb,ceiling tb,iqr upper tb,edge,fair line,more probability,push probability,less probability,recommendation,model confidence,ai score,tier,p 0 tb,p 1 tb,p 2 tb,p 3 tb,p 4 plus tb,p 1+ tb,p 2+ tb,p 3+ tb,p 4+ tb,p 5+ tb,p 6+ tb,single probability,double probability,triple probability,hr probability,season pa,season hits,season doubles,season triples,season hr,season slg,recent games used,last 14 total bases,last 14 avg tb,last 7 avg tb,last 30 avg tb,starter contribution,bullpen contribution,park contribution,weather contribution,matchup context score,park factor,weather factor,weather note,temperature f,wind mph,humidity %,precip %,pitcher era,pitcher whip,pitcher h9,pitcher hr9,simulation count,model version,more 0.5 %,push 0.5 %,less 0.5 %,side 0.5,confidence 0.5 %,ai score 0.5,tier 0.5,more 1.0 %,push 1.0 %,less 1.0 %,side 1.0,confidence 1.0 %,ai score 1.0,tier 1.0,more 1.5 %,push 1.5 %,less 1.5 %,side 1.5,confidence 1.5 %,ai score 1.5,tier 1.5,more 2.0 %,push 2.0 %,less 2.0 %,side 2.0,confidence 2.0 %,ai score 2.0,tier 2.0,more 2.5 %,push 2.5 %,less 2.5 %,side 2.5,confidence 2.5 %,ai score 2.5,tier 2.5,more 3.0 %,push 3.0 %,less 3.0 %,side 3.0,confidence 3.0 %,ai score 3.0,tier 3.0,more 3.5 %,push 3.5 %,less 3.5 %,side 3.5,confidence 3.5 %,ai score 3.5,tier 3.5,more 4.0 %,push 4.0 %,less 4.0 %,side 4.0,confidence 4.0 %,ai score 4.0,tier 4.0,more 4.5 %,push 4.5 %,less 4.5 %,side 4.5,confidence 4.5 %,ai score 4.5,tier 4.5
2026-08-11,1,824970,Chandler Simpson,802415,TB,ATH,,0,TBD,,,L,Sutter Health Park,4.02,100.0,1.025,False,0.5,0.5,1+ TB,1.582,1.0,1.0,4.0,2.0,1.082,1.0,75.59,0.0,24.41,MORE,75.59,97,Diamond,24.41,32.38,22.12,10.42,10.67,75.59,43.21,21.09,10.67,4.87,1.85,23.41,3.88,0.69,1.63,440,124,12,6,0,0.363,30,"5,2,0,1,2,2,3,1,1,0,0,2,2,3",1.714,2.143,1.733,54.2,56.8,50.0,67.5,56.3,1.0,1.035,hot,92.8,11.9,24.0,0.0,0.0,0.0,0.0,0.0,10000,TB_V3_ADVANCED,75.59,0.0,24.41,MORE,75.59,97,Diamond,43.21,32.38,24.41,PASS,43.21,62,Pass,43.21,0.0,56.79,PASS,43.21,59,Pass,21.09,22.12,56.79,PASS,21.09,58,Pass,21.09,0.0,78.91,PASS,21.09,58,Pass,10.67,10.42,78.91,PASS,10.67,58,Pass,10.67,0.0,89.33,PASS,10.67,58,Pass,4.87,5.8,89.33,PASS,4.87,58,Pass,4.87,0.0,95.13,PASS,4.87,58,Pass
2026-08-11,2,825046,Jake McCarthy,664983,COL,AZ,,0,Mitch Bratt,683352,L,L,Chase Field,4.08,100.0,1.025,True,0.5,0.5,1+ TB,1.866,1.0,0.0,5.0,3.0,1.366,1.0,71.78,0.0,28.22,MORE,71.78,95,Diamond,28.22,25.81,17.17,8.9,19.9,71.78,45.97,28.8,19.9,10.65,4.94,16.96,5.57,0.86,3.64,399,113,25,7,13,0.518,30,"3,10,4,1,3,2,4,3,0,0,1,0,1,3",2.5,3.857,2.4,52.3,50.5,50.0,50.0,53.6,1.0,1.0,Indoor/retractable,,,,,3.9,1.52,7.81,1.3,10000,TB_V3_ADVANCED,71.78,0.0,28.22,MORE,71.78,95,Diamond,45.97,25.81,28.22,PASS,45.97,64,Pass,45.97,0.0,54.03,PASS,45.97,61,Pass,28.8,17.17,54.03,PASS,28.8,58,Pass,28.8,0.0,71.2,PASS,28.8,58,Pass,19.9,8.9,71.2,PASS,19.9,58,Pass,19.9,0.0,80.1,PASS,19.9,58,Pass,10.65,9.25,80.1,PASS,10.65,58,Pass,10.65,0.0,89.35,PASS,10.65,58,Pass
2026-08-11,3,823917,Freddie Freeman,518692,LAD,KC,,0,Michael Wacha,608379,R,L,UNIQLO Field at Dodger Stadium,4.0,100.0,1.025,True,0.5,0.5,1+ TB,1.594,1.0,0.0,4.0,2.0,1.094,1.0,71.26,0.0,28.74,MORE,71.26,92,Diamond,28.74,30.67,18.64,8.04,13.91,71.26,40.59,21.95,13.91,6.85,2.79,18.8,4.71,0.31,2.67,493,132,27,1,15,0.474,30,"1,0,0,1,1,1,1,3,3,1,2,1,3,3",1.5,0.714,1.533,48.5,53.7,50.0,50.0,48.3,1.0,1.0,Neutral,,,,,3.44,1.15,7.81,1.06,10000,TB_V3_ADVANCED,71.26,0.0,28.74,MORE,71.26,92,Diamond,40.59,30.67,28.74,PASS,40.59,62,Pass,40.59,0.0,59.41,PASS,40.59,59,Pass,21.95,18.64,59.41,PASS,21.95,58,Pass,21.95,0.0,78.05,PASS,21.95,58,Pass,13.91,8.04,78.05,PASS,13.91,58,Pass,13.91,0.0,86.09,PASS,13.91,58,Pass,6.85,7.06,86.09,PASS,6.85,58,Pass,6.85,0.0,93.15,PASS,6.85,58,Pass
2026-08-11,4,823019,Luis Arraez,650333,PHI,STL,,0,Andre Pallante,669467,R,L,Busch Stadium,4.08,100.0,1.025,True,0.5,0.5,1+ TB,1.547,1.0,0.0,4.0,2.0,1.047,1.0,70.45,0.0,29.55,MORE,70.45,91,Diamond,29.55,29.47,19.6,9.19,12.19,70.45,40.98,21.38,12.19,5.91,2.34,18.81,4.86,0.63,2.02,493,143,25,7,5,0.441,30,"0,2,0,3,4,3,0,1,0,4,1,1,3,2",1.714,1.714,1.6,49.2,50.2,47.9,67.5,44.5,0.995,1.035,hot,101.5,11.6,27.0,0.0,3.63,1.22,8.27,0.73,10000,TB_V3_ADVANCED,70.45,0.0,29.55,MORE,70.45,91,Diamond,40.98,29.47,29.55,PASS,40.98,62,Pass,40.98,0.0,59.02,PASS,40.98,58,Pass,21.38,19.6,59.02,PASS,21.38,58,Pass,21.38,0.0,78.62,PASS,21.38,58,Pass,12.19,9.19,78.62,PASS,12.19,58,Pass,12.19,0.0,87.81,PASS,12.19,58,Pass,5.91,6.28,87.81,PASS,5.91,58,Pass,5.91,0.0,94.09,PASS,5.91,58,Pass
2026-08-11,5,823832,Otto Lopez,672640,MIA,PIT,,0,Paul Skenes,694973,R,R,loanDepot park,4.06,100.0,1.025,True,0.5,0.5,1+ TB,1.584,1.0,0.0,4.0,2.0,1.084,1.0,70.4,0.0,29.6,MORE,70.4,91,Diamond,29.6,29.41,18.68,8.7,13.61,70.4,40.99,22.31,13.61,6.41,2.71,17.58,4.84,0.82,2.08,499,147,29,7,9,0.47,30,"2,2,0,1,0,3,1,2,0,0,2,0,5,0",1.286,1.286,1.8,46.2,50.1,35.3,50.0,43.9,0.965,1.0,Indoor/retractable,,,,,3.96,1.12,7.57,0.9,10000,TB_V3_ADVANCED,70.4,0.0,29.6,MORE,70.4,91,Diamond,40.99,29.41,29.6,PASS,40.99,62,Pass,40.99,0.0,59.01,PASS,40.99,59,Pass,22.31,18.68,59.01,PASS,22.31,58,Pass,22.31,0.0,77.69,PASS,22.31,58,Pass,13.61,8.7,77.69,PASS,13.61,58,Pass,13.61,0.0,86.39,PASS,13.61,58,Pass,6.41,7.2,86.39,PASS,6.41,58,Pass,6.41,0.0,93.59,PASS,6.41,58,Pass
2026-08-11,6,823917,Jac Caglianone,695506,KC,LAD,,0,Blake Snell,605483,L,L,UNIQLO Field at Dodger Stadium,4.02,100.0,1.025,True,0.5,0.5,1+ TB,1.773,1.0,0.0,4.0,3.0,1.273,1.0,70.15,0.0,29.85,MORE,70.15,92,Diamond,29.85,25.81,17.58,7.8,18.96,70.15,44.34,26.76,18.96,9.42,4.24,15.66,5.9,0.37,4.07,426,104,21,2,20,0.48,30,"1,12,3,1,1,2,2,4,0,5,2,0,0,0",2.357,3.143,1.933,78.1,47.6,50.0,50.0,75.1,1.0,1.0,Neutral,,,,,12.0,2.67,18.0,0.0,10000,TB_V3_ADVANCED,70.15,0.0,29.85,MORE,70.15,92,Diamond,44.34,25.81,29.85,PASS,44.34,64,Pass,44.34,0.0,55.66,PASS,44.34,60,Pass,26.76,17.58,55.66,PASS,26.76,58,Pass,26.76,0.0,73.24,PASS,26.76,58,Pass,18.96,7.8,73.24,PASS,18.96,58,Pass,18.96,0.0,81.04,PASS,18.96,58,Pass,9.42,9.54,81.04,PASS,9.42,58,Pass,9.42,0.0,90.58,PASS,9.42,58,Pass
2026-08-11,7,823917,Bobby Witt Jr.,677951,KC,LAD,,0,Blake Snell,605483,L,R,UNIQLO Field at Dodger Stadium,4.02,92.9,1.025,True,0.5,0.5,1+ TB,1.659,1.0,0.0,4.0,2.0,1.159,1.0,70.15,0.0,29.85,MORE,70.15,91,Diamond,29.85,27.44,18.69,8.54,15.48,70.15,42.71,24.02,15.48,7.32,3.61,17.03,5.81,0.37,2.89,439,111,24,1,13,0.45,30,"0,1,1,4,0,4,0,0,0,3,0,2,4,1",1.429,1.429,1.767,78.1,47.6,50.0,50.0,75.1,1.0,1.0,Neutral,,,,,12.0,2.67,18.0,0.0,10000,TB_V3_ADVANCED,70.15,0.0,29.85,MORE,70.15,91,Diamond,42.71,27.44,29.85,PASS,42.71,63,Pass,42.71,0.0,57.29,PASS,42.71,59,Pass,24.02,18.69,57.29,PASS,24.02,58,Pass,24.02,0.0,75.98,PASS,24.02,58,Pass,15.48,8.54,75.98,PASS,15.48,58,Pass,15.48,0.0,84.52,PASS,15.48,58,Pass,7.32,8.16,84.52,PASS,7.32,58,Pass,7.32,0.0,92.68,PASS,7.32,58,Pass
2026-08-11,8,824240,Steven Kwan,680757,CLE,DET,,0,Drew Anderson,623454,R,L,Comerica Park,4.09,100.0,1.025,True,0.5,0.5,1+ TB,1.469,1.0,0.0,4.0,2.0,0.969,1.0,69.96,0.0,30.04,MORE,69.96,90,Gold,30.04,32.53,18.42,7.54,11.47,69.96,37.43,19.01,11.47,5.49,2.1,19.57,3.67,0.42,1.84,445,100,14,2,2,0.329,30,"2,1,6,1,1,1,3,3,3,1,0,2,1,2",1.929,2.143,1.733,47.8,46.8,39.5,53.0,47.2,0.975,1.006,humid,76.5,5.6,86.0,40.0,4.01,1.29,8.29,1.2,10000,TB_V3_ADVANCED,69.96,0.0,30.04,MORE,69.96,90,Gold,37.43,32.53,30.04,PASS,37.43,61,Pass,37.43,0.0,62.57,PASS,37.43,58,Pass,19.01,18.42,62.57,PASS,19.01,58,Pass,19.01,0.0,80.99,PASS,19.01,58,Pass,11.47,7.54,80.99,PASS,11.47,58,Pass,11.47,0.0,88.53,PASS,11.47,58,Pass,5.49,5.98,88.53,PASS,5.49,58,Pass,5.49,0.0,94.51,PASS,5.49,58,Pass
2026-08-11,9,823832,Nick Gonzales,693304,PIT,MIA,,0,Eury Pérez,691587,R,R,loanDepot park,4.03,100.0,1.025,True,0.5,0.5,1+ TB,1.474,1.0,0.0,4.0,2.0,0.974,1.0,69.38,0.0,30.62,MORE,69.38,89,Gold,30.62,30.58,19.41,8.47,10.92,69.38,38.8,19.39,10.92,5.44,2.23,18.64,4.68,0.3,1.97,471,133,20,1,6,0.399,30,"0,2,3,2,1,0,0,0,0,2,3,1,2,2",1.286,1.143,1.7,42.3,48.3,35.3,50.0,41.6,0.965,1.0,Indoor/retractable,,,,,3.61,1.13,6.73,1.07,10000,TB_V3_ADVANCED,69.38,0.0,30.62,MORE,69.38,89,Gold,38.8,30.58,30.62,PASS,38.8,61,Pass,38.8,0.0,61.2,PASS,38.8,58,Pass,19.39,19.41,61.2,PASS,19.39,58,Pass,19.39,0.0,80.61,PASS,19.39,58,Pass,10.92,8.47,80.61,PASS,10.92,58,Pass,10.92,0.0,89.08,PASS,10.92,58,Pass,5.44,5.48,89.08,PASS,5.44,58,Pass,5.44,0.0,94.56,PASS,5.44,58,Pass
2026-08-11,10,824886,Mauricio Dubón,643289,ATL,NYM,,0,Nolan McLean,690997,R,R,Truist Park,3.99,92.9,1.025,True,0.5,0.5,1+ TB,1.524,1.0,0.0,4.0,2.0,1.024,1.0,69.27,0.0,30.73,MORE,69.27,89,Gold,30.73,29.74,18.87,7.95,12.71,69.27,39.53,20.66,12.71,6.16,2.36,17.5,4.71,0.39,2.46,456,113,23,2,10,0.404,30,"2,1,5,2,0,1,2,0,1,1,0,0,1,1",1.214,1.857,1.433,44.5,49.6,56.3,67.5,42.8,1.015,1.035,hot,92.1,9.1,42.0,30.0,3.51,1.16,7.16,0.96,10000,TB_V3_ADVANCED,69.27,0.0,30.73,MORE,69.27,89,Gold,39.53,29.74,30.73,PASS,39.53,62,Pass,39.53,0.0,60.47,PASS,39.53,58,Pass,20.66,18.87,60.47,PASS,20.66,58,Pass,20.66,0.0,79.34,PASS,20.66,58,Pass,12.71,7.95,79.34,PASS,12.71,58,Pass,12.71,0.0,87.29,PASS,12.71,58,Pass,6.16,6.55,87.29,PASS,6.16,58,Pass,6.16,0.0,93.84,PASS,6.16,58,Pass
2026-08-11,11,823997,Ezequiel Duran,677649,TEX,LAA,,0,Ryan Johnson,696270,R,R,Angel Stadium,4.02,100.0,1.025,True,0.5,0.5,1+ TB,1.724,1.0,0.0,4.0,3.0,1.224,1.0,69.19,0.0,30.81,MORE,69.19,91,Gold,30.81,26.13,17.4,7.81,17.85,69.19,43.06,25.66,17.85,9.05,4.29,15.06,5.61,0.53,3.78,414,102,22,3,13,0.451,30,"0,1,0,0,5,8,1,0,1,0,0,1,5,4",1.857,2.143,1.933,63.4,50.9,50.0,50.0,74.3,1.0,1.0,Neutral,79.7,9.2,62.0,1.0,7.11,1.6,9.95,2.31,10000,TB_V3_ADVANCED,69.19,0.0,30.81,MORE,69.19,91,Gold,43.06,26.13,30.81,PASS,43.06,63,Pass,43.06,0.0,56.94,PASS,43.06,60,Pass,25.66,17.4,56.94,PASS,25.66,58,Pass,25.66,0.0,74.34,PASS,25.66,58,Pass,17.85,7.81,74.34,PASS,17.85,58,Pass,17.85,0.0,82.15,PASS,17.85,58,Pass,9.05,8.8,82.15,PASS,9.05,58,Pass,9.05,0.0,90.95,PASS,9.05,58,Pass
2026-08-11,12,823997,Brandon Nimmo,607043,TEX,LAA,,0,Ryan Johnson,696270,R,L,Angel Stadium,4.01,100.0,1.025,True,0.5,0.5,1+ TB,1.711,1.0,0.0,4.0,3.0,1.211,1.0,69.11,0.0,30.89,MORE,69.11,90,Gold,30.89,26.48,17.17,7.77,17.69,69.11,42.63,25.46,17.69,8.83,4.24,15.82,5.53,0.58,3.63,473,117,27,4,13,0.447,30,"4,1,1,5,4,0,5,2,0,0,2,0,4,1",2.071,2.857,1.933,63.4,50.9,50.0,50.0,74.3,1.0,1.0,Neutral,79.7,9.2,62.0,1.0,7.11,1.6,9.95,2.31,10000,TB_V3_ADVANCED,69.11,0.0,30.89,MORE,69.11,90,Gold,42.63,26.48,30.89,PASS,42.63,63,Pass,42.63,0.0,57.37,PASS,42.63,60,Pass,25.46,17.17,57.37,PASS,25.46,58,Pass,25.46,0.0,74.54,PASS,25.46,58,Pass,17.69,7.77,74.54,PASS,17.69,58,Pass,17.69,0.0,82.31,PASS,17.69,58,Pass,8.83,8.86,82.31,PASS,8.83,58,Pass,8.83,0.0,91.17,PASS,8.83,58,Pass
2026-08-11,13,823186,Jung Hoo Lee,808982,SF,HOU,,0,Hunter Brown,686613,R,L,Oracle Park,4.05,100.0,1.025,True,0.5,0.5,1+ TB,1.6,1.0,0.0,4.0,2.0,1.1,1.0,68.81,0.0,31.19,MORE,68.81,89,Gold,31.19,27.91,18.22,7.95,14.73,68.81,40.9,22.68,14.73,7.21,3.32,15.95,5.44,0.53,2.71,437,122,26,4,8,0.44,30,"0,0,1,1,2,9,3,1,0,2,3,1,6,0",2.071,2.286,1.533,44.3,52.0,29.0,50.0,45.6,0.95,1.0,Neutral,64.6,13.2,75.0,1.0,3.53,1.24,6.29,1.07,10000,TB_V3_ADVANCED,68.81,0.0,31.19,MORE,68.81,89,Gold,40.9,27.91,31.19,PASS,40.9,62,Pass,40.9,0.0,59.1,PASS,40.9,59,Pass,22.68,18.22,59.1,PASS,22.68,58,Pass,22.68,0.0,77.32,PASS,22.68,58,Pass,14.73,7.95,77.32,PASS,14.73,58,Pass,14.73,0.0,85.27,PASS,14.73,58,Pass,7.21,7.52,85.27,PASS,7.21,58,Pass,7.21,0.0,92.79,PASS,7.21,58,Pass
2026-08-11,14,823019,Jordan Walker,691023,STL,PHI,,0,Cristopher Sánchez,650911,L,R,Busch Stadium,4.06,100.0,1.025,True,0.5,0.5,1+ TB,1.647,1.0,0.0,4.0,2.0,1.147,1.0,68.78,0.0,31.22,MORE,68.78,89,Gold,31.22,28.95,16.04,6.68,17.11,68.78,39.83,23.79,17.11,8.64,3.56,16.79,4.22,0.25,3.59,488,127,23,0,23,0.492,30,"2,4,1,2,2,2,1,1,1,0,0,0,3,0",1.357,2.0,1.633,48.8,51.0,47.9,67.5,44.5,0.995,1.035,hot,101.5,11.6,27.0,0.0,2.65,1.22,8.84,0.78,10000,TB_V3_ADVANCED,68.78,0.0,31.22,MORE,68.78,89,Gold,39.83,28.95,31.22,PASS,39.83,63,Pass,39.83,0.0,60.17,PASS,39.83,59,Pass,23.79,16.04,60.17,PASS,23.79,58,Pass,23.79,0.0,76.21,PASS,23.79,58,Pass,17.11,6.68,76.21,PASS,17.11,58,Pass,17.11,0.0,82.89,PASS,17.11,58,Pass,8.64,8.47,82.89,PASS,8.64,58,Pass,8.64,0.0,91.36,PASS,8.64,58,Pass
2026-08-11,15,823512,Cole Young,702284,SEA,NYY,,0,Ryan Weathers,677960,L,L,Yankee Stadium,4.05,100.0,1.025,True,0.5,0.5,1+ TB,1.566,1.0,0.0,4.0,2.0,1.066,1.0,68.7,0.0,31.3,MORE,68.7,89,Gold,31.3,30.08,16.85,6.89,14.88,68.7,38.62,21.77,14.88,7.28,2.93,17.35,3.45,0.64,3.01,477,115,15,3,14,0.41,30,"2,1,1,0,0,0,4,3,4,4,2,1,1,4",1.929,1.143,1.8,46.4,46.3,68.9,60.0,46.0,1.045,1.02,warm,89.3,4.1,41.0,13.0,3.79,1.22,8.48,1.26,10000,TB_V3_ADVANCED,68.7,0.0,31.3,MORE,68.7,89,Gold,38.62,30.08,31.3,PASS,38.62,62,Pass,38.62,0.0,61.38,PASS,38.62,58,Pass,21.77,16.85,61.38,PASS,21.77,58,Pass,21.77,0.0,78.23,PASS,21.77,58,Pass,14.88,6.89,78.23,PASS,14.88,58,Pass,14.88,0.0,85.12,PASS,14.88,58,Pass,7.28,7.6,85.12,PASS,7.28,58,Pass,7.28,0.0,92.72,PASS,7.28,58,Pass
2026-08-11,16,822778,Ceddanne Rafaela,678882,BOS,TOR,,0,Dylan Cease,656302,R,R,Rogers Centre,4.08,100.0,1.025,True,0.5,0.5,1+ TB,1.669,1.0,0.0,4.0,2.0,1.169,1.0,68.63,0.0,31.37,MORE,68.63,89,Gold,31.37,27.27,17.15,7.3,16.91,68.63,41.36,24.21,16.91,8.62,3.98,15.89,4.93,0.34,3.43,471,126,28,3,15,0.463,30,"0,1,2,2,0,2,5,8,6,3,3,1,4,1",2.714,1.714,2.333,37.7,49.5,50.0,50.0,31.9,1.0,1.0,Indoor/retractable,,,,,2.28,1.04,5.7,0.5,10000,TB_V3_ADVANCED,68.63,0.0,31.37,MORE,68.63,89,Gold,41.36,27.27,31.37,PASS,41.36,63,Pass,41.36,0.0,58.64,PASS,41.36,59,Pass,24.21,17.15,58.64,PASS,24.21,58,Pass,24.21,0.0,75.79,PASS,24.21,58,Pass,16.91,7.3,75.79,PASS,16.91,58,Pass,16.91,0.0,83.09,PASS,16.91,58,Pass,8.62,8.29,83.09,PASS,8.62,58,Pass,8.62,0.0,91.38,PASS,8.62,58,Pass
2026-08-11,17,824970,Jonathan Aranda,666018,TB,ATH,,0,TBD,,,L,Sutter Health Park,4.06,100.0,1.025,False,0.5,0.5,1+ TB,1.582,1.0,0.0,4.0,2.0,1.082,1.0,68.58,0.0,31.42,MORE,68.58,89,Gold,31.42,29.08,17.73,6.84,14.93,68.58,39.5,21.77,14.93,7.62,3.32,17.98,4.31,0.24,2.95,497,122,19,0,15,0.436,30,"1,1,5,1,1,5,1,0,1,2,2,1,1,0",1.571,2.143,1.533,54.2,56.8,50.0,67.5,56.3,1.0,1.035,hot,92.8,11.9,24.0,0.0,0.0,0.0,0.0,0.0,10000,TB_V3_ADVANCED,68.58,0.0,31.42,MORE,68.58,89,Gold,39.5,29.08,31.42,PASS,39.5,62,Pass,39.5,0.0,60.5,PASS,39.5,59,Pass,21.77,17.73,60.5,PASS,21.77,58,Pass,21.77,0.0,78.23,PASS,21.77,58,Pass,14.93,6.84,78.23,PASS,14.93,58,Pass,14.93,0.0,85.07,PASS,14.93,58,Pass,7.62,7.31,85.07,PASS,7.62,58,Pass,7.62,0.0,92.38,PASS,7.62,58,Pass
2026-08-11,18,825046,TJ Rumfield,681198,COL,AZ,,0,Mitch Bratt,683352,L,L,Chase Field,4.0,85.7,1.025,True,0.5,0.5,1+ TB,1.538,1.0,0.0,4.0,2.0,1.038,1.0,68.52,0.0,31.48,MORE,68.52,88,Gold,31.48,29.05,18.52,7.6,13.35,68.52,39.47,20.95,13.35,6.78,2.86,17.24,4.86,0.38,2.48,464,121,24,2,13,0.459,30,"0,2,3,0,2,0,2,3,1,1,0,1,0,3",1.286,1.286,1.333,52.3,50.5,50.0,50.0,53.6,1.0,1.0,Indoor/retractable,,,,,3.9,1.52,7.81,1.3,10000,TB_V3_ADVANCED,68.52,0.0,31.48,MORE,68.52,88,Gold,39.47,29.05,31.48,PASS,39.47,62,Pass,39.47,0.0,60.53,PASS,39.47,58,Pass,20.95,18.52,60.53,PASS,20.95,58,Pass,20.95,0.0,79.05,PASS,20.95,58,Pass,13.35,7.6,79.05,PASS,13.35,58,Pass,13.35,0.0,86.65,PASS,13.35,58,Pass,6.78,6.57,86.65,PASS,6.78,58,Pass,6.78,0.0,93.22,PASS,6.78,58,Pass
2026-08-11,19,822697,Nico Hoerner,663538,CHC,WSH,,0,TBD,,,R,Nationals Park,4.01,92.9,1.025,False,0.5,0.5,1+ TB,1.534,1.0,0.0,4.0,2.0,1.034,1.0,68.44,0.0,31.56,MORE,68.44,88,Gold,31.56,29.56,17.74,7.65,13.49,68.44,38.88,21.14,13.49,6.66,2.86,17.83,4.56,0.35,2.68,515,121,25,1,7,0.363,30,"3,1,0,0,4,5,0,1,5,0,3,0,1,7",2.143,1.857,1.7,52.2,53.6,50.0,45.5,53.3,1.0,0.991,"humid, rain risk",79.3,3.8,83.0,61.0,0.0,0.0,0.0,0.0,10000,TB_V3_ADVANCED,68.44,0.0,31.56,MORE,68.44,88,Gold,38.88,29.56,31.56,PASS,38.88,62,Pass,38.88,0.0,61.12,PASS,38.88,58,Pass,21.14,17.74,61.12,PASS,21.14,58,Pass,21.14,0.0,78.86,PASS,21.14,58,Pass,13.49,7.65,78.86,PASS,13.49,58,Pass,13.49,0.0,86.51,PASS,13.49,58,Pass,6.66,6.83,86.51,PASS,6.66,58,Pass,6.66,0.0,93.34,PASS,6.66,58,Pass
2026-08-11,20,823264,Jackson Merrill,701538,SD,MIL,,0,Kyle Harrison,690986,L,L,Petco Park,4.02,100.0,1.025,True,0.5,0.5,1+ TB,1.597,1.0,0.0,4.0,2.0,1.097,1.0,68.27,0.0,31.73,MORE,68.27,88,Gold,31.73,29.57,15.96,6.64,16.1,68.27,38.7,22.74,16.1,7.7,3.36,16.75,3.69,0.49,3.51,487,110,18,2,18,0.412,30,"5,4,3,2,0,3,1,5,2,0,1,1,3,5",2.5,2.571,2.267,39.1,46.2,29.0,50.0,37.0,0.95,1.0,Neutral,75.7,6.5,75.0,2.0,2.84,1.04,7.21,1.02,10000,TB_V3_ADVANCED,68.27,0.0,31.73,MORE,68.27,88,Gold,38.7,29.57,31.73,PASS,38.7,62,Pass,38.7,0.0,61.3,PASS,38.7,59,Pass,22.74,15.96,61.3,PASS,22.74,58,Pass,22.74,0.0,77.26,PASS,22.74,58,Pass,16.1,6.64,77.26,PASS,16.1,58,Pass,16.1,0.0,83.9,PASS,16.1,58,Pass,7.7,8.4,83.9,PASS,7.7,58,Pass,7.7,0.0,92.3,PASS,7.7,58,Pass
2026-08-11,21,824886,Bo Bichette,666182,NYM,ATL,,0,Martín Pérez,527048,L,R,Truist Park,4.06,92.9,1.025,True,0.5,0.5,1+ TB,1.522,1.0,0.0,4.0,2.0,1.022,1.0,68.21,0.0,31.79,MORE,68.21,88,Gold,31.79,28.73,18.84,7.47,13.17,68.21,39.48,20.64,13.17,6.32,2.63,17.0,4.7,0.29,2.74,511,124,19,1,11,0.378,30,"7,0,1,3,1,5,0,1,0,3,0,0,3,2",1.857,2.429,1.467,41.2,48.1,56.3,67.5,39.9,1.015,1.035,hot,92.1,9.1,42.0,30.0,3.14,1.15,6.73,0.99,10000,TB_V3_ADVANCED,68.21,0.0,31.79,MORE,68.21,88,Gold,39.48,28.73,31.79,PASS,39.48,62,Pass,39.48,0.0,60.52,PASS,39.48,58,Pass,20.64,18.84,60.52,PASS,20.64,58,Pass,20.64,0.0,79.36,PASS,20.64,58,Pass,13.17,7.47,79.36,PASS,13.17,58,Pass,13.17,0.0,86.83,PASS,13.17,58,Pass,6.32,6.85,86.83,PASS,6.32,58,Pass,6.32,0.0,93.68,PASS,6.32,58,Pass
2026-08-11,22,824970,Yandy Díaz,650490,TB,ATH,,0,TBD,,,R,Sutter Health Park,4.07,100.0,1.025,False,0.5,0.5,1+ TB,1.53,1.0,0.0,4.0,2.0,1.03,1.0,68.11,0.0,31.89,MORE,68.11,88,Gold,31.89,29.51,17.26,7.62,13.72,68.11,38.6,21.34,13.72,6.56,2.57,16.98,4.4,0.29,2.88,495,131,20,1,15,0.451,30,"4,0,0,3,0,0,2,2,2,4,0,0,3,0",1.429,1.286,1.467,54.2,56.8,50.0,67.5,56.3,1.0,1.035,hot,92.8,11.9,24.0,0.0,0.0,0.0,0.0,0.0,10000,TB_V3_ADVANCED,68.11,0.0,31.89,MORE,68.11,88,Gold,38.6,29.51,31.89,PASS,38.6,62,Pass,38.6,0.0,61.4,PASS,38.6,58,Pass,21.34,17.26,61.4,PASS,21.34,58,Pass,21.34,0.0,78.66,PASS,21.34,58,Pass,13.72,7.62,78.66,PASS,13.72,58,Pass,13.72,0.0,86.28,PASS,13.72,58,Pass,6.56,7.16,86.28,PASS,6.56,58,Pass,6.56,0.0,93.44,PASS,6.56,58,Pass
2026-08-11,23,823832,Jake Mangum,663968,PIT,MIA,,0,Eury Pérez,691587,R,S,loanDepot park,4.03,100.0,1.025,True,0.5,0.5,1+ TB,1.492,1.0,0.0,4.0,2.0,0.992,1.0,67.97,0.0,32.03,MORE,67.97,87,Gold,32.03,29.26,18.31,8.13,12.27,67.97,38.71,20.4,12.27,5.95,2.52,17.71,4.53,0.36,2.29,349,96,14,1,4,0.391,30,"5,5,0,2,0,1,1,0,2,5,1,3,1,1",1.929,2.0,1.7,42.3,48.3,35.3,50.0,41.6,0.965,1.0,Indoor/retractable,,,,,3.61,1.13,6.73,1.07,10000,TB_V3_ADVANCED,67.97,0.0,32.03,MORE,67.97,87,Gold,38.71,29.26,32.03,PASS,38.71,62,Pass,38.71,0.0,61.29,PASS,38.71,58,Pass,20.4,18.31,61.29,PASS,20.4,58,Pass,20.4,0.0,79.6,PASS,20.4,58,Pass,12.27,8.13,79.6,PASS,12.27,58,Pass,12.27,0.0,87.73,PASS,12.27,58,Pass,5.95,6.32,87.73,PASS,5.95,58,Pass,5.95,0.0,94.05,PASS,5.95,58,Pass
2026-08-11,24,824240,Dillon Dingler,693307,DET,CLE,,0,Tanner Bibee,676440,R,R,Comerica Park,4.1,92.9,1.025,True,0.5,0.5,1+ TB,1.819,1.0,0.0,5.0,3.0,1.319,1.0,67.88,0.0,32.12,MORE,67.88,90,Gold,32.12,24.74,15.39,6.32,21.43,67.88,43.14,27.75,21.43,11.06,5.34,14.49,4.39,0.37,4.7,462,113,23,2,26,0.525,30,"0,2,0,6,5,5,2,1,5,1,0,1,2,0",2.143,2.857,2.067,45.4,49.4,39.5,53.0,48.4,0.975,1.006,humid,76.5,5.6,86.0,40.0,3.85,1.13,7.7,1.5,10000,TB_V3_ADVANCED,67.88,0.0,32.12,MORE,67.88,90,Gold,43.14,24.74,32.12,PASS,43.14,64,Pass,43.14,0.0,56.86,PASS,43.14,60,Pass,27.75,15.39,56.86,PASS,27.75,58,Pass,27.75,0.0,72.25,PASS,27.75,58,Pass,21.43,6.32,72.25,PASS,21.43,58,Pass,21.43,0.0,78.57,PASS,21.43,58,Pass,11.06,10.37,78.57,PASS,11.06,58,Pass,11.06,0.0,88.94,PASS,11.06,58,Pass
2026-08-11,25,823264,Brice Turang,668930,MIL,SD,,0,Walker Buehler,621111,R,L,Petco Park,4.07,100.0,1.025,True,0.5,0.5,1+ TB,1.594,1.0,0.0,4.0,2.0,1.094,1.0,67.84,0.0,32.16,MORE,67.84,88,Gold,32.16,26.98,17.68,7.95,15.23,67.84,40.86,23.18,15.23,7.04,3.1,15.8,5.18,0.4,2.9,508,119,27,3,16,0.458,30,"1,4,3,1,0,1,0,1,1,4,2,3,0,1",1.571,1.429,1.867,56.7,50.3,29.0,50.0,56.8,0.95,1.0,Neutral,75.7,6.5,75.0,2.0,5.07,1.46,9.39,1.16,10000,TB_V3_ADVANCED,67.84,0.0,32.16,MORE,67.84,88,Gold,40.86,26.98,32.16,PASS,40.86,62,Pass,40.86,0.0,59.14,PASS,40.86,59,Pass,23.18,17.68,59.14,PASS,23.18,58,Pass,23.18,0.0,76.82,PASS,23.18,58,Pass,15.23,7.95,76.82,PASS,15.23,58,Pass,15.23,0.0,84.77,PASS,15.23,58,Pass,7.04,8.19,84.77,PASS,7.04,58,Pass,7.04,0.0,92.96,PASS,7.04,58,Pass
2026-08-11,26,824563,Chase Meidroth,805367,CWS,CIN,,0,Nick Lodolo,666157,L,R,Rate Field,4.04,100.0,1.025,True,0.5,0.5,1+ TB,1.627,1.0,0.0,4.0,2.0,1.127,1.0,67.82,0.0,32.18,MORE,67.82,88,Gold,32.18,26.66,17.83,7.21,16.12,67.82,41.16,23.33,16.12,8.13,3.66,15.54,5.04,0.26,3.35,475,114,21,0,11,0.404,30,"1,2,9,0,1,2,0,0,0,2,4,2,4,0",1.929,2.143,1.7,57.1,52.2,50.0,50.0,58.6,1.0,1.0,Neutral,,,,,4.6,1.47,9.34,1.29,10000,TB_V3_ADVANCED,67.82,0.0,32.18,MORE,67.82,88,Gold,41.16,26.66,32.18,PASS,41.16,62,Pass,41.16,0.0,58.84,PASS,41.16,59,Pass,23.33,17.83,58.84,PASS,23.33,58,Pass,23.33,0.0,76.67,PASS,23.33,58,Pass,16.12,7.21,76.67,PASS,16.12,58,Pass,16.12,0.0,83.88,PASS,16.12,58,Pass,8.13,7.99,83.88,PASS,8.13,58,Pass,8.13,0.0,91.87,PASS,8.13,58,Pass
2026-08-11,27,823917,Andy Pages,681624,LAD,KC,,0,Michael Wacha,608379,R,R,UNIQLO Field at Dodger Stadium,4.05,100.0,1.025,True,0.5,0.5,1+ TB,1.595,1.0,0.0,4.0,2.0,1.095,1.0,67.75,0.0,32.25,MORE,67.75,88,Gold,32.25,28.41,16.77,6.96,15.61,67.75,39.34,22.57,15.61,7.86,3.58,16.3,4.4,0.38,3.28,504,123,24,2,19,0.46,30,"3,2,4,1,0,1,3,1,1,2,6,1,0,1",1.857,2.0,1.5,48.5,53.7,50.0,50.0,48.3,1.0,1.0,Neutral,,,,,3.44,1.15,7.81,1.06,10000,TB_V3_ADVANCED,67.75,0.0,32.25,MORE,67.75,88,Gold,39.34,28.41,32.25,PASS,39.34,62,Pass,39.34,0.0,60.66,PASS,39.34,59,Pass,22.57,16.77,60.66,PASS,22.57,58,Pass,22.57,0.0,77.43,PASS,22.57,58,Pass,15.61,6.96,77.43,PASS,15.61,58,Pass,15.61,0.0,84.39,PASS,15.61,58,Pass,7.86,7.75,84.39,PASS,7.86,58,Pass,7.86,0.0,92.14,PASS,7.86,58,Pass
2026-08-11,28,824886,Carson Benge,701807,NYM,ATL,,0,Martín Pérez,527048,L,L,Truist Park,4.03,92.9,1.025,True,0.5,0.5,1+ TB,1.558,1.0,0.0,4.0,2.0,1.058,1.0,67.66,0.0,32.34,MORE,67.66,87,Gold,32.34,29.55,16.35,6.6,15.16,67.66,38.11,21.76,15.16,7.36,3.17,17.03,3.7,0.6,3.22,467,116,15,3,13,0.412,30,"2,2,5,4,4,0,1,4,1,3,1,0,1,0",2.0,2.571,1.833,41.2,48.1,56.3,67.5,39.9,1.015,1.035,hot,92.1,9.1,42.0,30.0,3.14,1.15,6.73,0.99,10000,TB_V3_ADVANCED,67.66,0.0,32.34,MORE,67.66,87,Gold,38.11,29.55,32.34,PASS,38.11,62,Pass,38.11,0.0,61.89,PASS,38.11,58,Pass,21.76,16.35,61.89,PASS,21.76,58,Pass,21.76,0.0,78.24,PASS,21.76,58,Pass,15.16,6.6,78.24,PASS,15.16,58,Pass,15.16,0.0,84.84,PASS,15.16,58,Pass,7.36,7.8,84.84,PASS,7.36,58,Pass,7.36,0.0,92.64,PASS,7.36,58,Pass
2026-08-11,29,822778,Ernie Clement,676391,TOR,BOS,,0,Patrick Sandoval,663776,L,R,Rogers Centre,4.03,100.0,1.025,True,0.5,0.5,1+ TB,1.539,1.0,0.0,4.0,2.0,1.039,1.0,67.66,0.0,32.34,MORE,67.66,87,Gold,32.34,27.42,18.69,7.83,13.72,67.66,40.24,21.55,13.72,6.27,2.7,16.53,5.1,0.34,2.57,471,128,28,1,9,0.411,30,"2,2,0,2,4,0,0,0,1,0,2,1,2,2",1.286,1.429,1.467,59.8,47.6,50.0,50.0,56.5,1.0,1.0,Indoor/retractable,,,,,3.38,1.67,11.25,1.13,10000,TB_V3_ADVANCED,67.66,0.0,32.34,MORE,67.66,87,Gold,40.24,27.42,32.34,PASS,40.24,62,Pass,40.24,0.0,59.76,PASS,40.24,58,Pass,21.55,18.69,59.76,PASS,21.55,58,Pass,21.55,0.0,78.45,PASS,21.55,58,Pass,13.72,7.83,78.45,PASS,13.72,58,Pass,13.72,0.0,86.28,PASS,13.72,58,Pass,6.27,7.45,86.28,PASS,6.27,58,Pass,6.27,0.0,93.73,PASS,6.27,58,Pass
2026-08-11,30,824970,Jeff McNeil,643446,ATH,TB,,0,Nick Martinez,607259,R,L,Sutter Health Park,3.95,85.7,1.025,True,0.5,0.5,1+ TB,1.421,1.0,0.0,4.0,2.0,0.921,1.0,67.58,0.0,32.42,MORE,67.58,86,Gold,32.42,31.03,18.34,6.89,11.32,67.58,36.55,18.21,11.32,5.36,1.86,17.82,4.01,0.26,2.24,352,80,13,0,4,0.329,30,"1,0,0,2,2,1,0,1,2,1,2,4,0,5",1.5,0.857,1.133,43.3,47.9,50.0,67.5,41.6,1.0,1.035,hot,92.8,11.9,24.0,0.0,2.65,1.1,8.51,1.05,10000,TB_V3_ADVANCED,67.58,0.0,32.42,MORE,67.58,86,Gold,36.55,31.03,32.42,PASS,36.55,61,Pass,36.55,0.0,63.45,PASS,36.55,58,Pass,18.21,18.34,63.45,PASS,18.21,58,Pass,18.21,0.0,81.79,PASS,18.21,58,Pass,11.32,6.89,81.79,PASS,11.32,58,Pass,11.32,0.0,88.68,PASS,11.32,58,Pass,5.36,5.96,88.68,PASS,5.36,58,Pass,5.36,0.0,94.64,PASS,5.36,58,Pass
2026-08-11,31,823512,Luis García Jr.,671277,NYY,SEA,,0,Bryan Woo,693433,R,L,Yankee Stadium,4.02,92.9,1.025,True,0.5,0.5,1+ TB,1.836,1.0,0.0,5.0,3.0,1.336,1.0,67.54,0.0,32.46,MORE,67.54,89,Gold,32.46,23.4,15.25,6.94,21.95,67.54,44.14,28.89,21.95,10.91,5.29,13.71,5.12,0.79,4.77,395,105,20,5,24,0.551,30,"0,1,0,1,5,2,0,9,1,5,3,3,0,0",2.143,1.286,2.2,46.5,48.5,68.9,60.0,44.4,1.045,1.02,warm,89.3,4.1,41.0,13.0,4.31,1.12,8.13,0.92,10000,TB_V3_ADVANCED,67.54,0.0,32.46,MORE,67.54,89,Gold,44.14,23.4,32.46,PASS,44.14,64,Pass,44.14,0.0,55.86,PASS,44.14,60,Pass,28.89,15.25,55.86,PASS,28.89,58,Pass,28.89,0.0,71.11,PASS,28.89,58,Pass,21.95,6.94,71.11,PASS,21.95,58,Pass,21.95,0.0,78.05,PASS,21.95,58,Pass,10.91,11.04,78.05,PASS,10.91,58,Pass,10.91,0.0,89.09,PASS,10.91,58,Pass
2026-08-11,32,823917,Shohei Ohtani,660271,LAD,KC,,0,Michael Wacha,608379,R,L,UNIQLO Field at Dodger Stadium,4.07,100.0,1.025,True,0.5,0.5,1+ TB,1.731,1.0,0.0,4.0,3.0,1.231,1.0,67.45,0.0,32.55,MORE,67.45,88,Gold,32.55,25.58,15.84,6.6,19.43,67.45,41.87,26.03,19.43,9.69,4.42,14.54,4.68,0.37,4.33,496,121,22,2,26,0.542,30,"0,1,0,9,1,2,1,1,6,3,7,2,0,3",2.571,2.0,2.133,48.5,53.7,50.0,50.0,48.3,1.0,1.0,Neutral,,,,,3.44,1.15,7.81,1.06,10000,TB_V3_ADVANCED,67.45,0.0,32.55,MORE,67.45,88,Gold,41.87,25.58,32.55,PASS,41.87,63,Pass,41.87,0.0,58.13,PASS,41.87,60,Pass,26.03,15.84,58.13,PASS,26.03,58,Pass,26.03,0.0,73.97,PASS,26.03,58,Pass,19.43,6.6,73.97,PASS,19.43,58,Pass,19.43,0.0,80.57,PASS,19.43,58,Pass,9.69,9.74,80.57,PASS,9.69,58,Pass,9.69,0.0,90.31,PASS,9.69,58,Pass
2026-08-11,33,823186,Yordan Alvarez,670541,HOU,SF,,0,TBD,,,L,Oracle Park,4.09,100.0,1.025,False,0.5,0.5,1+ TB,1.713,1.0,0.0,4.0,3.0,1.213,1.0,67.42,0.0,32.58,MORE,67.42,88,Gold,32.58,25.3,16.55,7.22,18.35,67.42,42.12,25.57,18.35,9.28,4.45,14.74,5.06,0.23,4.1,517,137,24,0,35,0.624,30,"0,0,1,1,1,1,7,2,2,0,5,1,0,0",1.5,1.571,2.4,51.0,50.2,29.0,50.0,50.2,0.95,1.0,Neutral,64.6,13.2,75.0,1.0,0.0,0.0,0.0,0.0,10000,TB_V3_ADVANCED,67.42,0.0,32.58,MORE,67.42,88,Gold,42.12,25.3,32.58,PASS,42.12,63,Pass,42.12,0.0,57.88,PASS,42.12,60,Pass,25.57,16.55,57.88,PASS,25.57,58,Pass,25.57,0.0,74.43,PASS,25.57,58,Pass,18.35,7.22,74.43,PASS,18.35,58,Pass,18.35,0.0,81.65,PASS,18.35,58,Pass,9.28,9.07,81.65,PASS,9.28,58,Pass,9.28,0.0,90.72,PASS,9.28,58,Pass
2026-08-11,34,823512,Josh Naylor,647304,SEA,NYY,,0,Ryan Weathers,677960,L,L,Yankee Stadium,4.02,100.0,1.025,True,0.5,0.5,1+ TB,1.541,1.0,0.0,4.0,2.0,1.041,1.0,67.41,0.0,32.59,MORE,67.41,87,Gold,32.59,28.5,17.58,7.23,14.1,67.41,38.91,21.33,14.1,7.01,2.92,16.42,4.64,0.26,2.97,474,113,17,0,10,0.372,30,"1,10,0,0,0,3,1,0,2,2,2,2,2,0",1.786,2.143,1.467,46.4,46.3,68.9,60.0,46.0,1.045,1.02,warm,89.3,4.1,41.0,13.0,3.79,1.22,8.48,1.26,10000,TB_V3_ADVANCED,67.41,0.0,32.59,MORE,67.41,87,Gold,38.91,28.5,32.59,PASS,38.91,62,Pass,38.91,0.0,61.09,PASS,38.91,58,Pass,21.33,17.58,61.09,PASS,21.33,58,Pass,21.33,0.0,78.67,PASS,21.33,58,Pass,14.1,7.23,78.67,PASS,14.1,58,Pass,14.1,0.0,85.9,PASS,14.1,58,Pass,7.01,7.09,85.9,PASS,7.01,58,Pass,7.01,0.0,92.99,PASS,7.01,58,Pass
2026-08-11,35,823019,Trea Turner,607208,PHI,STL,,0,Andre Pallante,669467,R,R,Busch Stadium,4.09,100.0,1.025,True,0.5,0.5,1+ TB,1.599,1.0,0.0,4.0,2.0,1.099,1.0,66.73,0.0,33.27,MORE,66.73,87,Gold,33.27,27.97,15.63,6.49,16.64,66.73,38.76,23.13,16.64,8.02,3.55,15.53,4.08,0.41,3.51,516,119,20,1,17,0.4,30,"0,5,0,3,0,3,0,1,3,6,5,0,1,4",2.214,1.571,2.067,49.2,50.2,47.9,67.5,44.5,0.995,1.035,hot,101.5,11.6,27.0,0.0,3.63,1.22,8.27,0.73,10000,TB_V3_ADVANCED,66.73,0.0,33.27,MORE,66.73,87,Gold,38.76,27.97,33.27,PASS,38.76,62,Pass,38.76,0.0,61.24,PASS,38.76,59,Pass,23.13,15.63,61.24,PASS,23.13,58,Pass,23.13,0.0,76.87,PASS,23.13,58,Pass,16.64,6.49,76.87,PASS,16.64,58,Pass,16.64,0.0,83.36,PASS,16.64,58,Pass,8.02,8.62,83.36,PASS,8.02,58,Pass,8.02,0.0,91.98,PASS,8.02,58,Pass
2026-08-11,36,822697,Alex Bregman,608324,CHC,WSH,,0,TBD,,,R,Nationals Park,4.08,100.0,1.025,False,0.5,0.5,1+ TB,1.603,1.0,0.0,4.0,2.0,1.103,1.0,66.69,0.0,33.31,MORE,66.69,87,Gold,33.31,25.49,17.94,7.62,15.64,66.69,41.2,23.26,15.64,7.32,3.58,14.93,5.71,0.29,2.89,532,115,23,1,12,0.381,30,"3,0,1,5,1,2,2,0,1,1,4,2,4,9",2.5,2.0,1.967,52.2,53.6,50.0,45.5,53.3,1.0,0.991,"humid, rain risk",79.3,3.8,83.0,61.0,0.0,0.0,0.0,0.0,10000,TB_V3_ADVANCED,66.69,0.0,33.31,MORE,66.69,87,Gold,41.2,25.49,33.31,PASS,41.2,62,Pass,41.2,0.0,58.8,PASS,41.2,59,Pass,23.26,17.94,58.8,PASS,23.26,58,Pass,23.26,0.0,76.74,PASS,23.26,58,Pass,15.64,7.62,76.74,PASS,15.64,58,Pass,15.64,0.0,84.36,PASS,15.64,58,Pass,7.32,8.32,84.36,PASS,7.32,58,Pass,7.32,0.0,92.68,PASS,7.32,58,Pass
2026-08-11,37,824240,Kevin McGonigle,805808,DET,CLE,,0,Tanner Bibee,676440,R,L,Comerica Park,4.14,100.0,1.025,True,0.5,0.5,1+ TB,1.529,1.0,0.0,4.0,2.0,1.029,1.0,66.67,0.0,33.33,MORE,66.67,86,Gold,33.33,28.99,16.39,6.62,14.67,66.67,37.68,21.29,14.67,7.2,2.95,16.99,3.58,0.42,2.91,515,125,20,3,12,0.428,30,"1,1,3,5,0,0,0,6,4,0,4,2,2,0",2.0,1.429,1.767,45.4,49.4,39.5,53.0,48.4,0.975,1.006,humid,76.5,5.6,86.0,40.0,3.85,1.13,7.7,1.5,10000,TB_V3_ADVANCED,66.67,0.0,33.33,MORE,66.67,86,Gold,37.68,28.99,33.33,PASS,37.68,62,Pass,37.68,0.0,62.32,PASS,37.68,58,Pass,21.29,16.39,62.32,PASS,21.29,58,Pass,21.29,0.0,78.71,PASS,21.29,58,Pass,14.67,6.62,78.71,PASS,14.67,58,Pass,14.67,0.0,85.33,PASS,14.67,58,Pass,7.2,7.47,85.33,PASS,7.2,58,Pass,7.2,0.0,92.8,PASS,7.2,58,Pass
2026-08-11,38,822697,CJ Abrams,682928,WSH,CHC,,0,Shota Imanaga,684007,L,L,Nationals Park,4.06,100.0,1.025,True,0.5,0.5,1+ TB,1.695,1.0,0.0,4.0,3.0,1.195,1.0,66.65,0.0,33.35,MORE,66.65,87,Gold,33.35,25.77,15.83,6.5,18.55,66.65,40.88,25.05,18.55,9.22,4.72,14.44,4.84,0.58,3.97,498,126,23,3,28,0.544,30,"1,3,1,0,5,3,0,0,1,4,0,0,1,0",1.357,1.857,2.633,45.0,51.2,50.0,45.5,50.9,1.0,0.991,"humid, rain risk",79.3,3.8,83.0,61.0,3.6,1.09,7.87,1.7,10000,TB_V3_ADVANCED,66.65,0.0,33.35,MORE,66.65,87,Gold,40.88,25.77,33.35,PASS,40.88,63,Pass,40.88,0.0,59.12,PASS,40.88,59,Pass,25.05,15.83,59.12,PASS,25.05,58,Pass,25.05,0.0,74.95,PASS,25.05,58,Pass,18.55,6.5,74.95,PASS,18.55,58,Pass,18.55,0.0,81.45,PASS,18.55,58,Pass,9.22,9.33,81.45,PASS,9.22,58,Pass,9.22,0.0,90.78,PASS,9.22,58,Pass
2026-08-11,39,823673,Josh Bell,605137,MIN,BAL,,0,Brandon Young,687064,R,S,Target Field,4.04,100.0,1.025,True,0.5,0.5,1+ TB,1.577,1.0,0.0,4.0,2.0,1.077,1.0,66.18,0.0,33.82,MORE,66.18,86,Gold,33.82,27.37,16.25,6.64,15.92,66.18,38.81,22.56,15.92,7.92,3.51,14.72,4.72,0.31,3.35,460,105,24,1,15,0.42,30,"0,1,7,1,0,5,3,1,0,0,2,0,0,0",1.429,2.429,1.767,50.8,50.5,43.7,60.0,48.5,0.985,1.02,warm,89.5,6.6,42.0,6.0,3.43,1.31,8.61,1.0,10000,TB_V3_ADVANCED,66.18,0.0,33.82,MORE,66.18,86,Gold,38.81,27.37,33.82,PASS,38.81,62,Pass,38.81,0.0,61.19,PASS,38.81,59,Pass,22.56,16.25,61.19,PASS,22.56,58,Pass,22.56,0.0,77.44,PASS,22.56,58,Pass,15.92,6.64,77.44,PASS,15.92,58,Pass,15.92,0.0,84.08,PASS,15.92,58,Pass,7.92,8.0,84.08,PASS,7.92,58,Pass,7.92,0.0,92.08,PASS,7.92,58,Pass
2026-08-11,40,822778,Vladimir Guerrero Jr.,665489,TOR,BOS,,0,Patrick Sandoval,663776,L,R,Rogers Centre,4.03,92.9,1.025,True,0.5,0.5,1+ TB,1.455,1.0,0.0,4.0,2.0,0.955,1.0,66.09,0.0,33.91,MORE,66.09,85,Gold,33.91,28.59,17.9,7.04,12.56,66.09,37.5,19.6,12.56,5.91,2.51,16.0,4.83,0.26,2.46,466,107,19,0,7,0.359,30,"2,5,0,0,0,2,2,1,2,0,3,2,2,2",1.643,1.571,1.467,59.8,47.6,50.0,50.0,56.5,1.0,1.0,Indoor/retractable,,,,,3.38,1.67,11.25,1.13,10000,TB_V3_ADVANCED,66.09,0.0,33.91,MORE,66.09,85,Gold,37.5,28.59,33.91,PASS,37.5,61,Pass,37.5,0.0,62.5,PASS,37.5,58,Pass,19.6,17.9,62.5,PASS,19.6,58,Pass,19.6,0.0,80.4,PASS,19.6,58,Pass,12.56,7.04,80.4,PASS,12.56,58,Pass,12.56,0.0,87.44,PASS,12.56,58,Pass,5.91,6.65,87.44,PASS,5.91,58,Pass,5.91,0.0,94.09,PASS,5.91,58,Pass
2026-08-11,41,825046,Hunter Goodman,696100,COL,AZ,,0,Mitch Bratt,683352,L,R,Chase Field,4.01,92.9,1.025,True,0.5,0.5,1+ TB,1.754,1.0,0.0,5.0,3.0,1.254,1.0,66.08,0.0,33.92,MORE,66.08,87,Gold,33.92,25.01,14.34,5.18,21.55,66.08,41.07,26.73,21.55,10.27,4.81,14.15,3.85,0.26,5.11,449,103,16,0,34,0.546,30,"5,1,0,0,1,0,10,0,0,0,1,1,1,1",1.5,2.429,2.067,52.3,50.5,50.0,50.0,53.6,1.0,1.0,Indoor/retractable,,,,,3.9,1.52,7.81,1.3,10000,TB_V3_ADVANCED,66.08,0.0,33.92,MORE,66.08,87,Gold,41.07,25.01,33.92,PASS,41.07,63,Pass,41.07,0.0,58.93,PASS,41.07,60,Pass,26.73,14.34,58.93,PASS,26.73,58,Pass,26.73,0.0,73.27,PASS,26.73,58,Pass,21.55,5.18,73.27,PASS,21.55,58,Pass,21.55,0.0,78.45,PASS,21.55,58,Pass,10.27,11.28,78.45,PASS,10.27,58,Pass,10.27,0.0,89.73,PASS,10.27,58,Pass
2026-08-11,42,823264,Fernando Tatis Jr.,665487,SD,MIL,,0,Kyle Harrison,690986,L,R,Petco Park,4.08,100.0,1.025,True,0.5,0.5,1+ TB,1.565,1.0,0.0,4.0,2.0,1.065,1.0,65.99,0.0,34.01,MORE,65.99,85,Gold,34.01,26.91,16.41,7.32,15.35,65.99,39.08,22.67,15.35,7.3,3.46,14.53,5.13,0.4,3.02,518,130,25,2,11,0.417,30,"6,1,5,2,4,2,0,0,2,1,2,5,0,0",2.143,2.857,2.1,39.1,46.2,29.0,50.0,37.0,0.95,1.0,Neutral,75.7,6.5,75.0,2.0,2.84,1.04,7.21,1.02,10000,TB_V3_ADVANCED,65.99,0.0,34.01,MORE,65.99,85,Gold,39.08,26.91,34.01,PASS,39.08,62,Pass,39.08,0.0,60.92,PASS,39.08,58,Pass,22.67,16.41,60.92,PASS,22.67,58,Pass,22.67,0.0,77.33,PASS,22.67,58,Pass,15.35,7.32,77.33,PASS,15.35,58,Pass,15.35,0.0,84.65,PASS,15.35,58,Pass,7.3,8.05,84.65,PASS,7.3,58,Pass,7.3,0.0,92.7,PASS,7.3,58,Pass
2026-08-11,43,822697,Pete Crow-Armstrong,691718,CHC,WSH,,0,TBD,,,L,Nationals Park,4.1,100.0,1.025,False,0.5,0.5,1+ TB,1.702,1.0,0.0,4.0,3.0,1.202,1.0,65.96,0.0,34.04,MORE,65.96,86,Gold,34.04,24.2,15.56,7.38,18.82,65.96,41.76,26.2,18.82,9.25,4.3,13.19,4.97,0.81,4.09,527,128,23,7,26,0.544,30,"2,0,1,2,10,2,1,0,3,0,4,4,0,0",2.071,2.571,2.267,52.2,53.6,50.0,45.5,53.3,1.0,0.991,"humid, rain risk",79.3,3.8,83.0,61.0,0.0,0.0,0.0,0.0,10000,TB_V3_ADVANCED,65.96,0.0,34.04,MORE,65.96,86,Gold,41.76,24.2,34.04,PASS,41.76,63,Pass,41.76,0.0,58.24,PASS,41.76,59,Pass,26.2,15.56,58.24,PASS,26.2,58,Pass,26.2,0.0,73.8,PASS,26.2,58,Pass,18.82,7.38,73.8,PASS,18.82,58,Pass,18.82,0.0,81.18,PASS,18.82,58,Pass,9.25,9.57,81.18,PASS,9.25,58,Pass,9.25,0.0,90.75,PASS,9.25,58,Pass
2026-08-11,44,823264,Jake Bauers,641343,MIL,SD,,0,Walker Buehler,621111,R,L,Petco Park,4.0,85.7,1.025,True,0.5,0.5,1+ TB,1.627,1.0,0.0,4.0,2.0,1.127,1.0,65.87,0.0,34.13,MORE,65.87,86,Gold,34.13,26.71,15.03,6.32,17.81,65.87,39.16,24.13,17.81,8.92,3.71,15.2,3.81,0.47,4.14,417,96,16,2,21,0.506,30,"5,1,0,1,1,4,5,4,1,3,2,1,0,1",2.071,2.429,1.733,56.7,50.3,29.0,50.0,56.8,0.95,1.0,Neutral,75.7,6.5,75.0,2.0,5.07,1.46,9.39,1.16,10000,TB_V3_ADVANCED,65.87,0.0,34.13,MORE,65.87,86,Gold,39.16,26.71,34.13,PASS,39.16,62,Pass,39.16,0.0,60.84,PASS,39.16,59,Pass,24.13,15.03,60.84,PASS,24.13,58,Pass,24.13,0.0,75.87,PASS,24.13,58,Pass,17.81,6.32,75.87,PASS,17.81,58,Pass,17.81,0.0,82.19,PASS,17.81,58,Pass,8.92,8.89,82.19,PASS,8.92,58,Pass,8.92,0.0,91.08,PASS,8.92,58,Pass
2026-08-11,45,823019,Iván Herrera,671056,STL,PHI,,0,Cristopher Sánchez,650911,L,R,Busch Stadium,4.06,100.0,1.025,True,0.5,0.5,1+ TB,1.518,1.0,0.0,4.0,2.0,1.018,1.0,65.85,0.0,34.15,MORE,65.85,85,Gold,34.15,26.85,17.54,7.41,14.05,65.85,39.0,21.46,14.05,6.62,2.88,14.78,4.95,0.28,2.9,521,110,21,1,13,0.391,30,"4,5,4,2,1,0,0,2,0,1,5,0,1,5",2.143,2.286,1.5,48.8,51.0,47.9,67.5,44.5,0.995,1.035,hot,101.5,11.6,27.0,0.0,2.65,1.22,8.84,0.78,10000,TB_V3_ADVANCED,65.85,0.0,34.15,MORE,65.85,85,Gold,39.0,26.85,34.15,PASS,39.0,62,Pass,39.0,0.0,61.0,PASS,39.0,58,Pass,21.46,17.54,61.0,PASS,21.46,58,Pass,21.46,0.0,78.54,PASS,21.46,58,Pass,14.05,7.41,78.54,PASS,14.05,58,Pass,14.05,0.0,85.95,PASS,14.05,58,Pass,6.62,7.43,85.95,PASS,6.62,58,Pass,6.62,0.0,93.38,PASS,6.62,58,Pass
2026-08-11,46,823832,Xavier Edwards,669364,MIA,PIT,,0,Paul Skenes,694973,R,S,loanDepot park,4.01,92.9,1.025,True,0.5,0.5,1+ TB,1.353,1.0,0.0,3.0,2.0,0.853,1.0,65.74,0.0,34.26,MORE,65.74,84,Silver,34.26,30.59,17.59,7.87,9.69,65.74,35.15,17.56,9.69,4.34,1.82,16.88,3.86,0.67,1.7,498,123,16,6,6,0.39,30,"0,3,0,2,1,0,1,0,1,1,1,1,2,1",1.0,1.0,1.067,46.2,50.1,35.3,50.0,43.9,0.965,1.0,Indoor/retractable,,,,,3.96,1.12,7.57,0.9,10000,TB_V3_ADVANCED,65.74,0.0,34.26,MORE,65.74,84,Silver,35.15,30.59,34.26,PASS,35.15,61,Pass,35.15,0.0,64.85,PASS,35.15,58,Pass,17.56,17.59,64.85,PASS,17.56,58,Pass,17.56,0.0,82.44,PASS,17.56,58,Pass,9.69,7.87,82.44,PASS,9.69,58,Pass,9.69,0.0,90.31,PASS,9.69,58,Pass,4.34,5.35,90.31,PASS,4.34,58,Pass,4.34,0.0,95.66,PASS,4.34,58,Pass
2026-08-11,47,824240,Chase DeLauter,800050,CLE,DET,,0,Drew Anderson,623454,R,L,Comerica Park,4.08,100.0,1.025,True,0.5,0.5,1+ TB,1.509,1.0,0.0,4.0,2.0,1.009,1.0,65.73,0.0,34.27,MORE,65.73,85,Gold,34.27,28.55,16.23,6.51,14.44,65.73,37.18,20.95,14.44,6.95,3.05,15.27,4.43,0.28,2.83,429,105,21,1,12,0.433,30,"0,1,2,2,0,1,3,4,0,1,1,0,0,2",1.214,1.286,1.8,47.8,46.8,39.5,53.0,47.2,0.975,1.006,humid,76.5,5.6,86.0,40.0,4.01,1.29,8.29,1.2,10000,TB_V3_ADVANCED,65.73,0.0,34.27,MORE,65.73,85,Gold,37.18,28.55,34.27,PASS,37.18,62,Pass,37.18,0.0,62.82,PASS,37.18,58,Pass,20.95,16.23,62.82,PASS,20.95,58,Pass,20.95,0.0,79.05,PASS,20.95,58,Pass,14.44,6.51,79.05,PASS,14.44,58,Pass,14.44,0.0,85.56,PASS,14.44,58,Pass,6.95,7.49,85.56,PASS,6.95,58,Pass,6.95,0.0,93.05,PASS,6.95,58,Pass
2026-08-11,48,823673,Luke Keaschall,807712,MIN,BAL,,0,Brandon Young,687064,R,R,Target Field,4.02,100.0,1.025,True,0.5,0.5,1+ TB,1.443,1.0,0.0,4.0,2.0,0.943,1.0,65.67,0.0,34.33,MORE,65.67,84,Silver,34.33,28.89,17.31,6.84,12.63,65.67,36.78,19.47,12.63,5.7,2.31,16.11,4.09,0.32,2.67,432,97,16,1,6,0.359,30,"0,3,1,1,1,5,4,3,0,1,1,0,0,1",1.5,2.143,1.5,50.8,50.5,43.7,60.0,48.5,0.985,1.02,warm,89.5,6.6,42.0,6.0,3.43,1.31,8.61,1.0,10000,TB_V3_ADVANCED,65.67,0.0,34.33,MORE,65.67,84,Silver,36.78,28.89,34.33,PASS,36.78,61,Pass,36.78,0.0,63.22,PASS,36.78,58,Pass,19.47,17.31,63.22,PASS,19.47,58,Pass,19.47,0.0,80.53,PASS,19.47,58,Pass,12.63,6.84,80.53,PASS,12.63,58,Pass,12.63,0.0,87.37,PASS,12.63,58,Pass,5.7,6.93,87.37,PASS,5.7,58,Pass,5.7,0.0,94.3,PASS,5.7,58,Pass
2026-08-11,49,822697,Michael Busch,683737,CHC,WSH,,0,TBD,,,L,Nationals Park,4.07,100.0,1.025,False,0.5,0.5,1+ TB,1.472,1.0,0.0,4.0,2.0,0.972,1.0,65.63,0.0,34.37,MORE,65.63,84,Silver,34.37,28.49,16.8,7.19,13.15,65.63,37.14,20.34,13.15,6.02,2.71,16.02,4.35,0.33,2.75,531,111,20,2,14,0.395,30,"4,1,2,0,3,0,5,1,1,0,2,0,1,0",1.429,2.143,1.7,52.2,53.6,50.0,45.5,53.3,1.0,0.991,"humid, rain risk",79.3,3.8,83.0,61.0,0.0,0.0,0.0,0.0,10000,TB_V3_ADVANCED,65.63,0.0,34.37,MORE,65.63,84,Silver,37.14,28.49,34.37,PASS,37.14,61,Pass,37.14,0.0,62.86,PASS,37.14,58,Pass,20.34,16.8,62.86,PASS,20.34,58,Pass,20.34,0.0,79.66,PASS,20.34,58,Pass,13.15,7.19,79.66,PASS,13.15,58,Pass,13.15,0.0,86.85,PASS,13.15,58,Pass,6.02,7.13,86.85,PASS,6.02,58,Pass,6.02,0.0,93.98,PASS,6.02,58,Pass
2026-08-11,50,823997,Nolan Schanuel,694384,LAA,TEX,,0,TBD,,,L,Angel Stadium,4.03,100.0,1.025,False,0.5,0.5,1+ TB,1.436,1.0,0.0,4.0,2.0,0.936,1.0,65.15,0.0,34.85,MORE,65.15,83,Silver,34.85,27.56,18.58,6.82,12.19,65.15,37.59,19.01,12.19,5.72,2.41,15.42,5.18,0.25,2.39,409,99,21,0,7,0.391,30,"1,1,4,0,1,4,0,0,1,2,1,2,0,1",1.286,1.571,1.433,50.5,51.1,50.0,50.0,51.0,1.0,1.0,Neutral,79.7,9.2,62.0,1.0,0.0,0.0,0.0,0.0,10000,TB_V3_ADVANCED,65.15,0.0,34.85,MORE,65.15,83,Silver,37.59,27.56,34.85,PASS,37.59,61,Pass,37.59,0.0,62.41,PASS,37.59,58,Pass,19.01,18.58,62.41,PASS,19.01,58,Pass,19.01,0.0,80.99,PASS,19.01,58,Pass,12.19,6.82,80.99,PASS,12.19,58,Pass,12.19,0.0,87.81,PASS,12.19,58,Pass,5.72,6.47,87.81,PASS,5.72,58,Pass,5.72,0.0,94.28,PASS,5.72,58,Pass
2026-08-11,51,823917,Salvador Perez,521692,KC,LAD,,0,Blake Snell,605483,L,R,UNIQLO Field at Dodger Stadium,4.02,100.0,1.025,True,0.5,0.5,1+ TB,1.555,1.0,0.0,4.0,2.0,1.055,1.0,65.09,0.0,34.91,MORE,65.09,84,Silver,34.91,25.89,16.8,7.14,15.26,65.09,39.2,22.4,15.26,7.21,3.33,14.44,5.27,0.44,3.41,461,92,17,1,16,0.373,30,"1,1,1,0,2,2,4,2,0,4,2,0,4,2",1.786,1.571,1.867,78.1,47.6,50.0,50.0,75.1,1.0,1.0,Neutral,,,,,12.0,2.67,18.0,0.0,10000,TB_V3_ADVANCED,65.09,0.0,34.91,MORE,65.09,84,Silver,39.2,25.89,34.91,PASS,39.2,62,Pass,39.2,0.0,60.8,PASS,39.2,58,Pass,22.4,16.8,60.8,PASS,22.4,58,Pass,22.4,0.0,77.6,PASS,22.4,58,Pass,15.26,7.14,77.6,PASS,15.26,58,Pass,15.26,0.0,84.74,PASS,15.26,58,Pass,7.21,8.05,84.74,PASS,7.21,58,Pass,7.21,0.0,92.79,PASS,7.21,58,Pass
2026-08-11,52,823832,Brandon Lowe,664040,PIT,MIA,,0,Eury Pérez,691587,R,L,loanDepot park,4.05,92.9,1.025,True,0.5,0.5,1+ TB,1.641,1.0,0.0,4.0,2.0,1.141,1.0,64.9,0.0,35.1,MORE,64.9,85,Gold,35.1,25.0,15.55,5.89,18.46,64.9,39.9,24.35,18.46,8.74,4.16,13.68,4.66,0.29,4.16,492,111,25,1,25,0.485,30,"0,4,1,4,0,2,1,0,1,4,4,1,6,4",2.286,1.714,1.833,42.3,48.3,35.3,50.0,41.6,0.965,1.0,Indoor/retractable,,,,,3.61,1.13,6.73,1.07,10000,TB_V3_ADVANCED,64.9,0.0,35.1,MORE,64.9,85,Gold,39.9,25.0,35.1,PASS,39.9,63,Pass,39.9,0.0,60.1,PASS,39.9,59,Pass,24.35,15.55,60.1,PASS,24.35,58,Pass,24.35,0.0,75.65,PASS,24.35,58,Pass,18.46,5.89,75.65,PASS,18.46,58,Pass,18.46,0.0,81.54,PASS,18.46,58,Pass,8.74,9.72,81.54,PASS,8.74,58,Pass,8.74,0.0,91.26,PASS,8.74,58,Pass
2026-08-11,53,825046,Geraldo Perdomo,672695,AZ,COL,,0,Tomoyuki Sugano,608372,R,S,Chase Field,4.08,100.0,1.025,True,0.5,0.5,1+ TB,1.51,1.0,0.0,4.0,2.0,1.01,1.0,64.65,0.0,35.35,MORE,64.65,83,Silver,35.35,26.79,16.2,7.0,14.66,64.65,37.86,21.66,14.66,6.88,3.03,15.31,3.8,1.07,2.68,498,101,15,6,9,0.376,30,"1,3,5,0,1,2,2,1,7,2,0,3,1,4",2.286,2.0,1.733,57.9,57.3,50.0,50.0,64.4,1.0,1.0,Indoor/retractable,,,,,4.51,1.26,9.2,1.84,10000,TB_V3_ADVANCED,64.65,0.0,35.35,MORE,64.65,83,Silver,37.86,26.79,35.35,PASS,37.86,62,Pass,37.86,0.0,62.14,PASS,37.86,58,Pass,21.66,16.2,62.14,PASS,21.66,58,Pass,21.66,0.0,78.34,PASS,21.66,58,Pass,14.66,7.0,78.34,PASS,14.66,58,Pass,14.66,0.0,85.34,PASS,14.66,58,Pass,6.88,7.78,85.34,PASS,6.88,58,Pass,6.88,0.0,93.12,PASS,6.88,58,Pass
2026-08-11,54,823019,Alec Burleson,676475,STL,PHI,,0,Cristopher Sánchez,650911,L,L,Busch Stadium,4.03,92.9,1.025,True,0.5,0.5,1+ TB,1.582,1.0,0.0,4.0,2.0,1.082,1.0,64.62,0.0,35.38,MORE,64.62,84,Silver,35.38,25.59,15.61,6.22,17.2,64.62,39.03,23.42,17.2,7.62,3.33,13.85,4.88,0.29,3.8,496,126,28,1,19,0.478,30,"4,0,0,2,0,12,1,2,2,1,1,0,0,3",2.0,2.714,1.833,48.8,51.0,47.9,67.5,44.5,0.995,1.035,hot,101.5,11.6,27.0,0.0,2.65,1.22,8.84,0.78,10000,TB_V3_ADVANCED,64.62,0.0,35.38,MORE,64.62,84,Silver,39.03,25.59,35.38,PASS,39.03,62,Pass,39.03,0.0,60.97,PASS,39.03,59,Pass,23.42,15.61,60.97,PASS,23.42,58,Pass,23.42,0.0,76.58,PASS,23.42,58,Pass,17.2,6.22,76.58,PASS,17.2,58,Pass,17.2,0.0,82.8,PASS,17.2,58,Pass,7.62,9.58,82.8,PASS,7.62,58,Pass,7.62,0.0,92.38,PASS,7.62,58,Pass
2026-08-11,55,824970,Jacob Wilson,805779,ATH,TB,,0,Nick Martinez,607259,R,R,Sutter Health Park,3.98,100.0,1.025,True,0.5,0.5,1+ TB,1.436,1.0,0.0,4.0,2.0,0.936,1.0,64.6,0.0,35.4,MORE,64.6,83,Silver,35.4,27.94,17.07,6.93,12.66,64.6,36.66,19.59,12.66,5.95,2.41,15.46,4.91,0.35,2.53,324,83,15,1,7,0.393,30,"1,4,0,0,2,1,1,3,1,2,0,0,0,0",1.071,1.286,1.5,43.3,47.9,50.0,67.5,41.6,1.0,1.035,hot,92.8,11.9,24.0,0.0,2.65,1.1,8.51,1.05,10000,TB_V3_ADVANCED,64.6,0.0,35.4,MORE,64.6,83,Silver,36.66,27.94,35.4,PASS,36.66,61,Pass,36.66,0.0,63.34,PASS,36.66,58,Pass,19.59,17.07,63.34,PASS,19.59,58,Pass,19.59,0.0,80.41,PASS,19.59,58,Pass,12.66,6.93,80.41,PASS,12.66,58,Pass,12.66,0.0,87.34,PASS,12.66,58,Pass,5.95,6.71,87.34,PASS,5.95,58,Pass,5.95,0.0,94.05,PASS,5.95,58,Pass
2026-08-11,56,822778,Andrés Giménez,665926,TOR,BOS,,0,Patrick Sandoval,663776,L,L,Rogers Centre,3.96,85.7,1.025,True,0.5,0.5,1+ TB,1.447,1.0,0.0,4.0,2.0,0.947,1.0,64.5,0.0,35.5,MORE,64.5,83,Silver,35.5,27.37,17.35,6.86,12.92,64.5,37.13,19.78,12.92,5.97,2.53,15.45,4.95,0.32,2.59,383,84,18,1,8,0.363,30,"1,3,4,4,0,1,0,1,0,2,0,0,0,4",1.429,1.857,0.967,59.8,47.6,50.0,50.0,56.5,1.0,1.0,Indoor/retractable,,,,,3.38,1.67,11.25,1.13,10000,TB_V3_ADVANCED,64.5,0.0,35.5,MORE,64.5,83,Silver,37.13,27.37,35.5,PASS,37.13,61,Pass,37.13,0.0,62.87,PASS,37.13,58,Pass,19.78,17.35,62.87,PASS,19.78,58,Pass,19.78,0.0,80.22,PASS,19.78,58,Pass,12.92,6.86,80.22,PASS,12.92,58,Pass,12.92,0.0,87.08,PASS,12.92,58,Pass,5.97,6.95,87.08,PASS,5.97,58,Pass,5.97,0.0,94.03,PASS,5.97,58,Pass
2026-08-11,57,824240,Spencer Torkelson,679529,DET,CLE,,0,Tanner Bibee,676440,R,R,Comerica Park,4.05,92.9,1.025,True,0.5,0.5,1+ TB,1.494,1.0,0.0,4.0,2.0,0.994,1.0,64.37,0.0,35.63,MORE,64.37,83,Silver,35.63,28.4,14.96,5.71,15.3,64.37,35.97,21.01,15.3,7.19,2.84,14.95,3.72,0.23,3.56,464,92,19,0,20,0.422,30,"2,1,3,1,0,1,3,2,3,5,0,2,1,0",1.714,1.571,1.6,45.4,49.4,39.5,53.0,48.4,0.975,1.006,humid,76.5,5.6,86.0,40.0,3.85,1.13,7.7,1.5,10000,TB_V3_ADVANCED,64.37,0.0,35.63,MORE,64.37,83,Silver,35.97,28.4,35.63,PASS,35.97,62,Pass,35.97,0.0,64.03,PASS,35.97,58,Pass,21.01,14.96,64.03,PASS,21.01,58,Pass,21.01,0.0,78.99,PASS,21.01,58,Pass,15.3,5.71,78.99,PASS,15.3,58,Pass,15.3,0.0,84.7,PASS,15.3,58,Pass,7.19,8.11,84.7,PASS,7.19,58,Pass,7.19,0.0,92.81,PASS,7.19,58,Pass
2026-08-11,58,823264,William Contreras,661388,MIL,SD,,0,Walker Buehler,621111,R,R,Petco Park,4.04,100.0,1.025,True,0.5,0.5,1+ TB,1.408,1.0,0.0,4.0,2.0,0.908,1.0,64.18,0.0,35.82,MORE,64.18,82,Silver,35.82,28.68,16.75,6.27,12.48,64.18,35.5,18.75,12.48,5.55,2.47,15.37,4.04,0.42,2.55,468,111,17,1,11,0.388,30,"0,1,0,4,2,0,0,2,2,4,0,2,1,2",1.429,1.0,1.133,56.7,50.3,29.0,50.0,56.8,0.95,1.0,Neutral,75.7,6.5,75.0,2.0,5.07,1.46,9.39,1.16,10000,TB_V3_ADVANCED,64.18,0.0,35.82,MORE,64.18,82,Silver,35.5,28.68,35.82,PASS,35.5,61,Pass,35.5,0.0,64.5,PASS,35.5,58,Pass,18.75,16.75,64.5,PASS,18.75,58,Pass,18.75,0.0,81.25,PASS,18.75,58,Pass,12.48,6.27,81.25,PASS,12.48,58,Pass,12.48,0.0,87.52,PASS,12.48,58,Pass,5.55,6.93,87.52,PASS,5.55,58,Pass,5.55,0.0,94.45,PASS,5.55,58,Pass
2026-08-11,59,822697,Jacob Young,696285,WSH,CHC,,0,Shota Imanaga,684007,L,R,Nationals Park,3.96,92.9,1.025,True,0.5,0.5,1+ TB,1.455,1.0,0.0,4.0,2.0,0.955,1.0,64.16,0.0,35.84,MORE,64.16,82,Silver,35.84,27.02,16.24,7.76,13.14,64.16,37.14,20.9,13.14,5.7,2.48,14.5,4.93,0.63,2.52,356,77,15,3,9,0.392,30,"0,1,1,4,3,0,1,0,0,2,0,3,2,0",1.214,1.429,1.167,45.0,51.2,50.0,45.5,50.9,1.0,0.991,"humid, rain risk",79.3,3.8,83.0,61.0,3.6,1.09,7.87,1.7,10000,TB_V3_ADVANCED,64.16,0.0,35.84,MORE,64.16,82,Silver,37.14,27.02,35.84,PASS,37.14,61,Pass,37.14,0.0,62.86,PASS,37.14,58,Pass,20.9,16.24,62.86,PASS,20.9,58,Pass,20.9,0.0,79.1,PASS,20.9,58,Pass,13.14,7.76,79.1,PASS,13.14,58,Pass,13.14,0.0,86.86,PASS,13.14,58,Pass,5.7,7.44,86.86,PASS,5.7,58,Pass,5.7,0.0,94.3,PASS,5.7,58,Pass
2026-08-11,60,824970,Junior Caminero,691406,TB,ATH,,0,TBD,,,R,Sutter Health Park,4.03,100.0,1.025,False,0.5,0.5,1+ TB,1.721,1.0,0.0,5.0,3.0,1.221,1.0,64.14,0.0,35.86,MORE,64.14,84,Silver,35.86,23.94,13.68,5.19,21.33,64.14,40.2,26.52,21.33,10.42,4.67,13.07,4.08,0.43,5.14,511,123,18,1,33,0.546,30,"0,0,0,4,2,8,2,0,4,0,0,5,0,2",1.929,2.286,1.9,54.2,56.8,50.0,67.5,56.3,1.0,1.035,hot,92.8,11.9,24.0,0.0,0.0,0.0,0.0,0.0,10000,TB_V3_ADVANCED,64.14,0.0,35.86,MORE,64.14,84,Silver,40.2,23.94,35.86,PASS,40.2,63,Pass,40.2,0.0,59.8,PASS,40.2,60,Pass,26.52,13.68,59.8,PASS,26.52,58,Pass,26.52,0.0,73.48,PASS,26.52,58,Pass,21.33,5.19,73.48,PASS,21.33,58,Pass,21.33,0.0,78.67,PASS,21.33,58,Pass,10.42,10.91,78.67,PASS,10.42,58,Pass,10.42,0.0,89.58,PASS,10.42,58,Pass
2026-08-11,61,823512,Randy Arozarena,668227,SEA,NYY,,0,Ryan Weathers,677960,L,R,Yankee Stadium,4.04,100.0,1.025,True,0.5,0.5,1+ TB,1.525,1.0,0.0,4.0,2.0,1.025,1.0,64.01,0.0,35.99,MORE,64.01,83,Silver,35.99,25.98,16.13,6.59,15.31,64.01,38.03,21.9,15.31,7.43,3.18,14.74,4.68,0.3,3.33,474,113,24,1,14,0.443,30,"0,0,0,1,3,1,1,6,0,4,0,0,4,6",1.857,0.857,1.733,46.4,46.3,68.9,60.0,46.0,1.045,1.02,warm,89.3,4.1,41.0,13.0,3.79,1.22,8.48,1.26,10000,TB_V3_ADVANCED,64.01,0.0,35.99,MORE,64.01,83,Silver,38.03,25.98,35.99,PASS,38.03,62,Pass,38.03,0.0,61.97,PASS,38.03,58,Pass,21.9,16.13,61.97,PASS,21.9,58,Pass,21.9,0.0,78.1,PASS,21.9,58,Pass,15.31,6.59,78.1,PASS,15.31,58,Pass,15.31,0.0,84.69,PASS,15.31,58,Pass,7.43,7.88,84.69,PASS,7.43,58,Pass,7.43,0.0,92.57,PASS,7.43,58,Pass
2026-08-11,62,822697,Daylen Lile,695734,WSH,CHC,,0,Shota Imanaga,684007,L,L,Nationals Park,3.97,85.7,1.025,True,0.5,0.5,1+ TB,1.522,1.0,0.0,4.0,2.0,1.022,1.0,63.92,0.0,36.08,MORE,63.92,83,Silver,36.08,26.3,15.66,6.18,15.78,63.92,37.62,21.96,15.78,7.34,3.24,13.95,4.19,0.58,3.46,488,111,23,5,15,0.42,30,"2,1,6,0,0,0,4,1,0,1,8,1,1,1",1.857,1.857,1.467,45.0,51.2,50.0,45.5,50.9,1.0,0.991,"humid, rain risk",79.3,3.8,83.0,61.0,3.6,1.09,7.87,1.7,10000,TB_V3_ADVANCED,63.92,0.0,36.08,MORE,63.92,83,Silver,37.62,26.3,36.08,PASS,37.62,62,Pass,37.62,0.0,62.38,PASS,37.62,58,Pass,21.96,15.66,62.38,PASS,21.96,58,Pass,21.96,0.0,78.04,PASS,21.96,58,Pass,15.78,6.18,78.04,PASS,15.78,58,Pass,15.78,0.0,84.22,PASS,15.78,58,Pass,7.34,8.44,84.22,PASS,7.34,58,Pass,7.34,0.0,92.66,PASS,7.34,58,Pass
2026-08-11,63,823832,Kyle Stowers,669065,MIA,PIT,,0,Paul Skenes,694973,R,L,loanDepot park,4.03,100.0,1.025,True,0.5,0.5,1+ TB,1.601,1.0,0.0,4.0,2.0,1.101,1.0,63.89,0.0,36.11,MORE,63.89,83,Silver,36.11,24.82,14.98,6.68,17.41,63.89,39.07,24.09,17.41,8.23,3.84,13.05,4.74,0.71,3.69,399,85,21,4,16,0.462,30,"4,0,4,2,0,1,0,1,6,4,0,4,2,6",2.429,1.571,2.033,46.2,50.1,35.3,50.0,43.9,0.965,1.0,Indoor/retractable,,,,,3.96,1.12,7.57,0.9,10000,TB_V3_ADVANCED,63.89,0.0,36.11,MORE,63.89,83,Silver,39.07,24.82,36.11,PASS,39.07,62,Pass,39.07,0.0,60.93,PASS,39.07,59,Pass,24.09,14.98,60.93,PASS,24.09,58,Pass,24.09,0.0,75.91,PASS,24.09,58,Pass,17.41,6.68,75.91,PASS,17.41,58,Pass,17.41,0.0,82.59,PASS,17.41,58,Pass,8.23,9.18,82.59,PASS,8.23,58,Pass,8.23,0.0,91.77,PASS,8.23,58,Pass
2026-08-11,64,824886,Matt Olson,621566,ATL,NYM,,0,Nolan McLean,690997,R,L,Truist Park,4.03,100.0,1.025,True,0.5,0.5,1+ TB,1.849,1.0,0.0,5.0,3.0,1.349,1.0,63.69,0.0,36.31,MORE,63.69,85,Silver,36.31,20.41,14.17,4.91,24.2,63.69,43.28,29.11,24.2,11.32,6.22,11.21,5.19,0.23,5.94,516,122,29,0,34,0.552,30,"4,0,4,6,0,3,5,4,6,0,4,1,0,2",2.786,3.143,2.367,44.5,49.6,56.3,67.5,42.8,1.015,1.035,hot,92.1,9.1,42.0,30.0,3.51,1.16,7.16,0.96,10000,TB_V3_ADVANCED,63.69,0.0,36.31,MORE,63.69,85,Silver,43.28,20.41,36.31,PASS,43.28,64,Pass,43.28,0.0,56.72,PASS,43.28,60,Pass,29.11,14.17,56.72,PASS,29.11,58,Pass,29.11,0.0,70.89,PASS,29.11,58,Pass,24.2,4.91,70.89,PASS,24.2,58,Pass,24.2,0.0,75.8,PASS,24.2,58,Pass,11.32,12.88,75.8,PASS,11.32,58,Pass,11.32,0.0,88.68,PASS,11.32,58,Pass
2026-08-11,65,823186,Rafael Devers,646240,SF,HOU,,0,Hunter Brown,686613,R,L,Oracle Park,4.02,100.0,1.025,True,0.5,0.5,1+ TB,1.587,1.0,0.0,4.0,2.0,1.087,1.0,63.57,0.0,36.43,MORE,63.57,83,Silver,36.43,24.95,15.16,5.77,17.69,63.57,38.62,23.46,17.69,8.08,3.64,13.31,4.39,0.29,4.09,499,111,27,1,24,0.475,30,"2,0,4,2,0,0,4,2,0,3,0,1,0,0",1.286,1.714,1.833,44.3,52.0,29.0,50.0,45.6,0.95,1.0,Neutral,64.6,13.2,75.0,1.0,3.53,1.24,6.29,1.07,10000,TB_V3_ADVANCED,63.57,0.0,36.43,MORE,63.57,83,Silver,38.62,24.95,36.43,PASS,38.62,62,Pass,38.62,0.0,61.38,PASS,38.62,59,Pass,23.46,15.16,61.38,PASS,23.46,58,Pass,23.46,0.0,76.54,PASS,23.46,58,Pass,17.69,5.77,76.54,PASS,17.69,58,Pass,17.69,0.0,82.31,PASS,17.69,58,Pass,8.08,9.61,82.31,PASS,8.08,58,Pass,8.08,0.0,91.92,PASS,8.08,58,Pass
2026-08-11,66,823997,Jake Burger,669394,TEX,LAA,,0,Ryan Johnson,696270,R,R,Angel Stadium,3.95,85.7,1.025,True,0.5,0.5,1+ TB,1.525,1.0,0.0,4.0,2.0,1.025,1.0,63.56,0.0,36.44,MORE,63.56,82,Silver,36.44,26.36,15.4,5.55,16.25,63.56,37.2,21.8,16.25,7.5,3.46,14.55,4.37,0.25,3.71,451,98,17,0,19,0.417,30,"1,1,0,1,2,0,2,0,1,0,2,1,4,0",1.071,1.0,1.3,63.4,50.9,50.0,50.0,74.3,1.0,1.0,Neutral,79.7,9.2,62.0,1.0,7.11,1.6,9.95,2.31,10000,TB_V3_ADVANCED,63.56,0.0,36.44,MORE,63.56,82,Silver,37.2,26.36,36.44,PASS,37.2,62,Pass,37.2,0.0,62.8,PASS,37.2,58,Pass,21.8,15.4,62.8,PASS,21.8,58,Pass,21.8,0.0,78.2,PASS,21.8,58,Pass,16.25,5.55,78.2,PASS,16.25,58,Pass,16.25,0.0,83.75,PASS,16.25,58,Pass,7.5,8.75,83.75,PASS,7.5,58,Pass,7.5,0.0,92.5,PASS,7.5,58,Pass
2026-08-11,67,824563,Elly De La Cruz,682829,CIN,CWS,,0,Sean Burke,680732,R,S,Rate Field,4.07,100.0,1.025,True,0.5,0.5,1+ TB,1.601,1.0,0.0,4.0,2.0,1.101,1.0,63.55,0.0,36.45,MORE,63.55,83,Silver,36.45,24.93,14.41,6.23,17.98,63.55,38.62,24.21,17.98,8.42,4.02,13.31,3.98,0.73,3.84,439,105,18,5,20,0.499,30,"0,0,4,4,1,1,1,0,3,6,0,2,0,5",1.929,1.571,2.067,43.7,49.7,50.0,50.0,41.8,1.0,1.0,Neutral,,,,,3.08,1.12,7.34,0.98,10000,TB_V3_ADVANCED,63.55,0.0,36.45,MORE,63.55,83,Silver,38.62,24.93,36.45,PASS,38.62,62,Pass,38.62,0.0,61.38,PASS,38.62,59,Pass,24.21,14.41,61.38,PASS,24.21,58,Pass,24.21,0.0,75.79,PASS,24.21,58,Pass,17.98,6.23,75.79,PASS,17.98,58,Pass,17.98,0.0,82.02,PASS,17.98,58,Pass,8.42,9.56,82.02,PASS,8.42,58,Pass,8.42,0.0,91.58,PASS,8.42,58,Pass
2026-08-11,68,823673,Pete Alonso,624413,BAL,MIN,,0,Bailey Ober,641927,R,R,Target Field,4.02,92.9,1.025,True,0.5,0.5,1+ TB,1.632,1.0,0.0,4.0,2.0,1.132,1.0,63.53,0.0,36.47,MORE,63.53,83,Silver,36.47,24.06,15.06,5.69,18.72,63.53,39.47,24.41,18.72,9.01,4.24,13.49,4.54,0.23,4.36,511,111,22,0,25,0.472,30,"9,2,0,1,0,1,1,0,5,1,0,3,5,0",2.0,2.0,1.833,51.9,51.9,43.7,60.0,53.7,0.985,1.02,warm,89.5,6.6,42.0,6.0,4.45,1.22,8.61,1.35,10000,TB_V3_ADVANCED,63.53,0.0,36.47,MORE,63.53,83,Silver,39.47,24.06,36.47,PASS,39.47,63,Pass,39.47,0.0,60.53,PASS,39.47,59,Pass,24.41,15.06,60.53,PASS,24.41,58,Pass,24.41,0.0,75.59,PASS,24.41,58,Pass,18.72,5.69,75.59,PASS,18.72,58,Pass,18.72,0.0,81.28,PASS,18.72,58,Pass,9.01,9.71,81.28,PASS,9.01,58,Pass,9.01,0.0,90.99,PASS,9.01,58,Pass
2026-08-11,69,824886,Ozzie Albies,645277,ATL,NYM,,0,Nolan McLean,690997,R,S,Truist Park,3.99,92.9,1.025,True,0.5,0.5,1+ TB,1.473,1.0,0.0,4.0,2.0,0.973,1.0,63.49,0.0,36.51,MORE,63.49,82,Silver,36.51,27.82,14.76,5.48,15.43,63.49,35.67,20.91,15.43,6.95,2.8,13.98,4.08,0.24,3.56,506,118,22,0,19,0.432,30,"1,2,0,0,0,4,1,1,2,1,0,1,5,0",1.286,1.143,1.533,44.5,49.6,56.3,67.5,42.8,1.015,1.035,hot,92.1,9.1,42.0,30.0,3.51,1.16,7.16,0.96,10000,TB_V3_ADVANCED,63.49,0.0,36.51,MORE,63.49,82,Silver,35.67,27.82,36.51,PASS,35.67,61,Pass,35.67,0.0,64.33,PASS,35.67,58,Pass,20.91,14.76,64.33,PASS,20.91,58,Pass,20.91,0.0,79.09,PASS,20.91,58,Pass,15.43,5.48,79.09,PASS,15.43,58,Pass,15.43,0.0,84.57,PASS,15.43,58,Pass,6.95,8.48,84.57,PASS,6.95,58,Pass,6.95,0.0,93.05,PASS,6.95,58,Pass
2026-08-11,70,823997,Joc Pederson,592626,TEX,LAA,,0,Ryan Johnson,696270,R,L,Angel Stadium,3.84,78.6,1.0,True,0.5,0.5,1+ TB,1.68,1.0,0.0,5.0,3.0,1.18,1.0,63.42,0.0,36.58,MORE,63.42,83,Silver,36.58,24.3,13.56,4.86,20.7,63.42,39.12,25.56,20.7,10.26,4.6,13.61,4.17,0.36,5.19,355,77,11,2,21,0.502,30,"0,4,1,0,1,0,1,4,0,0,1,8,2,4",1.857,1.0,1.833,63.4,50.9,50.0,50.0,74.3,1.0,1.0,Neutral,79.7,9.2,62.0,1.0,7.11,1.6,9.95,2.31,10000,TB_V3_ADVANCED,63.42,0.0,36.58,MORE,63.42,83,Silver,39.12,24.3,36.58,PASS,39.12,63,Pass,39.12,0.0,60.88,PASS,39.12,59,Pass,25.56,13.56,60.88,PASS,25.56,58,Pass,25.56,0.0,74.44,PASS,25.56,58,Pass,20.7,4.86,74.44,PASS,20.7,58,Pass,20.7,0.0,79.3,PASS,20.7,58,Pass,10.26,10.44,79.3,PASS,10.26,58,Pass,10.26,0.0,89.74,PASS,10.26,58,Pass
2026-08-11,71,824240,Riley Greene,682985,DET,CLE,,0,Tanner Bibee,676440,R,L,Comerica Park,4.07,100.0,1.025,True,0.5,0.5,1+ TB,1.512,1.0,0.0,4.0,2.0,1.012,1.0,63.28,0.0,36.72,MORE,63.28,82,Silver,36.72,25.35,15.95,6.43,15.55,63.28,37.93,21.98,15.55,7.19,3.07,13.5,4.99,0.31,3.23,491,115,25,1,16,0.45,30,"0,1,1,2,0,6,0,0,0,0,2,2,3,0",1.214,1.429,1.7,45.4,49.4,39.5,53.0,48.4,0.975,1.006,humid,76.5,5.6,86.0,40.0,3.85,1.13,7.7,1.5,10000,TB_V3_ADVANCED,63.28,0.0,36.72,MORE,63.28,82,Silver,37.93,25.35,36.72,PASS,37.93,62,Pass,37.93,0.0,62.07,PASS,37.93,58,Pass,21.98,15.95,62.07,PASS,21.98,58,Pass,21.98,0.0,78.02,PASS,21.98,58,Pass,15.55,6.43,78.02,PASS,15.55,58,Pass,15.55,0.0,84.45,PASS,15.55,58,Pass,7.19,8.36,84.45,PASS,7.19,58,Pass,7.19,0.0,92.81,PASS,7.19,58,Pass
2026-08-11,72,822778,Willson Contreras,575929,BOS,TOR,,0,Dylan Cease,656302,R,R,Rogers Centre,4.0,85.7,1.025,True,0.5,0.5,1+ TB,1.516,1.0,0.0,4.0,2.0,1.016,1.0,63.26,0.0,36.74,MORE,63.26,82,Silver,36.74,26.62,14.91,5.57,16.16,63.26,36.64,21.73,16.16,7.3,3.52,14.33,3.83,0.35,3.8,439,105,18,2,23,0.533,30,"0,1,1,2,0,0,5,1,0,0,0,0,1,2",0.929,1.286,1.833,37.7,49.5,50.0,50.0,31.9,1.0,1.0,Indoor/retractable,,,,,2.28,1.04,5.7,0.5,10000,TB_V3_ADVANCED,63.26,0.0,36.74,MORE,63.26,82,Silver,36.64,26.62,36.74,PASS,36.64,62,Pass,36.64,0.0,63.36,PASS,36.64,58,Pass,21.73,14.91,63.36,PASS,21.73,58,Pass,21.73,0.0,78.27,PASS,21.73,58,Pass,16.16,5.57,78.27,PASS,16.16,58,Pass,16.16,0.0,83.84,PASS,16.16,58,Pass,7.3,8.86,83.84,PASS,7.3,58,Pass,7.3,0.0,92.7,PASS,7.3,58,Pass
2026-08-11,73,823019,Bryce Harper,547180,PHI,STL,,0,Andre Pallante,669467,R,L,Busch Stadium,4.08,100.0,1.025,True,0.5,0.5,1+ TB,1.65,1.0,0.0,4.0,3.0,1.15,1.0,63.17,0.0,36.83,MORE,63.17,83,Silver,36.83,23.55,14.36,5.74,19.52,63.17,39.62,25.26,19.52,9.09,4.48,11.69,4.63,0.52,4.34,505,107,22,3,25,0.501,30,"0,4,2,3,0,0,4,4,3,1,3,1,4,2",2.214,1.857,1.467,49.2,50.2,47.9,67.5,44.5,0.995,1.035,hot,101.5,11.6,27.0,0.0,3.63,1.22,8.27,0.73,10000,TB_V3_ADVANCED,63.17,0.0,36.83,MORE,63.17,83,Silver,39.62,23.55,36.83,PASS,39.62,63,Pass,39.62,0.0,60.38,PASS,39.62,59,Pass,25.26,14.36,60.38,PASS,25.26,58,Pass,25.26,0.0,74.74,PASS,25.26,58,Pass,19.52,5.74,74.74,PASS,19.52,58,Pass,19.52,0.0,80.48,PASS,19.52,58,Pass,9.09,10.43,80.48,PASS,9.09,58,Pass,9.09,0.0,90.91,PASS,9.09,58,Pass
2026-08-11,74,823917,Kyle Tucker,663656,LAD,KC,,0,Michael Wacha,608379,R,L,UNIQLO Field at Dodger Stadium,3.97,92.9,1.025,True,0.5,0.5,1+ TB,1.439,1.0,0.0,4.0,2.0,0.939,1.0,62.92,0.0,37.08,MORE,62.92,81,Silver,37.08,28.37,14.22,6.2,14.13,62.92,34.55,20.33,14.13,6.75,2.84,14.85,3.66,0.55,3.2,457,96,18,3,11,0.388,30,"3,4,1,1,5,2,1,0,1,0,0,1,0,4",1.643,2.429,1.4,48.5,53.7,50.0,50.0,48.3,1.0,1.0,Neutral,,,,,3.44,1.15,7.81,1.06,10000,TB_V3_ADVANCED,62.92,0.0,37.08,MORE,62.92,81,Silver,34.55,28.37,37.08,PASS,34.55,61,Pass,34.55,0.0,65.45,PASS,34.55,58,Pass,20.33,14.22,65.45,PASS,20.33,58,Pass,20.33,0.0,79.67,PASS,20.33,58,Pass,14.13,6.2,79.67,PASS,14.13,58,Pass,14.13,0.0,85.87,PASS,14.13,58,Pass,6.75,7.38,85.87,PASS,6.75,58,Pass,6.75,0.0,93.25,PASS,6.75,58,Pass
2026-08-11,75,824563,Sal Stewart,701398,CIN,CWS,,0,Sean Burke,680732,R,R,Rate Field,4.02,92.9,1.025,True,0.5,0.5,1+ TB,1.576,1.0,0.0,4.0,2.0,1.076,1.0,62.88,0.0,37.12,MORE,62.88,82,Silver,37.12,25.27,14.44,4.88,18.29,62.88,37.61,23.17,18.29,8.26,3.68,13.69,3.97,0.23,4.31,506,113,23,0,25,0.475,30,"1,1,0,5,1,1,4,0,5,1,1,5,0,1",1.857,1.857,1.9,43.7,49.7,50.0,50.0,41.8,1.0,1.0,Neutral,,,,,3.08,1.12,7.34,0.98,10000,TB_V3_ADVANCED,62.88,0.0,37.12,MORE,62.88,82,Silver,37.61,25.27,37.12,PASS,37.61,62,Pass,37.61,0.0,62.39,PASS,37.61,59,Pass,23.17,14.44,62.39,PASS,23.17,58,Pass,23.17,0.0,76.83,PASS,23.17,58,Pass,18.29,4.88,76.83,PASS,18.29,58,Pass,18.29,0.0,81.71,PASS,18.29,58,Pass,8.26,10.03,81.71,PASS,8.26,58,Pass,8.26,0.0,91.74,PASS,8.26,58,Pass
2026-08-11,76,823832,Bryan Reynolds,668804,PIT,MIA,,0,Eury Pérez,691587,R,S,loanDepot park,4.06,100.0,1.025,True,0.5,0.5,1+ TB,1.41,1.0,0.0,4.0,2.0,0.91,1.0,62.86,0.0,37.14,MORE,62.86,80,Silver,37.14,27.0,16.34,6.67,12.85,62.86,35.86,19.52,12.85,5.83,2.46,13.88,4.85,0.35,2.6,522,118,28,2,15,0.443,30,"2,1,3,0,1,0,2,1,1,2,0,1,4,2",1.429,1.286,1.367,42.3,48.3,35.3,50.0,41.6,0.965,1.0,Indoor/retractable,,,,,3.61,1.13,6.73,1.07,10000,TB_V3_ADVANCED,62.86,0.0,37.14,MORE,62.86,80,Silver,35.86,27.0,37.14,PASS,35.86,61,Pass,35.86,0.0,64.14,PASS,35.86,58,Pass,19.52,16.34,64.14,PASS,19.52,58,Pass,19.52,0.0,80.48,PASS,19.52,58,Pass,12.85,6.67,80.48,PASS,12.85,58,Pass,12.85,0.0,87.15,PASS,12.85,58,Pass,5.83,7.02,87.15,PASS,5.83,58,Pass,5.83,0.0,94.17,PASS,5.83,58,Pass
2026-08-11,77,823186,Cam Smith,701358,HOU,SF,,0,TBD,,,R,Oracle Park,3.97,85.7,1.025,False,0.5,0.5,1+ TB,1.477,1.0,0.0,4.0,2.0,0.977,1.0,62.75,0.0,37.25,MORE,62.75,81,Silver,37.25,26.83,14.9,5.95,15.07,62.75,35.92,21.02,15.07,7.17,3.07,14.23,4.03,0.5,3.45,427,84,15,2,15,0.388,30,"0,9,0,1,2,4,1,4,2,0,0,0,0,4",1.929,2.429,1.233,51.0,50.2,29.0,50.0,50.2,0.95,1.0,Neutral,64.6,13.2,75.0,1.0,0.0,0.0,0.0,0.0,10000,TB_V3_ADVANCED,62.75,0.0,37.25,MORE,62.75,81,Silver,35.92,26.83,37.25,PASS,35.92,61,Pass,35.92,0.0,64.08,PASS,35.92,58,Pass,21.02,14.9,64.08,PASS,21.02,58,Pass,21.02,0.0,78.98,PASS,21.02,58,Pass,15.07,5.95,78.98,PASS,15.07,58,Pass,15.07,0.0,84.93,PASS,15.07,58,Pass,7.17,7.9,84.93,PASS,7.17,58,Pass,7.17,0.0,92.83,PASS,7.17,58,Pass
2026-08-11,78,823186,Christian Walker,572233,HOU,SF,,0,TBD,,,R,Oracle Park,4.06,100.0,1.025,False,0.5,0.5,1+ TB,1.51,1.0,0.0,4.0,2.0,1.01,1.0,62.66,0.0,37.34,MORE,62.66,81,Silver,37.34,24.75,16.11,6.29,15.51,62.66,37.91,21.8,15.51,7.14,3.42,12.99,5.44,0.29,3.21,476,102,24,1,22,0.456,30,"0,1,1,3,2,1,2,3,4,1,5,1,0,2",1.857,1.429,1.4,51.0,50.2,29.0,50.0,50.2,0.95,1.0,Neutral,64.6,13.2,75.0,1.0,0.0,0.0,0.0,0.0,10000,TB_V3_ADVANCED,62.66,0.0,37.34,MORE,62.66,81,Silver,37.91,24.75,37.34,PASS,37.91,62,Pass,37.91,0.0,62.09,PASS,37.91,58,Pass,21.8,16.11,62.09,PASS,21.8,58,Pass,21.8,0.0,78.2,PASS,21.8,58,Pass,15.51,6.29,78.2,PASS,15.51,58,Pass,15.51,0.0,84.49,PASS,15.51,58,Pass,7.14,8.37,84.49,PASS,7.14,58,Pass,7.14,0.0,92.86,PASS,7.14,58,Pass
2026-08-11,79,824563,Sam Antonacci,803011,CWS,CIN,,0,Nick Lodolo,666157,L,L,Rate Field,3.85,71.4,1.0,True,0.5,0.5,1+ TB,1.372,1.0,0.0,4.0,2.0,0.872,1.0,62.46,0.0,37.54,MORE,62.46,80,Silver,37.54,28.45,15.34,6.31,12.36,62.46,34.01,18.67,12.36,5.71,2.45,15.32,4.26,0.37,2.55,386,91,15,2,8,0.402,30,"0,0,0,4,1,0,0,0,1,1,4,0,1,3",1.071,0.714,1.133,57.1,52.2,50.0,50.0,58.6,1.0,1.0,Neutral,,,,,4.6,1.47,9.34,1.29,10000,TB_V3_ADVANCED,62.46,0.0,37.54,MORE,62.46,80,Silver,34.01,28.45,37.54,PASS,34.01,61,Pass,34.01,0.0,65.99,PASS,34.01,58,Pass,18.67,15.34,65.99,PASS,18.67,58,Pass,18.67,0.0,81.33,PASS,18.67,58,Pass,12.36,6.31,81.33,PASS,12.36,58,Pass,12.36,0.0,87.64,PASS,12.36,58,Pass,5.71,6.65,87.64,PASS,5.71,58,Pass,5.71,0.0,94.29,PASS,5.71,58,Pass
2026-08-11,80,823186,Isaac Paredes,670623,HOU,SF,,0,TBD,,,R,Oracle Park,4.04,92.9,1.025,False,0.5,0.5,1+ TB,1.39,1.0,0.0,4.0,2.0,0.89,1.0,62.13,0.0,37.87,MORE,62.13,79,Silver,37.87,26.8,16.3,6.2,12.83,62.13,35.33,19.03,12.83,5.48,2.42,13.88,4.31,0.35,2.74,475,103,20,1,15,0.415,30,"0,2,4,0,0,0,0,1,5,1,0,0,0,2",1.071,0.857,1.567,51.0,50.2,29.0,50.0,50.2,0.95,1.0,Neutral,64.6,13.2,75.0,1.0,0.0,0.0,0.0,0.0,10000,TB_V3_ADVANCED,62.13,0.0,37.87,MORE,62.13,79,Silver,35.33,26.8,37.87,PASS,35.33,61,Pass,35.33,0.0,64.67,PASS,35.33,58,Pass,19.03,16.3,64.67,PASS,19.03,58,Pass,19.03,0.0,80.97,PASS,19.03,58,Pass,12.83,6.2,80.97,PASS,12.83,58,Pass,12.83,0.0,87.17,PASS,12.83,58,Pass,5.48,7.35,87.17,PASS,5.48,58,Pass,5.48,0.0,94.52,PASS,5.48,58,Pass
2026-08-11,81,824240,Brayan Rocchio,677587,CLE,DET,,0,Drew Anderson,623454,R,S,Comerica Park,4.02,100.0,1.025,True,0.5,0.5,1+ TB,1.33,1.0,0.0,4.0,2.0,0.83,1.0,62.1,0.0,37.9,MORE,62.1,79,Silver,37.9,28.4,16.4,5.75,11.55,62.1,33.7,17.3,11.55,5.18,1.99,15.03,3.79,0.35,2.3,452,103,17,2,9,0.373,30,"1,1,0,1,0,1,0,0,0,2,1,0,0,0",0.5,0.571,1.267,47.8,46.8,39.5,53.0,47.2,0.975,1.006,humid,76.5,5.6,86.0,40.0,4.01,1.29,8.29,1.2,10000,TB_V3_ADVANCED,62.1,0.0,37.9,MORE,62.1,79,Silver,33.7,28.4,37.9,PASS,33.7,60,Pass,33.7,0.0,66.3,PASS,33.7,58,Pass,17.3,16.4,66.3,PASS,17.3,58,Pass,17.3,0.0,82.7,PASS,17.3,58,Pass,11.55,5.75,82.7,PASS,11.55,58,Pass,11.55,0.0,88.45,PASS,11.55,58,Pass,5.18,6.37,88.45,PASS,5.18,58,Pass,5.18,0.0,94.82,PASS,5.18,58,Pass
2026-08-11,82,822778,Kazuma Okamoto,672960,TOR,BOS,,0,Patrick Sandoval,663776,L,R,Rogers Centre,4.02,92.9,1.025,True,0.5,0.5,1+ TB,1.471,1.0,0.0,4.0,2.0,0.971,1.0,62.08,0.0,37.92,MORE,62.08,80,Silver,37.92,26.29,15.13,5.15,15.51,62.08,35.79,20.66,15.51,7.1,3.08,13.74,3.85,0.26,3.5,475,96,15,0,24,0.429,30,"1,0,0,1,1,0,2,1,0,2,4,4,1,0",1.214,0.714,1.367,59.8,47.6,50.0,50.0,56.5,1.0,1.0,Indoor/retractable,,,,,3.38,1.67,11.25,1.13,10000,TB_V3_ADVANCED,62.08,0.0,37.92,MORE,62.08,80,Silver,35.79,26.29,37.92,PASS,35.79,61,Pass,35.79,0.0,64.21,PASS,35.79,58,Pass,20.66,15.13,64.21,PASS,20.66,58,Pass,20.66,0.0,79.34,PASS,20.66,58,Pass,15.51,5.15,79.34,PASS,15.51,58,Pass,15.51,0.0,84.49,PASS,15.51,58,Pass,7.1,8.41,84.49,PASS,7.1,58,Pass,7.1,0.0,92.9,PASS,7.1,58,Pass
2026-08-11,83,823917,Carter Jensen,695600,KC,LAD,,0,Blake Snell,605483,L,L,UNIQLO Field at Dodger Stadium,4.02,92.9,1.025,True,0.5,0.5,1+ TB,1.503,1.0,0.0,4.0,2.0,1.003,1.0,62.04,0.0,37.96,MORE,62.04,80,Silver,37.96,24.07,16.1,6.51,15.36,62.04,37.97,21.87,15.36,6.92,3.48,12.34,5.11,0.52,3.2,436,88,24,1,16,0.419,30,"0,4,1,0,0,0,3,4,0,2,0,0,2,0",1.143,1.143,1.367,78.1,47.6,50.0,50.0,75.1,1.0,1.0,Neutral,,,,,12.0,2.67,18.0,0.0,10000,TB_V3_ADVANCED,62.04,0.0,37.96,MORE,62.04,80,Silver,37.97,24.07,37.96,PASS,37.97,62,Pass,37.97,0.0,62.03,PASS,37.97,58,Pass,21.87,16.1,62.03,PASS,21.87,58,Pass,21.87,0.0,78.13,PASS,21.87,58,Pass,15.36,6.51,78.13,PASS,15.36,58,Pass,15.36,0.0,84.64,PASS,15.36,58,Pass,6.92,8.44,84.64,PASS,6.92,58,Pass,6.92,0.0,93.08,PASS,6.92,58,Pass
2026-08-11,84,823673,Brooks Lee,686797,MIN,BAL,,0,Brandon Young,687064,R,S,Target Field,3.99,100.0,1.025,True,0.5,0.5,1+ TB,1.476,1.0,0.0,4.0,2.0,0.976,1.0,62.01,0.0,37.99,MORE,62.01,80,Silver,37.99,25.17,15.29,6.23,15.32,62.01,36.84,21.55,15.32,6.52,2.86,13.46,4.23,0.5,3.39,453,100,17,3,17,0.417,30,"5,0,1,0,0,0,3,4,0,0,2,1,0,0",1.143,1.286,1.333,50.8,50.5,43.7,60.0,48.5,0.985,1.02,warm,89.5,6.6,42.0,6.0,3.43,1.31,8.61,1.0,10000,TB_V3_ADVANCED,62.01,0.0,37.99,MORE,62.01,80,Silver,36.84,25.17,37.99,PASS,36.84,61,Pass,36.84,0.0,63.16,PASS,36.84,58,Pass,21.55,15.29,63.16,PASS,21.55,58,Pass,21.55,0.0,78.45,PASS,21.55,58,Pass,15.32,6.23,78.45,PASS,15.32,58,Pass,15.32,0.0,84.68,PASS,15.32,58,Pass,6.52,8.8,84.68,PASS,6.52,58,Pass,6.52,0.0,93.48,PASS,6.52,58,Pass
2026-08-11,85,824563,Colson Montgomery,695657,CWS,CIN,,0,Nick Lodolo,666157,L,L,Rate Field,4.06,100.0,1.025,True,0.5,0.5,1+ TB,1.556,1.0,0.0,4.0,2.0,1.056,1.0,61.95,0.0,38.05,MORE,61.95,80,Silver,38.05,25.11,13.98,5.24,17.62,61.95,36.84,22.86,17.62,8.08,4.19,12.74,4.26,0.26,4.02,469,90,18,0,26,0.445,30,"4,1,0,2,0,1,2,0,4,0,0,0,3,1",1.286,1.429,1.4,57.1,52.2,50.0,50.0,58.6,1.0,1.0,Neutral,,,,,4.6,1.47,9.34,1.29,10000,TB_V3_ADVANCED,61.95,0.0,38.05,MORE,61.95,80,Silver,36.84,25.11,38.05,PASS,36.84,62,Pass,36.84,0.0,63.16,PASS,36.84,58,Pass,22.86,13.98,63.16,PASS,22.86,58,Pass,22.86,0.0,77.14,PASS,22.86,58,Pass,17.62,5.24,77.14,PASS,17.62,58,Pass,17.62,0.0,82.38,PASS,17.62,58,Pass,8.08,9.54,82.38,PASS,8.08,58,Pass,8.08,0.0,91.92,PASS,8.08,58,Pass
2026-08-11,86,824970,Tyler Soderstrom,691016,ATH,TB,,0,Nick Martinez,607259,R,L,Sutter Health Park,4.02,100.0,1.025,True,0.5,0.5,1+ TB,1.601,1.0,0.0,4.0,2.0,1.101,1.0,61.91,0.0,38.09,MORE,61.91,81,Silver,38.09,22.37,15.16,6.35,18.03,61.91,39.54,24.38,18.03,8.29,4.37,11.51,5.45,0.61,3.87,439,94,25,3,19,0.475,30,"3,4,4,1,1,2,2,3,0,0,0,0,4,3",1.929,2.429,1.7,43.3,47.9,50.0,67.5,41.6,1.0,1.035,hot,92.8,11.9,24.0,0.0,2.65,1.1,8.51,1.05,10000,TB_V3_ADVANCED,61.91,0.0,38.09,MORE,61.91,81,Silver,39.54,22.37,38.09,PASS,39.54,62,Pass,39.54,0.0,60.46,PASS,39.54,59,Pass,24.38,15.16,60.46,PASS,24.38,58,Pass,24.38,0.0,75.62,PASS,24.38,58,Pass,18.03,6.35,75.62,PASS,18.03,58,Pass,18.03,0.0,81.97,PASS,18.03,58,Pass,8.29,9.74,81.97,PASS,8.29,58,Pass,8.29,0.0,91.71,PASS,8.29,58,Pass
2026-08-11,87,825046,Nolan Arenado,571448,AZ,COL,,0,Tomoyuki Sugano,608372,R,R,Chase Field,4.01,92.9,1.025,True,0.5,0.5,1+ TB,1.531,1.0,0.0,4.0,2.0,1.031,1.0,61.75,0.0,38.25,MORE,61.75,80,Silver,38.25,25.38,13.89,5.16,17.32,61.75,36.37,22.48,17.32,8.16,3.77,12.89,4.3,0.25,4.08,434,92,20,0,17,0.424,30,"0,1,4,0,4,1,0,5,0,0,4,0,0,0",1.357,1.429,1.733,57.9,57.3,50.0,50.0,64.4,1.0,1.0,Indoor/retractable,,,,,4.51,1.26,9.2,1.84,10000,TB_V3_ADVANCED,61.75,0.0,38.25,MORE,61.75,80,Silver,36.37,25.38,38.25,PASS,36.37,62,Pass,36.37,0.0,63.63,PASS,36.37,58,Pass,22.48,13.89,63.63,PASS,22.48,58,Pass,22.48,0.0,77.52,PASS,22.48,58,Pass,17.32,5.16,77.52,PASS,17.32,58,Pass,17.32,0.0,82.68,PASS,17.32,58,Pass,8.16,9.16,82.68,PASS,8.16,58,Pass,8.16,0.0,91.84,PASS,8.16,58,Pass
2026-08-11,88,822778,Wilyer Abreu,677800,BOS,TOR,,0,Dylan Cease,656302,R,L,Rogers Centre,4.06,100.0,1.025,True,0.5,0.5,1+ TB,1.579,1.0,0.0,4.0,2.0,1.079,1.0,61.71,0.0,38.29,MORE,61.71,80,Silver,38.29,23.97,13.56,5.57,18.61,61.71,37.74,24.18,18.61,8.25,3.84,12.02,4.17,0.4,4.25,496,111,23,3,20,0.46,30,"0,3,1,5,8,5,0,1,4,0,1,0,2,0",2.143,3.143,2.033,37.7,49.5,50.0,50.0,31.9,1.0,1.0,Indoor/retractable,,,,,2.28,1.04,5.7,0.5,10000,TB_V3_ADVANCED,61.71,0.0,38.29,MORE,61.71,80,Silver,37.74,23.97,38.29,PASS,37.74,62,Pass,37.74,0.0,62.26,PASS,37.74,59,Pass,24.18,13.56,62.26,PASS,24.18,58,Pass,24.18,0.0,75.82,PASS,24.18,58,Pass,18.61,5.57,75.82,PASS,18.61,58,Pass,18.61,0.0,81.39,PASS,18.61,58,Pass,8.25,10.36,81.39,PASS,8.25,58,Pass,8.25,0.0,91.75,PASS,8.25,58,Pass
2026-08-11,89,823264,Garrett Mitchell,669003,MIL,SD,,0,Walker Buehler,621111,R,L,Petco Park,4.02,100.0,1.025,True,0.5,0.5,1+ TB,1.372,1.0,0.0,4.0,2.0,0.872,1.0,61.39,0.0,38.61,MORE,61.39,78,Silver,38.61,25.19,17.35,7.0,11.85,61.39,36.2,18.85,11.85,5.26,2.15,13.12,5.32,0.41,2.2,395,87,24,3,8,0.413,30,"1,0,1,2,0,0,0,0,0,3,0,1,0,0",0.571,0.571,1.0,56.7,50.3,29.0,50.0,56.8,0.95,1.0,Neutral,75.7,6.5,75.0,2.0,5.07,1.46,9.39,1.16,10000,TB_V3_ADVANCED,61.39,0.0,38.61,MORE,61.39,78,Silver,36.2,25.19,38.61,PASS,36.2,61,Pass,36.2,0.0,63.8,PASS,36.2,58,Pass,18.85,17.35,63.8,PASS,18.85,58,Pass,18.85,0.0,81.15,PASS,18.85,58,Pass,11.85,7.0,81.15,PASS,11.85,58,Pass,11.85,0.0,88.15,PASS,11.85,58,Pass,5.26,6.59,88.15,PASS,5.26,58,Pass,5.26,0.0,94.74,PASS,5.26,58,Pass
2026-08-11,90,824886,Austin Riley,663586,ATL,NYM,,0,Nolan McLean,690997,R,R,Truist Park,3.98,100.0,1.025,True,0.5,0.5,1+ TB,1.451,1.0,0.0,4.0,2.0,0.951,1.0,61.2,0.0,38.8,MORE,61.2,79,Silver,38.8,25.38,15.2,5.44,15.18,61.2,35.82,20.62,15.18,6.67,3.15,13.13,4.48,0.28,3.51,471,93,17,1,14,0.365,30,"0,1,4,0,3,5,2,3,1,0,0,0,2,0",1.5,2.143,1.6,44.5,49.6,56.3,67.5,42.8,1.015,1.035,hot,92.1,9.1,42.0,30.0,3.51,1.16,7.16,0.96,10000,TB_V3_ADVANCED,61.2,0.0,38.8,MORE,61.2,79,Silver,35.82,25.38,38.8,PASS,35.82,61,Pass,35.82,0.0,64.18,PASS,35.82,58,Pass,20.62,15.2,64.18,PASS,20.62,58,Pass,20.62,0.0,79.38,PASS,20.62,58,Pass,15.18,5.44,79.38,PASS,15.18,58,Pass,15.18,0.0,84.82,PASS,15.18,58,Pass,6.67,8.51,84.82,PASS,6.67,58,Pass,6.67,0.0,93.33,PASS,6.67,58,Pass
2026-08-11,91,823997,Zach Neto,687263,LAA,TEX,,0,TBD,,,R,Angel Stadium,4.06,100.0,1.025,False,0.5,0.5,1+ TB,1.408,1.0,0.0,4.0,2.0,0.908,1.0,61.2,0.0,38.8,MORE,61.2,78,Silver,38.8,26.15,15.18,5.77,14.1,61.2,35.05,19.87,14.1,5.85,2.62,12.71,4.16,0.44,3.09,515,103,22,3,20,0.418,30,"2,0,0,5,0,1,1,0,1,0,1,1,0,0",0.857,1.286,1.367,50.5,51.1,50.0,50.0,51.0,1.0,1.0,Neutral,79.7,9.2,62.0,1.0,0.0,0.0,0.0,0.0,10000,TB_V3_ADVANCED,61.2,0.0,38.8,MORE,61.2,78,Silver,35.05,26.15,38.8,PASS,35.05,61,Pass,35.05,0.0,64.95,PASS,35.05,58,Pass,19.87,15.18,64.95,PASS,19.87,58,Pass,19.87,0.0,80.13,PASS,19.87,58,Pass,14.1,5.77,80.13,PASS,14.1,58,Pass,14.1,0.0,85.9,PASS,14.1,58,Pass,5.85,8.25,85.9,PASS,5.85,58,Pass,5.85,0.0,94.15,PASS,5.85,58,Pass
2026-08-11,92,825046,Ezequiel Tovar,678662,COL,AZ,,0,Mitch Bratt,683352,L,R,Chase Field,3.96,85.7,1.025,True,0.5,0.5,1+ TB,1.388,1.0,0.0,4.0,2.0,0.888,1.0,61.16,0.0,38.84,MORE,61.16,78,Silver,38.84,26.49,15.52,5.72,13.43,61.16,34.67,19.15,13.43,6.19,2.63,13.62,4.73,0.27,2.78,401,75,19,0,9,0.329,30,"0,1,0,1,3,7,0,0,0,0,2,1,1,0",1.143,1.714,1.033,52.3,50.5,50.0,50.0,53.6,1.0,1.0,Indoor/retractable,,,,,3.9,1.52,7.81,1.3,10000,TB_V3_ADVANCED,61.16,0.0,38.84,MORE,61.16,78,Silver,34.67,26.49,38.84,PASS,34.67,61,Pass,34.67,0.0,65.33,PASS,34.67,58,Pass,19.15,15.52,65.33,PASS,19.15,58,Pass,19.15,0.0,80.85,PASS,19.15,58,Pass,13.43,5.72,80.85,PASS,13.43,58,Pass,13.43,0.0,86.57,PASS,13.43,58,Pass,6.19,7.24,86.57,PASS,6.19,58,Pass,6.19,0.0,93.81,PASS,6.19,58,Pass
2026-08-11,93,823186,Bryce Eldridge,805811,SF,HOU,,0,Hunter Brown,686613,R,L,Oracle Park,3.97,92.9,1.025,True,0.5,0.5,1+ TB,1.367,1.0,0.0,4.0,2.0,0.867,1.0,61.02,0.0,38.98,MORE,61.02,78,Silver,38.98,28.0,14.44,4.97,13.61,61.02,33.02,18.58,13.61,6.14,2.55,13.79,3.83,0.25,3.05,306,66,14,0,11,0.425,30,"1,0,0,1,1,1,2,0,2,0,4,0,0,0",0.857,0.857,1.367,44.3,52.0,29.0,50.0,45.6,0.95,1.0,Neutral,64.6,13.2,75.0,1.0,3.53,1.24,6.29,1.07,10000,TB_V3_ADVANCED,61.02,0.0,38.98,MORE,61.02,78,Silver,33.02,28.0,38.98,PASS,33.02,61,Pass,33.02,0.0,66.98,PASS,33.02,58,Pass,18.58,14.44,66.98,PASS,18.58,58,Pass,18.58,0.0,81.42,PASS,18.58,58,Pass,13.61,4.97,81.42,PASS,13.61,58,Pass,13.61,0.0,86.39,PASS,13.61,58,Pass,6.14,7.47,86.39,PASS,6.14,58,Pass,6.14,0.0,93.86,PASS,6.14,58,Pass
2026-08-11,94,823512,Ben Rice,700250,NYY,SEA,,0,Bryan Woo,693433,R,L,Yankee Stadium,4.04,92.9,1.025,True,0.5,0.5,1+ TB,1.648,1.0,0.0,4.0,3.0,1.148,1.0,60.98,0.0,39.02,MORE,60.98,80,Silver,39.02,22.1,13.35,5.12,20.41,60.98,38.88,25.53,20.41,9.23,4.49,11.26,4.17,0.44,4.91,483,108,19,3,32,0.545,30,"0,4,1,0,0,0,0,0,1,0,2,0,2,6",1.143,0.714,1.867,46.5,48.5,68.9,60.0,44.4,1.045,1.02,warm,89.3,4.1,41.0,13.0,4.31,1.12,8.13,0.92,10000,TB_V3_ADVANCED,60.98,0.0,39.02,MORE,60.98,80,Silver,38.88,22.1,39.02,PASS,38.88,63,Pass,38.88,0.0,61.12,PASS,38.88,59,Pass,25.53,13.35,61.12,PASS,25.53,58,Pass,25.53,0.0,74.47,PASS,25.53,58,Pass,20.41,5.12,74.47,PASS,20.41,58,Pass,20.41,0.0,79.59,PASS,20.41,58,Pass,9.23,11.18,79.59,PASS,9.23,58,Pass,9.23,0.0,90.77,PASS,9.23,58,Pass
2026-08-11,95,823997,Mike Trout,545361,LAA,TEX,,0,TBD,,,R,Angel Stadium,4.02,100.0,1.025,False,0.5,0.5,1+ TB,1.425,1.0,0.0,4.0,2.0,0.925,1.0,60.86,0.0,39.14,MORE,60.86,78,Silver,39.14,26.45,14.12,5.33,14.96,60.86,34.41,20.29,14.96,6.66,2.93,13.23,4.07,0.25,3.37,442,84,16,0,19,0.44,30,"0,0,4,0,0,1,1,2,0,2,1,0,5,2",1.286,0.857,1.567,50.5,51.1,50.0,50.0,51.0,1.0,1.0,Neutral,79.7,9.2,62.0,1.0,0.0,0.0,0.0,0.0,10000,TB_V3_ADVANCED,60.86,0.0,39.14,MORE,60.86,78,Silver,34.41,26.45,39.14,PASS,34.41,61,Pass,34.41,0.0,65.59,PASS,34.41,58,Pass,20.29,14.12,65.59,PASS,20.29,58,Pass,20.29,0.0,79.71,PASS,20.29,58,Pass,14.96,5.33,79.71,PASS,14.96,58,Pass,14.96,0.0,85.04,PASS,14.96,58,Pass,6.66,8.3,85.04,PASS,6.66,58,Pass,6.66,0.0,93.34,PASS,6.66,58,Pass
2026-08-11,96,824563,Miguel Vargas,678246,CWS,CIN,,0,Nick Lodolo,666157,L,R,Rate Field,4.08,100.0,1.025,True,0.5,0.5,1+ TB,1.537,1.0,0.0,4.0,2.0,1.037,1.0,60.69,0.0,39.31,MORE,60.69,79,Silver,39.31,22.98,14.88,5.24,17.59,60.69,37.71,22.83,17.59,7.67,3.9,11.45,4.9,0.33,3.87,509,101,26,1,24,0.467,30,"2,1,0,0,2,0,4,0,4,0,1,1,2,4",1.5,1.286,1.5,57.1,52.2,50.0,50.0,58.6,1.0,1.0,Neutral,,,,,4.6,1.47,9.34,1.29,10000,TB_V3_ADVANCED,60.69,0.0,39.31,MORE,60.69,79,Silver,37.71,22.98,39.31,PASS,37.71,62,Pass,37.71,0.0,62.29,PASS,37.71,58,Pass,22.83,14.88,62.29,PASS,22.83,58,Pass,22.83,0.0,77.17,PASS,22.83,58,Pass,17.59,5.24,77.17,PASS,17.59,58,Pass,17.59,0.0,82.41,PASS,17.59,58,Pass,7.67,9.92,82.41,PASS,7.67,58,Pass,7.67,0.0,92.33,PASS,7.67,58,Pass
2026-08-11,97,823264,Manny Machado,592518,SD,MIL,,0,Kyle Harrison,690986,L,R,Petco Park,4.04,100.0,1.025,True,0.5,0.5,1+ TB,1.409,1.0,0.0,4.0,2.0,0.909,1.0,60.63,0.0,39.37,MORE,60.63,78,Silver,39.37,25.65,15.15,5.48,14.35,60.63,34.98,19.83,14.35,6.22,2.59,12.58,4.37,0.24,3.19,492,91,20,0,23,0.42,30,"1,1,1,0,0,4,0,0,0,2,0,1,3,6",1.357,1.0,1.8,39.1,46.2,29.0,50.0,37.0,0.95,1.0,Neutral,75.7,6.5,75.0,2.0,2.84,1.04,7.21,1.02,10000,TB_V3_ADVANCED,60.63,0.0,39.37,MORE,60.63,78,Silver,34.98,25.65,39.37,PASS,34.98,61,Pass,34.98,0.0,65.02,PASS,34.98,58,Pass,19.83,15.15,65.02,PASS,19.83,58,Pass,19.83,0.0,80.17,PASS,19.83,58,Pass,14.35,5.48,80.17,PASS,14.35,58,Pass,14.35,0.0,85.65,PASS,14.35,58,Pass,6.22,8.13,85.65,PASS,6.22,58,Pass,6.22,0.0,93.78,PASS,6.22,58,Pass
2026-08-11,98,823512,Taylor Ward,621493,SEA,NYY,,0,Ryan Weathers,677960,L,R,Yankee Stadium,4.01,92.9,1.025,True,0.5,0.5,1+ TB,1.277,1.0,0.0,4.0,2.0,0.777,1.0,60.54,0.0,39.46,MORE,60.54,77,Silver,39.46,28.65,15.55,5.34,11.0,60.54,31.89,16.34,11.0,4.67,1.72,14.34,3.68,0.48,2.38,529,105,20,1,7,0.342,30,"3,1,0,1,1,0,1,0,0,1,0,0,2,1",0.786,1.0,1.1,46.4,46.3,68.9,60.0,46.0,1.045,1.02,warm,89.3,4.1,41.0,13.0,3.79,1.22,8.48,1.26,10000,TB_V3_ADVANCED,60.54,0.0,39.46,MORE,60.54,77,Silver,31.89,28.65,39.46,PASS,31.89,60,Pass,31.89,0.0,68.11,PASS,31.89,58,Pass,16.34,15.55,68.11,PASS,16.34,58,Pass,16.34,0.0,83.66,PASS,16.34,58,Pass,11.0,5.34,83.66,PASS,11.0,58,Pass,11.0,0.0,89.0,PASS,11.0,58,Pass,4.67,6.33,89.0,PASS,4.67,58,Pass,4.67,0.0,95.33,PASS,4.67,58,Pass
2026-08-11,99,823673,Kody Clemens,665019,MIN,BAL,,0,Brandon Young,687064,R,L,Target Field,4.03,100.0,1.025,True,0.5,0.5,1+ TB,1.509,1.0,0.0,4.0,2.0,1.009,1.0,60.15,0.0,39.85,MORE,60.15,78,Silver,39.85,23.05,14.04,6.34,16.72,60.15,37.1,23.06,16.72,7.27,3.43,11.62,4.33,0.82,3.8,420,89,20,5,20,0.465,30,"4,0,1,0,1,0,1,0,0,4,1,2,7,0",1.5,1.0,1.767,50.8,50.5,43.7,60.0,48.5,0.985,1.02,warm,89.5,6.6,42.0,6.0,3.43,1.31,8.61,1.0,10000,TB_V3_ADVANCED,60.15,0.0,39.85,MORE,60.15,78,Silver,37.1,23.05,39.85,PASS,37.1,62,Pass,37.1,0.0,62.9,PASS,37.1,58,Pass,23.06,14.04,62.9,PASS,23.06,58,Pass,23.06,0.0,76.94,PASS,23.06,58,Pass,16.72,6.34,76.94,PASS,16.72,58,Pass,16.72,0.0,83.28,PASS,16.72,58,Pass,7.27,9.45,83.28,PASS,7.27,58,Pass,7.27,0.0,92.73,PASS,7.27,58,Pass
2026-08-11,100,823186,Willy Adames,642715,SF,HOU,,0,Hunter Brown,686613,R,R,Oracle Park,4.02,100.0,1.025,True,0.5,0.5,1+ TB,1.421,1.0,0.0,4.0,2.0,0.921,1.0,60.14,0.0,39.86,MORE,60.14,77,Silver,39.86,24.75,14.81,5.33,15.25,60.14,35.39,20.58,15.25,6.21,2.6,12.64,4.23,0.27,3.36,473,97,24,1,19,0.413,30,"1,1,4,0,1,0,1,0,0,1,1,1,1,2",1.0,1.143,1.3,44.3,52.0,29.0,50.0,45.6,0.95,1.0,Neutral,64.6,13.2,75.0,1.0,3.53,1.24,6.29,1.07,10000,TB_V3_ADVANCED,60.14,0.0,39.86,MORE,60.14,77,Silver,35.39,24.75,39.86,PASS,35.39,61,Pass,35.39,0.0,64.61,PASS,35.39,58,Pass,20.58,14.81,64.61,PASS,20.58,58,Pass,20.58,0.0,79.42,PASS,20.58,58,Pass,15.25,5.33,79.42,PASS,15.25,58,Pass,15.25,0.0,84.75,PASS,15.25,58,Pass,6.21,9.04,84.75,PASS,6.21,58,Pass,6.21,0.0,93.79,PASS,6.21,58,Pass
2026-08-11,101,825046,Ketel Marte,606466,AZ,COL,,0,Tomoyuki Sugano,608372,R,S,Chase Field,4.07,100.0,1.025,True,0.5,0.5,1+ TB,1.428,1.0,0.0,4.0,2.0,0.928,1.0,60.08,0.0,39.92,MORE,60.08,77,Silver,39.92,25.0,14.38,5.69,15.01,60.08,35.08,20.7,15.01,6.73,2.94,12.55,4.29,0.46,3.41,500,111,22,3,20,0.438,30,"4,0,0,1,0,0,0,2,1,1,2,1,4,0",1.143,0.714,1.2,57.9,57.3,50.0,50.0,64.4,1.0,1.0,Indoor/retractable,,,,,4.51,1.26,9.2,1.84,10000,TB_V3_ADVANCED,60.08,0.0,39.92,MORE,60.08,77,Silver,35.08,25.0,39.92,PASS,35.08,61,Pass,35.08,0.0,64.92,PASS,35.08,58,Pass,20.7,14.38,64.92,PASS,20.7,58,Pass,20.7,0.0,79.3,PASS,20.7,58,Pass,15.01,5.69,79.3,PASS,15.01,58,Pass,15.01,0.0,84.99,PASS,15.01,58,Pass,6.73,8.28,84.99,PASS,6.73,58,Pass,6.73,0.0,93.27,PASS,6.73,58,Pass
2026-08-11,102,823019,JJ Wetherholt,802139,STL,PHI,,0,Cristopher Sánchez,650911,L,L,Busch Stadium,4.07,100.0,1.025,True,0.5,0.5,1+ TB,1.309,1.0,0.0,4.0,2.0,0.809,1.0,60.07,0.0,39.93,MORE,60.07,76,Silver,39.93,27.76,14.92,5.43,11.96,60.07,32.31,17.39,11.96,5.24,2.1,14.05,3.61,0.24,2.81,507,108,12,0,16,0.387,30,"3,1,0,2,0,1,0,0,5,0,1,1,0,0",1.0,1.0,1.133,48.8,51.0,47.9,67.5,44.5,0.995,1.035,hot,101.5,11.6,27.0,0.0,2.65,1.22,8.84,0.78,10000,TB_V3_ADVANCED,60.07,0.0,39.93,MORE,60.07,76,Silver,32.31,27.76,39.93,PASS,32.31,60,Pass,32.31,0.0,67.69,PASS,32.31,58,Pass,17.39,14.92,67.69,PASS,17.39,58,Pass,17.39,0.0,82.61,PASS,17.39,58,Pass,11.96,5.43,82.61,PASS,11.96,58,Pass,11.96,0.0,88.04,PASS,11.96,58,Pass,5.24,6.72,88.04,PASS,5.24,58,Pass,5.24,0.0,94.76,PASS,5.24,58,Pass
2026-08-11,103,825046,Corbin Carroll,682998,AZ,COL,,0,Tomoyuki Sugano,608372,R,L,Chase Field,4.08,100.0,1.025,True,0.5,0.5,1+ TB,1.504,1.0,0.0,4.0,2.0,1.004,1.0,59.83,0.0,40.17,MORE,59.83,77,Silver,40.17,22.41,14.28,7.01,16.13,59.83,37.42,23.14,16.13,7.27,3.57,10.72,4.78,1.26,3.05,499,104,23,13,16,0.464,30,"0,3,0,2,2,0,0,0,5,0,2,1,1,2",1.286,1.0,1.367,57.9,57.3,50.0,50.0,64.4,1.0,1.0,Indoor/retractable,,,,,4.51,1.26,9.2,1.84,10000,TB_V3_ADVANCED,59.83,0.0,40.17,MORE,59.83,77,Silver,37.42,22.41,40.17,PASS,37.42,62,Pass,37.42,0.0,62.58,PASS,37.42,58,Pass,23.14,14.28,62.58,PASS,23.14,58,Pass,23.14,0.0,76.86,PASS,23.14,58,Pass,16.13,7.01,76.86,PASS,16.13,58,Pass,16.13,0.0,83.87,PASS,16.13,58,Pass,7.27,8.86,83.87,PASS,7.27,58,Pass,7.27,0.0,92.73,PASS,7.27,58,Pass
2026-08-11,104,824240,Jo Adell,666176,CLE,DET,,0,Drew Anderson,623454,R,R,Comerica Park,4.01,92.9,1.025,True,0.5,0.5,1+ TB,1.339,1.0,0.0,4.0,2.0,0.839,1.0,59.68,0.0,40.32,MORE,59.68,76,Silver,40.32,26.39,14.99,5.16,13.14,59.68,33.29,18.3,13.14,5.57,2.27,12.86,4.27,0.3,2.83,483,104,18,1,16,0.387,30,"0,2,0,0,0,3,0,0,0,2,0,2,4,1",1.0,0.714,1.3,47.8,46.8,39.5,53.0,47.2,0.975,1.006,humid,76.5,5.6,86.0,40.0,4.01,1.29,8.29,1.2,10000,TB_V3_ADVANCED,59.68,0.0,40.32,MORE,59.68,76,Silver,33.29,26.39,40.32,PASS,33.29,60,Pass,33.29,0.0,66.71,PASS,33.29,58,Pass,18.3,14.99,66.71,PASS,18.3,58,Pass,18.3,0.0,81.7,PASS,18.3,58,Pass,13.14,5.16,81.7,PASS,13.14,58,Pass,13.14,0.0,86.86,PASS,13.14,58,Pass,5.57,7.57,86.86,PASS,5.57,58,Pass,5.57,0.0,94.43,PASS,5.57,58,Pass
2026-08-11,105,822697,Nasim Nuñez,683083,WSH,CHC,,0,Shota Imanaga,684007,L,S,Nationals Park,4.0,100.0,1.025,True,0.5,0.5,1+ TB,1.192,1.0,0.0,3.0,2.0,0.692,1.0,59.59,0.0,40.41,MORE,59.59,75,Pass,40.41,30.23,14.93,5.25,9.18,59.59,29.36,14.43,9.18,3.94,1.49,14.98,2.83,0.39,1.9,392,78,4,3,1,0.268,30,"1,0,0,0,0,1,0,1,0,0,0,0,2,0",0.357,0.286,0.833,45.0,51.2,50.0,45.5,50.9,1.0,0.991,"humid, rain risk",79.3,3.8,83.0,61.0,3.6,1.09,7.87,1.7,10000,TB_V3_ADVANCED,59.59,0.0,40.41,MORE,59.59,75,Pass,29.36,30.23,40.41,PASS,29.36,59,Pass,29.36,0.0,70.64,PASS,29.36,58,Pass,14.43,14.93,70.64,PASS,14.43,58,Pass,14.43,0.0,85.57,PASS,14.43,58,Pass,9.18,5.25,85.57,PASS,9.18,58,Pass,9.18,0.0,90.82,PASS,9.18,58,Pass,3.94,5.24,90.82,PASS,3.94,58,Pass,3.94,0.0,96.06,PASS,3.94,58,Pass
2026-08-11,106,823019,Kyle Schwarber,656941,PHI,STL,,0,Andre Pallante,669467,R,L,Busch Stadium,4.08,100.0,1.025,True,0.5,0.5,1+ TB,1.546,1.0,0.0,4.0,2.0,1.046,1.0,59.51,0.0,40.49,MORE,59.51,77,Silver,40.49,23.42,12.45,4.35,19.29,59.51,36.09,23.64,19.29,8.57,3.94,11.69,3.59,0.27,4.71,503,103,13,1,35,0.535,30,"8,1,2,2,0,0,0,0,0,0,1,1,3,2",1.429,1.857,1.433,49.2,50.2,47.9,67.5,44.5,0.995,1.035,hot,101.5,11.6,27.0,0.0,3.63,1.22,8.27,0.73,10000,TB_V3_ADVANCED,59.51,0.0,40.49,MORE,59.51,77,Silver,36.09,23.42,40.49,PASS,36.09,62,Pass,36.09,0.0,63.91,PASS,36.09,58,Pass,23.64,12.45,63.91,PASS,23.64,58,Pass,23.64,0.0,76.36,PASS,23.64,58,Pass,19.29,4.35,76.36,PASS,19.29,58,Pass,19.29,0.0,80.71,PASS,19.29,58,Pass,8.57,10.72,80.71,PASS,8.57,58,Pass,8.57,0.0,91.43,PASS,8.57,58,Pass
2026-08-11,107,824886,Marcus Semien,543760,NYM,ATL,,0,Martín Pérez,527048,L,R,Truist Park,3.87,78.6,1.0,True,0.5,0.5,1+ TB,1.424,1.0,0.0,4.0,2.0,0.924,1.0,59.41,0.0,40.59,MORE,59.41,76,Silver,40.59,26.36,12.23,4.42,16.4,59.41,33.05,20.82,16.4,7.07,2.91,13.44,3.35,0.4,3.84,392,76,9,1,14,0.362,30,"1,0,4,7,0,0,1,1,0,1,0,0,6,4",1.786,1.857,1.4,41.2,48.1,56.3,67.5,39.9,1.015,1.035,hot,92.1,9.1,42.0,30.0,3.14,1.15,6.73,0.99,10000,TB_V3_ADVANCED,59.41,0.0,40.59,MORE,59.41,76,Silver,33.05,26.36,40.59,PASS,33.05,61,Pass,33.05,0.0,66.95,PASS,33.05,58,Pass,20.82,12.23,66.95,PASS,20.82,58,Pass,20.82,0.0,79.18,PASS,20.82,58,Pass,16.4,4.42,79.18,PASS,16.4,58,Pass,16.4,0.0,83.6,PASS,16.4,58,Pass,7.07,9.33,83.6,PASS,7.07,58,Pass,7.07,0.0,92.93,PASS,7.07,58,Pass
2026-08-11,108,823832,Jakob Marsee,805300,MIA,PIT,,0,Paul Skenes,694973,R,L,loanDepot park,3.8,71.4,1.0,True,0.5,0.5,1+ TB,1.256,1.0,0.0,4.0,2.0,0.756,1.0,59.09,0.0,40.91,MORE,59.09,75,Pass,40.91,27.11,15.22,6.42,10.34,59.09,31.98,16.76,10.34,4.45,1.76,13.94,4.07,0.65,2.17,451,78,14,4,6,0.312,30,"2,3,2,0,2,1,0,0,2,4,0,0,3,0",1.357,1.429,1.1,46.2,50.1,35.3,50.0,43.9,0.965,1.0,Indoor/retractable,,,,,3.96,1.12,7.57,0.9,10000,TB_V3_ADVANCED,59.09,0.0,40.91,MORE,59.09,75,Pass,31.98,27.11,40.91,PASS,31.98,60,Pass,31.98,0.0,68.02,PASS,31.98,58,Pass,16.76,15.22,68.02,PASS,16.76,58,Pass,16.76,0.0,83.24,PASS,16.76,58,Pass,10.34,6.42,83.24,PASS,10.34,58,Pass,10.34,0.0,89.66,PASS,10.34,58,Pass,4.45,5.89,89.66,PASS,4.45,58,Pass,4.45,0.0,95.55,PASS,4.45,58,Pass
2026-08-11,109,823264,Xander Bogaerts,593428,SD,MIL,,0,Kyle Harrison,690986,L,R,Petco Park,3.98,100.0,1.025,True,0.5,0.5,1+ TB,1.215,1.0,0.0,4.0,2.0,0.715,1.0,58.92,0.0,41.08,MORE,58.92,74,Pass,41.08,29.11,14.25,5.55,10.01,58.92,29.81,15.56,10.01,4.33,1.7,14.2,3.72,0.25,2.08,450,86,11,0,9,0.318,30,"0,0,0,2,0,3,1,0,3,1,1,0,1,1",0.929,0.857,0.867,39.1,46.2,29.0,50.0,37.0,0.95,1.0,Neutral,75.7,6.5,75.0,2.0,2.84,1.04,7.21,1.02,10000,TB_V3_ADVANCED,58.92,0.0,41.08,MORE,58.92,74,Pass,29.81,29.11,41.08,PASS,29.81,60,Pass,29.81,0.0,70.19,PASS,29.81,58,Pass,15.56,14.25,70.19,PASS,15.56,58,Pass,15.56,0.0,84.44,PASS,15.56,58,Pass,10.01,5.55,84.44,PASS,10.01,58,Pass,10.01,0.0,89.99,PASS,10.01,58,Pass,4.33,5.68,89.99,PASS,4.33,58,Pass,4.33,0.0,95.67,PASS,4.33,58,Pass
2026-08-11,110,823673,Coby Mayo,691723,BAL,MIN,,0,Bailey Ober,641927,R,R,Target Field,3.73,71.4,1.0,True,0.5,0.5,1+ TB,1.447,1.0,0.0,4.0,2.0,0.947,1.0,58.88,0.0,41.12,MORE,58.88,76,Silver,41.12,24.59,12.4,5.81,16.08,58.88,34.29,21.89,16.08,7.25,3.32,13.04,3.86,1.06,3.76,298,58,10,3,15,0.436,30,"5,0,1,0,5,3,0,0,4,0,5,0,0,2",1.786,2.0,1.5,51.9,51.9,43.7,60.0,53.7,0.985,1.02,warm,89.5,6.6,42.0,6.0,4.45,1.22,8.61,1.35,10000,TB_V3_ADVANCED,58.88,0.0,41.12,MORE,58.88,76,Silver,34.29,24.59,41.12,PASS,34.29,61,Pass,34.29,0.0,65.71,PASS,34.29,58,Pass,21.89,12.4,65.71,PASS,21.89,58,Pass,21.89,0.0,78.11,PASS,21.89,58,Pass,16.08,5.81,78.11,PASS,16.08,58,Pass,16.08,0.0,83.92,PASS,16.08,58,Pass,7.25,8.83,83.92,PASS,7.25,58,Pass,7.25,0.0,92.75,PASS,7.25,58,Pass
2026-08-11,111,823673,Leody Taveras,665750,BAL,MIN,,0,Bailey Ober,641927,R,S,Target Field,3.86,78.6,1.0,True,0.5,0.5,1+ TB,1.343,1.0,0.0,4.0,2.0,0.843,1.0,58.78,0.0,41.22,MORE,58.78,75,Pass,41.22,25.13,14.96,5.48,13.21,58.78,33.65,18.69,13.21,5.62,2.47,12.68,4.32,0.66,2.89,359,70,12,5,6,0.351,30,"3,0,3,0,4,0,0,0,0,1,0,4,0,0",1.071,1.429,0.933,51.9,51.9,43.7,60.0,53.7,0.985,1.02,warm,89.5,6.6,42.0,6.0,4.45,1.22,8.61,1.35,10000,TB_V3_ADVANCED,58.78,0.0,41.22,MORE,58.78,75,Pass,33.65,25.13,41.22,PASS,33.65,60,Pass,33.65,0.0,66.35,PASS,33.65,58,Pass,18.69,14.96,66.35,PASS,18.69,58,Pass,18.69,0.0,81.31,PASS,18.69,58,Pass,13.21,5.48,81.31,PASS,13.21,58,Pass,13.21,0.0,86.79,PASS,13.21,58,Pass,5.62,7.59,86.79,PASS,5.62,58,Pass,5.62,0.0,94.38,PASS,5.62,58,Pass
2026-08-11,112,824970,Lawrence Butler,671732,ATH,TB,,0,Nick Martinez,607259,R,L,Sutter Health Park,3.96,85.7,1.025,True,0.5,0.5,1+ TB,1.32,1.0,0.0,4.0,2.0,0.82,1.0,58.54,0.0,41.46,MORE,58.54,74,Pass,41.46,25.16,15.3,5.25,12.83,58.54,33.38,18.08,12.83,5.14,2.42,11.96,4.44,0.35,2.79,351,62,13,1,7,0.319,30,"0,0,0,1,4,0,1,2,0,4,6,2,0,0",1.429,0.857,1.1,43.3,47.9,50.0,67.5,41.6,1.0,1.035,hot,92.8,11.9,24.0,0.0,2.65,1.1,8.51,1.05,10000,TB_V3_ADVANCED,58.54,0.0,41.46,MORE,58.54,74,Pass,33.38,25.16,41.46,PASS,33.38,60,Pass,33.38,0.0,66.62,PASS,33.38,58,Pass,18.08,15.3,66.62,PASS,18.08,58,Pass,18.08,0.0,81.92,PASS,18.08,58,Pass,12.83,5.25,81.92,PASS,12.83,58,Pass,12.83,0.0,87.17,PASS,12.83,58,Pass,5.14,7.69,87.17,PASS,5.14,58,Pass,5.14,0.0,94.86,PASS,5.14,58,Pass
2026-08-11,113,823512,Trent Grisham,663757,NYY,SEA,,0,Bryan Woo,693433,R,L,Yankee Stadium,3.99,85.7,1.025,True,0.5,0.5,1+ TB,1.417,1.0,0.0,4.0,2.0,0.917,1.0,58.29,0.0,41.71,MORE,58.29,75,Pass,41.71,23.22,14.57,5.16,15.34,58.29,35.07,20.5,15.34,6.35,3.32,10.76,4.84,0.37,3.53,390,72,17,2,13,0.391,30,"6,2,0,0,1,6,0,0,0,2,0,1,0,0",1.286,2.143,1.2,46.5,48.5,68.9,60.0,44.4,1.045,1.02,warm,89.3,4.1,41.0,13.0,4.31,1.12,8.13,0.92,10000,TB_V3_ADVANCED,58.29,0.0,41.71,MORE,58.29,75,Pass,35.07,23.22,41.71,PASS,35.07,61,Pass,35.07,0.0,64.93,PASS,35.07,58,Pass,20.5,14.57,64.93,PASS,20.5,58,Pass,20.5,0.0,79.5,PASS,20.5,58,Pass,15.34,5.16,79.5,PASS,15.34,58,Pass,15.34,0.0,84.66,PASS,15.34,58,Pass,6.35,8.99,84.66,PASS,6.35,58,Pass,6.35,0.0,93.65,PASS,6.35,58,Pass
2026-08-11,114,822778,Jarren Duran,680776,BOS,TOR,,0,Dylan Cease,656302,R,L,Rogers Centre,4.02,100.0,1.025,True,0.5,0.5,1+ TB,1.372,1.0,0.0,4.0,2.0,0.872,1.0,58.03,0.0,41.97,MORE,58.03,74,Pass,41.97,25.82,12.25,4.76,15.2,58.03,32.21,19.96,15.2,6.76,2.66,12.68,3.11,0.48,3.52,467,85,11,3,16,0.355,30,"0,0,4,0,3,5,4,1,2,0,0,2,0,3",1.714,2.286,1.333,37.7,49.5,50.0,50.0,31.9,1.0,1.0,Indoor/retractable,,,,,2.28,1.04,5.7,0.5,10000,TB_V3_ADVANCED,58.03,0.0,41.97,MORE,58.03,74,Pass,32.21,25.82,41.97,PASS,32.21,61,Pass,32.21,0.0,67.79,PASS,32.21,58,Pass,19.96,12.25,67.79,PASS,19.96,58,Pass,19.96,0.0,80.04,PASS,19.96,58,Pass,15.2,4.76,80.04,PASS,15.2,58,Pass,15.2,0.0,84.8,PASS,15.2,58,Pass,6.76,8.44,84.8,PASS,6.76,58,Pass,6.76,0.0,93.24,PASS,6.76,58,Pass
2026-08-11,115,824563,JJ Bleday,668709,CIN,CWS,,0,Sean Burke,680732,R,L,Rate Field,4.01,92.9,1.025,True,0.5,0.5,1+ TB,1.443,1.0,0.0,4.0,2.0,0.943,1.0,57.96,0.0,42.04,MORE,57.96,75,Pass,42.04,24.36,12.07,4.31,17.22,57.96,33.6,21.53,17.22,7.26,3.36,11.39,3.6,0.32,4.14,373,71,12,1,20,0.46,30,"2,0,0,5,0,1,1,0,4,0,0,0,4,0",1.214,1.286,1.433,43.7,49.7,50.0,50.0,41.8,1.0,1.0,Neutral,,,,,3.08,1.12,7.34,0.98,10000,TB_V3_ADVANCED,57.96,0.0,42.04,MORE,57.96,75,Pass,33.6,24.36,42.04,PASS,33.6,61,Pass,33.6,0.0,66.4,PASS,33.6,58,Pass,21.53,12.07,66.4,PASS,21.53,58,Pass,21.53,0.0,78.47,PASS,21.53,58,Pass,17.22,4.31,78.47,PASS,17.22,58,Pass,17.22,0.0,82.78,PASS,17.22,58,Pass,7.26,9.96,82.78,PASS,7.26,58,Pass,7.26,0.0,92.74,PASS,7.26,58,Pass
2026-08-11,116,823512,Jazz Chisholm Jr.,665862,NYY,SEA,,0,Bryan Woo,693433,R,L,Yankee Stadium,4.01,100.0,1.025,True,0.5,0.5,1+ TB,1.396,1.0,0.0,4.0,2.0,0.896,1.0,57.19,0.0,42.81,MORE,57.19,73,Pass,42.81,23.46,13.31,4.66,15.76,57.19,33.73,20.42,15.76,6.82,3.09,11.79,3.76,0.33,3.66,431,83,14,2,17,0.396,30,"1,0,0,4,0,0,0,1,1,0,3,0,0,1",0.786,0.714,1.3,46.5,48.5,68.9,60.0,44.4,1.045,1.02,warm,89.3,4.1,41.0,13.0,4.31,1.12,8.13,0.92,10000,TB_V3_ADVANCED,57.19,0.0,42.81,MORE,57.19,73,Pass,33.73,23.46,42.81,PASS,33.73,61,Pass,33.73,0.0,66.27,PASS,33.73,58,Pass,20.42,13.31,66.27,PASS,20.42,58,Pass,20.42,0.0,79.58,PASS,20.42,58,Pass,15.76,4.66,79.58,PASS,15.76,58,Pass,15.76,0.0,84.24,PASS,15.76,58,Pass,6.82,8.94,84.24,PASS,6.82,58,Pass,6.82,0.0,93.18,PASS,6.82,58,Pass
2026-08-11,117,823673,Gunnar Henderson,683002,BAL,MIN,,0,Bailey Ober,641927,R,L,Target Field,4.03,92.9,1.025,True,0.5,0.5,1+ TB,1.314,1.0,0.0,4.0,2.0,0.814,1.0,56.44,0.0,43.56,MORE,56.44,72,Pass,43.56,24.56,13.26,5.23,13.39,56.44,31.88,18.62,13.39,6.16,2.55,11.66,3.58,0.57,2.95,531,101,19,4,18,0.384,30,"0,0,0,0,1,0,0,1,3,1,0,1,0,4",0.786,0.143,1.067,51.9,51.9,43.7,60.0,53.7,0.985,1.02,warm,89.5,6.6,42.0,6.0,4.45,1.22,8.61,1.35,10000,TB_V3_ADVANCED,56.44,0.0,43.56,MORE,56.44,72,Pass,31.88,24.56,43.56,PASS,31.88,60,Pass,31.88,0.0,68.12,PASS,31.88,58,Pass,18.62,13.26,68.12,PASS,18.62,58,Pass,18.62,0.0,81.38,PASS,18.62,58,Pass,13.39,5.23,81.38,PASS,13.39,58,Pass,13.39,0.0,86.61,PASS,13.39,58,Pass,6.16,7.23,86.61,PASS,6.16,58,Pass,6.16,0.0,93.84,PASS,6.16,58,Pass
2026-08-11,118,824886,Brett Baty,683146,NYM,ATL,,0,Martín Pérez,527048,L,L,Truist Park,3.81,71.4,1.0,True,0.5,0.5,1+ TB,1.246,1.0,0.0,4.0,2.0,0.746,1.0,56.03,0.0,43.97,MORE,56.03,71,Pass,43.97,25.57,13.21,4.98,12.27,56.03,30.46,17.25,12.27,4.96,2.12,12.6,3.93,0.32,2.91,375,72,13,1,7,0.321,30,"0,0,1,0,4,0,0,0,1,0,1,4,0,1",0.857,0.714,1.233,41.2,48.1,56.3,67.5,39.9,1.015,1.035,hot,92.1,9.1,42.0,30.0,3.14,1.15,6.73,0.99,10000,TB_V3_ADVANCED,56.03,0.0,43.97,MORE,56.03,71,Pass,30.46,25.57,43.97,PASS,30.46,60,Pass,30.46,0.0,69.54,PASS,30.46,58,Pass,17.25,13.21,69.54,PASS,17.25,58,Pass,17.25,0.0,82.75,PASS,17.25,58,Pass,12.27,4.98,82.75,PASS,12.27,58,Pass,12.27,0.0,87.73,PASS,12.27,58,Pass,4.96,7.31,87.73,PASS,4.96,58,Pass,4.96,0.0,95.04,PASS,4.96,58,Pass
2026-08-11,119,824563,Matt McLain,680574,CIN,CWS,,0,Sean Burke,680732,R,R,Rate Field,3.77,78.6,1.0,True,0.5,0.5,1+ TB,1.242,1.0,0.0,4.0,2.0,0.742,1.0,53.68,0.0,46.32,PASS,53.68,68,Pass,46.32,22.47,13.85,4.36,13.0,53.68,31.21,17.36,13.0,5.05,2.3,10.8,4.7,0.26,3.05,344,58,15,0,10,0.346,30,"1,0,6,0,4,2,0,0,1,1,0,0,0,0",1.071,1.857,0.767,43.7,49.7,50.0,50.0,41.8,1.0,1.0,Neutral,,,,,3.08,1.12,7.34,0.98,10000,TB_V3_ADVANCED,53.68,0.0,46.32,PASS,53.68,68,Pass,31.21,22.47,46.32,PASS,31.21,60,Pass,31.21,0.0,68.79,PASS,31.21,58,Pass,17.36,13.85,68.79,PASS,17.36,58,Pass,17.36,0.0,82.64,PASS,17.36,58,Pass,13.0,4.36,82.64,PASS,13.0,58,Pass,13.0,0.0,87.0,PASS,13.0,58,Pass,5.05,7.95,87.0,PASS,5.05,58,Pass,5.05,0.0,94.95,PASS,5.05,58,Pass
2026-08-11,120,823997,Oswald Peraza,672724,LAA,TEX,,0,TBD,,,R,Angel Stadium,3.15,42.9,0.84,False,0.5,0.5,1+ TB,1.038,1.0,0.0,3.0,2.0,0.538,1.0,51.83,0.0,48.17,PASS,51.83,64,Pass,48.17,26.49,12.38,4.22,8.74,51.83,25.34,12.96,8.74,3.07,1.14,14.26,3.93,0.41,2.49,304,66,11,2,7,0.359,30,"0,1,0,0,0,0,0,0,0,1,0,0,2,0",0.286,0.143,0.433,50.5,51.1,50.0,50.0,51.0,1.0,1.0,Neutral,79.7,9.2,62.0,1.0,0.0,0.0,0.0,0.0,10000,TB_V3_ADVANCED,51.83,0.0,48.17,PASS,51.83,64,Pass,25.34,26.49,48.17,PASS,25.34,58,Pass,25.34,0.0,74.66,PASS,25.34,58,Pass,12.96,12.38,74.66,PASS,12.96,58,Pass,12.96,0.0,87.04,PASS,12.96,58,Pass,8.74,4.22,87.04,PASS,8.74,58,Pass,8.74,0.0,91.26,PASS,8.74,58,Pass,3.07,5.67,91.26,PASS,3.07,58,Pass,3.07,0.0,96.93,PASS,3.07,58,Pass
