Date,Game,Venue,Park Factor,Weather Factor,Temp F,Relative Humidity %,Wind MPH,Wind Direction,Wind Direction Deg,Precip %,Weather Conditions,Estimated Fly Ball Distance Change Ft,Expected HR Boost %,Ball Flight AI Score,Ball Flight Grade,Weather Confidence %,Team,Player,Opp Pitcher,BvP AVG,BvP Hits,BvP AB,Expected PA,Pitcher Weakness,Hits/G,Runs/G,RBI/G,Projected HRR,Hit Rate %,Recent 5 HRR Avg,Recent 5 HRR Scores,Recent 5 HRR Dates,Recent 10 HRR Avg,Recent 10 HRR Scores,Recent 10 HRR Dates,Recent 15 HRR Avg,Recent 15 HRR Scores,Recent 15 HRR Dates,MC Over 0.5 %,MC Over 1.5 %,MC Over 2.5 %,MC Over 3.5 %,MC Over 4.5 %,MC Over 5.5 %,MC Over 6.5 %,Bet Score,AI Score
2026-07-19,St. Louis Cardinals @ Arizona Diamondbacks,Chase Field,1.0,1.0,,,,,,,Roof / indoor neutral,0.0,0.0,50.0,Roof,95.0,Arizona Diamondbacks,Gabriel Moreno,Andre Pallante,0.0,0,1,4.8,0.99,1.66,0.75,0.5,2.92,66.7,2.8,3|2|4|4|1,07/17|07/12|07/11|07/10|07/09,2.5,3|2|4|4|1|3|2|3|1|2,07/17|07/12|07/11|07/10|07/09|07/08|07/07|07/06|07/05|07/04,2.33,3|2|4|4|1|3|2|3|1|2|4|1|5|0|0,07/17|07/12|07/11|07/10|07/09|07/08|07/07|07/06|07/05|07/04|07/03|07/01|06/30|06/29|06/28,91.2,73.2,51.4,33.3,19.9,10.9,5.9,2.71,140.2
2026-07-19,St. Louis Cardinals @ Arizona Diamondbacks,Chase Field,1.0,1.0,,,,,,,Roof / indoor neutral,0.0,0.0,50.0,Roof,95.0,Arizona Diamondbacks,Geraldo Perdomo,Andre Pallante,0.0,0,2,4.7,0.99,1.14,0.89,0.49,2.54,46.7,2.0,1|1|2|3|3,07/17|07/12|07/11|07/10|07/09,2.0,1|1|2|3|3|1|5|4|0|0,07/17|07/12|07/11|07/10|07/09|07/07|07/06|07/05|07/04|07/03,2.07,1|1|2|3|3|1|5|4|0|0|1|1|4|1|4,07/17|07/12|07/11|07/10|07/09|07/07|07/06|07/05|07/04|07/03|07/01|06/30|06/29|06/28|06/27,88.4,66.2,44.4,26.6,14.2,7.3,3.6,2.49,123.4
2026-07-19,St. Louis Cardinals @ Arizona Diamondbacks,Chase Field,1.0,1.0,,,,,,,Roof / indoor neutral,0.0,0.0,50.0,Roof,95.0,Arizona Diamondbacks,Nolan Arenado,Andre Pallante,0.333,1,3,3.7,0.99,0.83,0.7,0.45,1.97,66.7,2.4,0|3|4|2|3,07/17|07/12|07/11|07/10|07/09,2.1,0|3|4|2|3|3|0|3|0|3,07/17|07/12|07/11|07/10|07/09|07/08|07/07|07/06|07/04|07/03,2.07,0|3|4|2|3|3|0|3|0|3|2|2|5|0|1,07/17|07/12|07/11|07/10|07/09|07/08|07/07|07/06|07/04|07/03|07/01|06/30|06/29|06/28|06/27,82.6,55.3,31.5,15.9,7.2,2.9,1.1,2.52,128.1
2026-07-19,Washington Nationals @ Athletics,Sutter Health Park,1.01,1.007,89.9,25.0,4.5,W,276.0,1.0,Overcast,3.3,4.8,57.3,B,92.0,Athletics,Donovan Walton,Foster Griffin,0.0,0,0,4.6,0.85,0.89,0.35,0.55,1.81,46.7,0.6,0|2|1|0|0,07/17|07/05|07/04|07/02|06/30,0.8,0|2|1|0|0|0|2|2|0|1,07/17|07/05|07/04|07/02|06/30|06/27|06/26|06/24|06/23|06/22,1.73,0|2|1|0|0|0|2|2|0|1|5|5|0|4|4,07/17|07/05|07/04|07/02|06/30|06/27|06/26|06/24|06/23|06/22|06/21|06/20|06/19|06/16|06/15,79.5,51.2,28.0,13.4,5.7,2.3,0.8,2.1,105.2
2026-07-19,Washington Nationals @ Athletics,Sutter Health Park,1.01,1.007,89.9,25.0,4.5,W,276.0,1.0,Overcast,3.3,4.8,57.3,B,92.0,Athletics,Jonah Heim,Foster Griffin,0.0,0,2,3.8,0.85,0.68,0.34,0.69,1.72,40.0,0.6,1|0|0|1|1,07/12|07/11|07/10|07/09|07/07,2.0,1|0|0|1|1|9|0|0|6|2,07/12|07/11|07/10|07/09|07/07|07/05|07/04|07/03|07/01|06/30,2.0,1|0|0|1|1|9|0|0|6|2|1|0|3|3|3,07/12|07/11|07/10|07/09|07/07|07/05|07/04|07/03|07/01|06/30|06/29|06/28|06/27|06/26|06/25,78.2,48.5,26.0,12.0,4.7,1.8,0.7,2.52,116.8
2026-07-19,Washington Nationals @ Athletics,Sutter Health Park,1.01,1.007,89.9,25.0,4.5,W,276.0,1.0,Overcast,3.3,4.8,57.3,B,92.0,Athletics,Jacob Wilson,Foster Griffin,0.0,0,0,4.2,0.85,0.94,0.38,0.32,1.65,53.3,2.0,2|1|2|2|3,07/17|07/12|07/11|07/10|07/09,1.2,2|1|2|2|3|0|0|1|0|1,07/17|07/12|07/11|07/10|07/09|07/08|07/07|06/24|06/23|06/21,1.73,2|1|2|2|3|0|0|1|0|1|1|6|2|3|2,07/17|07/12|07/11|07/10|07/09|07/08|07/07|06/24|06/23|06/21|06/20|06/19|06/18|06/17|06/16,76.7,46.5,23.7,10.7,4.4,1.8,0.6,2.02,103.3
2026-07-19,Texas Rangers @ Atlanta Braves,Truist Park,1.008,1.009,89.6,53.0,8.1,WNW,289.0,6.0,Overcast,4.2,6.1,59.2,B,92.0,Atlanta Braves,Drake Baldwin,Unknown,0.0,0,0,4.6,1.0,1.21,0.73,0.98,2.94,53.3,3.4,10|2|1|0|4,07/17|07/12|07/11|07/10|07/09,3.0,10|2|1|0|4|2|0|2|8|1,07/17|07/12|07/11|07/10|07/09|07/08|07/07|07/06|07/05|07/04,2.4,10|2|1|0|4|2|0|2|8|1|0|2|3|1|0,07/17|07/12|07/11|07/10|07/09|07/08|07/07|07/06|07/05|07/04|07/03|07/02|07/01|06/30|06/28,91.7,73.7,53.2,33.8,19.9,11.0,5.6,2.98,145.1
2026-07-19,Texas Rangers @ Atlanta Braves,Truist Park,1.008,1.009,89.6,53.0,8.1,WNW,289.0,6.0,Overcast,4.2,6.1,59.2,B,92.0,Atlanta Braves,Michael Harris II,Unknown,0.0,0,0,3.7,1.0,1.24,0.59,0.92,2.7,60.0,1.8,6|0|1|0|2,07/17|07/12|07/11|07/10|07/09,3.3,6|0|1|0|2|2|3|5|6|8,07/17|07/12|07/11|07/10|07/09|07/08|07/07|07/06|07/05|07/04,2.8,6|0|1|0|2|2|3|5|6|8|5|1|2|0|1,07/17|07/12|07/11|07/10|07/09|07/08|07/07|07/06|07/05|07/04|07/03|07/02|07/01|06/30|06/28,89.9,70.0,48.0,29.4,16.6,8.6,4.1,3.45,162.8
2026-07-19,Texas Rangers @ Atlanta Braves,Truist Park,1.008,1.009,89.6,53.0,8.1,WNW,289.0,6.0,Overcast,4.2,6.1,59.2,B,92.0,Atlanta Braves,Matt Olson,Unknown,0.0,0,0,3.7,1.0,1.04,0.85,0.46,2.34,53.3,2.2,5|1|1|0|4,07/17|07/12|07/11|07/10|07/09,2.4,5|1|1|0|4|0|2|7|2|2,07/17|07/12|07/11|07/10|07/09|07/08|07/07|07/06|07/05|07/04,2.4,5|1|1|0|4|0|2|7|2|2|6|1|0|1|4,07/17|07/12|07/11|07/10|07/09|07/08|07/07|07/06|07/05|07/04|07/03|07/02|07/01|06/30|06/28,87.3,62.8,39.7,21.9,11.7,5.7,2.5,2.89,138.6
2026-07-19,Baltimore Orioles @ Houston Astros,Daikin Park,1.0,1.0,,,,,,,Unavailable,0.0,0.0,50.0,C,40.0,Baltimore Orioles,Pete Alonso,Hunter Brown,0.0,0,3,3.7,0.94,0.79,0.49,0.67,1.93,53.3,2.4,1|2|6|2|1,07/17|07/12|07/11|07/10|07/09,2.3,1|2|6|2|1|4|1|0|5|1,07/17|07/12|07/11|07/10|07/09|07/08|07/07|07/05|07/04|07/03,2.13,1|2|6|2|1|4|1|0|5|1|0|2|0|4|3,07/17|07/12|07/11|07/10|07/09|07/08|07/07|07/05|07/04|07/03|07/01|06/30|06/29|06/28|06/27,82.0,54.6,30.6,14.9,6.7,2.9,1.1,2.66,128.1
2026-07-19,Baltimore Orioles @ Houston Astros,Daikin Park,1.0,1.0,,,,,,,Unavailable,0.0,0.0,50.0,C,40.0,Baltimore Orioles,Adley Rutschman,Hunter Brown,0.667,2,3,5.0,0.94,0.98,0.33,0.57,1.88,46.7,0.8,2|0|1|0|1,07/17|07/11|07/10|07/09|07/08,1.8,2|0|1|0|1|4|1|5|2|2,07/17|07/11|07/10|07/09|07/08|07/07|07/05|07/04|07/03|07/01,1.53,2|0|1|0|1|4|1|5|2|2|2|2|0|0|1,07/17|07/11|07/10|07/09|07/08|07/07|07/05|07/04|07/03|07/01|06/29|06/28|06/18|06/17|06/16,80.7,52.3,29.3,14.7,6.6,2.9,1.2,1.85,96.8
2026-07-19,Baltimore Orioles @ Houston Astros,Daikin Park,1.0,1.0,,,,,,,Unavailable,0.0,0.0,50.0,C,40.0,Baltimore Orioles,Gunnar Henderson,Hunter Brown,0.0,0,1,4.2,0.94,0.9,0.69,0.28,1.86,46.7,2.2,0|5|3|2|1,07/17|07/12|07/11|07/10|07/09,1.7,0|5|3|2|1|1|1|1|2|1,07/17|07/12|07/11|07/10|07/09|07/08|07/07|07/05|07/04|07/03,1.8,0|5|3|2|1|1|1|1|2|1|2|4|3|0|1,07/17|07/12|07/11|07/10|07/09|07/08|07/07|07/05|07/04|07/03|07/01|06/30|06/29|06/28|06/27,80.5,51.8,28.4,14.2,6.2,2.6,1.1,2.13,106.4
2026-07-19,Tampa Bay Rays @ Boston Red Sox,Fenway Park,1.03,1.004,79.2,44.0,14.4,WNW,294.0,0.0,Clear,1.7,2.5,53.8,C,92.0,Boston Red Sox,Willson Contreras,Shane McClanahan,0.0,0,3,3.7,0.85,0.89,0.56,0.96,2.42,73.3,3.6,3|0|5|5|5,07/17|07/08|07/07|07/05|07/04,3.1,3|0|5|5|5|3|3|0|5|2,07/17|07/08|07/07|07/05|07/04|07/03|07/01|06/30|06/29|06/28,2.87,3|0|5|5|5|3|3|0|5|2|3|5|1|2|1,07/17|07/08|07/07|07/05|07/04|07/03|07/01|06/30|06/29|06/28|06/27|06/26|06/25|06/24|06/23,87.7,65.1,41.9,23.9,12.5,6.3,2.8,3.63,172.2
2026-07-19,Tampa Bay Rays @ Boston Red Sox,Fenway Park,1.03,1.004,79.2,44.0,14.4,WNW,294.0,0.0,Clear,1.7,2.5,53.8,C,92.0,Boston Red Sox,Caleb Durbin,Shane McClanahan,0.0,0,0,4.7,0.85,1.06,0.79,0.57,2.44,53.3,2.6,2|6|0|4|1,07/17|07/17|07/12|07/11|07/10,2.1,2|6|0|4|1|4|3|0|1|0,07/17|07/17|07/12|07/11|07/10|07/09|07/08|07/07|07/05|07/04,2.27,2|6|0|4|1|4|3|0|1|0|4|1|1|3|4,07/17|07/17|07/12|07/11|07/10|07/09|07/08|07/07|07/05|07/04|07/03|07/01|06/30|06/29|06/28,87.7,64.4,42.6,24.5,13.5,6.5,3.0,2.75,134.2
2026-07-19,Tampa Bay Rays @ Boston Red Sox,Fenway Park,1.03,1.004,79.2,44.0,14.4,WNW,294.0,0.0,Clear,1.7,2.5,53.8,C,92.0,Boston Red Sox,Ceddanne Rafaela,Shane McClanahan,0.0,0,0,4.4,0.85,1.13,0.6,0.34,2.09,73.3,2.0,2|3|2|1|2,07/17|07/17|07/12|07/11|07/10,2.3,2|3|2|1|2|0|3|5|2|3,07/17|07/17|07/12|07/11|07/10|07/09|07/08|07/07|07/05|07/04,2.07,2|3|2|1|2|0|3|5|2|3|2|3|0|3|0,07/17|07/17|07/12|07/11|07/10|07/09|07/08|07/07|07/05|07/04|07/03|07/01|06/30|06/29|06/28,83.8,58.1,34.3,18.4,8.6,3.8,1.4,2.41,127.4
2026-07-19,Minnesota Twins @ Chicago Cubs,Wrigley Field,1.018,1.003,75.9,60.0,10.6,NNE,32.0,0.0,Partly cloudy,1.5,2.2,53.4,C,92.0,Chicago Cubs,Dansby Swanson,Zebby Matthews,0.0,0,0,4.7,1.04,1.29,0.95,1.04,3.27,46.7,0.8,0|2|0|1|1,07/17|07/12|07/11|07/10|07/09,1.2,0|2|0|1|1|2|4|2|0|0,07/17|07/12|07/11|07/10|07/09|07/08|07/07|07/05|07/04|07/03,2.53,0|2|0|1|1|2|4|2|0|0|15|8|3|0|0,07/17|07/12|07/11|07/10|07/09|07/08|07/07|07/05|07/04|07/03|07/01|06/30|06/29|06/28|06/27,93.5,78.3,58.8,40.6,25.3,14.6,7.5,3.15,150.1
2026-07-19,Minnesota Twins @ Chicago Cubs,Wrigley Field,1.018,1.003,75.9,60.0,10.6,NNE,32.0,0.0,Partly cloudy,1.5,2.2,53.4,C,92.0,Chicago Cubs,Alex Bregman,Zebby Matthews,0.0,0,0,5.0,1.04,1.1,0.74,1.39,3.25,53.3,2.6,0|9|4|0|0,07/17|07/12|07/11|07/10|07/09,2.4,0|9|4|0|0|1|4|3|0|3,07/17|07/12|07/11|07/10|07/09|07/08|07/07|07/05|07/04|07/03,2.33,0|9|4|0|0|1|4|3|0|3|1|5|2|1|2,07/17|07/12|07/11|07/10|07/09|07/08|07/07|07/05|07/04|07/03|07/01|06/30|06/29|06/28|06/27,93.3,77.8,58.0,39.5,24.8,14.6,8.0,2.99,146.6
2026-07-19,Minnesota Twins @ Chicago Cubs,Wrigley Field,1.018,1.003,75.9,60.0,10.6,NNE,32.0,0.0,Partly cloudy,1.5,2.2,53.4,C,92.0,Chicago Cubs,Seiya Suzuki,Zebby Matthews,0.0,0,0,3.7,1.04,1.29,0.75,1.03,3.09,73.3,3.0,2|2|3|2|6,07/17|07/12|07/11|07/10|07/09,2.0,2|2|3|2|6|5|0|0|0|0,07/17|07/12|07/11|07/10|07/09|07/08|07/07|07/05|07/04|07/03,3.0,2|2|3|2|6|5|0|0|0|0|9|3|5|3|5,07/17|07/12|07/11|07/10|07/09|07/08|07/07|07/05|07/04|07/03|07/01|06/30|06/29|06/28|06/27,92.1,75.3,55.4,37.0,22.6,12.8,6.7,3.72,178.4
2026-07-19,Chicago White Sox @ Toronto Blue Jays,Rogers Centre,1.0,1.0,,,,,,,Roof / indoor neutral,0.0,0.0,50.0,Roof,95.0,Chicago White Sox,Colson Montgomery,Trey Yesavage,0.0,0,0,4.6,0.87,1.05,0.7,0.7,2.41,60.0,2.8,7|2|1|2|2,07/17|07/12|07/11|07/10|07/09,2.4,7|2|1|2|2|0|0|5|5|0,07/17|07/12|07/11|07/10|07/09|07/08|07/07|07/05|07/04|07/03,2.33,7|2|1|2|2|0|0|5|5|0|1|4|3|0|3,07/17|07/12|07/11|07/10|07/09|07/08|07/07|07/05|07/04|07/03|07/02|06/30|06/29|06/28|06/27,87.3,64.9,41.7,24.1,12.5,5.9,2.7,2.87,140.9
2026-07-19,Chicago White Sox @ Toronto Blue Jays,Rogers Centre,1.0,1.0,,,,,,,Roof / indoor neutral,0.0,0.0,50.0,Roof,95.0,Chicago White Sox,Andrew Benintendi,Trey Yesavage,0.0,0,0,5.0,0.87,1.06,0.68,0.68,2.39,53.3,2.8,2|2|8|2|0,07/17|07/12|07/10|07/09|07/07,2.3,2|2|8|2|0|3|0|1|0|5,07/17|07/12|07/10|07/09|07/07|07/05|07/03|07/02|07/01|06/30,2.13,2|2|8|2|0|3|0|1|0|5|1|1|5|0|2,07/17|07/12|07/10|07/09|07/07|07/05|07/03|07/02|07/01|06/30|06/28|06/27|06/26|06/24|06/22,87.2,64.1,41.6,23.8,12.4,6.0,2.6,2.61,129.2
2026-07-19,Chicago White Sox @ Toronto Blue Jays,Rogers Centre,1.0,1.0,,,,,,,Roof / indoor neutral,0.0,0.0,50.0,Roof,95.0,Chicago White Sox,Braden Montgomery,Trey Yesavage,0.0,0,0,4.8,0.87,0.95,0.51,0.66,2.1,33.3,3.4,7|7|0|2|1,07/17|07/12|07/11|07/10|07/09,2.2,7|7|0|2|1|0|1|1|1|2,07/17|07/12|07/11|07/10|07/09|07/08|07/05|07/04|07/03|07/02,1.93,7|7|0|2|1|0|1|1|1|2|1|1|1|1|3,07/17|07/12|07/11|07/10|07/09|07/08|07/05|07/04|07/03|07/02|07/01|06/30|06/29|06/28|06/27,83.6,58.3,34.6,18.1,8.5,4.0,1.6,2.37,112.1
2026-07-19,Cincinnati Reds @ Colorado Rockies,Coors Field,1.08,1.016,95.4,18.0,4.8,NE,37.0,0.0,Clear,7.2,10.4,65.8,B+,92.0,Cincinnati Reds,Elly De La Cruz,Ryan Feltner,0.4,2,5,4.7,1.05,1.89,1.02,0.65,3.53,66.7,3.2,7|2|2|5|0,07/17|07/12|07/11|07/10|07/09,2.7,7|2|2|5|0|7|0|0|3|1,07/17|07/12|07/11|07/10|07/09|07/08|07/07|07/05|07/04|07/03,2.6,7|2|2|5|0|7|0|0|3|1|1|2|3|4|2,07/17|07/12|07/11|07/10|07/09|07/08|07/07|07/05|07/04|07/03|07/02|07/01|06/30|06/29|06/28,94.2,80.3,62.0,44.2,29.8,18.6,10.6,3.05,154.2
2026-07-19,Cincinnati Reds @ Colorado Rockies,Coors Field,1.08,1.016,95.4,18.0,4.8,NE,37.0,0.0,Clear,7.2,10.4,65.8,B+,92.0,Cincinnati Reds,Eugenio Suárez,Ryan Feltner,0.5,1,2,4.6,1.05,1.06,0.63,0.91,2.62,46.7,2.6,4|4|4|1|0,07/17|07/12|07/11|07/10|07/09,2.1,4|4|4|1|0|0|3|1|4|0,07/17|07/12|07/11|07/10|07/09|07/08|07/07|07/05|07/04|07/03,1.93,4|4|4|1|0|0|3|1|4|0|2|1|0|0|5,07/17|07/12|07/11|07/10|07/09|07/08|07/07|07/05|07/04|07/03|07/02|07/01|06/30|06/28|06/27,89.5,68.2,46.1,27.9,15.4,7.9,3.6,2.41,121.2
2026-07-19,Cincinnati Reds @ Colorado Rockies,Coors Field,1.08,1.016,95.4,18.0,4.8,NE,37.0,0.0,Clear,7.2,10.4,65.8,B+,92.0,Cincinnati Reds,Sal Stewart,Ryan Feltner,0.0,0,0,3.7,1.05,1.2,0.58,0.73,2.52,60.0,1.8,3|2|1|3|0,07/17|07/12|07/11|07/10|07/09,2.2,3|2|1|3|0|7|1|2|3|0,07/17|07/12|07/11|07/10|07/09|07/08|07/07|07/05|07/04|07/03,2.33,3|2|1|3|0|7|1|2|3|0|3|1|5|1|3,07/17|07/12|07/11|07/10|07/09|07/08|07/07|07/05|07/04|07/03|07/02|07/01|06/30|06/29|06/28,88.1,67.3,44.3,26.0,14.0,7.1,3.2,2.83,140.2
2026-07-19,Pittsburgh Pirates @ Cleveland Guardians,Progressive Field,0.995,1.003,75.5,58.0,10.3,N,360.0,0.0,Clear,1.5,2.2,53.3,C,92.0,Cleveland Guardians,Chase DeLauter,Paul Skenes,0.0,0,0,4.7,0.85,1.46,0.63,0.84,2.93,73.3,3.0,3|0|5|3|4,07/12|07/11|07/10|07/09|07/08,2.6,3|0|5|3|4|2|6|1|0|2,07/12|07/11|07/10|07/09|07/08|07/07|07/05|07/04|07/03|07/02,2.8,3|0|5|3|4|2|6|1|0|2|5|2|3|5|1,07/12|07/11|07/10|07/09|07/08|07/07|07/05|07/04|07/03|07/02|07/01|06/30|06/29|06/28|06/13,91.2,73.6,52.6,33.7,20.0,10.9,6.0,3.38,166.0
2026-07-19,Pittsburgh Pirates @ Cleveland Guardians,Progressive Field,0.995,1.003,75.5,58.0,10.3,N,360.0,0.0,Clear,1.5,2.2,53.3,C,92.0,Cleveland Guardians,Brayan Rocchio,Paul Skenes,0.0,0,2,4.8,0.85,1.21,0.64,0.78,2.64,80.0,3.6,6|2|2|3|5,07/12|07/11|07/10|07/09|07/08,2.8,6|2|2|3|5|0|1|2|2|5,07/12|07/11|07/10|07/09|07/08|07/07|07/05|07/04|07/03|07/02,2.47,6|2|2|3|5|0|1|2|2|5|2|0|3|2|2,07/12|07/11|07/10|07/09|07/08|07/07|07/05|07/04|07/03|07/02|07/01|06/30|06/29|06/28|06/27,89.7,69.2,46.8,28.1,15.6,8.1,3.8,3.01,154.1
2026-07-19,Pittsburgh Pirates @ Cleveland Guardians,Progressive Field,0.995,1.003,75.5,58.0,10.3,N,360.0,0.0,Clear,1.5,2.2,53.3,C,92.0,Cleveland Guardians,Austin Hedges,Paul Skenes,0.0,0,0,5.0,0.85,0.96,0.37,0.37,1.7,46.7,2.0,2|2|0|4|2,07/10|07/08|07/05|07/04|07/03,2.1,2|2|0|4|2|6|2|1|0|2,07/10|07/08|07/05|07/04|07/03|07/01|06/29|06/28|06/26|06/23,1.53,2|2|0|4|2|6|2|1|0|2|0|0|0|1|1,07/10|07/08|07/05|07/04|07/03|07/01|06/29|06/28|06/26|06/23|06/22|06/21|06/18|06/16|06/13,78.1,48.2,24.9,11.6,4.5,1.6,0.7,1.8,93.8
2026-07-19,Cincinnati Reds @ Colorado Rockies,Coors Field,1.08,1.016,95.4,18.0,4.8,NE,37.0,0.0,Clear,7.2,10.4,65.8,B+,92.0,Colorado Rockies,Jake McCarthy,Hunter Greene,0.2,1,5,4.0,1.2,1.49,0.72,1.72,3.89,53.3,1.8,1|3|1|4|0,07/17|07/12|07/11|07/10|07/09,1.8,1|3|1|4|0|1|2|3|2|1,07/17|07/12|07/11|07/10|07/09|07/08|07/07|07/06|07/05|07/04,2.93,1|3|1|4|0|1|2|3|2|1|12|9|0|1|4,07/17|07/12|07/11|07/10|07/09|07/08|07/07|07/06|07/05|07/04|07/03|07/02|07/01|06/30|06/29,95.1,83.7,67.9,50.4,35.7,23.3,14.3,3.73,174.3
2026-07-19,Cincinnati Reds @ Colorado Rockies,Coors Field,1.08,1.016,95.4,18.0,4.8,NE,37.0,0.0,Clear,7.2,10.4,65.8,B+,92.0,Colorado Rockies,Cole Carrigg,Hunter Greene,0.0,0,0,4.7,1.2,1.33,1.27,1.17,3.74,40.0,0.4,1|0|0|1|0,07/17|07/12|07/11|07/10|07/09,2.1,1|0|0|1|0|0|4|8|0|7,07/17|07/12|07/11|07/10|07/09|07/08|07/07|07/06|07/05|07/04,2.4,1|0|0|1|0|0|4|8|0|7|7|4|0|1|3,07/17|07/12|07/11|07/10|07/09|07/08|07/07|07/06|07/05|07/04|07/03|07/02|07/01|06/30|06/29,95.0,83.2,66.4,47.9,33.1,20.9,12.3,3.01,144.3
2026-07-19,Cincinnati Reds @ Colorado Rockies,Coors Field,1.08,1.016,95.4,18.0,4.8,NE,37.0,0.0,Clear,7.2,10.4,65.8,B+,92.0,Colorado Rockies,Hunter Goodman,Hunter Greene,0.0,0,2,4.2,1.2,1.56,0.94,0.86,3.32,53.3,1.2,0|2|1|1|2,07/17|07/12|07/11|07/10|07/09,1.7,0|2|1|1|2|0|0|4|3|4,07/17|07/12|07/11|07/10|07/09|07/08|07/06|07/05|07/04|07/03,2.4,0|2|1|1|2|0|0|4|3|4|4|0|4|0|11,07/17|07/12|07/11|07/10|07/09|07/08|07/06|07/05|07/04|07/03|07/01|06/30|06/29|06/28|06/27,93.4,78.9,59.4,40.9,26.3,15.7,8.7,2.9,143.8
2026-07-19,Detroit Tigers @ Los Angeles Angels,Angel Stadium,1.0,1.006,85.6,52.0,9.4,WSW,237.0,2.0,Clear,2.9,4.3,56.5,C,92.0,Detroit Tigers,Riley Greene,Ryan Johnson,0.0,0,0,3.7,1.2,1.17,0.7,0.86,2.7,53.3,1.2,2|1|0|3|0,07/17|07/12|07/11|07/10|07/09,2.3,2|1|0|3|0|3|0|8|5|1,07/17|07/12|07/11|07/10|07/09|07/08|07/07|07/05|07/04|07/02,2.33,2|1|0|3|0|3|0|8|5|1|2|7|1|2|0,07/17|07/12|07/11|07/10|07/09|07/08|07/07|07/05|07/04|07/02|07/01|06/30|06/28|06/27|06/26,89.8,69.6,47.9,29.5,16.5,8.9,4.3,2.88,140.3
2026-07-19,Detroit Tigers @ Los Angeles Angels,Angel Stadium,1.0,1.006,85.6,52.0,9.4,WSW,237.0,2.0,Clear,2.9,4.3,56.5,C,92.0,Detroit Tigers,Spencer Torkelson,Ryan Johnson,0.0,0,0,3.7,1.2,0.86,0.62,0.94,2.42,53.3,0.8,0|0|0|4|0,07/17|07/12|07/11|07/10|07/09,1.3,0|0|0|4|0|5|2|1|0|1,07/17|07/12|07/11|07/10|07/09|07/08|07/07|07/05|07/04|07/02,2.07,0|0|0|4|0|5|2|1|0|1|2|6|2|5|3,07/17|07/12|07/11|07/10|07/09|07/08|07/07|07/05|07/04|07/02|07/01|06/30|06/29|06/28|06/27,87.4,65.3,42.2,24.1,12.7,6.0,2.7,2.63,130.3
2026-07-19,Detroit Tigers @ Los Angeles Angels,Angel Stadium,1.0,1.006,85.6,52.0,9.4,WSW,237.0,2.0,Clear,2.9,4.3,56.5,C,92.0,Detroit Tigers,Dillon Dingler,Ryan Johnson,0.0,0,1,4.7,1.2,1.28,0.69,0.4,2.37,53.3,0.8,1|0|1|2|0,07/17|07/12|07/11|07/08|07/07,1.5,1|0|1|2|0|3|0|2|3|3,07/17|07/12|07/11|07/08|07/07|07/05|07/04|07/02|07/01|06/30,1.6,1|0|1|2|0|3|0|2|3|3|4|0|0|2|3,07/17|07/12|07/11|07/08|07/07|07/05|07/04|07/02|07/01|06/30|06/29|06/28|06/27|06/26|06/25,86.8,63.7,40.2,23.1,12.0,6.1,2.9,1.87,103.2
2026-07-19,Baltimore Orioles @ Houston Astros,Daikin Park,1.0,1.0,,,,,,,Unavailable,0.0,0.0,50.0,C,40.0,Houston Astros,Jeremy Peña,Kyle Bradish,0.111,1,9,4.4,0.96,1.4,0.89,0.66,2.96,60.0,2.0,4|1|2|1|2,07/17|07/12|07/11|07/10|06/28,2.4,4|1|2|1|2|7|1|3|3|0,07/17|07/12|07/11|07/10|06/28|06/27|06/26|06/25|06/24|06/23,2.67,4|1|2|1|2|7|1|3|3|0|2|1|0|8|5,07/17|07/12|07/11|07/10|06/28|06/27|06/26|06/25|06/24|06/23|06/22|06/21|06/20|06/19|06/17,91.9,74.2,53.3,34.3,20.2,11.1,5.8,3.21,155.6
2026-07-19,Baltimore Orioles @ Houston Astros,Daikin Park,1.0,1.0,,,,,,,Unavailable,0.0,0.0,50.0,C,40.0,Houston Astros,Yordan Alvarez,Kyle Bradish,0.0,0,5,3.7,0.96,1.18,0.5,0.93,2.59,53.3,3.0,3|2|6|4|0,07/17|07/12|07/11|07/10|07/08,3.0,3|2|6|4|0|0|1|0|11|3,07/17|07/12|07/11|07/10|07/08|07/07|07/06|07/05|07/04|07/03,2.8,3|2|6|4|0|0|1|0|11|3|3|8|0|1|0,07/17|07/12|07/11|07/10|07/08|07/07|07/06|07/05|07/04|07/03|07/01|06/30|06/29|06/28|06/26,88.7,67.9,45.4,27.3,15.1,7.7,3.9,3.46,160.1
2026-07-19,Baltimore Orioles @ Houston Astros,Daikin Park,1.0,1.0,,,,,,,Unavailable,0.0,0.0,50.0,C,40.0,Houston Astros,Isaac Paredes,Kyle Bradish,0.0,0,2,4.6,0.96,1.31,0.62,0.69,2.61,53.3,2.2,2|3|4|0|2,07/17|07/12|07/11|07/10|07/08,2.0,2|3|4|0|2|1|1|4|2|1,07/17|07/12|07/11|07/10|07/08|07/07|07/06|07/05|07/04|07/03,2.27,2|3|4|0|2|1|1|4|2|1|1|0|1|7|5,07/17|07/12|07/11|07/10|07/08|07/07|07/06|07/05|07/04|07/03|07/01|06/30|06/29|06/28|06/27,88.5,67.7,46.0,28.2,15.7,7.9,4.0,2.73,134.5
2026-07-19,San Diego Padres @ Kansas City Royals,Kauffman Stadium,0.995,1.01,93.1,45.0,2.2,NE,53.0,14.0,Overcast,4.7,6.7,60.2,B,92.0,Kansas City Royals,Bobby Witt Jr.,Germán Márquez,0.0,0,2,5.0,1.2,1.57,1.05,0.74,3.38,46.7,1.4,0|3|0|1|3,07/17|07/12|07/11|07/10|07/09,2.0,0|3|0|1|3|1|4|4|4|0,07/17|07/12|07/11|07/10|07/09|07/08|07/07|07/06|07/05|07/04,2.13,0|3|0|1|3|1|4|4|4|0|0|1|8|2|1,07/17|07/12|07/11|07/10|07/09|07/08|07/07|07/06|07/05|07/04|07/02|07/01|06/30|06/28|06/27,94.2,79.4,59.9,41.2,26.5,16.3,9.4,2.57,130.1
2026-07-19,San Diego Padres @ Kansas City Royals,Kauffman Stadium,0.995,1.01,93.1,45.0,2.2,NE,53.0,14.0,Overcast,4.7,6.7,60.2,B,92.0,Kansas City Royals,Lane Thomas,Germán Márquez,0.333,2,6,4.2,1.2,1.59,0.79,0.88,3.27,53.3,2.4,5|4|0|0|3,07/17|07/12|07/11|07/10|07/09,3.1,5|4|0|0|3|1|8|4|4|2,07/17|07/12|07/11|07/10|07/09|07/08|07/07|07/06|07/05|07/04,2.47,5|4|0|0|3|1|8|4|4|2|1|0|1|4|0,07/17|07/12|07/11|07/10|07/09|07/08|07/07|07/06|07/05|07/04|07/02|07/01|06/30|06/28|06/27,92.9,77.7,58.8,39.7,25.2,14.9,8.5,2.98,146.3
2026-07-19,San Diego Padres @ Kansas City Royals,Kauffman Stadium,0.995,1.01,93.1,45.0,2.2,NE,53.0,14.0,Overcast,4.7,6.7,60.2,B,92.0,Kansas City Royals,Isaac Collins,Germán Márquez,0.0,0,2,4.7,1.2,1.38,0.69,0.59,2.69,53.3,1.6,2|2|0|4|0,07/17|07/12|07/11|07/10|07/09,1.7,2|2|0|4|0|1|4|1|3|0,07/17|07/12|07/11|07/10|07/09|07/08|07/07|07/06|07/05|07/04,1.8,2|2|0|4|0|1|4|1|3|0|3|2|3|1|1,07/17|07/12|07/11|07/10|07/09|07/08|07/07|07/06|07/05|07/04|07/02|06/30|06/28|06/27|06/26,89.9,69.5,47.4,29.1,16.4,8.7,4.2,2.14,114.4
2026-07-19,Detroit Tigers @ Los Angeles Angels,Angel Stadium,1.0,1.006,85.6,52.0,9.4,WSW,237.0,2.0,Clear,2.9,4.3,56.5,C,92.0,Los Angeles Angels,Mike Trout,Casey Mize,0.0,0,3,4.0,0.85,0.95,0.66,0.48,2.08,60.0,2.6,1|2|3|2|5,07/17|07/12|07/11|07/09|07/08,2.7,1|2|3|2|5|1|6|5|1|1,07/17|07/12|07/11|07/09|07/08|06/17|06/16|06/15|06/14|06/13,2.33,1|2|3|2|5|1|6|5|1|1|2|3|3|0|0,07/17|07/12|07/11|07/09|07/08|06/17|06/16|06/15|06/14|06/13|06/12|06/10|06/09|06/08|06/07,83.7,57.8,34.3,17.5,8.2,3.7,1.5,2.82,137.0
2026-07-19,Detroit Tigers @ Los Angeles Angels,Angel Stadium,1.0,1.006,85.6,52.0,9.4,WSW,237.0,2.0,Clear,2.9,4.3,56.5,C,92.0,Los Angeles Angels,Josh Lowe,Casey Mize,0.0,0,1,4.4,0.85,0.79,0.59,0.53,1.87,66.7,1.4,1|3|0|0|3,07/17|07/12|07/10|07/09|07/08,1.5,1|3|0|0|3|2|1|3|2|0,07/17|07/12|07/10|07/09|07/08|07/07|07/05|07/04|07/03|07/02,1.93,1|3|0|0|3|2|1|3|2|0|2|2|6|2|2,07/17|07/12|07/10|07/09|07/08|07/07|07/05|07/04|07/03|07/02|06/30|06/29|06/28|06/27|06/26,81.0,52.9,29.2,13.7,6.0,2.6,1.0,2.38,122.5
2026-07-19,Detroit Tigers @ Los Angeles Angels,Angel Stadium,1.0,1.006,85.6,52.0,9.4,WSW,237.0,2.0,Clear,2.9,4.3,56.5,C,92.0,Los Angeles Angels,Zach Neto,Casey Mize,0.0,0,2,3.7,0.85,0.94,0.61,0.33,1.87,53.3,2.0,3|0|4|1|2,07/17|07/12|07/11|07/10|07/09,2.6,3|0|4|1|2|6|0|7|0|3,07/17|07/12|07/11|07/10|07/09|07/08|07/07|07/05|07/04|07/03,2.27,3|0|4|1|2|6|0|7|0|3|0|3|5|0|0,07/17|07/12|07/11|07/10|07/09|07/08|07/07|07/05|07/04|07/03|07/02|06/30|06/29|06/28|06/27,81.4,52.8,28.8,13.6,6.3,2.6,1.0,2.69,128.6
2026-07-19,Los Angeles Dodgers @ New York Yankees,Yankee Stadium,1.035,1.004,79.4,39.0,8.9,NW,319.0,0.0,Clear,1.6,2.3,53.5,C,92.0,Los Angeles Dodgers,Andy Pages,Cam Schlittler,0.0,0,0,4.7,0.85,0.99,0.57,0.58,2.16,46.7,2.2,1|1|4|5|0,07/17|07/12|07/11|07/10|07/08,1.6,1|1|4|5|0|2|1|0|2|0,07/17|07/12|07/11|07/10|07/08|07/07|07/06|07/05|07/04|07/03,2.0,1|1|4|5|0|2|1|0|2|0|4|1|3|5|1,07/17|07/12|07/11|07/10|07/08|07/07|07/06|07/05|07/04|07/03|07/02|07/01|06/30|06/29|06/28,85.0,59.9,35.9,19.0,9.6,4.2,1.8,2.43,119.4
2026-07-19,Los Angeles Dodgers @ New York Yankees,Yankee Stadium,1.035,1.004,79.4,39.0,8.9,NW,319.0,0.0,Clear,1.6,2.3,53.5,C,92.0,Los Angeles Dodgers,Shohei Ohtani,Cam Schlittler,0.0,0,0,3.7,0.85,0.89,0.51,0.68,2.06,53.3,1.8,0|5|1|3|0,07/17|07/12|07/11|07/10|07/08,2.3,0|5|1|3|0|3|8|2|0|1,07/17|07/12|07/11|07/10|07/08|07/07|07/06|07/05|07/03|07/02,2.47,0|5|1|3|0|3|8|2|0|1|0|1|6|3|4,07/17|07/12|07/11|07/10|07/08|07/07|07/06|07/05|07/03|07/02|07/01|06/30|06/29|06/28|06/27,84.2,58.1,33.6,16.9,8.0,3.5,1.3,3.05,142.8
2026-07-19,Los Angeles Dodgers @ New York Yankees,Yankee Stadium,1.035,1.004,79.4,39.0,8.9,NW,319.0,0.0,Clear,1.6,2.3,53.5,C,92.0,Los Angeles Dodgers,Dalton Rushing,Cam Schlittler,0.0,0,0,4.6,0.85,0.83,0.63,0.56,2.04,33.3,0.0,0|0|0|0|0,07/17|07/12|07/11|07/10|07/07,1.9,0|0|0|0|0|6|0|1|1|11,07/17|07/12|07/11|07/10|07/07|07/06|07/05|07/04|07/03|07/02,1.93,0|0|0|0|0|6|0|1|1|11|0|2|5|3|0,07/17|07/12|07/11|07/10|07/07|07/06|07/05|07/04|07/03|07/02|07/01|06/30|06/29|06/27|06/26,83.5,57.6,33.2,16.5,7.5,3.1,1.5,2.38,112.2
2026-07-19,Miami Marlins @ Milwaukee Brewers,American Family Field,1.0,1.0,,,,,,,Roof / indoor neutral,0.0,0.0,50.0,Roof,95.0,Miami Marlins,Otto Lopez,Robert Gasser,0.5,1,2,3.7,1.14,1.62,0.74,0.74,3.06,60.0,1.2,2|0|0|0|4,07/17|07/12|07/11|07/10|07/09,2.8,2|0|0|0|4|3|1|8|7|3,07/17|07/12|07/11|07/10|07/09|07/08|07/07|07/05|07/04|07/03,2.8,2|0|0|0|4|3|1|8|7|3|5|1|4|0|4,07/17|07/12|07/11|07/10|07/09|07/08|07/07|07/05|07/04|07/03|07/02|07/01|06/29|06/28|06/27,91.7,75.0,54.7,35.9,22.0,12.8,7.1,3.33,160.1
2026-07-19,Miami Marlins @ Milwaukee Brewers,American Family Field,1.0,1.0,,,,,,,Roof / indoor neutral,0.0,0.0,50.0,Roof,95.0,Miami Marlins,Kyle Stowers,Robert Gasser,0.0,0,0,3.8,1.14,1.21,0.83,0.91,2.96,46.7,0.6,0|0|1|0|2,07/17|07/12|07/11|07/10|07/09,2.4,0|0|1|0|2|3|1|6|10|1,07/17|07/12|07/11|07/10|07/09|07/08|07/07|07/04|07/03|07/02,2.6,0|0|1|0|2|3|1|6|10|1|0|7|4|0|4,07/17|07/12|07/11|07/10|07/09|07/08|07/07|07/04|07/03|07/02|07/01|06/30|06/29|06/28|06/27,92.1,74.6,53.6,34.4,20.2,11.0,5.6,3.22,151.4
2026-07-19,Miami Marlins @ Milwaukee Brewers,American Family Field,1.0,1.0,,,,,,,Roof / indoor neutral,0.0,0.0,50.0,Roof,95.0,Miami Marlins,Griffin Conine,Robert Gasser,0.0,0,0,4.7,1.14,1.22,0.75,0.75,2.73,40.0,2.6,3|3|1|0|6,07/17|07/12|07/11|07/10|07/09,1.6,3|3|1|0|6|1|2|0|0|0,07/17|07/12|07/11|07/10|07/09|07/08|07/07|07/05|07/04|07/03,1.93,3|3|1|0|6|1|2|0|0|0|0|0|7|6|0,07/17|07/12|07/11|07/10|07/09|07/08|07/07|07/05|07/04|07/03|07/02|07/01|06/30|06/29|06/28,90.0,71.0,48.9,29.8,16.7,8.9,4.4,2.36,117.9
2026-07-19,Miami Marlins @ Milwaukee Brewers,American Family Field,1.0,1.0,,,,,,,Roof / indoor neutral,0.0,0.0,50.0,Roof,95.0,Milwaukee Brewers,Brice Turang,Eury Pérez,0.167,1,6,4.7,0.89,1.31,0.58,0.95,2.85,66.7,2.6,0|4|3|0|6,07/17|07/12|07/11|07/11|07/09,2.5,0|4|3|0|6|4|0|3|1|4,07/17|07/12|07/11|07/11|07/09|07/07|07/07|07/06|07/05|07/04,2.6,0|4|3|0|6|4|0|3|1|4|6|2|2|1|3,07/17|07/12|07/11|07/11|07/09|07/07|07/07|07/06|07/05|07/04|07/03|07/02|07/01|06/30|06/29,91.0,72.0,51.1,32.1,18.7,10.4,5.5,3.19,156.6
2026-07-19,Miami Marlins @ Milwaukee Brewers,American Family Field,1.0,1.0,,,,,,,Roof / indoor neutral,0.0,0.0,50.0,Roof,95.0,Milwaukee Brewers,Garrett Mitchell,Eury Pérez,0.0,0,3,4.2,0.89,1.44,0.59,0.52,2.52,80.0,2.0,3|2|1|2|2,07/17|07/12|07/11|07/11|07/09,2.0,3|2|1|2|2|3|1|3|3|0,07/17|07/12|07/11|07/11|07/09|07/08|07/07|07/07|07/06|07/05,2.6,3|2|1|2|2|3|1|3|3|0|2|4|3|6|4,07/17|07/12|07/11|07/11|07/09|07/08|07/07|07/07|07/06|07/05|07/04|07/03|07/02|07/01|06/30,87.9,66.9,43.6,25.8,14.3,7.4,3.5,3.05,154.8
2026-07-19,Miami Marlins @ Milwaukee Brewers,American Family Field,1.0,1.0,,,,,,,Roof / indoor neutral,0.0,0.0,50.0,Roof,95.0,Milwaukee Brewers,Jake Bauers,Eury Pérez,0.0,0,5,3.7,0.89,0.8,0.57,0.57,1.95,46.7,2.6,0|2|0|4|7,07/17|07/12|07/11|07/11|07/09,2.1,0|2|0|4|7|0|0|3|1|4,07/17|07/12|07/11|07/11|07/09|07/08|07/07|07/07|07/06|07/05,2.27,0|2|0|4|7|0|0|3|1|4|0|5|0|1|7,07/17|07/12|07/11|07/11|07/09|07/08|07/07|07/07|07/06|07/05|07/04|07/03|07/02|07/01|06/30,82.3,54.9,31.2,15.2,7.1,2.9,1.3,2.8,130.8
2026-07-19,Minnesota Twins @ Chicago Cubs,Wrigley Field,1.018,1.003,75.9,60.0,10.6,NNE,32.0,0.0,Partly cloudy,1.5,2.2,53.4,C,92.0,Minnesota Twins,Kody Clemens,Shota Imanaga,0.0,0,0,4.2,0.95,0.98,0.78,0.99,2.76,53.3,0.4,0|0|1|1|0,07/17|07/12|07/11|07/10|07/09,2.4,0|0|1|1|0|5|4|1|7|5,07/17|07/12|07/11|07/10|07/09|07/08|07/07|07/05|07/04|07/03,2.6,0|0|1|1|0|5|4|1|7|5|5|4|1|3|2,07/17|07/12|07/11|07/10|07/09|07/08|07/07|07/05|07/04|07/03|07/01|06/30|06/29|06/28|06/27,90.5,71.4,48.5,30.6,17.4,9.4,4.6,3.29,155.2
2026-07-19,Minnesota Twins @ Chicago Cubs,Wrigley Field,1.018,1.003,75.9,60.0,10.6,NNE,32.0,0.0,Partly cloudy,1.5,2.2,53.4,C,92.0,Minnesota Twins,Josh Bell,Shota Imanaga,0.333,1,3,4.4,0.95,1.11,0.59,0.67,2.37,60.0,1.0,1|0|1|3|0,07/17|07/12|07/11|07/10|07/09,2.0,1|0|1|3|0|2|3|2|8|0,07/17|07/12|07/11|07/10|07/09|07/08|07/07|07/05|07/04|07/03,2.13,1|0|1|3|0|2|3|2|8|0|4|2|4|0|2,07/17|07/12|07/11|07/10|07/09|07/08|07/07|07/05|07/04|07/03|07/01|06/30|06/29|06/28|06/27,87.6,64.4,40.6,22.8,12.0,5.5,2.7,2.59,131.0
2026-07-19,Minnesota Twins @ Chicago Cubs,Wrigley Field,1.018,1.003,75.9,60.0,10.6,NNE,32.0,0.0,Partly cloudy,1.5,2.2,53.4,C,92.0,Minnesota Twins,Trevor Larnach,Shota Imanaga,0.0,0,0,3.7,0.95,1.12,0.62,0.56,2.3,46.7,2.6,3|6|1|3|0,07/17|07/12|07/11|07/10|07/09,2.4,3|6|1|3|0|0|0|5|0|6,07/17|07/12|07/11|07/10|07/09|07/08|07/07|07/04|07/03|07/01,2.47,3|6|1|3|0|0|0|5|0|6|1|1|1|7|3,07/17|07/12|07/11|07/10|07/09|07/08|07/07|07/04|07/03|07/01|06/30|06/29|06/28|06/27|06/26,86.1,62.6,39.0,21.3,11.0,5.3,2.4,2.97,139.1
2026-07-19,New York Mets @ Philadelphia Phillies,Citizens Bank Park,1.028,1.006,84.4,50.0,9.5,NW,315.0,0.0,Mainly clear,2.6,3.8,55.8,C,92.0,New York Mets,A.J. Ewing,Alan Rangel,0.5,1,2,5.0,1.05,1.49,1.03,0.75,3.26,60.0,1.6,2|2|0|2|2,07/16|07/12|07/11|07/10|07/09,2.7,2|2|0|2|2|4|11|0|4|0,07/16|07/12|07/11|07/10|07/09|07/08|07/07|07/06|07/05|07/04,2.33,2|2|0|2|2|4|11|0|4|0|1|0|2|0|5,07/16|07/12|07/11|07/10|07/09|07/08|07/07|07/06|07/05|07/04|07/03|07/01|06/30|06/29|06/28,93.1,77.7,58.4,40.2,24.9,14.6,8.3,2.82,143.0
2026-07-19,New York Mets @ Philadelphia Phillies,Citizens Bank Park,1.028,1.006,84.4,50.0,9.5,NW,315.0,0.0,Mainly clear,2.6,3.8,55.8,C,92.0,New York Mets,Carson Benge,Alan Rangel,0.0,0,2,4.6,1.05,1.46,0.69,0.61,2.76,40.0,1.4,1|0|0|1|5,07/16|07/12|07/11|07/10|07/09,2.1,1|0|0|1|5|3|5|5|0|1,07/16|07/12|07/11|07/10|07/09|07/08|07/07|07/06|07/05|07/04,2.13,1|0|0|1|5|3|5|5|0|1|1|5|1|1|3,07/16|07/12|07/11|07/10|07/09|07/08|07/07|07/06|07/05|07/04|07/03|07/01|06/30|06/29|06/28,89.8,70.7,48.5,30.3,17.8,9.3,4.9,2.53,123.8
2026-07-19,New York Mets @ Philadelphia Phillies,Citizens Bank Park,1.028,1.006,84.4,50.0,9.5,NW,315.0,0.0,Mainly clear,2.6,3.8,55.8,C,92.0,New York Mets,Brett Baty,Alan Rangel,0.0,0,2,4.7,1.05,1.31,0.88,0.53,2.75,53.3,2.4,4|0|0|6|2,07/16|07/12|07/11|07/10|07/09,2.5,4|0|0|6|2|4|3|1|4|1,07/16|07/12|07/11|07/10|07/09|07/08|07/07|07/06|07/05|07/04,2.07,4|0|0|6|2|4|3|1|4|1|1|2|2|0|1,07/16|07/12|07/11|07/10|07/09|07/08|07/07|07/06|07/05|07/04|07/03|07/01|06/30|06/29|06/28,89.8,70.4,48.0,30.1,17.2,9.5,4.9,2.47,126.2
2026-07-19,Los Angeles Dodgers @ New York Yankees,Yankee Stadium,1.035,1.004,79.4,39.0,8.9,NW,319.0,0.0,Clear,1.6,2.3,53.5,C,92.0,New York Yankees,Ben Rice,Yoshinobu Yamamoto,1.0,1,1,4.4,0.85,1.13,0.54,1.01,2.66,60.0,4.0,2|3|2|3|10,07/17|07/12|07/11|07/10|07/09,3.2,2|3|2|3|10|1|7|3|1|0,07/17|07/12|07/11|07/10|07/09|07/08|07/07|07/06|07/05|07/04,2.67,2|3|2|3|10|1|7|3|1|0|4|1|3|0|0,07/17|07/12|07/11|07/10|07/09|07/08|07/07|07/06|07/05|07/04|07/03|07/01|06/30|06/29|06/28,89.7,69.6,47.2,28.5,15.5,8.1,4.0,3.33,158.4
2026-07-19,Los Angeles Dodgers @ New York Yankees,Yankee Stadium,1.035,1.004,79.4,39.0,8.9,NW,319.0,0.0,Clear,1.6,2.3,53.5,C,92.0,New York Yankees,Trent Grisham,Yoshinobu Yamamoto,0.5,1,2,3.7,0.85,0.84,0.79,0.4,2.04,53.3,2.4,0|1|5|1|5,07/17|07/12|07/11|07/10|07/09,1.7,0|1|5|1|5|0|2|0|2|1,07/17|07/12|07/11|07/10|07/09|07/08|07/07|07/06|07/05|07/04,2.4,0|1|5|1|5|0|2|0|2|1|6|3|5|1|4,07/17|07/12|07/11|07/10|07/09|07/08|07/07|07/06|07/05|07/04|07/03|06/12|06/10|06/09|06/08,83.5,57.1,32.8,16.9,7.9,3.5,1.5,2.91,137.6
2026-07-19,New York Mets @ Philadelphia Phillies,Citizens Bank Park,1.028,1.006,84.4,50.0,9.5,NW,315.0,0.0,Mainly clear,2.6,3.8,55.8,C,92.0,Philadelphia Phillies,Trea Turner,Nolan McLean,0.0,0,3,3.7,0.86,0.85,0.68,0.57,2.07,53.3,1.0,3|1|1|0|0,07/16|07/12|07/11|07/10|07/09,1.5,3|1|1|0|0|3|4|0|2|1,07/16|07/12|07/11|07/10|07/09|07/07|07/06|07/05|07/04|07/02,2.47,3|1|1|0|0|3|4|0|2|1|7|7|5|2|1,07/16|07/12|07/11|07/10|07/09|07/07|07/06|07/05|07/04|07/02|07/01|06/30|06/29|06/28|06/27,83.7,58.1,34.2,17.2,8.1,3.4,1.4,3.04,142.5
2026-07-19,New York Mets @ Philadelphia Phillies,Citizens Bank Park,1.028,1.006,84.4,50.0,9.5,NW,315.0,0.0,Mainly clear,2.6,3.8,55.8,C,92.0,Philadelphia Phillies,Derek Hill,Nolan McLean,0.0,0,0,4.4,0.86,0.8,0.61,0.48,1.88,46.7,2.6,0|3|6|1|3,07/12|07/11|07/10|07/09|07/07,1.5,0|3|6|1|3|1|0|0|1|0,07/12|07/11|07/10|07/09|07/07|07/06|07/04|07/01|06/30|06/29,1.87,0|3|6|1|3|1|0|0|1|0|0|2|5|4|2,07/12|07/11|07/10|07/09|07/07|07/06|07/04|07/01|06/30|06/29|06/28|06/26|06/25|06/24|06/23,80.9,52.3,29.6,14.7,6.3,2.5,1.0,2.28,111.8
2026-07-19,New York Mets @ Philadelphia Phillies,Citizens Bank Park,1.028,1.006,84.4,50.0,9.5,NW,315.0,0.0,Mainly clear,2.6,3.8,55.8,C,92.0,Philadelphia Phillies,Bryson Stott,Nolan McLean,0.2,1,5,4.6,0.86,1.19,0.5,0.14,1.81,53.3,1.4,0|3|3|0|1,07/16|07/12|07/11|07/10|07/09,1.6,0|3|3|0|1|1|0|2|4|2,07/16|07/12|07/11|07/10|07/09|07/08|07/07|07/06|07/05|07/04,1.73,0|3|3|0|1|1|0|2|4|2|1|3|3|2|1,07/16|07/12|07/11|07/10|07/09|07/08|07/07|07/06|07/05|07/04|07/02|07/01|06/30|06/29|06/28,78.5,50.6,28.1,13.3,6.3,2.7,1.1,1.94,101.7
2026-07-19,Pittsburgh Pirates @ Cleveland Guardians,Progressive Field,0.995,1.003,75.5,58.0,10.3,N,360.0,0.0,Clear,1.5,2.2,53.3,C,92.0,Pittsburgh Pirates,Esmerlyn Valdez,Joey Cantillo,0.0,0,0,4.6,0.97,1.71,1.24,1.56,4.54,86.7,4.4,4|4|11|3|0,07/12|07/11|07/11|07/09|07/08,3.8,4|4|11|3|0|3|0|2|5|6,07/12|07/11|07/11|07/09|07/08|07/07|07/05|07/04|07/03|07/02,3.87,4|4|11|3|0|3|0|2|5|6|2|2|6|7|3,07/12|07/11|07/11|07/09|07/08|07/07|07/05|07/04|07/03|07/02|07/01|06/30|06/29|06/28|06/27,97.2,89.1,75.6,60.3,45.1,31.8,21.3,4.85,226.8
2026-07-19,Pittsburgh Pirates @ Cleveland Guardians,Progressive Field,0.995,1.003,75.5,58.0,10.3,N,360.0,0.0,Clear,1.5,2.2,53.3,C,92.0,Pittsburgh Pirates,Ryan O'Hearn,Joey Cantillo,0.0,0,0,3.7,0.97,1.13,0.88,1.13,3.13,53.3,1.4,6|0|0|0|1,07/12|07/11|07/11|07/09|07/08,3.1,6|0|0|0|1|17|3|3|0|1,07/12|07/11|07/11|07/09|07/08|07/07|07/05|07/04|07/03|07/02,3.33,6|0|0|0|1|17|3|3|0|1|2|0|5|10|2,07/12|07/11|07/11|07/09|07/08|07/07|07/05|07/04|07/03|07/02|07/01|06/30|06/29|06/28|06/27,92.6,76.1,56.6,37.6,23.2,13.2,6.9,4.21,188.8
2026-07-19,Pittsburgh Pirates @ Cleveland Guardians,Progressive Field,0.995,1.003,75.5,58.0,10.3,N,360.0,0.0,Clear,1.5,2.2,53.3,C,92.0,Pittsburgh Pirates,Brandon Lowe,Joey Cantillo,0.0,0,2,4.8,0.97,1.22,0.73,1.06,2.98,60.0,1.6,2|3|2|0|1,07/12|07/11|07/11|07/09|07/08,2.8,2|3|2|0|1|6|5|3|3|3,07/12|07/11|07/11|07/09|07/08|07/07|07/05|07/04|07/03|07/02,2.47,2|3|2|0|1|6|5|3|3|3|1|1|0|6|1,07/12|07/11|07/11|07/09|07/08|07/07|07/05|07/04|07/03|07/02|07/01|06/29|06/28|06/27|06/26,91.8,74.3,53.2,34.2,20.9,11.7,6.0,3.08,151.1
2026-07-19,San Diego Padres @ Kansas City Royals,Kauffman Stadium,0.995,1.01,93.1,45.0,2.2,NE,53.0,14.0,Overcast,4.7,6.7,60.2,B,92.0,San Diego Padres,Fernando Tatis Jr.,Noah Cameron,0.0,0,2,5.0,1.16,1.73,1.02,0.61,3.34,53.3,1.4,4|0|1|1|1,07/17|07/12|07/11|07/10|07/09,2.1,4|0|1|1|1|5|2|0|5|2,07/17|07/12|07/11|07/10|07/09|07/08|07/07|07/06|07/05|07/04,2.2,4|0|1|1|1|5|2|0|5|2|1|3|0|6|2,07/17|07/12|07/11|07/10|07/09|07/08|07/07|07/06|07/05|07/04|07/03|07/02|07/01|06/30|06/29,93.2,78.6,59.3,41.3,26.1,15.7,9.2,2.6,133.2
2026-07-19,San Diego Padres @ Kansas City Royals,Kauffman Stadium,0.995,1.01,93.1,45.0,2.2,NE,53.0,14.0,Overcast,4.7,6.7,60.2,B,92.0,San Diego Padres,Jackson Merrill,Noah Cameron,0.0,0,0,4.6,1.16,1.31,0.75,0.65,2.72,53.3,1.4,0|0|4|3|0,07/17|07/12|07/11|07/10|07/09,1.9,0|0|4|3|0|5|3|2|2|0,07/17|07/12|07/11|07/10|07/09|07/08|07/07|07/06|07/05|07/04,1.93,0|0|4|3|0|5|3|2|2|0|5|3|0|1|1,07/17|07/12|07/11|07/10|07/09|07/08|07/07|07/06|07/05|07/04|07/03|07/02|07/01|06/30|06/29,90.3,70.6,47.8,29.8,16.7,8.8,4.3,2.33,121.4
2026-07-19,San Diego Padres @ Kansas City Royals,Kauffman Stadium,0.995,1.01,93.1,45.0,2.2,NE,53.0,14.0,Overcast,4.7,6.7,60.2,B,92.0,San Diego Padres,Ty France,Noah Cameron,0.111,1,9,3.7,1.16,1.28,0.68,0.75,2.71,60.0,3.2,4|3|6|2|1,07/17|07/12|07/11|07/10|07/06,2.0,4|3|6|2|1|0|0|0|1|3,07/17|07/12|07/11|07/10|07/06|07/05|07/04|07/03|07/02|07/01,2.4,4|3|6|2|1|0|0|0|1|3|3|2|0|5|6,07/17|07/12|07/11|07/10|07/06|07/05|07/04|07/03|07/02|07/01|06/30|06/29|06/28|06/26|06/24,89.6,70.0,47.9,30.0,17.0,8.7,4.4,2.91,143.9
2026-07-19,San Francisco Giants @ Seattle Mariners,T-Mobile Park,0.97,1.0,,,,,,,Roof / indoor neutral,0.0,0.0,50.0,Roof,95.0,San Francisco Giants,Heliot Ramos,Logan Gilbert,0.0,0,0,3.8,0.85,1.06,0.72,0.44,2.19,66.7,1.8,3|2|2|0|2,07/17|07/12|07/11|07/10|07/09,2.8,3|2|2|0|2|1|4|11|1|2,07/17|07/12|07/11|07/10|07/09|07/08|07/07|07/06|07/05|07/04,2.67,3|2|2|0|2|1|4|11|1|2|1|6|0|3|2,07/17|07/12|07/11|07/10|07/09|07/08|07/07|07/06|07/05|07/04|07/03|07/01|06/30|06/29|06/28,85.1,59.8,36.6,19.9,9.7,4.6,1.8,3.19,152.9
2026-07-19,San Francisco Giants @ Seattle Mariners,T-Mobile Park,0.97,1.0,,,,,,,Roof / indoor neutral,0.0,0.0,50.0,Roof,95.0,San Francisco Giants,Bryce Eldridge,Logan Gilbert,0.0,0,0,5.0,0.85,1.02,0.58,0.43,2.05,60.0,2.4,4|2|2|0|4,07/17|07/12|07/11|07/10|07/09,2.0,4|2|2|0|4|0|1|2|0|5,07/17|07/12|07/11|07/10|07/09|07/08|07/07|07/06|07/05|07/04,1.87,4|2|2|0|4|0|1|2|0|5|2|1|0|3|2,07/17|07/12|07/11|07/10|07/09|07/08|07/07|07/06|07/05|07/04|07/03|07/01|06/30|06/29|06/27,83.5,56.6,33.1,17.2,8.3,3.6,1.6,2.23,116.0
2026-07-19,San Francisco Giants @ Seattle Mariners,T-Mobile Park,0.97,1.0,,,,,,,Roof / indoor neutral,0.0,0.0,50.0,Roof,95.0,San Francisco Giants,Casey Schmitt,Logan Gilbert,0.0,0,3,4.8,0.85,0.98,0.42,0.56,1.97,46.7,3.4,3|1|5|2|6,07/17|07/12|07/11|07/10|07/09,2.4,3|1|5|2|6|0|1|0|3|3,07/17|07/12|07/11|07/10|07/09|07/08|07/07|07/06|07/05|07/04,1.87,3|1|5|2|6|0|1|0|3|3|3|0|0|1|0,07/17|07/12|07/11|07/10|07/09|07/08|07/07|07/06|07/05|07/04|07/03|07/01|06/30|06/29|06/28,82.7,54.9,31.6,15.7,7.3,3.0,1.1,2.25,111.6
2026-07-19,San Francisco Giants @ Seattle Mariners,T-Mobile Park,0.97,1.0,,,,,,,Roof / indoor neutral,0.0,0.0,50.0,Roof,95.0,Seattle Mariners,Randy Arozarena,Robbie Ray,0.118,2,17,3.7,0.89,0.89,0.7,0.7,2.33,46.7,2.2,0|5|1|1|4,07/17|07/12|07/11|07/10|07/09,2.6,0|5|1|1|4|0|3|2|10|0,07/17|07/12|07/11|07/10|07/09|07/08|07/07|07/05|07/04|07/03,2.6,0|5|1|1|4|0|3|2|10|0|1|5|1|0|6,07/17|07/12|07/11|07/10|07/09|07/08|07/07|07/05|07/04|07/03|07/02|06/30|06/29|06/28|06/27,87.0,63.4,40.0,22.1,11.4,5.3,2.4,3.24,148.8
2026-07-19,San Francisco Giants @ Seattle Mariners,T-Mobile Park,0.97,1.0,,,,,,,Roof / indoor neutral,0.0,0.0,50.0,Roof,95.0,Seattle Mariners,Cole Young,Robbie Ray,0.0,0,0,4.7,0.89,0.94,0.79,0.43,2.14,53.3,1.4,0|2|2|3|0,07/17|07/12|07/11|07/10|07/09,1.4,0|2|2|3|0|0|3|1|2|1,07/17|07/12|07/11|07/10|07/09|07/08|07/07|07/05|07/04|07/03,2.0,0|2|2|3|0|0|3|1|2|1|0|4|8|3|1,07/17|07/12|07/11|07/10|07/09|07/08|07/07|07/05|07/04|07/03|07/02|06/30|06/29|06/28|06/27,84.2,59.5,35.7,19.0,9.2,4.2,1.6,2.42,121.2
2026-07-19,San Francisco Giants @ Seattle Mariners,T-Mobile Park,0.97,1.0,,,,,,,Roof / indoor neutral,0.0,0.0,50.0,Roof,95.0,Seattle Mariners,Dominic Canzone,Robbie Ray,0.0,0,0,4.4,0.89,0.74,0.4,0.6,1.76,33.3,1.6,0|1|1|5|1,07/17|07/11|07/10|07/09|07/08,1.9,0|1|1|5|1|0|7|1|0|3,07/17|07/11|07/10|07/09|07/08|07/07|07/04|07/03|07/02|06/29,1.73,0|1|1|5|1|0|7|1|0|3|0|3|0|0|4,07/17|07/11|07/10|07/09|07/08|07/07|07/04|07/03|07/02|06/29|06/28|06/27|06/26|06/24|06/21,78.9,49.6,26.2,12.6,5.2,2.1,0.8,2.15,101.8
2026-07-19,St. Louis Cardinals @ Arizona Diamondbacks,Chase Field,1.0,1.0,,,,,,,Roof / indoor neutral,0.0,0.0,50.0,Roof,95.0,St. Louis Cardinals,Jordan Walker,Eduardo Rodriguez,0.667,2,3,4.0,0.85,0.95,0.89,0.95,2.8,80.0,2.6,1|3|2|2|5,07/17|07/12|07/11|07/10|07/09,3.1,1|3|2|2|5|5|3|4|0|6,07/17|07/12|07/11|07/10|07/09|07/08|07/07|07/07|07/06|07/05,3.13,1|3|2|2|5|5|3|4|0|6|2|4|8|2|0,07/17|07/12|07/11|07/10|07/09|07/08|07/07|07/07|07/06|07/05|07/04|07/03|07/02|07/01|06/30,90.8,72.0,50.1,31.3,17.8,9.4,4.8,3.97,188.6
2026-07-19,St. Louis Cardinals @ Arizona Diamondbacks,Chase Field,1.0,1.0,,,,,,,Roof / indoor neutral,0.0,0.0,50.0,Roof,95.0,St. Louis Cardinals,Alec Burleson,Eduardo Rodriguez,0.0,0,3,5.0,0.85,0.89,0.67,0.74,2.28,53.3,1.6,3|2|0|0|3,07/17|07/12|07/11|07/10|07/09,1.7,3|2|0|0|3|6|0|0|0|3,07/17|07/12|07/11|07/10|07/09|07/08|07/07|07/07|07/06|07/05,2.07,3|2|0|0|3|6|0|0|0|3|3|7|4|0|0,07/17|07/12|07/11|07/10|07/09|07/08|07/07|07/07|07/06|07/05|07/04|07/03|07/02|07/01|06/30,86.3,62.5,38.8,21.4,10.3,4.7,2.2,2.58,127.7
2026-07-19,St. Louis Cardinals @ Arizona Diamondbacks,Chase Field,1.0,1.0,,,,,,,Roof / indoor neutral,0.0,0.0,50.0,Roof,95.0,St. Louis Cardinals,JJ Wetherholt,Eduardo Rodriguez,0.0,0,3,4.4,0.85,0.98,0.65,0.2,1.84,46.7,1.6,4|0|0|1|3,07/17|07/12|07/11|07/10|07/09,2.0,4|0|0|1|3|0|2|1|4|5,07/17|07/12|07/11|07/10|07/09|07/07|07/07|07/06|07/05|07/04,1.87,4|0|0|1|3|0|2|1|4|5|1|5|0|0|2,07/17|07/12|07/11|07/10|07/09|07/07|07/07|07/06|07/05|07/04|07/03|07/02|07/01|06/30|06/28,79.8,51.7,28.3,13.7,6.0,2.5,1.1,2.17,107.8
2026-07-19,Tampa Bay Rays @ Boston Red Sox,Fenway Park,1.03,1.004,79.2,44.0,14.4,WNW,294.0,0.0,Clear,1.7,2.5,53.8,C,92.0,Tampa Bay Rays,Junior Caminero,Sonny Gray,0.0,0,2,4.0,0.85,0.78,0.67,0.67,2.15,53.3,2.8,5|1|0|2|6,07/17|07/17|07/12|07/11|07/10,1.7,5|1|0|2|6|3|0|0|0|0,07/17|07/17|07/12|07/11|07/10|07/09|07/08|07/07|07/06|07/05,2.33,5|1|0|2|6|3|0|0|0|0|5|3|0|4|6,07/17|07/17|07/12|07/11|07/10|07/09|07/08|07/07|07/06|07/05|07/04|07/03|07/02|07/01|06/30,84.6,60.0,35.7,18.7,9.4,4.0,1.6,2.92,138.9
2026-07-19,Tampa Bay Rays @ Boston Red Sox,Fenway Park,1.03,1.004,79.2,44.0,14.4,WNW,294.0,0.0,Clear,1.7,2.5,53.8,C,92.0,Tampa Bay Rays,Jonathan Aranda,Sonny Gray,0.0,0,1,4.4,0.85,1.19,0.4,0.47,2.05,53.3,2.6,0|0|4|5|4,07/17|07/17|07/12|07/11|07/10,2.1,0|0|4|5|4|2|5|0|0|1,07/17|07/17|07/12|07/11|07/10|07/09|07/08|07/07|07/06|07/05,2.07,0|0|4|5|4|2|5|0|0|1|2|0|1|3|4,07/17|07/17|07/12|07/11|07/10|07/09|07/08|07/07|07/06|07/05|07/04|07/03|07/02|07/01|06/30,83.2,57.3,33.2,17.2,8.2,3.7,1.5,2.42,120.5
2026-07-19,Tampa Bay Rays @ Boston Red Sox,Fenway Park,1.03,1.004,79.2,44.0,14.4,WNW,294.0,0.0,Clear,1.7,2.5,53.8,C,92.0,Tampa Bay Rays,Chandler Simpson,Sonny Gray,0.667,2,3,4.7,0.85,1.27,0.43,0.14,1.84,46.7,2.0,0|0|2|5|3,07/17|07/12|07/11|07/10|07/09,1.9,0|0|2|5|3|1|0|2|1|5,07/17|07/12|07/11|07/10|07/09|07/08|07/07|07/06|07/05|07/02,1.73,0|0|2|5|3|1|0|2|1|5|2|1|1|1|2,07/17|07/12|07/11|07/10|07/09|07/08|07/07|07/06|07/05|07/02|07/01|06/30|06/28|06/27|06/25,78.9,50.3,28.5,14.1,6.6,3.0,1.3,1.92,98.6
2026-07-19,Texas Rangers @ Atlanta Braves,Truist Park,1.008,1.009,89.6,53.0,8.1,WNW,289.0,6.0,Overcast,4.2,6.1,59.2,B,92.0,Texas Rangers,Wyatt Langford,Grant Holmes,0.0,0,2,3.7,0.95,1.3,0.68,0.87,2.86,80.0,1.8,0|2|1|4|2,07/17|07/12|07/11|07/10|07/09,2.4,0|2|1|4|2|4|5|4|2|0,07/17|07/12|07/11|07/10|07/09|06/26|06/25|06/24|06/23|06/22,3.07,0|2|1|4|2|4|5|4|2|0|6|4|6|4|2,07/17|07/12|07/11|07/10|07/09|06/26|06/25|06/24|06/23|06/22|06/21|06/20|06/19|06/18|06/16,91.4,72.5,50.8,32.0,19.4,10.3,5.3,3.75,181.0
2026-07-19,Texas Rangers @ Atlanta Braves,Truist Park,1.008,1.009,89.6,53.0,8.1,WNW,289.0,6.0,Overcast,4.2,6.1,59.2,B,92.0,Texas Rangers,Brandon Nimmo,Grant Holmes,0.0,0,2,4.8,0.95,1.04,0.56,0.65,2.27,46.7,3.0,1|5|0|4|5,07/17|07/12|07/11|07/10|07/09,1.8,1|5|0|4|5|0|0|2|0|1,07/17|07/12|07/11|07/10|07/09|07/08|07/07|07/05|07/04|06/28,1.87,1|5|0|4|5|0|0|2|0|1|2|3|0|0|5,07/17|07/12|07/11|07/10|07/09|07/08|07/07|07/05|07/04|06/28|06/27|06/26|06/25|06/24|06/23,85.9,61.9,38.4,21.2,10.5,5.0,2.4,2.27,114.4
2026-07-19,Texas Rangers @ Atlanta Braves,Truist Park,1.008,1.009,89.6,53.0,8.1,WNW,289.0,6.0,Overcast,4.2,6.1,59.2,B,92.0,Texas Rangers,Ezequiel Duran,Grant Holmes,0.0,0,0,4.2,0.95,1.05,0.56,0.64,2.23,60.0,2.6,0|1|7|1|4,07/17|07/12|07/11|07/10|07/09,2.3,0|1|7|1|4|0|3|3|0|4,07/17|07/12|07/11|07/10|07/09|07/08|07/07|07/05|07/04|07/02,2.13,0|1|7|1|4|0|3|3|0|4|3|2|0|2|2,07/17|07/12|07/11|07/10|07/09|07/08|07/07|07/05|07/04|07/02|07/01|06/30|06/29|06/28|06/27,85.6,60.7,37.8,20.6,10.1,4.8,2.1,2.59,129.9
2026-07-19,Chicago White Sox @ Toronto Blue Jays,Rogers Centre,1.0,1.0,,,,,,,Roof / indoor neutral,0.0,0.0,50.0,Roof,95.0,Toronto Blue Jays,George Springer,Sean Burke,0.2,1,5,4.2,0.88,0.97,0.65,0.32,1.94,60.0,2.0,4|0|1|4|1,07/17|07/11|07/10|07/08|06/30,1.6,4|0|1|4|1|2|3|1|0|0,07/17|07/11|07/10|07/08|06/30|06/29|06/28|06/26|06/25|06/24,2.0,4|0|1|4|1|2|3|1|0|0|2|3|2|5|2,07/17|07/11|07/10|07/08|06/30|06/29|06/28|06/26|06/25|06/24|06/23|06/22|06/20|06/19|06/18,81.2,54.4,30.5,15.2,7.1,3.1,1.2,2.37,120.3
2026-07-19,Chicago White Sox @ Toronto Blue Jays,Rogers Centre,1.0,1.0,,,,,,,Roof / indoor neutral,0.0,0.0,50.0,Roof,95.0,Toronto Blue Jays,Ernie Clement,Sean Burke,0.0,0,2,4.4,0.88,1.22,0.47,0.27,1.95,46.7,2.6,3|4|1|3|2,07/17|07/12|07/11|07/10|07/08,2.0,3|4|1|3|2|5|1|1|0|0,07/17|07/12|07/11|07/10|07/08|07/07|07/06|07/05|07/04|07/03,1.93,3|4|1|3|2|5|1|1|0|0|4|0|1|0|4,07/17|07/12|07/11|07/10|07/08|07/07|07/06|07/05|07/04|07/03|07/01|06/30|06/29|06/28|06/27,80.8,53.8,31.1,15.8,7.6,3.4,1.6,2.21,109.8
2026-07-19,Chicago White Sox @ Toronto Blue Jays,Rogers Centre,1.0,1.0,,,,,,,Roof / indoor neutral,0.0,0.0,50.0,Roof,95.0,Toronto Blue Jays,Kazuma Okamoto,Sean Burke,0.0,0,3,3.8,0.88,0.7,0.47,0.64,1.81,46.7,3.2,0|2|1|5|8,07/17|07/12|07/11|07/10|07/08,2.2,0|2|1|5|8|2|3|0|0|1,07/17|07/12|07/11|07/10|07/08|07/07|07/06|07/05|07/04|07/03,2.07,0|2|1|5|8|2|3|0|0|1|4|0|0|0|5,07/17|07/12|07/11|07/10|07/08|07/07|07/06|07/05|07/04|07/03|07/01|06/29|06/28|06/27|06/26,80.5,51.6,27.5,13.0,5.4,2.1,0.7,2.59,122.5
2026-07-19,Washington Nationals @ Athletics,Sutter Health Park,1.01,1.007,89.9,25.0,4.5,W,276.0,1.0,Overcast,3.3,4.8,57.3,B,92.0,Washington Nationals,James Wood,Jacob Lopez,0.0,0,3,3.8,1.2,1.62,1.63,1.32,4.56,86.7,4.2,5|3|5|6|2,07/17|07/12|07/11|07/10|07/08,4.1,5|3|5|6|2|5|8|1|3|3,07/17|07/12|07/11|07/10|07/08|07/07|07/06|07/05|07/04|07/03,3.93,5|3|5|6|2|5|8|1|3|3|7|5|3|3|0,07/17|07/12|07/11|07/10|07/08|07/07|07/06|07/05|07/04|07/03|07/01|06/30|06/29|06/28|06/27,97.0,88.8,75.9,61.1,45.4,31.9,21.6,4.92,229.2
2026-07-19,Washington Nationals @ Athletics,Sutter Health Park,1.01,1.007,89.9,25.0,4.5,W,276.0,1.0,Overcast,3.3,4.8,57.3,B,92.0,Washington Nationals,Luis García Jr.,Jacob Lopez,0.0,0,3,3.7,1.2,1.64,0.86,1.49,4.04,60.0,2.2,0|1|0|8|2,07/12|07/11|07/10|07/08|07/07,3.0,0|1|0|8|2|3|5|0|7|4,07/12|07/11|07/10|07/08|07/07|07/06|07/05|07/04|07/03|07/01,3.4,0|1|0|8|2|3|5|0|7|4|3|1|11|6|0,07/12|07/11|07/10|07/08|07/07|07/06|07/05|07/04|07/03|07/01|06/30|06/29|06/28|06/27|06/26,95.9,84.9,70.2,52.3,37.0,24.8,16.0,4.25,195.2
2026-07-19,Washington Nationals @ Athletics,Sutter Health Park,1.01,1.007,89.9,25.0,4.5,W,276.0,1.0,Overcast,3.3,4.8,57.3,B,92.0,Washington Nationals,Curtis Mead,Jacob Lopez,0.0,0,1,4.7,1.2,2.18,1.0,0.8,3.99,53.3,3.8,11|3|4|1|0,07/17|07/12|07/11|07/10|07/08,3.6,11|3|4|1|0|2|8|2|1|4,07/17|07/12|07/11|07/10|07/08|07/07|07/06|07/05|07/04|07/01,2.67,11|3|4|1|0|2|8|2|1|4|0|2|1|0|1,07/17|07/12|07/11|07/10|07/08|07/07|07/06|07/05|07/04|07/01|06/30|06/29|06/28|06/27|06/26,95.4,84.6,68.5,51.4,36.9,24.5,15.8,3.13,153.6
