game_pk,game_date,game_time_utc,venue,home_away,player_id,player_name,team,team_id,opponent,opponent_id,handedness,probable_status,pitcher_role,season_games,season_starts,season_ip,season_k_pct,season_bb_pct,season_er9,recent_ip,recent_pitches,recent_bf,recent_k_pct,recent_bb_pct,recent_er9,recent_6ip_rate,last_pitches,days_rest,long_layoff,projected_ip,projected_outs,projected_bf,projected_pitches,bear_outs,base_outs,bull_outs,bear_pitches,base_pitches,bull_pitches,bear_prob,base_prob,bull_prob,manager_hook_factor,lineup_source,lineup_names,lineup_k_pct,lineup_bb_pct,lineup_hr_pct,lineup_ops,lineup_sample_pa,park_run_factor,weather_run_factor,weather_delay_risk,weather_source,defense_run_factor,team_win_probability,opposing_starter_er9,umpire_k_factor,catcher_k_factor,statcast_stuff_factor,arsenal_matchup_factor,umpire_source,catcher_source,statcast_source,arsenal_source,best_line,best_side,best_probability_pct,best_edge,best_line_score,best_push_probability_pct,model_line,next_model_line,model_line_more_probability_pct,next_line_more_probability_pct,model_line_target_probability_pct,projection,median,floor_p10,floor_p25,ceiling_p75,ceiling_p90,sim_avg_ip,sim_avg_outs,sim_avg_bf,sim_avg_pitches,sim_avg_k,sim_avg_er,sim_avg_bb,sim_avg_hits,model_k_pct,model_bb_pct,model_hit_pct,model_er9,win_probability_pct,quality_start_probability_pct,five_inning_probability_pct,six_inning_probability_pct,seven_inning_probability_pct,fs_outs_component,fs_k_component,fs_er_component,fs_win_component,fs_qs_component,data_quality_score,data_quality_flags,model_confidence_pct,simulations,more_10_0_pct,less_10_0_pct,push_10_0_pct,more_10_5_pct,less_10_5_pct,push_10_5_pct,more_11_0_pct,less_11_0_pct,push_11_0_pct,more_11_5_pct,less_11_5_pct,push_11_5_pct,more_12_0_pct,less_12_0_pct,push_12_0_pct,more_12_5_pct,less_12_5_pct,push_12_5_pct,more_13_0_pct,less_13_0_pct,push_13_0_pct,more_13_5_pct,less_13_5_pct,push_13_5_pct,more_14_0_pct,less_14_0_pct,push_14_0_pct,more_14_5_pct,less_14_5_pct,push_14_5_pct,more_15_0_pct,less_15_0_pct,push_15_0_pct,more_15_5_pct,less_15_5_pct,push_15_5_pct,more_16_0_pct,less_16_0_pct,push_16_0_pct,more_16_5_pct,less_16_5_pct,push_16_5_pct,more_17_0_pct,less_17_0_pct,push_17_0_pct,more_17_5_pct,less_17_5_pct,push_17_5_pct,more_18_0_pct,less_18_0_pct,push_18_0_pct,more_18_5_pct,less_18_5_pct,push_18_5_pct,more_19_0_pct,less_19_0_pct,push_19_0_pct,more_19_5_pct,less_19_5_pct,push_19_5_pct,more_20_0_pct,less_20_0_pct,push_20_0_pct,more_20_5_pct,less_20_5_pct,push_20_5_pct,more_21_0_pct,less_21_0_pct,push_21_0_pct,more_21_5_pct,less_21_5_pct,push_21_5_pct,more_22_0_pct,less_22_0_pct,push_22_0_pct,more_22_5_pct,less_22_5_pct,push_22_5_pct,more_23_0_pct,less_23_0_pct,push_23_0_pct,more_23_5_pct,less_23_5_pct,push_23_5_pct,more_24_0_pct,less_24_0_pct,push_24_0_pct,more_24_5_pct,less_24_5_pct,push_24_5_pct,more_25_0_pct,less_25_0_pct,push_25_0_pct,more_25_5_pct,less_25_5_pct,push_25_5_pct,more_26_0_pct,less_26_0_pct,push_26_0_pct,more_26_5_pct,less_26_5_pct,push_26_5_pct,more_27_0_pct,less_27_0_pct,push_27_0_pct,more_27_5_pct,less_27_5_pct,push_27_5_pct,more_28_0_pct,less_28_0_pct,push_28_0_pct,more_28_5_pct,less_28_5_pct,push_28_5_pct,more_29_0_pct,less_29_0_pct,push_29_0_pct,more_29_5_pct,less_29_5_pct,push_29_5_pct,more_30_0_pct,less_30_0_pct,push_30_0_pct,more_30_5_pct,less_30_5_pct,push_30_5_pct,more_31_0_pct,less_31_0_pct,push_31_0_pct,more_31_5_pct,less_31_5_pct,push_31_5_pct,more_32_0_pct,less_32_0_pct,push_32_0_pct,more_32_5_pct,less_32_5_pct,push_32_5_pct,more_33_0_pct,less_33_0_pct,push_33_0_pct,more_33_5_pct,less_33_5_pct,push_33_5_pct,more_34_0_pct,less_34_0_pct,push_34_0_pct,more_34_5_pct,less_34_5_pct,push_34_5_pct,more_35_0_pct,less_35_0_pct,push_35_0_pct,more_35_5_pct,less_35_5_pct,push_35_5_pct,more_36_0_pct,less_36_0_pct,push_36_0_pct,more_36_5_pct,less_36_5_pct,push_36_5_pct,more_37_0_pct,less_37_0_pct,push_37_0_pct,more_37_5_pct,less_37_5_pct,push_37_5_pct,more_38_0_pct,less_38_0_pct,push_38_0_pct,more_38_5_pct,less_38_5_pct,push_38_5_pct
822938,2026-08-18,2026-08-18T22:40:00Z,Tropicana Field,AWAY,667755,José Soriano,Toronto Blue Jays,141,Tampa Bay Rays,139,R,MLB Probable,STARTER,24,24,133.66666666666666,0.2423146473779385,0.11211573236889692,3.1645885286783044,5.533333333333333,88.2,21.4,0.17757009345794392,0.102803738317757,2.2771084337349397,0.4,90.0,5.0,0,5.555,16.665,22.385,90.2475,12.665,16.665,20.165,74.00295,90.2475,99.27225000000001,0.25,0.5,0.25,1.032,PROJECTED_ACTIVE_ROSTER,Junior Caminero | Jonathan Aranda | Yandy Díaz | Chandler Simpson | Liam Hicks | Cedric Mullins | Taylor Walls | Richie Palacios | Nick Fortes,0.16649404453650957,0.09166235111341274,0.027964785085447953,0.7594678922837907,3862,0.97,1.0,0.0,mlb_weather_professional_v5_backtest_history.csv,1.006,0.45889294502284167,2.739130434782609,1.0,1.0,1.0,1.0,MISSING,MISSING,MISSING,MISSING,20.5,MORE,65.5,4.24,70.3,0.0,21.5,22.0,61.7,57.4,57.99999999999999,24.74,24.0,12.0,18.0,31.0,38.0,4.64,13.92,22.03,88.4,4.66,1.55,2.34,4.76,21.04,10.62,21.62,2.98,18.0,10.4,42.6,10.8,1.1,13.92,13.98,-4.66,1.08,0.42,84.0,LINEUP_PROJECTED|UMPIRE_NEUTRAL|CATCHER_NEUTRAL|STATCAST_NEUTRAL|ARSENAL_NEUTRAL,62.8,20000,92.9,5.9,1.2,92.9,7.1,0.0,91.4,7.1,1.5,91.4,8.6,0.0,89.6,8.6,1.7,89.6,10.4,0.0,87.7,10.4,1.9,87.7,12.3,0.0,85.4,12.3,2.4,85.4,14.6,0.0,82.7,14.6,2.7,82.7,17.3,0.0,79.7,17.3,3.0,79.7,20.3,0.0,76.5,20.3,3.2,76.5,23.5,0.0,73.3,23.5,3.2,73.3,26.7,0.0,69.7,26.7,3.6,69.7,30.3,0.0,65.5,30.3,4.3,65.5,34.5,0.0,61.7,34.5,3.8,61.7,38.3,0.0,57.4,38.3,4.3,57.4,42.6,0.0,52.8,42.6,4.6,52.8,47.2,0.0,49.0,47.2,3.8,49.0,51.0,0.0,44.6,51.0,4.4,44.6,55.4,0.0,40.7,55.4,3.9,40.7,59.3,0.0,37.6,59.3,3.2,37.6,62.4,0.0,33.9,62.4,3.7,33.9,66.1,0.0,30.3,66.1,3.6,30.3,69.7,0.0,27.6,69.7,2.7,27.6,72.4,0.0,24.2,72.4,3.4,24.2,75.8,0.0,21.3,75.8,2.9,21.3,78.6,0.0,19.3,78.6,2.1,19.3,80.7,0.0,16.5,80.7,2.8,16.5,83.5,0.0,14.5,83.5,2.0,14.5,85.5,0.0,13.2,85.5,1.3,13.2,86.8,0.0,11.0,86.8,2.2,11.0,89.0,0.0,9.3,89.0,1.6,9.3,90.7,0.0
823586,2026-08-18,2026-08-18T23:10:00Z,Citi Field,AWAY,592662,Robbie Ray,San Diego Padres,135,New York Mets,121,L,MLB Probable,STARTER,24,23,131.66666666666666,0.20397111913357402,0.11732851985559567,3.2810126582278483,5.0,85.6,22.2,0.2072072072072072,0.11711711711711711,2.88,0.4,84.0,5.0,0,5.434782608695652,16.304347826086957,23.332173913043476,90.84739130434782,12.304347826086957,16.304347826086957,19.804347826086957,74.49486086956522,90.84739130434782,99.93213043478261,0.25,0.5,0.25,1.032,PROJECTED_ACTIVE_ROSTER,Bo Bichette | Carson Benge | Marcus Semien | Brett Baty | A.J. Ewing | Francisco Alvarez | Francisco Lindor | Jared Young | Luis Torrens,0.22378048780487805,0.08292682926829269,0.028658536585365855,0.7054911585365854,3280,0.96,1.0,0.0,mlb_weather_professional_v5_backtest_history.csv,0.991,0.49570309349946323,2.779411764705882,1.0,1.0,1.0,1.0,MISSING,MISSING,MISSING,MISSING,21.5,MORE,64.8,4.24,70.2,0.0,22.5,23.0,61.1,57.0,57.99999999999999,25.74,25.0,13.0,19.0,33.0,40.0,4.76,14.29,22.98,89.0,4.82,1.61,2.54,4.62,20.96,11.04,20.09,2.95,21.8,12.7,47.4,13.3,1.7,14.29,14.45,-4.82,1.31,0.51,84.0,LINEUP_PROJECTED|UMPIRE_NEUTRAL|CATCHER_NEUTRAL|STATCAST_NEUTRAL|ARSENAL_NEUTRAL,62.2,20000,93.7,5.3,1.1,93.7,6.3,0.0,92.4,6.3,1.2,92.4,7.6,0.0,91.0,7.6,1.5,91.0,9.0,0.0,89.2,9.0,1.7,89.2,10.8,0.0,87.0,10.8,2.2,87.0,13.0,0.0,84.7,13.0,2.3,84.7,15.3,0.0,82.3,15.3,2.5,82.3,17.7,0.0,78.8,17.7,3.5,78.8,21.2,0.0,75.9,21.2,2.9,75.9,24.1,0.0,72.3,24.1,3.6,72.3,27.7,0.0,68.5,27.7,3.8,68.5,31.5,0.0,64.8,31.5,3.7,64.8,35.2,0.0,61.1,35.2,3.7,61.1,38.9,0.0,57.0,38.9,4.1,57.0,43.0,0.0,53.4,43.0,3.6,53.4,46.6,0.0,49.2,46.6,4.2,49.2,50.8,0.0,45.3,50.8,3.9,45.3,54.7,0.0,41.9,54.7,3.3,41.9,58.1,0.0,37.9,58.1,4.0,37.9,62.1,0.0,34.3,62.1,3.6,34.3,65.7,0.0,31.6,65.7,2.7,31.6,68.4,0.0,28.1,68.4,3.4,28.1,71.9,0.0,25.0,71.9,3.1,25.0,75.0,0.0,22.8,75.0,2.3,22.8,77.2,0.0,19.7,77.2,3.1,19.7,80.3,0.0,17.2,80.3,2.5,17.2,82.8,0.0,15.5,82.8,1.6,15.5,84.5,0.0,13.1,84.5,2.4,13.1,86.9,0.0,11.2,86.9,1.9,11.2,88.8,0.0
823586,2026-08-18,2026-08-18T23:10:00Z,Citi Field,HOME,804267,Zac Thornton,New York Mets,121,San Diego Padres,135,L,MLB Probable,STARTER,8,8,45.333333333333336,0.1638418079096045,0.07344632768361582,2.779411764705882,5.6,79.8,22.0,0.12727272727272726,0.07272727272727272,2.8928571428571432,0.6,80.0,5.0,0,5.64,16.919999999999998,22.075000000000003,79.83375000000001,12.919999999999998,16.919999999999998,20.419999999999998,65.46367500000001,79.83375000000001,87.81712500000002,0.25,0.5,0.25,0.9880000000000001,PROJECTED_ACTIVE_ROSTER,Fernando Tatis Jr. | Manny Machado | Jackson Merrill | Xander Bogaerts | Gavin Sheets | Ty France | Luis Rengifo | Jake Cronenworth | Freddy Fermin,0.20165289256198346,0.09421487603305785,0.030578512396694214,0.7050380165289255,3630,0.96,1.0,0.0,mlb_weather_professional_v5_backtest_history.csv,1.009,0.5117948237275373,3.2810126582278483,1.0,1.0,1.0,1.0,MISSING,MISSING,MISSING,MISSING,27.5,LESS,68.3,4.49,69.7,0.0,20.5,21.0,58.5,54.9,57.99999999999999,23.01,23.0,11.0,16.0,29.0,36.0,4.85,14.54,21.76,78.3,3.61,1.47,1.68,4.38,16.6,7.75,20.07,2.67,24.5,14.8,50.5,15.4,1.8,14.54,10.82,-4.4,1.47,0.59,84.0,LINEUP_PROJECTED|UMPIRE_NEUTRAL|CATCHER_NEUTRAL|STATCAST_NEUTRAL|ARSENAL_NEUTRAL,65.6,20000,90.8,7.6,1.6,90.8,9.2,0.0,88.9,9.2,1.8,88.9,11.1,0.0,86.9,11.1,2.0,86.9,13.1,0.0,84.3,13.1,2.6,84.3,15.7,0.0,81.1,15.7,3.2,81.1,18.9,0.0,78.1,18.9,3.0,78.1,21.9,0.0,74.5,21.9,3.6,74.5,25.5,0.0,70.5,25.5,4.0,70.5,29.5,0.0,66.9,29.5,3.6,66.9,33.1,0.0,62.9,33.1,4.0,62.9,37.1,0.0,58.5,37.1,4.4,58.5,41.5,0.0,54.9,41.5,3.6,54.9,45.1,0.0,50.5,45.1,4.4,50.5,49.5,0.0,46.1,49.5,4.5,46.1,53.9,0.0,42.7,53.9,3.4,42.7,57.3,0.0,38.5,57.3,4.2,38.5,61.5,0.0,34.3,61.5,4.3,34.3,65.7,0.0,31.7,65.7,2.6,31.7,68.3,0.0,27.9,68.3,3.8,27.9,72.1,0.0,24.6,72.1,3.3,24.6,75.4,0.0,22.6,75.4,2.1,22.6,77.4,0.0,19.6,77.4,3.0,19.6,80.4,0.0,17.0,80.4,2.6,17.0,83.0,0.0,15.3,83.0,1.7,15.3,84.7,0.0,12.7,84.7,2.6,12.7,87.3,0.0,10.8,87.3,1.9,10.8,89.2,0.0,9.7,89.2,1.1,9.7,90.3,0.0,7.8,90.3,1.9,7.8,92.2,0.0,6.4,92.2,1.4,6.4,93.6,0.0
824475,2026-08-18,2026-08-18T22:40:00Z,Great American Ball Park,AWAY,681517,Kyle Leahy,St. Louis Cardinals,138,Cincinnati Reds,113,R,MLB Probable,STARTER,23,23,117.33333333333333,0.21084337349397592,0.07028112449799197,3.375,5.6,91.6,22.0,0.2727272727272727,0.01818181818181818,2.25,0.6,81.0,5.0,0,5.300869565217391,15.902608695652173,21.791304347826085,88.19956521739131,11.902608695652173,15.902608695652173,19.402608695652173,72.32364347826088,88.19956521739131,97.01952173913045,0.25,0.5,0.25,0.9880000000000001,PROJECTED_ACTIVE_ROSTER,Sal Stewart | Elly De La Cruz | JJ Bleday | Eugenio Suárez | Matt McLain | Tyler Stephenson | TJ Friedl | Dane Myers | Noelvi Marte,0.25934065934065936,0.1042386185243328,0.03799058084772371,0.7203124018838305,3185,1.07,1.0,0.0,mlb_weather_professional_v5_backtest_history.csv,0.991,0.5091002637485261,4.12781954887218,1.0,1.0,1.0,1.0,MISSING,MISSING,MISSING,MISSING,21.5,MORE,64.5,4.15,69.7,0.0,22.5,23.0,60.7,56.8,57.99999999999999,25.65,25.0,13.0,19.0,33.0,40.0,4.67,14.0,21.46,86.5,5.04,1.72,1.42,4.42,23.53,6.67,20.51,3.22,21.0,10.6,44.2,11.0,0.9,14.0,15.12,-5.16,1.26,0.42,84.0,LINEUP_PROJECTED|UMPIRE_NEUTRAL|CATCHER_NEUTRAL|STATCAST_NEUTRAL|ARSENAL_NEUTRAL,61.9,20000,93.1,6.0,1.0,93.1,6.9,0.0,91.7,6.9,1.3,91.7,8.3,0.0,90.2,8.3,1.5,90.2,9.8,0.0,88.5,9.8,1.8,88.5,11.5,0.0,86.2,11.5,2.2,86.2,13.8,0.0,83.8,13.8,2.5,83.8,16.2,0.0,81.1,16.2,2.6,81.1,18.9,0.0,78.0,18.9,3.2,78.0,22.0,0.0,75.1,22.0,2.9,75.1,24.9,0.0,71.8,24.9,3.3,71.8,28.2,0.0,68.0,28.2,3.8,68.0,32.0,0.0,64.5,32.0,3.5,64.5,35.5,0.0,60.7,35.5,3.8,60.7,39.3,0.0,56.8,39.3,3.9,56.8,43.2,0.0,53.2,43.2,3.6,53.2,46.8,0.0,49.5,46.8,3.7,49.5,50.5,0.0,45.2,50.5,4.2,45.2,54.8,0.0,41.9,54.8,3.3,41.9,58.1,0.0,38.3,58.1,3.7,38.3,61.7,0.0,34.5,61.7,3.8,34.5,65.5,0.0,31.5,65.5,3.0,31.5,68.5,0.0,28.3,68.5,3.2,28.3,71.7,0.0,25.3,71.7,3.1,25.3,74.7,0.0,22.9,74.7,2.4,22.9,77.1,0.0,20.0,77.1,2.9,20.0,80.0,0.0,17.6,80.0,2.4,17.6,82.4,0.0,15.9,82.4,1.7,15.9,84.1,0.0,13.4,84.1,2.5,13.4,86.6,0.0,11.8,86.6,1.6,11.8,88.2,0.0
824723,2026-08-18,2026-08-18T23:10:00Z,Fenway Park,HOME,624133,Ranger Suarez,Boston Red Sox,111,Arizona Diamondbacks,109,L,MLB Probable,STARTER,21,21,108.0,0.24719101123595505,0.0696629213483146,3.25,3.8666666666666663,66.6,16.8,0.21428571428571427,0.05952380952380952,4.655172413793104,0.0,81.0,5.0,0,4.632380952380952,13.897142857142857,19.434285714285714,73.61571428571429,9.897142857142857,13.897142857142857,17.397142857142857,60.36488571428571,73.61571428571429,80.97728571428573,0.25,0.5,0.25,1.12,PROJECTED_ACTIVE_ROSTER,Corbin Carroll | Geraldo Perdomo | Nolan Arenado | Gabriel Moreno | Ildemaro Vargas | Lars Nootbaar | Tim Tawa | Ryan Waldschmidt | Jose Fernandez,0.1828917969996808,0.0992658793488669,0.025534631343759974,0.750647941270348,3133,1.04,1.0,0.0,mlb_weather_professional_v5_backtest_history.csv,0.997,0.5408611694195116,5.111999999999999,1.0,1.0,1.0,1.0,MISSING,MISSING,MISSING,MISSING,24.5,LESS,68.7,4.42,69.5,0.0,17.5,18.0,61.3,57.2,57.99999999999999,20.08,20.0,8.0,14.0,26.0,32.0,4.0,11.99,19.14,72.1,4.3,1.81,1.41,4.1,22.45,7.36,21.37,3.97,8.8,2.3,18.3,2.4,0.0,11.99,12.9,-5.43,0.53,0.09,84.0,LINEUP_PROJECTED|UMPIRE_NEUTRAL|CATCHER_NEUTRAL|STATCAST_NEUTRAL|ARSENAL_NEUTRAL,66.0,20000,85.7,12.1,2.2,85.7,14.3,0.0,83.2,14.3,2.6,83.2,16.8,0.0,80.3,16.8,2.9,80.3,19.7,0.0,76.9,19.7,3.4,76.9,23.1,0.0,73.5,23.1,3.4,73.5,26.5,0.0,69.9,26.5,3.6,69.9,30.1,0.0,65.6,30.1,4.3,65.6,34.4,0.0,61.3,34.4,4.4,61.3,38.7,0.0,57.2,38.7,4.1,57.2,42.8,0.0,52.4,42.8,4.7,52.4,47.6,0.0,47.9,47.6,4.6,47.9,52.1,0.0,43.9,52.1,4.0,43.9,56.1,0.0,39.4,56.1,4.5,39.4,60.7,0.0,34.8,60.7,4.5,34.8,65.2,0.0,31.3,65.2,3.6,31.3,68.7,0.0,27.6,68.7,3.7,27.6,72.4,0.0,24.1,72.4,3.5,24.1,75.9,0.0,21.0,75.9,3.1,21.0,79.0,0.0,18.1,79.0,2.9,18.1,81.9,0.0,15.6,81.9,2.6,15.6,84.4,0.0,13.4,84.4,2.2,13.4,86.6,0.0,11.3,86.6,2.1,11.3,88.7,0.0,9.6,88.7,1.7,9.6,90.4,0.0,8.1,90.4,1.4,8.1,91.9,0.0,6.6,91.9,1.6,6.6,93.4,0.0,5.6,93.4,1.0,5.6,94.4,0.0,4.8,94.4,0.8,4.8,95.2,0.0,3.7,95.2,1.1,3.7,96.3,0.0,3.0,96.3,0.7,3.0,97.0,0.0
823749,2026-08-18,2026-08-18T23:40:00Z,American Family Field,HOME,690986,Kyle Harrison,Milwaukee Brewers,158,Seattle Mariners,136,L,MLB Probable,STARTER,19,19,93.33333333333333,0.296875,0.0625,2.9892857142857148,4.266666666666667,78.6,18.8,0.2872340425531915,0.06382978723404255,4.640625,0.0,90.0,6.0,0,4.654035087719298,13.962105263157895,19.646315789473682,81.50368421052632,9.962105263157895,13.962105263157895,17.462105263157895,66.83302105263158,81.50368421052632,89.65405263157895,0.25,0.5,0.25,1.12,PROJECTED_ACTIVE_ROSTER,Taylor Ward | Randy Arozarena | Cole Young | Josh Naylor | Julio Rodríguez | Cal Raleigh | Dominic Canzone | Brendan Donovan | Victor Robles,0.19803646563814867,0.0967741935483871,0.028892005610098175,0.727923141654979,3565,1.01,1.0,0.0,mlb_weather_professional_v5_backtest_history.csv,0.994,0.5361722525766897,3.388235294117647,1.0,1.0,1.0,1.0,MISSING,MISSING,MISSING,MISSING,19.5,MORE,67.5,4.37,69.0,0.0,21.5,22.0,59.4,54.9,57.99999999999999,23.87,24.0,12.0,18.0,30.0,37.0,4.11,12.33,19.37,79.9,5.23,1.64,1.36,4.0,27.02,6.96,20.73,3.54,10.9,2.7,21.8,2.8,0.0,12.33,15.69,-4.91,0.66,0.11,84.0,LINEUP_PROJECTED|UMPIRE_NEUTRAL|CATCHER_NEUTRAL|STATCAST_NEUTRAL|ARSENAL_NEUTRAL,64.8,20000,92.0,6.6,1.4,92.0,8.0,0.0,90.6,8.0,1.4,90.6,9.4,0.0,88.8,9.4,1.8,88.8,11.2,0.0,86.7,11.2,2.1,86.7,13.3,0.0,84.3,13.3,2.3,84.3,15.7,0.0,81.7,15.7,2.7,81.7,18.4,0.0,78.3,18.4,3.4,78.3,21.7,0.0,75.2,21.7,3.1,75.2,24.8,0.0,71.7,24.8,3.5,71.7,28.3,0.0,67.5,28.3,4.1,67.5,32.5,0.0,63.1,32.5,4.4,63.1,36.9,0.0,59.4,36.9,3.7,59.4,40.6,0.0,54.9,40.6,4.5,54.9,45.1,0.0,50.7,45.1,4.2,50.7,49.3,0.0,46.7,49.3,4.0,46.7,53.3,0.0,42.2,53.3,4.5,42.2,57.8,0.0,37.9,57.8,4.2,37.9,62.1,0.0,34.5,62.1,3.4,34.5,65.5,0.0,30.5,65.5,4.0,30.5,69.5,0.0,27.1,69.5,3.4,27.1,72.9,0.0,24.0,72.9,3.1,24.0,76.0,0.0,21.1,76.0,2.9,21.1,78.9,0.0,18.5,78.9,2.6,18.5,81.5,0.0,16.2,81.5,2.2,16.2,83.8,0.0,13.8,83.8,2.5,13.8,86.2,0.0,11.8,86.2,2.0,11.8,88.2,0.0,10.2,88.2,1.6,10.2,89.8,0.0,8.5,89.8,1.7,8.5,91.5,0.0,7.2,91.5,1.3,7.2,92.8,0.0
824154,2026-08-18,2026-08-19T00:10:00Z,Daikin Park,AWAY,691946,George Klassen,Los Angeles Angels,108,Houston Astros,117,R,MLB Probable,SPOT_STARTER,4,4,14.666666666666666,0.18421052631578946,0.18,5.5227272727272725,3.6666666666666665,78.75,19.0,0.18421052631578946,0.19736842105263158,5.5227272727272725,0.25,87.0,5.0,0,3.6666666666666665,11.0,19.0,78.75,8.0,11.0,13.5,64.575,78.75,86.625,0.3,0.5,0.2,1.12,PROJECTED_ACTIVE_ROSTER,Yordan Alvarez | Isaac Paredes | Christian Walker | Cam Smith | Jose Altuve | Daulton Varsho | Jeremy Peña | Yainer Diaz | Christian Vázquez,0.1932819383259912,0.08920704845814978,0.03854625550660793,0.7686910792951541,3632,1.0,1.0,0.0,mlb_weather_professional_v5_backtest_history.csv,1.006,0.48827032258931574,6.68041237113402,1.0,1.0,1.0,1.0,MISSING,MISSING,MISSING,MISSING,17.5,LESS,68.5,4.34,69.0,0.0,11.5,12.0,61.6,56.9,57.99999999999999,13.16,14.0,2.0,8.0,19.0,24.0,3.08,9.25,18.46,76.1,3.42,2.13,3.05,4.05,18.65,16.53,21.89,5.93,0.4,0.0,1.2,0.0,0.0,9.25,10.26,-6.38,0.02,0.0,74.0,LINEUP_PROJECTED|SMALL_START_SAMPLE|UMPIRE_NEUTRAL|CATCHER_NEUTRAL|STATCAST_NEUTRAL|ARSENAL_NEUTRAL,64.1,20000,65.9,29.8,4.3,65.9,34.1,0.0,61.6,34.1,4.3,61.6,38.5,0.0,56.9,38.5,4.7,56.9,43.1,0.0,51.6,43.1,5.2,51.6,48.4,0.0,46.6,48.4,5.0,46.6,53.4,0.0,41.6,53.4,5.0,41.6,58.4,0.0,36.5,58.4,5.2,36.5,63.5,0.0,31.5,63.5,5.0,31.5,68.5,0.0,27.0,68.5,4.4,27.0,73.0,0.0,23.1,73.0,4.0,23.1,76.9,0.0,19.2,76.9,3.9,19.2,80.8,0.0,15.9,80.8,3.2,15.9,84.1,0.0,13.1,84.1,2.8,13.1,86.9,0.0,10.5,86.9,2.5,10.5,89.5,0.0,8.6,89.5,1.9,8.6,91.4,0.0,6.8,91.4,1.8,6.8,93.2,0.0,5.4,93.2,1.4,5.4,94.6,0.0,4.1,94.6,1.3,4.1,95.9,0.0,3.2,95.9,0.9,3.2,96.8,0.0,2.4,96.8,0.8,2.4,97.6,0.0,1.8,97.6,0.6,1.8,98.2,0.0,1.4,98.2,0.4,1.4,98.6,0.0,1.0,98.6,0.4,1.0,99.0,0.0,0.7,99.0,0.3,0.7,99.3,0.0,0.5,99.3,0.2,0.5,99.5,0.0,0.4,99.5,0.2,0.4,99.6,0.0,0.3,99.6,0.1,0.3,99.7,0.0,0.2,99.7,0.1,0.2,99.8,0.0,0.1,99.8,0.0,0.1,99.9,0.0
823423,2026-08-18,2026-08-18T22:40:00Z,Citizens Bank Park,HOME,554430,Zack Wheeler,Philadelphia Phillies,143,Miami Marlins,146,R,MLB Probable,STARTER,20,20,115.33333333333333,0.30176211453744495,0.06387665198237885,2.88728323699422,4.466666666666667,78.6,19.8,0.29292929292929293,0.0707070707070707,6.044776119402986,0.2,84.0,5.0,0,5.246666666666667,15.740000000000002,21.54,84.76499999999999,11.740000000000002,15.740000000000002,19.240000000000002,69.50729999999999,84.76499999999999,93.24149999999999,0.25,0.5,0.25,1.076,PROJECTED_ACTIVE_ROSTER,Otto Lopez | Xavier Edwards | Jakob Marsee | Heriberto Hernández | Javier Sanoja | Owen Caissie | Joe Mack | Griffin Conine | Esteury Ruiz,0.2070073931211829,0.08936033429765348,0.028608164577306333,0.7508656380585021,3111,1.05,1.0,0.0,mlb_weather_professional_v5_backtest_history.csv,0.997,0.5357294465736775,5.6138613861386135,1.0,1.0,1.0,1.0,MISSING,MISSING,MISSING,MISSING,21.5,MORE,65.4,4.37,68.7,0.0,23.5,24.0,58.1,54.8,57.99999999999999,25.87,26.0,11.0,19.0,34.0,41.0,4.49,13.46,21.23,83.2,5.86,2.19,1.5,4.54,27.63,7.03,21.38,4.19,18.3,7.7,37.5,8.1,0.6,13.46,17.59,-6.58,1.1,0.31,84.0,LINEUP_PROJECTED|UMPIRE_NEUTRAL|CATCHER_NEUTRAL|STATCAST_NEUTRAL|ARSENAL_NEUTRAL,62.8,20000,91.0,7.8,1.1,91.0,9.0,0.0,89.8,9.0,1.3,89.8,10.2,0.0,88.2,10.2,1.5,88.2,11.8,0.0,86.6,11.8,1.6,86.6,13.4,0.0,84.7,13.4,2.0,84.7,15.3,0.0,82.6,15.3,2.0,82.6,17.4,0.0,80.5,17.4,2.1,80.5,19.5,0.0,77.9,19.5,2.6,77.9,22.1,0.0,75.3,22.1,2.6,75.3,24.7,0.0,72.3,24.7,3.0,72.3,27.7,0.0,68.7,27.7,3.7,68.7,31.3,0.0,65.4,31.3,3.2,65.4,34.6,0.0,62.0,34.6,3.5,62.0,38.0,0.0,58.1,38.0,3.8,58.1,41.9,0.0,54.8,41.9,3.3,54.8,45.2,0.0,51.1,45.2,3.7,51.1,48.9,0.0,47.3,48.9,3.8,47.3,52.7,0.0,44.1,52.7,3.2,44.1,55.9,0.0,40.4,55.9,3.6,40.4,59.6,0.0,36.8,59.6,3.7,36.8,63.2,0.0,33.8,63.2,3.0,33.8,66.2,0.0,30.5,66.2,3.3,30.5,69.5,0.0,27.5,69.5,3.0,27.5,72.5,0.0,25.1,72.5,2.5,25.1,74.9,0.0,22.1,74.9,3.0,22.1,77.9,0.0,19.8,77.9,2.2,19.8,80.2,0.0,17.9,80.2,1.9,17.9,82.1,0.0,15.7,82.1,2.2,15.7,84.3,0.0,13.9,84.3,1.8,13.9,86.1,0.0
823749,2026-08-18,2026-08-18T23:40:00Z,American Family Field,AWAY,682243,Bryce Miller,Seattle Mariners,136,Milwaukee Brewers,158,R,MLB Probable,STARTER,15,14,85.0,0.2537764350453172,0.04833836858006042,3.388235294117647,5.466666666666667,89.8,23.2,0.16379310344827586,0.0603448275862069,5.926829268292683,0.2,89.0,5.0,0,5.82952380952381,17.48857142857143,23.465714285714284,90.14714285714285,13.48857142857143,17.48857142857143,20.98857142857143,73.92065714285714,90.14714285714285,99.16185714285714,0.25,0.5,0.25,1.076,PROJECTED_ACTIVE_ROSTER,Brice Turang | William Contreras | Jake Bauers | Garrett Mitchell | Jackson Chourio | Christian Yelich | Joey Ortiz | David Hamilton | Andrew Vaughn,0.23055162659123055,0.10891089108910891,0.027157001414427156,0.7584947666195192,3535,1.01,1.0,0.0,mlb_weather_professional_v5_backtest_history.csv,0.997,0.47129603870172515,2.9892857142857148,1.0,1.0,1.0,1.0,MISSING,MISSING,MISSING,MISSING,29.5,LESS,64.0,4.43,68.6,0.0,22.5,23.0,58.5,55.0,57.99999999999999,25.07,25.0,9.0,17.0,34.0,41.0,4.93,14.8,23.14,88.4,5.3,2.57,1.45,5.0,23.0,6.29,21.6,4.4,22.6,17.9,53.8,20.2,3.1,14.8,15.91,-7.72,1.36,0.72,84.0,LINEUP_PROJECTED|UMPIRE_NEUTRAL|CATCHER_NEUTRAL|STATCAST_NEUTRAL|ARSENAL_NEUTRAL,61.4,20000,88.3,10.3,1.4,88.3,11.7,0.0,86.6,11.7,1.7,86.6,13.4,0.0,84.9,13.4,1.8,84.9,15.1,0.0,83.0,15.1,1.9,83.0,17.0,0.0,80.8,17.0,2.2,80.8,19.2,0.0,78.8,19.2,1.9,78.8,21.2,0.0,76.3,21.2,2.5,76.3,23.7,0.0,73.3,23.7,3.0,73.3,26.7,0.0,70.7,26.7,2.6,70.7,29.3,0.0,67.7,29.3,3.0,67.7,32.3,0.0,64.6,32.3,3.1,64.6,35.4,0.0,61.8,35.4,2.8,61.8,38.2,0.0,58.5,38.2,3.3,58.5,41.5,0.0,55.0,41.5,3.5,55.0,45.0,0.0,52.2,45.0,2.8,52.2,47.8,0.0,48.7,47.8,3.5,48.7,51.3,0.0,45.5,51.3,3.2,45.5,54.5,0.0,42.8,54.5,2.7,42.8,57.2,0.0,39.3,57.2,3.5,39.3,60.7,0.0,36.0,60.7,3.3,36.0,64.0,0.0,33.6,64.0,2.4,33.6,66.4,0.0,30.4,66.4,3.2,30.4,69.6,0.0,27.4,69.6,2.9,27.4,72.6,0.0,25.5,72.6,1.9,25.5,74.5,0.0,22.5,74.5,3.0,22.5,77.5,0.0,20.2,77.5,2.3,20.2,79.8,0.0,18.7,79.8,1.5,18.7,81.3,0.0,16.3,81.3,2.4,16.3,83.7,0.0,14.2,83.7,2.1,14.2,85.8,0.0
823667,2026-08-18,2026-08-18T23:40:00Z,Target Field,AWAY,641816,Tyler Mahle,Atlanta Braves,144,Minnesota Twins,142,R,MLB Probable,STARTER,20,20,106.66666666666667,0.234375,0.08705357142857142,4.640625,5.733333333333333,92.6,22.2,0.2882882882882883,0.06306306306306306,2.8255813953488373,0.6,93.0,5.0,0,5.493333333333334,16.480000000000004,22.32,90.5975,12.480000000000004,16.480000000000004,19.980000000000004,74.28994999999999,90.5975,99.65725,0.25,0.5,0.25,0.9880000000000001,PROJECTED_ACTIVE_ROSTER,Josh Bell | Brooks Lee | Luke Keaschall | Kody Clemens | Byron Buxton | Royce Lewis | Trevor Larnach | Victor Caratini | Ryan Jeffers,0.2001672706997491,0.08809590186785615,0.03540563144689155,0.7563621410649569,3587,0.99,1.0,0.0,mlb_weather_professional_v5_backtest_history.csv,0.994,0.5100241288519127,5.34065934065934,1.0,1.0,1.0,1.0,MISSING,MISSING,MISSING,MISSING,28.5,LESS,65.5,4.33,68.5,0.0,21.5,22.0,59.8,56.1,57.99999999999999,24.17,24.0,10.0,17.0,32.0,39.0,4.61,13.82,21.95,88.7,5.18,2.25,1.81,4.75,23.66,8.25,21.54,4.23,19.4,10.2,41.6,10.9,1.1,13.82,15.53,-6.75,1.17,0.41,84.0,LINEUP_PROJECTED|UMPIRE_NEUTRAL|CATCHER_NEUTRAL|STATCAST_NEUTRAL|ARSENAL_NEUTRAL,62.9,20000,88.6,9.9,1.5,88.6,11.4,0.0,87.1,11.4,1.5,87.1,12.9,0.0,85.3,12.9,1.8,85.3,14.7,0.0,83.3,14.7,2.0,83.3,16.7,0.0,80.9,16.7,2.5,80.9,19.1,0.0,78.6,19.1,2.2,78.6,21.4,0.0,76.0,21.4,2.6,76.0,24.0,0.0,73.2,24.0,2.8,73.2,26.8,0.0,70.2,26.8,3.0,70.2,29.8,0.0,66.8,29.8,3.4,66.8,33.2,0.0,63.2,33.2,3.6,63.2,36.8,0.0,59.8,36.8,3.4,59.8,40.2,0.0,56.1,40.2,3.7,56.1,43.9,0.0,52.2,43.9,3.9,52.2,47.8,0.0,48.7,47.8,3.5,48.7,51.3,0.0,44.9,51.3,3.8,44.9,55.1,0.0,41.0,55.1,3.9,41.0,59.0,0.0,38.0,59.0,2.9,38.0,62.0,0.0,34.5,62.0,3.5,34.5,65.5,0.0,31.4,65.5,3.1,31.4,68.6,0.0,28.8,68.6,2.6,28.8,71.2,0.0,25.5,71.2,3.3,25.5,74.5,0.0,22.8,74.5,2.8,22.8,77.2,0.0,20.8,77.2,2.0,20.8,79.2,0.0,18.1,79.2,2.7,18.1,81.9,0.0,15.9,81.9,2.2,15.9,84.1,0.0,14.5,84.1,1.4,14.5,85.5,0.0,12.4,85.5,2.1,12.4,87.6,0.0,10.6,87.6,1.8,10.6,89.4,0.0
824639,2026-08-18,2026-08-19T00:05:00Z,Wrigley Field,HOME,592332,Kevin Gausman,Chicago Cubs,112,Chicago White Sox,145,R,MLB Probable,STARTER,25,25,139.0,0.23469387755102042,0.06462585034013606,4.532374100719425,5.333333333333334,94.2,23.6,0.1864406779661017,0.05084745762711865,5.3999999999999995,0.4,93.0,4.0,0,5.469333333333333,16.408,23.552,93.732,12.408000000000001,16.408,19.908,76.86023999999999,93.732,103.10520000000001,0.25,0.5,0.25,1.032,PROJECTED_ACTIVE_ROSTER,Miguel Vargas | Chase Meidroth | Colson Montgomery | Sam Antonacci | Munetaka Murakami | Andrew Benintendi | Tristan Peters | Braden Montgomery | Luisangel Acuña,0.23282986605870618,0.09888857224280422,0.03619264747791394,0.7655768025078369,3509,1.02,1.0,0.0,mlb_weather_professional_v5_backtest_history.csv,0.985,0.5195698537911849,4.2,1.0,1.0,1.0,1.0,MISSING,MISSING,MISSING,MISSING,18.5,MORE,64.4,4.37,68.5,0.0,20.5,21.0,58.1,55.0,57.99999999999999,22.87,23.0,7.0,15.0,31.0,39.0,4.7,14.09,23.17,91.8,5.21,2.86,1.6,5.04,22.46,6.87,21.8,5.12,20.5,12.1,45.5,13.7,1.8,14.09,15.64,-8.57,1.23,0.48,84.0,LINEUP_PROJECTED|UMPIRE_NEUTRAL|CATCHER_NEUTRAL|STATCAST_NEUTRAL|ARSENAL_NEUTRAL,61.8,20000,84.5,13.9,1.6,84.5,15.5,0.0,82.6,15.5,1.9,82.6,17.4,0.0,80.5,17.4,2.1,80.5,19.5,0.0,78.4,19.5,2.1,78.4,21.6,0.0,75.9,21.6,2.5,75.9,24.1,0.0,73.4,24.1,2.5,73.4,26.6,0.0,70.7,26.6,2.7,70.7,29.3,0.0,67.6,29.3,3.0,67.6,32.4,0.0,64.4,32.4,3.2,64.4,35.6,0.0,61.2,35.6,3.2,61.2,38.8,0.0,58.1,38.8,3.1,58.1,41.9,0.0,55.0,41.9,3.1,55.0,45.0,0.0,51.6,45.0,3.4,51.6,48.4,0.0,48.2,48.4,3.4,48.2,51.8,0.0,45.3,51.8,2.9,45.3,54.7,0.0,42.0,54.7,3.3,42.0,58.0,0.0,38.4,58.0,3.6,38.4,61.6,0.0,35.7,61.6,2.7,35.7,64.3,0.0,32.5,64.3,3.2,32.5,67.5,0.0,29.6,67.5,3.0,29.6,70.4,0.0,27.4,70.4,2.2,27.4,72.6,0.0,24.5,72.6,2.9,24.5,75.5,0.0,22.1,75.5,2.4,22.1,77.9,0.0,20.3,77.9,1.8,20.3,79.7,0.0,17.8,79.7,2.5,17.8,82.2,0.0,15.7,82.2,2.1,15.7,84.3,0.0,14.3,84.3,1.3,14.3,85.7,0.0,12.4,85.7,1.9,12.4,87.6,0.0,10.7,87.6,1.8,10.7,89.3,0.0
824475,2026-08-18,2026-08-18T22:40:00Z,Great American Ball Park,HOME,671096,Andrew Abbott,Cincinnati Reds,113,St. Louis Cardinals,138,L,MLB Probable,STARTER,25,25,133.0,0.17647058823529413,0.11072664359861592,4.12781954887218,5.6,95.8,24.2,0.1487603305785124,0.1322314049586777,4.178571428571429,0.6,93.0,4.0,0,5.432,16.296,23.552,94.37800000000001,12.296,16.296,19.796,77.38996,94.37800000000001,103.81580000000002,0.25,0.5,0.25,0.9880000000000001,PROJECTED_ACTIVE_ROSTER,Iván Herrera | JJ Wetherholt | Alec Burleson | Jordan Walker | Masyn Winn | Nathan Church | José Fermín | Pedro Pagés | Blaze Jordan,0.18591706095185082,0.0857222376843863,0.027553576398552743,0.7280141942666296,3593,1.07,1.0,0.0,mlb_weather_professional_v5_backtest_history.csv,1.0,0.4983987366773211,3.375,1.0,1.0,1.0,1.0,MISSING,MISSING,MISSING,MISSING,24.5,LESS,64.9,4.34,68.4,0.0,17.5,18.0,60.2,56.8,57.99999999999999,20.16,20.0,6.0,13.0,28.0,35.0,4.63,13.89,23.2,92.5,4.02,2.45,2.55,4.81,17.33,11.0,20.73,4.48,18.5,10.6,43.0,11.6,1.3,13.89,12.07,-7.34,1.11,0.42,84.0,LINEUP_PROJECTED|UMPIRE_NEUTRAL|CATCHER_NEUTRAL|STATCAST_NEUTRAL|ARSENAL_NEUTRAL,62.3,20000,81.6,16.3,2.1,81.6,18.4,0.0,79.1,18.4,2.5,79.1,20.9,0.0,76.5,20.9,2.6,76.5,23.5,0.0,73.8,23.5,2.7,73.8,26.2,0.0,70.6,26.2,3.2,70.6,29.4,0.0,67.3,29.4,3.3,67.3,32.7,0.0,63.9,32.7,3.4,63.9,36.1,0.0,60.2,36.1,3.7,60.2,39.8,0.0,56.8,39.8,3.5,56.8,43.2,0.0,52.8,43.2,3.9,52.8,47.1,0.0,48.9,47.1,4.0,48.9,51.1,0.0,45.6,51.1,3.2,45.6,54.4,0.0,41.9,54.4,3.7,41.9,58.1,0.0,38.1,58.1,3.8,38.1,61.9,0.0,35.1,61.9,3.0,35.1,64.9,0.0,31.3,64.9,3.8,31.3,68.7,0.0,27.9,68.7,3.4,27.9,72.1,0.0,25.6,72.1,2.3,25.6,74.4,0.0,22.5,74.4,3.1,22.5,77.5,0.0,19.8,77.5,2.7,19.8,80.2,0.0,18.1,80.2,1.8,18.1,81.9,0.0,15.6,81.9,2.5,15.6,84.4,0.0,13.5,84.4,2.1,13.5,86.5,0.0,12.2,86.5,1.2,12.2,87.8,0.0,10.3,87.8,1.9,10.3,89.7,0.0,8.7,89.7,1.6,8.7,91.3,0.0,7.9,91.3,0.9,7.9,92.1,0.0,6.3,92.1,1.6,6.3,93.7,0.0,5.0,93.7,1.2,5.0,95.0,0.0
824803,2026-08-18,2026-08-18T22:35:00Z,Oriole Park at Camden Yards,AWAY,607074,Carlos Rodón,New York Yankees,147,Baltimore Orioles,110,L,MLB Probable,STARTER,9,9,46.333333333333336,0.26804123711340205,0.13402061855670103,3.302158273381295,5.466666666666667,94.8,22.6,0.2831858407079646,0.11504424778761062,3.292682926829268,0.4,96.0,50.0,1,4.642488888888889,13.927466666666668,19.336533333333335,82.31519999999999,9.927466666666668,13.927466666666668,17.427466666666668,67.49846399999998,82.31519999999999,90.54672,0.25,0.5,0.25,1.032,PROJECTED_ACTIVE_ROSTER,Gunnar Henderson | Pete Alonso | Leody Taveras | Coby Mayo | Colton Cowser | Jackson Holliday | Tyler O'Neill | Jeremiah Jackson | Dylan Beavers,0.25405580791693705,0.09701492537313433,0.03504218040233614,0.714983452303699,3082,0.99,1.0,0.0,mlb_weather_professional_v5_backtest_history.csv,1.0,0.5062107937519109,4.0047846889952154,1.0,1.0,1.0,1.0,MISSING,MISSING,MISSING,MISSING,27.5,LESS,69.7,4.34,68.3,0.0,20.5,21.0,61.5,57.0,57.99999999999999,23.16,23.0,12.0,17.0,29.0,35.0,3.91,11.74,18.99,80.5,5.06,1.41,2.32,3.88,26.76,12.28,20.36,3.24,7.2,1.4,14.9,1.4,0.0,11.74,15.17,-4.22,0.43,0.05,74.0,LINEUP_PROJECTED|LONG_LAYOFF|UMPIRE_NEUTRAL|CATCHER_NEUTRAL|STATCAST_NEUTRAL|ARSENAL_NEUTRAL,65.1,20000,92.6,6.1,1.4,92.6,7.4,0.0,91.1,7.4,1.4,91.1,8.9,0.0,89.2,8.9,2.0,89.2,10.8,0.0,87.0,10.8,2.1,87.0,13.0,0.0,84.7,13.0,2.3,84.7,15.3,0.0,81.6,15.3,3.1,81.6,18.4,0.0,78.0,18.4,3.6,78.0,22.0,0.0,74.3,22.0,3.7,74.3,25.7,0.0,70.3,25.7,4.1,70.3,29.7,0.0,65.9,29.7,4.4,65.9,34.1,0.0,61.5,34.1,4.4,61.5,38.5,0.0,57.0,38.5,4.5,57.0,43.0,0.0,52.1,43.0,4.9,52.1,47.9,0.0,47.3,47.9,4.9,47.3,52.7,0.0,42.9,52.7,4.4,42.9,57.1,0.0,38.3,57.1,4.6,38.3,61.7,0.0,34.0,61.7,4.3,34.0,66.0,0.0,30.3,66.0,3.7,30.3,69.7,0.0,26.6,69.7,3.7,26.6,73.4,0.0,23.1,73.4,3.5,23.1,76.9,0.0,19.9,76.9,3.2,19.9,80.1,0.0,16.9,80.1,3.0,16.9,83.1,0.0,14.5,83.1,2.5,14.5,85.5,0.0,12.3,85.5,2.1,12.3,87.7,0.0,10.4,87.7,1.9,10.4,89.6,0.0,8.8,89.6,1.5,8.8,91.2,0.0,7.2,91.2,1.6,7.2,92.8,0.0,5.8,92.8,1.4,5.8,94.2,0.0,5.0,94.2,0.9,5.0,95.0,0.0
824398,2026-08-18,2026-08-18T22:40:00Z,Progressive Field,AWAY,687931,Carson Whisenhunt,San Francisco Giants,137,Cleveland Guardians,114,L,MLB Probable,STARTER,6,6,28.0,0.16923076923076924,0.13846153846153847,6.107142857142858,4.6,81.0,21.4,0.18691588785046728,0.14953271028037382,6.652173913043478,0.0,96.0,6.0,0,4.640000000000001,13.920000000000002,21.560000000000002,81.30000000000001,9.920000000000002,13.920000000000002,17.42,66.66600000000001,81.30000000000001,89.43000000000002,0.25,0.5,0.25,1.12,PROJECTED_ACTIVE_ROSTER,Jo Adell | Steven Kwan | Brayan Rocchio | Chase DeLauter | José Ramírez | Travis Bazzana | Nathaniel Lowe | Rhys Hoskins | Angel Martínez,0.18867403314917128,0.09530386740331492,0.027900552486187846,0.7204812154696133,3620,0.99,1.0,0.0,mlb_weather_professional_v5_backtest_history.csv,1.006,0.47712168799895166,3.253012048192771,1.0,1.0,1.0,1.0,MISSING,MISSING,MISSING,MISSING,10.5,MORE,67.8,4.19,68.3,0.0,12.5,13.0,61.2,57.5,57.99999999999999,14.69,15.0,0.0,8.0,22.0,28.0,3.88,11.63,21.25,79.7,3.75,2.89,2.81,4.36,17.76,13.2,20.51,6.25,6.8,1.9,17.1,2.1,0.0,11.63,11.25,-8.67,0.41,0.08,84.0,LINEUP_PROJECTED|UMPIRE_NEUTRAL|CATCHER_NEUTRAL|STATCAST_NEUTRAL|ARSENAL_NEUTRAL,65.1,20000,67.8,29.0,3.1,67.8,32.2,0.0,64.7,32.2,3.1,64.7,35.3,0.0,61.2,35.3,3.5,61.2,38.8,0.0,57.5,38.8,3.7,57.5,42.5,0.0,53.6,42.5,3.9,53.6,46.4,0.0,49.6,46.4,3.9,49.6,50.4,0.0,45.5,50.4,4.2,45.5,54.5,0.0,41.5,54.5,3.9,41.5,58.5,0.0,37.8,58.5,3.7,37.8,62.2,0.0,33.9,62.2,4.0,33.9,66.1,0.0,30.0,66.1,3.9,30.0,70.0,0.0,26.7,70.0,3.3,26.7,73.3,0.0,23.5,73.3,3.2,23.5,76.5,0.0,20.3,76.5,3.2,20.3,79.7,0.0,17.6,79.7,2.7,17.6,82.4,0.0,15.2,82.4,2.4,15.2,84.8,0.0,13.1,84.8,2.1,13.1,86.9,0.0,11.3,86.9,1.8,11.3,88.7,0.0,9.5,88.7,1.8,9.5,90.5,0.0,8.0,90.5,1.4,8.0,92.0,0.0,6.7,92.0,1.3,6.7,93.3,0.0,5.6,93.3,1.1,5.6,94.4,0.0,4.7,94.4,0.9,4.7,95.3,0.0,4.0,95.3,0.7,4.0,96.0,0.0,3.1,96.0,0.9,3.1,96.9,0.0,2.6,96.9,0.6,2.6,97.4,0.0,2.1,97.4,0.5,2.1,97.9,0.0,1.5,97.9,0.5,1.5,98.5,0.0,1.2,98.5,0.3,1.2,98.8,0.0
824723,2026-08-18,2026-08-18T23:10:00Z,Fenway Park,AWAY,518876,Merrill Kelly,Arizona Diamondbacks,109,Boston Red Sox,111,R,MLB Probable,STARTER,22,22,125.0,0.15129151291512916,0.09778597785977859,5.111999999999999,5.266666666666667,85.4,22.0,0.18181818181818182,0.11818181818181818,4.784810126582279,0.0,71.0,5.0,0,5.515757575757576,16.547272727272727,23.581818181818182,87.7359090909091,12.547272727272727,16.547272727272727,20.047272727272727,71.94344545454545,87.7359090909091,96.50950000000002,0.25,0.5,0.25,1.12,PROJECTED_ACTIVE_ROSTER,Wilyer Abreu | Ceddanne Rafaela | Jarren Duran | Willson Contreras | Caleb Durbin | Adley Rutschman | Andruw Monasterio | Connor Wong | Eli White,0.21091445427728614,0.08200589970501475,0.033628318584070796,0.7618182890855457,3390,1.04,1.0,0.0,mlb_weather_professional_v5_backtest_history.csv,0.985,0.4665973250309661,3.25,1.0,1.0,1.0,1.0,MISSING,MISSING,MISSING,MISSING,22.5,LESS,63.8,4.47,68.2,0.0,15.5,16.0,60.1,56.7,57.99999999999999,18.03,18.0,2.0,10.0,26.0,33.0,4.56,13.68,23.26,86.0,3.98,3.0,2.3,5.05,17.23,9.87,21.69,5.43,16.6,10.3,40.8,11.5,1.3,13.68,11.95,-9.01,0.99,0.41,84.0,LINEUP_PROJECTED|UMPIRE_NEUTRAL|CATCHER_NEUTRAL|STATCAST_NEUTRAL|ARSENAL_NEUTRAL,61.3,20000,74.8,22.8,2.4,74.8,25.2,0.0,72.1,25.2,2.7,72.1,27.9,0.0,69.4,27.9,2.7,69.4,30.6,0.0,66.5,30.6,3.0,66.5,33.6,0.0,63.2,33.6,3.2,63.2,36.8,0.0,60.1,36.8,3.1,60.1,39.9,0.0,56.7,39.9,3.4,56.7,43.3,0.0,52.9,43.3,3.9,52.9,47.1,0.0,49.6,47.1,3.2,49.6,50.4,0.0,46.4,50.4,3.3,46.4,53.6,0.0,42.8,53.6,3.5,42.8,57.2,0.0,39.8,57.2,3.0,39.8,60.2,0.0,36.1,60.2,3.6,36.1,63.8,0.0,32.8,63.8,3.3,32.8,67.2,0.0,30.1,67.2,2.7,30.1,69.9,0.0,26.9,69.9,3.3,26.9,73.2,0.0,23.8,73.2,3.0,23.8,76.2,0.0,21.7,76.2,2.2,21.7,78.3,0.0,19.0,78.3,2.7,19.0,81.0,0.0,16.7,81.0,2.3,16.7,83.3,0.0,15.1,83.3,1.6,15.1,84.9,0.0,12.9,84.9,2.2,12.9,87.1,0.0,11.1,87.1,1.8,11.1,88.9,0.0,10.0,88.9,1.1,10.0,90.0,0.0,8.5,90.0,1.5,8.5,91.5,0.0,7.2,91.5,1.3,7.2,92.8,0.0,6.5,92.8,0.7,6.5,93.5,0.0,5.4,93.5,1.1,5.4,94.6,0.0,4.5,94.6,0.9,4.5,95.5,0.0
823341,2026-08-18,2026-08-18T22:40:00Z,PNC Park,AWAY,672456,Keider Montero,Detroit Tigers,116,Pittsburgh Pirates,134,R,MLB Probable,STARTER,26,20,128.66666666666666,0.1669902912621359,0.05631067961165048,3.217616580310881,5.6,83.4,23.2,0.13793103448275862,0.0603448275862069,3.2142857142857144,0.6,88.0,4.0,0,6.1,18.299999999999997,24.729999999999997,87.51750000000001,14.299999999999997,18.299999999999997,21.799999999999997,71.76435000000001,87.51750000000001,96.26925000000003,0.25,0.5,0.25,0.9880000000000001,PROJECTED_ACTIVE_ROSTER,Bryan Reynolds | Brandon Lowe | Nick Gonzales | Jake Mangum | Spencer Horwitz | Jared Triolo | Oneil Cruz | Henry Davis | Esmerlyn Valdez,0.2343045959747672,0.09822769600480624,0.029738660258335835,0.7629669570441575,3329,0.96,1.0,0.0,mlb_weather_professional_v5_backtest_history.csv,0.994,0.4987931517228957,3.820754716981132,1.0,1.0,1.0,1.0,MISSING,MISSING,MISSING,MISSING,21.5,MORE,64.3,4.23,67.8,0.0,22.5,23.0,60.8,57.1,57.99999999999999,25.73,26.0,11.0,18.0,34.0,41.0,5.26,15.79,24.38,85.8,4.36,2.0,1.61,5.31,17.8,6.55,21.72,3.25,30.1,27.1,65.2,29.8,6.6,15.79,13.07,-6.01,1.81,1.08,84.0,LINEUP_PROJECTED|UMPIRE_NEUTRAL|CATCHER_NEUTRAL|STATCAST_NEUTRAL|ARSENAL_NEUTRAL,61.7,20000,90.5,8.1,1.4,90.5,9.5,0.0,89.0,9.5,1.5,89.0,11.0,0.0,87.4,11.0,1.6,87.4,12.6,0.0,85.6,12.6,1.8,85.6,14.4,0.0,83.6,14.4,2.0,83.6,16.4,0.0,81.5,16.4,2.0,81.5,18.5,0.0,78.9,18.5,2.6,78.9,21.1,0.0,76.1,21.1,2.9,76.1,23.9,0.0,73.6,23.9,2.4,73.6,26.4,0.0,70.6,26.4,3.0,70.6,29.4,0.0,67.2,29.4,3.4,67.2,32.8,0.0,64.3,32.8,3.0,64.3,35.7,0.0,60.8,35.7,3.5,60.8,39.2,0.0,57.1,39.2,3.7,57.1,42.9,0.0,54.4,42.9,2.7,54.4,45.6,0.0,50.7,45.6,3.6,50.7,49.3,0.0,47.0,49.3,3.8,47.0,53.0,0.0,44.4,53.0,2.6,44.4,55.6,0.0,40.5,55.6,3.8,40.5,59.5,0.0,37.0,59.5,3.5,37.0,63.0,0.0,34.7,63.0,2.2,34.7,65.3,0.0,31.2,65.3,3.5,31.2,68.8,0.0,28.0,68.8,3.2,28.0,72.0,0.0,26.0,72.0,2.0,26.0,74.0,0.0,22.9,74.0,3.0,22.9,77.1,0.0,20.3,77.1,2.7,20.3,79.7,0.0,18.7,79.7,1.6,18.7,81.3,0.0,15.9,81.3,2.7,15.9,84.1,0.0,13.6,84.1,2.4,13.6,86.4,0.0
822859,2026-08-18,2026-08-19T00:05:00Z,Globe Life Field,HOME,615698,Cal Quantrill,Texas Rangers,140,Washington Nationals,120,R,MLB Probable,BULK_RELIEVER,25,8,70.66666666666667,0.1644295302013423,0.0738255033557047,3.4386792452830184,5.444444444444444,80.33333333333333,21.666666666666668,0.26153846153846155,0.07692307692307693,1.653061224489796,0.3333333333333333,85.0,5.0,0,4.25,12.75,31.016666666666666,72.0,10.75,12.75,13.0,59.04,72.0,79.2,0.3,0.5,0.2,1.18,PROJECTED_ACTIVE_ROSTER,CJ Abrams | Daylen Lile | Nasim Nuñez | Jacob Young | Dylan Crews | Keibert Ruiz | Jorbit Vivas | Brady House | José Tena,0.2068527918781726,0.07677664974619289,0.028553299492385786,0.7132902918781725,3152,0.99,1.0,0.0,mlb_weather_professional_v5_backtest_history.csv,0.991,0.5240121747253104,6.75,1.0,1.0,1.0,1.0,MISSING,MISSING,MISSING,MISSING,24.5,LESS,71.0,4.12,67.6,0.0,18.5,19.0,60.8,55.5,57.99999999999999,20.38,21.0,11.0,15.0,25.0,30.0,3.92,11.75,21.51,69.6,4.15,1.27,1.62,4.37,19.45,7.5,20.31,2.82,0.0,0.0,7.1,0.0,0.0,11.75,12.45,-3.82,0.0,0.0,76.0,LINEUP_PROJECTED|BULLPEN_ROLE|UMPIRE_NEUTRAL|CATCHER_NEUTRAL|STATCAST_NEUTRAL|ARSENAL_NEUTRAL,66.7,20000,90.5,7.7,1.8,90.5,9.5,0.0,88.3,9.5,2.3,88.3,11.7,0.0,85.6,11.7,2.7,85.6,14.4,0.0,82.3,14.4,3.3,82.3,17.7,0.0,78.7,17.7,3.7,78.7,21.3,0.0,74.8,21.3,3.8,74.8,25.2,0.0,70.6,25.2,4.2,70.6,29.4,0.0,65.7,29.4,4.9,65.7,34.3,0.0,60.8,34.3,5.0,60.8,39.2,0.0,55.5,39.2,5.3,55.5,44.5,0.0,50.3,44.5,5.2,50.3,49.7,0.0,44.5,49.7,5.8,44.5,55.5,0.0,39.1,55.5,5.4,39.1,60.9,0.0,34.1,60.9,5.0,34.1,65.9,0.0,29.0,65.9,5.1,29.0,71.0,0.0,24.7,71.0,4.4,24.7,75.3,0.0,20.8,75.3,3.8,20.8,79.1,0.0,17.1,79.1,3.7,17.1,82.9,0.0,14.2,82.9,2.9,14.2,85.8,0.0,11.6,85.8,2.6,11.6,88.4,0.0,9.1,88.4,2.5,9.1,90.9,0.0,7.5,90.9,1.6,7.5,92.5,0.0,6.0,92.5,1.5,6.0,94.0,0.0,4.4,94.0,1.5,4.4,95.6,0.0,3.5,95.6,0.9,3.5,96.5,0.0,2.6,96.5,0.9,2.6,97.4,0.0,1.9,97.4,0.7,1.9,98.1,0.0,1.5,98.1,0.4,1.5,98.6,0.0,1.1,98.6,0.3,1.1,98.9,0.0
823667,2026-08-18,2026-08-18T23:40:00Z,Target Field,HOME,805673,Zebby Matthews,Minnesota Twins,142,Atlanta Braves,144,R,MLB Probable,STARTER,16,16,91.0,0.19896640826873385,0.07751937984496124,5.34065934065934,4.8,91.4,22.4,0.20535714285714285,0.10714285714285714,7.5,0.2,94.0,5.0,0,5.3325,15.997499999999999,23.472499999999997,91.89500000000001,11.997499999999999,15.997499999999999,19.4975,75.35390000000001,91.89500000000001,101.08450000000002,0.25,0.5,0.25,1.076,PROJECTED_ACTIVE_ROSTER,Matt Olson | Ozzie Albies | Austin Riley | Mauricio Dubón | Michael Harris II | Drake Baldwin | Lane Thomas | Ronald Acuña Jr. | Mike Yastrzemski,0.2139793086045925,0.08453192026242745,0.03885944991168307,0.7593068382538481,3963,0.99,1.0,0.0,mlb_weather_professional_v5_backtest_history.csv,0.997,0.4974745492923632,4.640625,1.0,1.0,1.0,1.0,MISSING,MISSING,MISSING,MISSING,14.5,MORE,64.3,4.18,67.6,0.0,16.5,17.0,58.6,55.4,57.99999999999999,18.68,19.0,1.0,10.0,27.0,35.0,4.47,13.41,23.12,90.0,4.71,3.39,1.95,5.01,20.4,8.48,21.62,6.23,15.9,8.4,37.3,9.8,1.1,13.41,14.14,-10.16,0.95,0.34,84.0,LINEUP_PROJECTED|UMPIRE_NEUTRAL|CATCHER_NEUTRAL|STATCAST_NEUTRAL|ARSENAL_NEUTRAL,61.7,20000,74.9,22.8,2.3,74.9,25.1,0.0,72.3,25.1,2.5,72.3,27.7,0.0,69.8,27.7,2.5,69.8,30.2,0.0,67.0,30.2,2.7,67.0,33.0,0.0,64.3,33.0,2.7,64.3,35.7,0.0,61.4,35.7,2.9,61.4,38.6,0.0,58.6,38.6,2.8,58.6,41.4,0.0,55.4,41.4,3.3,55.4,44.6,0.0,52.4,44.6,2.9,52.4,47.6,0.0,48.8,47.6,3.6,48.8,51.2,0.0,45.4,51.2,3.4,45.4,54.6,0.0,42.6,54.6,2.9,42.6,57.4,0.0,39.3,57.4,3.3,39.3,60.7,0.0,36.0,60.7,3.3,36.0,64.0,0.0,33.0,64.0,3.0,33.0,67.0,0.0,29.9,67.0,3.1,29.9,70.1,0.0,27.1,70.1,2.8,27.1,72.9,0.0,24.8,72.9,2.3,24.8,75.2,0.0,22.1,75.2,2.7,22.1,77.9,0.0,19.8,77.9,2.3,19.8,80.2,0.0,18.0,80.2,1.8,18.0,82.0,0.0,15.8,82.0,2.2,15.8,84.2,0.0,13.9,84.2,2.0,13.9,86.1,0.0,12.5,86.1,1.3,12.5,87.5,0.0,10.5,87.5,2.0,10.5,89.5,0.0,9.0,89.5,1.5,9.0,91.0,0.0,8.1,91.0,0.9,8.1,91.9,0.0,6.8,91.9,1.3,6.8,93.2,0.0,5.7,93.2,1.1,5.7,94.3,0.0
822938,2026-08-18,2026-08-18T22:40:00Z,Tropicana Field,HOME,607259,Nick Martinez,Tampa Bay Rays,139,Toronto Blue Jays,141,R,MLB Probable,STARTER,23,23,138.0,0.14130434782608695,0.036231884057971016,2.739130434782609,6.533333333333333,83.8,24.8,0.12903225806451613,0.008064516129032258,3.0306122448979593,0.8,101.0,6.0,0,6.213333333333333,18.64,24.32,83.28347826086957,14.64,18.64,22.0,68.29245217391305,83.28347826086957,91.61182608695654,0.25,0.5,0.25,0.9440000000000001,PROJECTED_ACTIVE_ROSTER,Kazuma Okamoto | Ernie Clement | Andrés Giménez | George Springer | Nathan Lukes | Jesús Sánchez | Myles Straw | Brandon Valenzuela | Alejandro Kirk,0.18920697597894043,0.06745640013162224,0.027311615663047056,0.6932796972688385,3039,0.97,1.0,0.0,mlb_weather_professional_v5_backtest_history.csv,1.006,0.5485466287493861,3.1645885286783044,1.0,1.0,1.0,1.0,MISSING,MISSING,MISSING,MISSING,30.5,LESS,63.7,4.4,67.3,0.0,23.5,24.0,58.5,55.9,57.99999999999999,26.1,26.0,12.0,18.0,34.0,41.0,5.54,16.61,24.0,81.8,3.62,1.72,0.88,4.71,15.08,3.68,19.74,2.66,38.7,36.8,73.9,39.4,10.4,16.61,10.86,-5.17,2.32,1.47,84.0,LINEUP_PROJECTED|UMPIRE_NEUTRAL|CATCHER_NEUTRAL|STATCAST_NEUTRAL|ARSENAL_NEUTRAL,61.2,20000,92.1,6.7,1.2,92.1,7.9,0.0,90.7,7.9,1.4,90.7,9.3,0.0,89.2,9.3,1.4,89.2,10.8,0.0,87.3,10.8,1.9,87.3,12.7,0.0,85.0,12.7,2.3,85.0,15.0,0.0,83.0,15.0,2.0,83.0,17.0,0.0,80.3,17.0,2.7,80.3,19.7,0.0,77.3,19.7,3.0,77.3,22.7,0.0,74.9,22.7,2.4,74.9,25.1,0.0,71.8,25.1,3.1,71.8,28.2,0.0,68.3,28.2,3.5,68.3,31.6,0.0,65.7,31.6,2.6,65.7,34.3,0.0,62.3,34.3,3.5,62.3,37.7,0.0,58.5,37.7,3.8,58.5,41.5,0.0,55.9,41.5,2.6,55.9,44.1,0.0,52.0,44.1,3.9,52.0,48.0,0.0,48.4,48.0,3.6,48.4,51.6,0.0,46.1,51.6,2.3,46.1,53.9,0.0,42.3,53.9,3.8,42.3,57.7,0.0,38.6,57.7,3.8,38.6,61.5,0.0,36.3,61.5,2.3,36.3,63.7,0.0,32.5,63.7,3.8,32.5,67.5,0.0,29.1,67.5,3.3,29.1,70.9,0.0,27.0,70.9,2.1,27.0,73.0,0.0,23.8,73.0,3.2,23.8,76.2,0.0,20.8,76.2,3.0,20.8,79.2,0.0,19.0,79.2,1.8,19.0,81.0,0.0,16.0,81.0,2.9,16.0,84.0,0.0,13.7,84.0,2.3,13.7,86.3,0.0
824398,2026-08-18,2026-08-18T22:40:00Z,Progressive Field,HOME,656492,Foster Griffin,Cleveland Guardians,114,San Francisco Giants,137,L,MLB Probable,STARTER,24,24,138.33333333333334,0.22084805653710246,0.05830388692579505,3.253012048192771,5.6,90.8,24.2,0.1322314049586777,0.05785123966942149,5.142857142857142,0.4,83.0,5.0,0,5.698333333333333,17.095,23.83,91.65875,13.094999999999999,17.095,20.595,75.160175,91.65875,100.82462500000001,0.25,0.5,0.25,1.032,PROJECTED_ACTIVE_ROSTER,Rafael Devers | Willy Adames | Jung Hoo Lee | Bryce Eldridge | Drew Gilbert | Drew Cavanaugh | Christian Koss | Victor Bericoto | Osleivis Basabe,0.2158004158004158,0.08024948024948025,0.03284823284823285,0.7350968814968815,2405,0.99,1.0,0.0,mlb_weather_professional_v5_backtest_history.csv,1.0030000000000001,0.530356915664548,6.107142857142858,1.0,1.0,1.0,1.0,MISSING,MISSING,MISSING,MISSING,20.5,MORE,63.6,4.2,66.0,0.0,21.5,22.0,60.7,57.1,57.99999999999999,24.7,25.0,10.0,17.0,33.0,40.0,4.99,14.98,23.48,89.8,4.75,2.28,1.48,4.93,20.19,6.26,20.93,3.87,26.3,18.9,55.6,20.8,3.7,14.98,14.24,-6.85,1.58,0.76,84.0,LINEUP_PROJECTED|UMPIRE_NEUTRAL|CATCHER_NEUTRAL|STATCAST_NEUTRAL|ARSENAL_NEUTRAL,61.1,20000,88.7,9.8,1.5,88.7,11.3,0.0,87.0,11.3,1.7,87.0,13.0,0.0,85.3,13.0,1.7,85.3,14.7,0.0,83.4,14.7,1.9,83.4,16.6,0.0,81.1,16.6,2.3,81.1,18.9,0.0,78.9,18.9,2.1,78.9,21.1,0.0,76.2,21.1,2.7,76.2,23.8,0.0,73.2,23.8,3.0,73.2,26.8,0.0,70.3,26.8,2.9,70.3,29.7,0.0,67.1,29.7,3.2,67.1,32.9,0.0,63.6,32.9,3.5,63.6,36.4,0.0,60.7,36.4,3.0,60.7,39.3,0.0,57.1,39.3,3.6,57.1,42.9,0.0,53.5,42.9,3.6,53.5,46.5,0.0,50.5,46.5,3.0,50.5,49.5,0.0,46.8,49.5,3.6,46.8,53.2,0.0,43.3,53.2,3.6,43.3,56.7,0.0,40.7,56.7,2.6,40.7,59.3,0.0,37.2,59.3,3.5,37.2,62.8,0.0,33.7,62.8,3.5,33.7,66.3,0.0,31.5,66.3,2.2,31.5,68.5,0.0,28.1,68.5,3.4,28.1,71.9,0.0,25.4,71.9,2.7,25.4,74.6,0.0,23.7,74.6,1.7,23.7,76.3,0.0,20.7,76.3,3.0,20.7,79.3,0.0,18.4,79.3,2.4,18.4,81.7,0.0,17.0,81.7,1.4,17.0,83.0,0.0,14.5,83.0,2.5,14.5,85.5,0.0,12.4,85.5,2.1,12.4,87.6,0.0
824803,2026-08-18,2026-08-18T22:35:00Z,Oriole Park at Camden Yards,HOME,669358,Shane Baz,Baltimore Orioles,110,New York Yankees,147,R,MLB Probable,STARTER,24,24,139.33333333333334,0.2040133779264214,0.07859531772575251,4.0047846889952154,5.533333333333333,84.8,23.2,0.19827586206896552,0.04310344827586207,3.253012048192771,0.6,65.0,5.0,0,5.696666666666667,17.090000000000003,24.229999999999997,89.24000000000001,13.090000000000003,17.090000000000003,20.590000000000003,73.1768,89.24000000000001,98.16400000000002,0.25,0.5,0.25,0.9880000000000001,PROJECTED_ACTIVE_ROSTER,Ben Rice | Jazz Chisholm Jr. | Luis García Jr. | Trent Grisham | José Caballero | Heliot Ramos | Paul Goldschmidt | Ryan McMahon | Austin Wells,0.24311657879320445,0.08670181605155243,0.0424721734036321,0.7350468658465144,3414,0.99,1.0,0.0,mlb_weather_professional_v5_backtest_history.csv,1.009,0.5012888839304678,3.302158273381295,1.0,1.0,1.0,1.0,MISSING,MISSING,MISSING,MISSING,21.5,MORE,63.6,4.13,65.7,0.0,22.5,23.0,60.3,56.7,57.99999999999999,25.63,26.0,10.0,18.0,34.0,41.0,4.99,14.96,23.86,87.4,5.07,2.27,1.72,4.99,21.26,7.31,20.93,3.85,25.4,18.9,55.5,21.1,3.4,14.96,15.2,-6.81,1.52,0.76,84.0,LINEUP_PROJECTED|UMPIRE_NEUTRAL|CATCHER_NEUTRAL|STATCAST_NEUTRAL|ARSENAL_NEUTRAL,61.1,20000,89.9,8.8,1.3,89.9,10.1,0.0,88.4,10.1,1.5,88.4,11.6,0.0,86.7,11.6,1.7,86.7,13.3,0.0,84.9,13.3,1.8,84.9,15.1,0.0,82.9,15.1,2.0,82.9,17.1,0.0,80.7,17.1,2.2,80.7,19.3,0.0,78.4,19.3,2.3,78.4,21.6,0.0,75.6,21.6,2.8,75.6,24.4,0.0,73.0,24.4,2.6,73.0,27.0,0.0,70.0,27.0,3.0,70.0,30.0,0.0,66.6,30.0,3.4,66.6,33.4,0.0,63.6,33.4,2.9,63.6,36.4,0.0,60.3,36.4,3.3,60.3,39.7,0.0,56.7,39.7,3.6,56.7,43.3,0.0,53.7,43.3,3.0,53.7,46.3,0.0,50.4,46.3,3.3,50.4,49.6,0.0,46.8,49.6,3.6,46.8,53.2,0.0,44.0,53.2,2.8,44.0,56.0,0.0,40.4,56.0,3.6,40.4,59.6,0.0,37.1,59.6,3.3,37.1,62.9,0.0,34.5,62.9,2.5,34.5,65.5,0.0,31.2,65.5,3.3,31.2,68.8,0.0,28.3,68.8,2.9,28.3,71.7,0.0,26.4,71.7,1.9,26.4,73.6,0.0,23.0,73.6,3.3,23.0,77.0,0.0,20.3,77.0,2.7,20.3,79.7,0.0,18.7,79.7,1.6,18.7,81.3,0.0,16.1,81.3,2.6,16.1,83.9,0.0,14.1,83.9,2.0,14.1,85.9,0.0
824154,2026-08-18,2026-08-19T00:10:00Z,Daikin Park,HOME,664299,Cristian Javier,Houston Astros,117,Los Angeles Angels,108,R,MLB Probable,STARTER,10,6,32.333333333333336,0.16778523489932887,0.10738255033557047,6.68041237113402,4.666666666666667,77.0,21.333333333333332,0.125,0.0625,6.428571428571429,0.3333333333333333,86.0,8.0,0,5.1000000000000005,15.3,23.43333333333333,84.8,11.3,15.3,18.8,69.53599999999999,84.8,93.28,0.25,0.5,0.25,1.0466666666666669,PROJECTED_ACTIVE_ROSTER,Zach Neto | Mike Trout | Nolan Schanuel | Oswald Peraza | Vaughn Grissom | Josh Lowe | Moisés Ballesteros | Wade Meckler | Denzer Guzman,0.24008138351983724,0.09393014581213971,0.028484231943031537,0.704720922346558,2949,1.0,1.0,0.0,mlb_weather_professional_v5_backtest_history.csv,0.994,0.519222351309173,5.5227272727272725,1.0,1.0,1.0,1.0,MISSING,MISSING,MISSING,MISSING,20.5,LESS,62.9,4.35,65.5,0.0,13.5,14.0,60.6,57.0,57.99999999999999,16.15,17.0,-1.0,8.0,25.0,32.0,4.34,13.02,23.06,82.9,4.08,3.4,2.22,4.6,17.73,9.57,20.06,6.43,14.3,6.3,32.6,7.4,0.7,13.02,12.23,-10.21,0.86,0.25,84.0,LINEUP_PROJECTED|UMPIRE_NEUTRAL|CATCHER_NEUTRAL|STATCAST_NEUTRAL|ARSENAL_NEUTRAL,60.4,20000,69.3,28.2,2.5,69.3,30.7,0.0,66.5,30.7,2.8,66.5,33.5,0.0,63.7,33.5,2.8,63.7,36.3,0.0,60.6,36.3,3.1,60.6,39.4,0.0,57.0,39.4,3.6,57.0,43.0,0.0,54.0,43.0,3.0,54.0,46.0,0.0,50.8,46.0,3.3,50.8,49.2,0.0,47.1,49.2,3.6,47.1,52.9,0.0,44.1,52.9,3.0,44.1,55.9,0.0,40.7,55.9,3.4,40.7,59.3,0.0,37.1,59.3,3.6,37.1,62.9,0.0,34.0,62.9,3.1,34.0,66.0,0.0,31.1,66.0,2.9,31.1,68.9,0.0,28.0,68.9,3.1,28.0,72.0,0.0,25.5,72.0,2.5,25.5,74.5,0.0,22.7,74.5,2.8,22.7,77.3,0.0,20.3,77.3,2.4,20.3,79.7,0.0,18.3,79.7,2.0,18.3,81.7,0.0,16.0,81.7,2.3,16.0,84.0,0.0,13.9,84.0,2.2,13.9,86.1,0.0,12.5,86.1,1.4,12.5,87.5,0.0,10.6,87.5,1.8,10.6,89.4,0.0,9.1,89.4,1.5,9.1,90.9,0.0,8.2,90.9,0.9,8.2,91.8,0.0,6.6,91.8,1.5,6.6,93.4,0.0,5.6,93.4,1.0,5.6,94.4,0.0,4.9,94.4,0.7,4.9,95.1,0.0,4.0,95.1,0.9,4.0,96.0,0.0,3.4,96.0,0.6,3.4,96.6,0.0
824319,2026-08-18,2026-08-19T00:40:00Z,Coors Field,AWAY,641778,Eric Lauer,Los Angeles Dodgers,119,Colorado Rockies,115,L,MLB Probable,STARTER,19,16,98.33333333333333,0.15144230769230768,0.07451923076923077,4.667796610169492,5.533333333333333,96.8,23.4,0.1623931623931624,0.05128205128205128,4.228915662650602,0.6,112.0,5.0,0,5.900833333333333,17.7025,24.96,98.605625,13.7025,17.7025,21.2025,80.8566125,98.605625,108.46618750000002,0.25,0.5,0.25,0.9880000000000001,PROJECTED_ACTIVE_ROSTER,TJ Rumfield | Hunter Goodman | Jake McCarthy | Willi Castro | Ezequiel Tovar | Troy Johnston | Mickey Moniak | Connor Norby | Cole Carrigg,0.2296340023612751,0.07939787485242031,0.0333530106257379,0.7689693034238488,3388,1.15,1.0,0.0,mlb_weather_professional_v5_backtest_history.csv,0.991,0.5245583641696874,5.586206896551724,1.0,1.0,1.0,1.0,MISSING,MISSING,MISSING,MISSING,15.5,MORE,63.5,4.16,65.3,0.0,16.5,17.0,60.7,57.7,57.99999999999999,19.66,20.0,2.0,11.0,29.0,37.0,4.94,14.83,24.54,96.4,4.28,3.38,1.73,5.38,17.32,7.08,21.89,5.52,23.8,17.4,54.0,21.0,4.2,14.83,12.83,-10.13,1.43,0.7,84.0,LINEUP_PROJECTED|UMPIRE_NEUTRAL|CATCHER_NEUTRAL|STATCAST_NEUTRAL|ARSENAL_NEUTRAL,61.0,20000,75.8,22.1,2.1,75.8,24.2,0.0,73.7,24.2,2.2,73.7,26.3,0.0,71.4,26.3,2.3,71.4,28.6,0.0,68.8,28.6,2.5,68.8,31.2,0.0,66.1,31.2,2.8,66.1,33.9,0.0,63.5,33.9,2.5,63.5,36.5,0.0,60.7,36.5,2.8,60.7,39.3,0.0,57.7,39.3,3.0,57.7,42.3,0.0,54.9,42.3,2.9,54.9,45.1,0.0,51.7,45.1,3.2,51.7,48.3,0.0,48.5,48.3,3.1,48.5,51.5,0.0,46.0,51.5,2.5,46.0,54.0,0.0,42.9,54.0,3.1,42.9,57.1,0.0,39.8,57.1,3.1,39.8,60.2,0.0,37.2,60.2,2.6,37.2,62.8,0.0,34.1,62.8,3.1,34.1,65.9,0.0,31.0,65.9,3.1,31.0,69.0,0.0,29.0,69.0,2.0,29.0,71.0,0.0,26.2,71.0,2.8,26.2,73.8,0.0,23.5,73.8,2.7,23.5,76.5,0.0,21.8,76.5,1.7,21.8,78.2,0.0,19.4,78.2,2.4,19.4,80.6,0.0,17.2,80.6,2.2,17.2,82.8,0.0,15.8,82.8,1.4,15.8,84.2,0.0,13.7,84.2,2.1,13.7,86.3,0.0,11.7,86.3,2.0,11.7,88.3,0.0,10.6,88.3,1.1,10.6,89.4,0.0,8.9,89.4,1.7,8.9,91.1,0.0,7.6,91.1,1.3,7.6,92.4,0.0
824075,2026-08-18,2026-08-18T23:40:00Z,Kauffman Stadium,AWAY,678022,Jack Perkins,Athletics,133,Kansas City Royals,118,R,MLB Probable,SPOT_STARTER,29,11,81.66666666666667,0.25,0.0851063829787234,7.273469387755101,4.8,82.8,22.4,0.19642857142857142,0.08035714285714286,8.25,0.0,97.0,5.0,0,5.25,15.75,29.46909090909091,88.0,12.75,15.75,17.0,72.16,88.0,96.80000000000001,0.3,0.5,0.2,1.12,PROJECTED_ACTIVE_ROSTER,Salvador Perez | Bobby Witt Jr. | Carter Jensen | Jac Caglianone | Isaac Collins | Michael Massey | Vinnie Pasquantino | Nick Loftin | Maikel Garcia,0.20675223214285715,0.08286830357142858,0.027901785714285716,0.7182723214285714,3584,0.98,1.0,0.0,mlb_weather_professional_v5_backtest_history.csv,0.997,0.4653454470350893,4.2,1.0,1.0,1.0,1.0,MISSING,MISSING,MISSING,MISSING,15.5,MORE,63.8,4.2,65.2,0.0,17.5,18.0,58.5,55.8,57.99999999999999,19.7,21.0,1.0,10.0,29.0,37.0,4.37,13.1,26.24,84.9,5.98,4.07,2.19,5.37,22.85,8.37,20.45,7.38,10.9,5.7,33.6,5.7,0.0,13.1,17.93,-12.21,0.65,0.23,84.0,LINEUP_PROJECTED|UMPIRE_NEUTRAL|CATCHER_NEUTRAL|STATCAST_NEUTRAL|ARSENAL_NEUTRAL,61.2,20000,74.7,23.4,2.0,74.7,25.3,0.0,72.6,25.3,2.1,72.6,27.4,0.0,70.6,27.4,2.0,70.6,29.4,0.0,68.4,29.4,2.2,68.4,31.6,0.0,65.8,31.6,2.6,65.8,34.2,0.0,63.8,34.2,2.0,63.8,36.2,0.0,61.2,36.2,2.6,61.2,38.8,0.0,58.5,38.8,2.7,58.5,41.5,0.0,55.8,41.5,2.7,55.8,44.2,0.0,53.2,44.2,2.7,53.2,46.8,0.0,50.3,46.8,2.9,50.3,49.7,0.0,47.4,49.7,2.9,47.4,52.6,0.0,44.4,52.6,3.0,44.4,55.6,0.0,41.4,55.6,3.0,41.4,58.6,0.0,38.9,58.6,2.5,38.9,61.1,0.0,35.7,61.1,3.2,35.7,64.3,0.0,32.9,64.3,2.8,32.9,67.1,0.0,30.4,67.1,2.4,30.4,69.6,0.0,27.5,69.6,2.9,27.5,72.5,0.0,24.9,72.5,2.6,24.9,75.1,0.0,23.0,75.1,1.9,23.0,77.0,0.0,20.3,77.0,2.7,20.3,79.7,0.0,18.2,79.7,2.0,18.2,81.8,0.0,16.6,81.8,1.6,16.6,83.4,0.0,14.1,83.4,2.6,14.1,85.9,0.0,12.5,85.9,1.6,12.5,87.5,0.0,11.3,87.5,1.2,11.3,88.7,0.0,9.2,88.7,2.1,9.2,90.8,0.0,8.1,90.8,1.1,8.1,91.9,0.0
822859,2026-08-18,2026-08-19T00:05:00Z,Globe Life Field,AWAY,800600,Jackson Kent,Washington Nationals,120,Texas Rangers,140,L,MLB Probable,BULK_RELIEVER,1,1,4.0,0.3157894736842105,0.18,6.75,4.0,78.0,19.0,0.3157894736842105,0.2631578947368421,6.75,0.0,78.0,5.0,0,4.0,12.0,19.0,72.0,10.0,12.0,13.0,59.04,72.0,79.2,0.3,0.5,0.2,1.18,PROJECTED_ACTIVE_ROSTER,Brandon Nimmo | Jake Burger | Ezequiel Duran | Joc Pederson | Evan Carter | Wyatt Langford | Corey Seager | Nicky Lopez | Justin Foscue,0.23444515715202052,0.08723540731237973,0.03559974342527261,0.7356391917896087,3118,0.99,1.0,0.0,mlb_weather_professional_v5_backtest_history.csv,1.012,0.48347535994168234,3.4386792452830184,1.0,1.0,1.0,1.0,MISSING,MISSING,MISSING,MISSING,13.5,MORE,68.9,3.95,63.2,0.0,16.5,17.0,58.2,54.1,57.99999999999999,17.45,19.0,2.0,11.0,25.0,30.0,3.13,9.39,18.44,69.5,5.26,2.58,3.29,3.87,29.55,17.81,20.95,6.91,0.0,0.0,0.7,0.0,0.0,9.39,15.79,-7.73,0.0,0.0,66.0,LINEUP_PROJECTED|SMALL_START_SAMPLE|BULLPEN_ROLE|UMPIRE_NEUTRAL|CATCHER_NEUTRAL|STATCAST_NEUTRAL|ARSENAL_NEUTRAL,63.0,20000,77.0,20.7,2.3,77.0,23.0,0.0,74.6,23.0,2.4,74.6,25.4,0.0,71.8,25.4,2.8,71.8,28.2,0.0,68.9,28.2,3.0,68.9,31.1,0.0,65.7,31.1,3.2,65.7,34.3,0.0,62.1,34.3,3.6,62.1,37.9,0.0,58.2,37.9,3.9,58.2,41.8,0.0,54.1,41.8,4.1,54.1,45.9,0.0,50.3,45.9,3.9,50.3,49.7,0.0,46.4,49.7,3.9,46.4,53.6,0.0,42.5,53.6,3.9,42.5,57.5,0.0,38.2,57.5,4.3,38.2,61.8,0.0,34.0,61.8,4.2,34.0,66.0,0.0,30.5,66.0,3.6,30.5,69.5,0.0,26.7,69.5,3.8,26.7,73.3,0.0,23.2,73.3,3.4,23.2,76.8,0.0,20.1,76.8,3.2,20.1,79.9,0.0,17.1,79.9,2.9,17.1,82.9,0.0,14.3,82.9,2.8,14.3,85.7,0.0,12.0,85.7,2.4,12.0,88.0,0.0,9.8,88.0,2.2,9.8,90.2,0.0,8.1,90.2,1.7,8.1,91.9,0.0,6.6,91.9,1.5,6.6,93.4,0.0,5.3,93.4,1.3,5.3,94.7,0.0,4.2,94.7,1.1,4.2,95.8,0.0,3.2,95.8,1.0,3.2,96.8,0.0,2.5,96.8,0.7,2.5,97.5,0.0,1.9,97.5,0.6,1.9,98.1,0.0,1.3,98.1,0.6,1.3,98.7,0.0
823341,2026-08-18,2026-08-18T22:40:00Z,PNC Park,HOME,677952,Braxton Ashcraft,Pittsburgh Pirates,134,Detroit Tigers,116,R,MLB Probable,STARTER,24,24,141.33333333333334,0.2700348432055749,0.05749128919860627,3.820754716981132,5.6,80.6,22.6,0.23893805309734514,0.05309734513274336,5.142857142857142,0.4,85.0,4.0,0,5.773333333333333,17.32,23.39,83.78,13.32,17.32,20.82,68.6996,83.78,92.15800000000002,0.25,0.5,0.25,1.032,PROJECTED_ACTIVE_ROSTER,Kevin McGonigle | Dillon Dingler | Spencer Torkelson | Colt Keith | Zach McKinstry | Gleyber Torres | Hao-Yu Lee | Javier Báez | Ben Malgeri,0.203035413153457,0.09780775716694773,0.03069139966273187,0.7564913996627318,2965,0.96,1.0,0.0,mlb_weather_professional_v5_backtest_history.csv,1.006,0.5087059706477924,3.217616580310881,1.0,1.0,1.0,1.0,MISSING,MISSING,MISSING,MISSING,22.5,MORE,62.7,3.86,62.4,0.0,23.5,24.0,59.2,56.3,57.99999999999999,26.36,26.0,10.0,18.0,35.0,43.0,4.9,14.7,23.06,82.2,5.7,2.51,1.49,4.98,24.71,6.47,21.54,4.28,23.6,17.1,52.1,19.2,3.0,14.7,17.09,-7.53,1.41,0.68,84.0,LINEUP_PROJECTED|UMPIRE_NEUTRAL|CATCHER_NEUTRAL|STATCAST_NEUTRAL|ARSENAL_NEUTRAL,60.2,20000,89.6,8.9,1.4,89.6,10.4,0.0,88.2,10.4,1.4,88.2,11.8,0.0,86.7,11.8,1.6,86.7,13.3,0.0,85.1,13.3,1.6,85.1,14.9,0.0,83.3,14.9,1.8,83.3,16.7,0.0,81.3,16.7,2.0,81.3,18.7,0.0,78.9,18.7,2.4,78.9,21.1,0.0,76.4,21.1,2.5,76.4,23.6,0.0,74.0,23.6,2.4,74.0,26.0,0.0,71.3,26.0,2.7,71.3,28.7,0.0,68.4,28.7,2.9,68.4,31.6,0.0,65.7,31.6,2.6,65.7,34.3,0.0,62.7,34.3,3.0,62.7,37.3,0.0,59.2,37.3,3.5,59.2,40.8,0.0,56.3,40.8,2.9,56.3,43.7,0.0,53.0,43.7,3.3,53.0,47.0,0.0,49.4,47.0,3.6,49.4,50.6,0.0,46.7,50.6,2.7,46.7,53.3,0.0,43.2,53.3,3.5,43.2,56.8,0.0,39.7,56.8,3.6,39.7,60.3,0.0,37.2,60.3,2.4,37.2,62.8,0.0,33.8,62.8,3.5,33.8,66.2,0.0,30.8,66.2,3.0,30.8,69.2,0.0,28.6,69.2,2.1,28.6,71.4,0.0,25.7,71.4,2.9,25.7,74.3,0.0,23.1,74.3,2.6,23.1,76.9,0.0,21.6,76.9,1.6,21.6,78.4,0.0,19.0,78.4,2.6,19.0,81.0,0.0,16.9,81.0,2.1,16.9,83.1,0.0
824319,2026-08-18,2026-08-19T00:40:00Z,Coors Field,HOME,663372,Ryan Feltner,Colorado Rockies,115,Los Angeles Dodgers,119,R,MLB Probable,STARTER,18,18,87.0,0.15968586387434555,0.09424083769633508,5.586206896551724,4.733333333333333,84.8,23.0,0.12173913043478261,0.10434782608695652,8.366197183098592,0.2,93.0,5.0,0,4.793333333333333,14.379999999999999,21.933333333333334,82.34,10.379999999999999,14.379999999999999,17.88,67.5188,82.34,90.57400000000001,0.25,0.5,0.25,1.076,PROJECTED_ACTIVE_ROSTER,Andy Pages | Shohei Ohtani | Freddie Freeman | Kyle Tucker | Max Muncy | Mookie Betts | Teoscar Hernández | Miguel Rojas | Hunter Feduccia,0.19833795013850417,0.1,0.03684210526315789,0.78827783933518,3610,1.15,1.0,0.0,mlb_weather_professional_v5_backtest_history.csv,1.009,0.4829284968784391,4.667796610169492,1.0,1.0,1.0,1.0,MISSING,MISSING,MISSING,MISSING,15.5,LESS,61.8,4.47,60.9,0.0,9.5,10.0,58.5,55.1,57.99999999999999,11.03,12.0,-6.0,3.0,20.0,26.0,3.89,11.67,21.65,80.8,3.5,3.9,2.11,4.87,16.18,9.74,22.44,8.16,7.5,2.5,18.3,2.7,0.1,11.67,10.51,-11.7,0.45,0.1,84.0,LINEUP_PROJECTED|UMPIRE_NEUTRAL|CATCHER_NEUTRAL|STATCAST_NEUTRAL|ARSENAL_NEUTRAL,59.4,20000,55.1,41.5,3.4,55.1,44.9,0.0,51.8,44.9,3.2,51.8,48.1,0.0,48.7,48.1,3.2,48.7,51.3,0.0,45.1,51.3,3.6,45.1,54.9,0.0,41.4,54.9,3.7,41.4,58.6,0.0,38.2,58.6,3.2,38.2,61.8,0.0,34.7,61.8,3.4,34.7,65.3,0.0,31.4,65.3,3.4,31.4,68.6,0.0,28.5,68.6,2.9,28.5,71.5,0.0,25.4,71.5,3.1,25.4,74.6,0.0,22.2,74.6,3.1,22.2,77.8,0.0,19.7,77.8,2.5,19.7,80.3,0.0,17.1,80.3,2.6,17.1,82.9,0.0,15.0,82.9,2.2,15.0,85.0,0.0,13.1,85.0,1.9,13.1,86.9,0.0,11.4,86.9,1.7,11.4,88.6,0.0,9.7,88.6,1.7,9.7,90.3,0.0,8.3,90.3,1.3,8.3,91.6,0.0,6.9,91.6,1.4,6.9,93.1,0.0,5.8,93.1,1.1,5.8,94.2,0.0,4.9,94.2,0.9,4.9,95.1,0.0,4.1,95.1,0.8,4.1,95.9,0.0,3.3,95.9,0.7,3.3,96.7,0.0,2.8,96.7,0.5,2.8,97.2,0.0,2.2,97.2,0.6,2.2,97.8,0.0,1.8,97.8,0.4,1.8,98.2,0.0,1.6,98.2,0.2,1.6,98.4,0.0,1.3,98.4,0.4,1.3,98.7,0.0,1.0,98.7,0.2,1.0,99.0,0.0
823423,2026-08-18,2026-08-18T22:40:00Z,Citizens Bank Park,AWAY,806188,Cade Gibson,Miami Marlins,146,Philadelphia Phillies,143,L,MLB Probable,OPENER,29,0,33.666666666666664,0.1858974358974359,0.10256410256410256,5.6138613861386135,1.0666666666666667,20.2,5.2,0.11538461538461539,0.11538461538461539,5.0625,0.0,23.0,0.0,0,1.1232183908045976,3.369655172413793,5.307586206896552,20.808275862068967,2.0,3.369655172413793,4.869655172413793,17.06278620689655,20.808275862068967,22.889103448275865,0.35,0.5,0.15,1.25,PROJECTED_ACTIVE_ROSTER,Bryce Harper | Trea Turner | Kyle Schwarber | Luis Arraez | Alec Bohm | Bryson Stott | Brandon Marsh | Justin Crawford | J.T. Realmuto,0.19580908032596042,0.08987194412107101,0.03119906868451688,0.7591061699650757,4295,1.05,1.0,0.0,mlb_weather_professional_v5_backtest_history.csv,1.009,0.4717397015038611,2.88728323699422,1.0,1.0,1.0,1.0,MISSING,MISSING,MISSING,MISSING,,PASS,,,,,2.5,3.0,60.3,49.9,57.99999999999999,3.39,3.0,-1.0,1.0,6.0,8.0,0.86,2.59,5.09,19.9,0.82,0.55,0.51,1.1,17.43,10.26,21.61,6.09,0.0,0.0,0.0,0.0,0.0,2.59,2.47,-1.66,0.0,0.0,66.0,LINEUP_PROJECTED|SMALL_START_SAMPLE|BULLPEN_ROLE|UMPIRE_NEUTRAL|CATCHER_NEUTRAL|STATCAST_NEUTRAL|ARSENAL_NEUTRAL,55.2,20000,2.4,95.6,2.0,2.4,97.6,0.0,1.7,97.6,0.7,1.7,98.3,0.0,0.9,98.3,0.8,0.9,99.1,0.0,0.4,99.1,0.5,0.4,99.6,0.0,0.1,99.6,0.2,0.1,99.9,0.0,0.1,99.9,0.0,0.1,99.9,0.0,0.0,99.9,0.1,0.0,100.0,0.0,0.0,100.0,0.0,0.0,100.0,0.0,0.0,100.0,0.0,0.0,100.0,0.0,0.0,100.0,0.0,0.0,100.0,0.0,0.0,100.0,0.0,0.0,100.0,0.0,0.0,100.0,0.0,0.0,100.0,0.0,0.0,100.0,0.0,0.0,100.0,0.0,0.0,100.0,0.0,0.0,100.0,0.0,0.0,100.0,0.0,0.0,100.0,0.0,0.0,100.0,0.0,0.0,100.0,0.0,0.0,100.0,0.0,0.0,100.0,0.0,0.0,100.0,0.0,0.0,100.0,0.0,0.0,100.0,0.0,0.0,100.0,0.0,0.0,100.0,0.0,0.0,100.0,0.0,0.0,100.0,0.0,0.0,100.0,0.0,0.0,100.0,0.0,0.0,100.0,0.0,0.0,100.0,0.0,0.0,100.0,0.0,0.0,100.0,0.0,0.0,100.0,0.0,0.0,100.0,0.0,0.0,100.0,0.0,0.0,100.0,0.0,0.0,100.0,0.0,0.0,100.0,0.0,0.0,100.0,0.0,0.0,100.0,0.0,0.0,100.0,0.0,0.0,100.0,0.0,0.0,100.0,0.0
