rank,date,game_pk,team,opp,batter_id,batter,batter_hand,batting_order,lineup_source,roster_role,lineup_confirmed,last7_starts,last7_start_rate_pct,last7_most_recent_order,starter_id,starter,starter_hand,expected_pa,starter_pa_share,bullpen_k_pa_pct,pp_goblin_line,pp_standard_line,pp_devil_line,dk_goblin_line,dk_standard_line,dk_devil_line,fd_goblin_line,fd_standard_line,fd_devil_line,dk_standard_over_odds,dk_standard_under_odds,fd_standard_over_odds,fd_standard_under_odds,proj_k,line,play,true_probability_pct,fair_odds,confidence,ai_score,l5_k_per_game,l10_k_per_game,l15_k_per_game,l5_1plus_pct,l10_1plus_pct,l15_1plus_pct,l5_2plus_pct,l10_2plus_pct,l15_2plus_pct,bvp_pa,bvp_k,bvp_k_rate_pct,bvp_k_rate_reg_pct,bvp_pitches,bvp_whiff_pct,bvp_csw_pct,bvp_chase_pct,bvp_contact_pct,bvp_zone_contact_pct,bvp_two_strike_whiff_pct,bvp_reliability,split_pa,split_k_rate_pct,sp_k_rate_pct,sp_whiff_pct,sp_csw_pct,top_pitch,top_pitch_usage_pct,top_pitch_batter_whiff_pct,arsenal_whiff_allowed_pct,arsenal_csw_allowed_pct,target_fb_velo,velo_band_width,velo_band_pitches,velo_band_swings,velo_band_whiffs,velo_band_whiff_raw_pct,velo_band_source,more_0_5_pct,less_0_5_pct,more_1_5_pct,less_1_5_pct,more_2_5_pct,less_2_5_pct,more_3_5_pct,less_3_5_pct,sim_p0_pct,sim_p1_pct,sim_p2_pct,sim_p3_pct,sim_p4plus_pct
1,2026-09-10,824872,TB,ATL,663611,Nick Madrigal,R,,ACTIVE_ROSTER,ACTIVE_BENCH,False,0,0.0,,527048,Martín Pérez,L,1.15,0.6111,22.7,,,,,,,,,,,,,,0.3372,1.5,LESS,97.2,-3436,66,85,0.2,0.2,0.2,20.0,20.0,20.0,0.0,0.0,0.0,0,0,22.5,22.5,0,11.5,28.5,28.5,75.5,82.5,11.5,0.0,15,6.7,18.1,20.9,27.4,Sinker,37.2,0.0,8.1,25.4,87.5633,,114,55,2,3.6,HITTER_FASTBALL_FALLBACK,30.9,69.1,2.8,97.2,0.0,100.0,0.0,100.0,69.1,28.1,2.8,0.0,0.0
2,2026-09-10,824872,TB,ATL,689414,Liam Hicks,L,,ACTIVE_ROSTER,ACTIVE_BENCH,False,3,42.9,4.0,527048,Martín Pérez,L,1.15,0.6111,22.7,,,,,,,,,,,,,,0.3268,1.5,LESS,97.1,-3397,77,89,0.4,0.4,0.3333,20.0,30.0,26.7,20.0,10.0,6.7,0,0,22.5,22.5,0,11.5,28.5,28.5,75.5,82.5,11.5,0.0,80,17.5,18.1,20.9,27.4,Sinker,37.2,3.4,9.2,25.5,87.5633,1.5,40,17,3,17.6,VELO_BAND_1.5,29.8,70.2,2.9,97.1,0.0,100.0,0.0,100.0,70.2,27.0,2.9,0.0,0.0
3,2026-09-10,824872,TB,ATL,663743,Nick Fortes,R,,ACTIVE_ROSTER,ACTIVE_BENCH,False,1,14.3,9.0,527048,Martín Pérez,L,1.15,0.6111,22.7,,,,,,,,,,,,,,0.3671,1.5,LESS,96.4,-2669,72,87,0.8,0.6,0.4667,80.0,60.0,46.7,0.0,0.0,0.0,0,0,22.5,22.5,0,11.5,28.5,28.5,75.5,82.5,11.5,0.0,93,10.8,18.1,20.9,27.4,Sinker,37.2,5.3,11.1,25.0,87.5633,1.5,32,19,4,21.1,VELO_BAND_1.5,33.1,66.9,3.6,96.4,0.0,100.0,0.0,100.0,66.9,29.5,3.6,0.0,0.0
4,2026-09-10,823499,COL,NYY,664954,Brett Sullivan,L,,ACTIVE_ROSTER,ACTIVE_BENCH,False,3,42.9,7.0,608331,Max Fried,L,1.15,0.6528,24.3,,,,,,,,,,,,,,0.3818,1.5,LESS,96.3,-2574,64,85,0.2,0.4,0.4667,20.0,30.0,40.0,0.0,10.0,6.7,0,0,22.5,22.5,0,11.5,28.5,28.5,75.5,82.5,11.5,0.0,32,6.2,27.7,21.7,26.6,Cutter,21.4,8.3,10.5,24.2,93.5035,1.5,87,42,5,11.9,VELO_BAND_1.5,34.4,65.6,3.7,96.3,0.0,100.0,0.0,100.0,65.6,30.7,3.7,0.0,0.0
5,2026-09-10,823413,PHI,HOU,665561,Rafael Marchán,S,,ACTIVE_ROSTER,ACTIVE_BENCH,False,0,0.0,,664299,Cristian Javier,R,1.15,0.5972,22.9,,,,,,,,,,,,,,0.3808,1.5,LESS,96.2,-2532,61,84,0.0,0.1,0.1538,0.0,10.0,15.4,0.0,0.0,0.0,0,0,22.5,22.5,0,11.5,28.5,28.5,75.5,82.5,11.5,0.0,23,0.0,26.3,29.9,29.0,4-Seam,47.7,11.8,12.1,26.5,92.6901,1.5,28,14,2,14.3,VELO_BAND_1.5,34.3,65.7,3.8,96.2,0.0,100.0,0.0,100.0,65.7,30.5,3.8,0.0,0.0
6,2026-09-10,823088,SEA,TEX,645302,Victor Robles,R,,ACTIVE_ROSTER,ACTIVE_BENCH,False,1,14.3,7.01,594798,Jacob deGrom,R,1.15,0.7778,22.3,,,,,,,,,,,,,,0.4049,1.5,LESS,95.7,-2247,71,87,0.0,0.3,0.3333,0.0,30.0,33.3,0.0,0.0,0.0,0,0,22.5,22.5,0,11.5,28.5,28.5,75.5,82.5,11.5,0.0,96,12.5,28.7,31.2,29.2,4-Seam,39.8,13.6,17.1,25.1,97.3419,1.5,47,36,4,11.1,VELO_BAND_1.5,36.2,63.8,4.3,95.7,0.0,100.0,0.0,100.0,63.8,32.0,4.3,0.0,0.0
7,2026-09-10,823088,TEX,SEA,683227,Cody Freeman,R,,ACTIVE_ROSTER,ACTIVE_BENCH,False,4,57.1,8.01,669302,Logan Gilbert,R,1.15,0.78,22.9,,,,,,,,,,,,,,0.4028,1.5,LESS,95.5,-2130,67,86,0.2,0.3,0.2667,20.0,30.0,26.7,0.0,0.0,0.0,0,0,22.5,22.5,0,11.5,28.5,28.5,75.5,82.5,11.5,0.0,46,15.2,27.1,27.5,27.7,4-Seam,44.2,8.2,11.9,27.6,96.3172,1.5,57,27,4,14.8,VELO_BAND_1.5,35.8,64.2,4.5,95.5,0.0,100.0,0.0,100.0,64.2,31.3,4.5,0.0,0.0
8,2026-09-10,824872,ATL,TB,642086,Dominic Smith,L,,ACTIVE_ROSTER,ACTIVE_BENCH,False,1,14.3,7.0,607259,Nick Martinez,R,1.15,0.78,22.0,,,,,,,,,,,,,,0.409,1.5,LESS,95.4,-2095,75,88,0.4,0.8,0.6667,20.0,40.0,40.0,20.0,20.0,13.3,0,0,22.5,22.5,0,11.5,28.5,28.5,75.5,82.5,11.5,0.0,173,17.9,14.2,16.2,25.3,Sinker,31.2,6.0,15.4,25.7,91.3628,1.5,91,33,2,6.1,VELO_BAND_1.5,36.3,63.7,4.6,95.4,0.0,100.0,0.0,100.0,63.7,31.8,4.5,0.0,0.0
9,2026-09-10,824550,PIT,CWS,682927,Ronny Simon,S,,ACTIVE_ROSTER,ACTIVE_BENCH,False,0,0.0,,696146,Hagen Smith,L,1.15,0.42,21.7,,,,,,,,,,,,,,0.4183,1.5,LESS,95.4,-2083,59,84,0.8,0.4444,0.4444,60.0,33.3,33.3,20.0,11.1,11.1,0,0,22.5,22.5,0,11.5,28.5,28.5,75.5,82.5,11.5,0.0,11,18.2,37.1,34.5,35.2,4-Seam,50.7,9.5,12.1,27.5,92.6616,1.5,26,15,1,6.7,VELO_BAND_1.5,37.2,62.8,4.6,95.4,0.0,100.0,0.0,100.0,62.8,32.7,4.6,0.0,0.0
10,2026-09-10,823499,COL,NYY,687859,Troy Johnston,L,,ACTIVE_ROSTER,ACTIVE_BENCH,False,3,42.9,2.0,608331,Max Fried,L,1.15,0.6528,24.3,,,,,,,,,,,,,,0.424,1.5,LESS,95.3,-2042,69,86,1.4,0.9,0.7333,60.0,50.0,46.7,40.0,20.0,13.3,0,0,22.5,22.5,0,11.5,28.5,28.5,75.5,82.5,11.5,0.0,75,17.3,27.7,21.7,26.6,Cutter,21.4,10.5,17.2,24.2,93.5035,1.5,220,103,18,17.5,VELO_BAND_1.5,37.7,62.3,4.7,95.3,0.0,100.0,0.0,100.0,62.3,33.1,4.7,0.0,0.0
11,2026-09-10,823499,COL,NYY,691720,Kyle Karros,R,,ACTIVE_ROSTER,ACTIVE_BENCH,False,2,28.6,6.0,608331,Max Fried,L,1.15,0.6528,24.3,,,,,,,,,,,,,,0.4279,1.5,LESS,95.3,-2033,70,87,0.8,0.5,0.7333,60.0,40.0,53.3,20.0,10.0,20.0,0,0,22.5,22.5,0,11.5,28.5,28.5,75.5,82.5,11.5,0.0,99,14.1,27.7,21.7,26.6,Cutter,21.4,10.0,16.6,25.7,93.5035,1.5,210,113,8,7.1,VELO_BAND_1.5,38.1,61.9,4.7,95.3,0.0,100.0,0.0,100.0,61.9,33.4,4.7,0.0,0.0
12,2026-09-10,824550,CWS,PIT,700337,Edgar Quero,S,,ACTIVE_ROSTER,ACTIVE_BENCH,False,1,14.3,9.01,683003,Jared Jones,R,1.15,0.6991,24.1,,,,,,,,,,,,,,0.4171,1.5,LESS,95.3,-2019,68,86,0.2,0.1,0.2,20.0,10.0,20.0,0.0,0.0,0.0,0,0,22.5,22.5,0,11.5,28.5,28.5,75.5,82.5,11.5,0.0,61,19.7,27.5,29.0,29.4,4-Seam,46.0,12.8,13.7,23.5,98.3114,1.5,43,21,5,23.8,VELO_BAND_1.5,37.0,63.0,4.7,95.3,0.0,100.0,0.0,100.0,63.0,32.3,4.7,0.0,0.0
13,2026-09-10,824872,TB,ATL,676356,Jonny DeLuca,R,,ACTIVE_ROSTER,ACTIVE_BENCH,False,4,57.1,6.0,527048,Martín Pérez,L,1.15,0.6111,22.7,,,,,,,,,,,,,,0.4422,1.5,LESS,94.9,-1843,73,87,0.4,0.9,0.7333,40.0,70.0,60.0,0.0,20.0,13.3,0,0,22.5,22.5,0,11.5,28.5,28.5,75.5,82.5,11.5,0.0,81,19.8,18.1,20.9,27.4,Sinker,37.2,8.5,14.7,25.6,87.5633,1.5,34,14,2,14.3,VELO_BAND_1.5,39.1,60.9,5.1,94.9,0.0,100.0,0.0,100.0,60.9,33.9,5.1,0.0,0.0
14,2026-09-10,824550,PIT,CWS,694378,Jacob Gonzalez,L,,ACTIVE_ROSTER,ACTIVE_BENCH,False,1,14.3,9.01,696146,Hagen Smith,L,1.15,0.42,21.7,,,,,,,,,,,,,,0.453,1.5,LESS,94.6,-1746,64,85,0.8,0.6,0.6667,60.0,50.0,46.7,20.0,10.0,13.3,0,0,22.5,22.5,0,11.5,28.5,28.5,75.5,82.5,11.5,0.0,33,18.2,37.1,34.5,35.2,4-Seam,50.7,21.0,18.3,24.6,92.6616,1.5,128,66,9,13.6,VELO_BAND_1.5,39.9,60.1,5.4,94.6,0.0,100.0,0.0,100.0,60.1,34.4,5.4,0.0,0.0
15,2026-09-10,824872,TB,ATL,668723,Ryan Vilade,R,,ACTIVE_ROSTER,ACTIVE_BENCH,False,0,0.0,,527048,Martín Pérez,L,1.15,0.6111,22.7,,,,,,,,,,,,,,0.4633,1.5,LESS,94.5,-1727,72,87,0.4,0.5,0.6,40.0,50.0,53.3,0.0,0.0,6.7,0,0,22.5,22.5,0,11.5,28.5,28.5,75.5,82.5,11.5,0.0,103,25.2,18.1,20.9,27.4,Sinker,37.2,7.4,12.8,24.8,87.5633,2.5,27,14,2,14.3,VELO_BAND_2.5,40.9,59.1,5.5,94.5,0.0,100.0,0.0,100.0,59.1,35.4,5.5,0.0,0.0
16,2026-09-10,824550,CWS,PIT,643217,Andrew Benintendi,L,,ACTIVE_ROSTER,ACTIVE_BENCH,False,2,28.6,4.0,683003,Jared Jones,R,1.15,0.6991,24.1,,,,,,,,,,,,,,0.4595,1.5,LESS,94.5,-1717,80,89,0.4,0.6,0.6,40.0,50.0,53.3,0.0,10.0,6.7,0,0,22.5,22.5,0,11.5,28.5,28.5,75.5,82.5,11.5,0.0,276,17.4,27.5,29.0,29.4,4-Seam,46.0,19.4,20.9,26.6,98.3114,1.5,85,49,10,20.4,VELO_BAND_1.5,40.4,59.6,5.5,94.5,0.0,100.0,0.0,100.0,59.6,34.9,5.5,0.0,0.0
17,2026-09-10,823413,HOU,PHI,543877,Christian Vázquez,R,,ACTIVE_ROSTER,ACTIVE_BENCH,False,2,28.6,7.02,554430,Zack Wheeler,R,1.15,0.7593,25.9,,,,,,,,,,,,,,0.4618,1.5,LESS,94.5,-1702,73,87,0.6,0.7,0.7333,40.0,60.0,60.0,20.0,10.0,13.3,0,0,22.5,22.5,0,11.5,28.5,28.5,75.5,82.5,11.5,0.0,134,20.1,31.2,28.6,28.1,4-Seam,36.3,14.2,13.7,27.7,94.4564,1.5,167,83,9,10.8,VELO_BAND_1.5,40.6,59.4,5.5,94.5,0.0,100.0,0.0,100.0,59.4,35.1,5.5,0.0,0.0
18,2026-09-10,823088,SEA,TEX,640902,Jhonny Pereda,R,,ACTIVE_ROSTER,ACTIVE_BENCH,False,2,28.6,9.0,594798,Jacob deGrom,R,1.15,0.7778,22.3,,,,,,,,,,,,,,0.4603,1.5,LESS,94.4,-1692,68,86,0.8,0.8,0.7333,60.0,70.0,66.7,20.0,10.0,6.7,0,0,22.5,22.5,0,11.5,28.5,28.5,75.5,82.5,11.5,0.0,63,17.5,28.7,31.2,29.2,4-Seam,39.8,15.1,15.7,26.7,97.3419,1.5,31,18,4,22.2,VELO_BAND_1.5,40.4,59.6,5.6,94.4,0.0,100.0,0.0,100.0,59.6,34.9,5.6,0.0,0.0
19,2026-09-10,823413,PHI,HOU,596117,Garrett Stubbs,L,,ACTIVE_ROSTER,ACTIVE_BENCH,False,1,14.3,4.01,664299,Cristian Javier,R,1.15,0.5972,22.9,,,,,,,,,,,,,,0.4668,1.5,LESS,94.4,-1681,62,84,0.6,0.7,0.6923,60.0,60.0,61.5,0.0,10.0,7.7,0,0,22.5,22.5,0,11.5,28.5,28.5,75.5,82.5,11.5,0.0,33,18.2,26.3,29.9,29.0,4-Seam,47.7,14.8,12.8,24.7,92.6901,1.5,29,14,1,7.1,VELO_BAND_1.5,41.0,59.0,5.6,94.4,0.0,100.0,0.0,100.0,59.0,35.4,5.6,0.0,0.0
20,2026-09-10,824872,ATL,TB,571657,Kyle Farmer,R,,ACTIVE_ROSTER,ACTIVE_BENCH,False,0,0.0,,607259,Nick Martinez,R,1.15,0.78,22.0,,,,,,,,,,,,,,0.4583,1.5,LESS,94.4,-1681,59,84,0.5,0.5,0.5,50.0,50.0,50.0,0.0,0.0,0.0,0,0,22.5,22.5,0,11.5,28.5,28.5,75.5,82.5,11.5,0.0,1,0.0,14.2,16.2,25.3,Sinker,31.2,25.0,11.9,29.0,91.3628,,6,4,1,25.0,HITTER_FASTBALL_FALLBACK,40.2,59.8,5.6,94.4,0.0,100.0,0.0,100.0,59.8,34.6,5.6,0.0,0.0
21,2026-09-10,824550,PIT,CWS,680779,Henry Davis,R,,ACTIVE_ROSTER,ACTIVE_BENCH,False,2,28.6,9.0,696146,Hagen Smith,L,1.15,0.42,21.7,,,,,,,,,,,,,,0.4732,1.5,LESS,94.2,-1628,64,85,0.4,0.5,0.6667,40.0,40.0,60.0,0.0,10.0,6.7,0,0,22.5,22.5,0,11.5,28.5,28.5,75.5,82.5,11.5,0.0,70,25.7,37.1,34.5,35.2,4-Seam,50.7,28.1,22.5,27.9,92.6616,1.5,161,92,22,23.9,VELO_BAND_1.5,41.5,58.5,5.8,94.2,0.0,100.0,0.0,100.0,58.5,35.7,5.8,0.0,0.0
22,2026-09-10,823413,PHI,HOU,624641,Edmundo Sosa,R,,ACTIVE_ROSTER,ACTIVE_BENCH,False,3,42.9,7.01,664299,Cristian Javier,R,1.15,0.5972,22.9,,,,,,,,,,,,,,0.4734,1.5,LESS,94.1,-1593,67,86,0.6,0.7,0.6,40.0,50.0,46.7,20.0,20.0,13.3,0,0,22.5,22.5,0,11.5,28.5,28.5,75.5,82.5,11.5,0.0,76,25.0,26.3,29.9,29.0,4-Seam,47.7,18.9,19.0,26.2,92.6901,1.5,114,59,7,11.9,VELO_BAND_1.5,41.4,58.6,5.9,94.1,0.0,100.0,0.0,100.0,58.6,35.5,5.9,0.0,0.0
23,2026-09-10,823413,PHI,HOU,650559,Bryan De La Cruz,R,,ACTIVE_ROSTER,ACTIVE_BENCH,False,3,42.9,9.0,664299,Cristian Javier,R,1.15,0.5972,22.9,,,,,,,,,,,,,,0.4784,1.5,LESS,94.0,-1560,62,84,0.6,0.5,0.6,40.0,40.0,46.7,20.0,10.0,13.3,0,0,22.5,22.5,0,11.5,28.5,28.5,75.5,82.5,11.5,0.0,31,25.8,26.3,29.9,29.0,4-Seam,47.7,18.9,17.3,29.1,92.6901,1.5,32,16,0,0.0,VELO_BAND_1.5,41.8,58.2,6.0,94.0,0.0,100.0,0.0,100.0,58.2,35.8,6.0,0.0,0.0
24,2026-09-10,823499,NYY,COL,592450,Aaron Judge,R,,ACTIVE_ROSTER,ACTIVE_BENCH,False,0,0.0,,663372,Ryan Feltner,R,1.15,0.78,17.4,,,,,,,,,,,,,,0.4765,1.5,LESS,93.9,-1534,68,86,1.2,0.9,1.2,80.0,70.0,73.3,40.0,20.0,26.7,0,0,22.5,22.5,0,11.5,28.5,28.5,75.5,82.5,11.5,0.0,56,23.2,16.4,21.9,26.1,4-Seam,29.7,27.3,16.9,28.1,94.6078,1.5,50,23,3,13.0,VELO_BAND_1.5,41.5,58.5,6.1,93.9,0.0,100.0,0.0,100.0,58.5,35.4,6.1,0.0,0.0
25,2026-09-10,824872,ATL,TB,673490,Ha-Seong Kim,R,,ACTIVE_ROSTER,ACTIVE_BENCH,False,3,42.9,9.0,607259,Nick Martinez,R,1.15,0.78,22.0,,,,,,,,,,,,,,0.4881,1.5,LESS,93.9,-1528,69,86,0.8,0.7,0.8,40.0,40.0,46.7,40.0,30.0,33.3,0,0,22.5,22.5,0,11.5,28.5,28.5,75.5,82.5,11.5,0.0,56,26.8,14.2,16.2,25.3,Sinker,31.2,6.4,14.7,28.8,91.3628,1.5,98,30,5,16.7,VELO_BAND_1.5,42.7,57.3,6.1,93.9,0.0,100.0,0.0,100.0,57.3,36.5,6.1,0.0,0.0
26,2026-09-10,824550,CWS,PIT,682668,Luisangel Acuña,R,,ACTIVE_ROSTER,ACTIVE_BENCH,False,1,14.3,3.01,683003,Jared Jones,R,1.15,0.6991,24.1,,,,,,,,,,,,,,0.4924,1.5,LESS,93.8,-1501,68,86,0.8,0.7,0.6667,80.0,60.0,60.0,0.0,10.0,6.7,0,0,22.5,22.5,0,11.5,28.5,28.5,75.5,82.5,11.5,0.0,51,25.5,27.5,29.0,29.4,4-Seam,46.0,14.5,18.7,28.4,98.3114,2.5,50,26,2,7.7,VELO_BAND_2.5,43.0,57.0,6.2,93.8,0.0,100.0,0.0,100.0,57.0,36.7,6.2,0.0,0.0
27,2026-09-10,823499,NYY,COL,502671,Paul Goldschmidt,R,,ACTIVE_ROSTER,ACTIVE_BENCH,False,2,28.6,3.01,663372,Ryan Feltner,R,1.15,0.78,17.4,,,,,,,,,,,,,,0.4794,1.5,LESS,93.7,-1492,77,89,0.4,0.6,0.5333,40.0,50.0,46.7,0.0,10.0,6.7,0,0,22.5,22.5,0,11.5,28.5,28.5,75.5,82.5,11.5,0.0,159,29.6,16.4,21.9,26.1,4-Seam,29.7,19.9,20.9,30.3,94.6078,1.5,230,123,27,22.0,VELO_BAND_1.5,41.6,58.4,6.3,93.7,0.0,100.0,0.0,100.0,58.4,35.4,6.3,0.0,0.0
28,2026-09-10,823499,NYY,COL,642708,Amed Rosario,R,,ACTIVE_ROSTER,ACTIVE_BENCH,False,0,0.0,,663372,Ryan Feltner,R,1.15,0.78,17.4,,,,,,,,,,,,,,0.4899,1.5,LESS,93.7,-1484,69,86,0.6,0.4,0.3333,60.0,40.0,33.3,0.0,0.0,0.0,0,0,22.5,22.5,0,11.5,28.5,28.5,75.5,82.5,11.5,0.0,42,35.7,16.4,21.9,26.1,4-Seam,29.7,21.8,20.6,28.7,94.6078,1.5,117,62,13,21.0,VELO_BAND_1.5,42.7,57.3,6.3,93.7,0.0,100.0,0.0,100.0,57.3,36.3,6.3,0.0,0.0
29,2026-09-10,823413,HOU,PHI,514888,Jose Altuve,R,,ACTIVE_ROSTER,ACTIVE_BENCH,False,4,57.1,4.0,554430,Zack Wheeler,R,1.15,0.7593,25.9,,,,,,,,,,,,,,0.4945,1.5,LESS,93.6,-1458,81,90,1.0,0.9,0.9333,80.0,70.0,66.7,20.0,20.0,26.7,0,0,22.5,22.5,0,11.5,28.5,28.5,75.5,82.5,11.5,0.0,263,21.3,31.2,28.6,28.1,4-Seam,36.3,19.2,18.1,27.9,94.4564,1.5,229,119,21,17.6,VELO_BAND_1.5,43.0,57.0,6.4,93.6,0.0,100.0,0.0,100.0,57.0,36.6,6.4,0.0,0.0
30,2026-09-10,823413,HOU,PHI,678489,Jorge Barrosa,S,,ACTIVE_ROSTER,ACTIVE_BENCH,False,0,0.0,,554430,Zack Wheeler,R,1.15,0.7593,25.9,,,,,,,,,,,,,,0.4983,1.5,LESS,93.6,-1457,68,86,0.6,0.4,0.3333,60.0,40.0,33.3,0.0,0.0,0.0,0,0,22.5,22.5,0,11.5,28.5,28.5,75.5,82.5,11.5,0.0,51,23.5,31.2,28.6,28.1,4-Seam,36.3,20.6,16.9,27.1,94.4564,1.5,70,30,6,20.0,VELO_BAND_1.5,43.4,56.6,6.4,93.6,0.0,100.0,0.0,100.0,56.6,37.0,6.4,0.0,0.0
31,2026-09-10,824872,ATL,TB,657041,Lane Thomas,R,,ACTIVE_ROSTER,ACTIVE_BENCH,False,1,14.3,5.0,607259,Nick Martinez,R,1.15,0.78,22.0,,,,,,,,,,,,,,0.4888,1.5,LESS,93.5,-1435,77,89,1.0,0.6,0.7333,80.0,50.0,60.0,20.0,10.0,13.3,0,0,22.5,22.5,0,11.5,28.5,28.5,75.5,82.5,11.5,0.0,161,27.3,14.2,16.2,25.3,Sinker,31.2,5.1,16.6,26.1,91.3628,1.5,133,55,3,5.5,VELO_BAND_1.5,42.4,57.6,6.5,93.5,0.0,100.0,0.0,100.0,57.6,35.8,6.5,0.0,0.0
32,2026-09-10,823088,SEA,TEX,703197,Michael Arroyo,R,,ACTIVE_ROSTER,ACTIVE_BENCH,False,0,0.0,,594798,Jacob deGrom,R,1.15,0.7778,22.3,,,,,,,,,,,,,,0.4993,1.5,LESS,93.5,-1428,59,84,1.0,1.0,1.0,100.0,100.0,100.0,0.0,0.0,0.0,0,0,22.5,22.5,0,11.5,28.5,28.5,75.5,82.5,11.5,0.0,1,0.0,28.7,31.2,29.2,4-Seam,39.8,40.0,12.4,28.8,97.3419,,8,6,2,33.3,HITTER_FASTBALL_FALLBACK,43.4,56.6,6.5,93.5,0.0,100.0,0.0,100.0,56.6,36.8,6.5,0.0,0.0
33,2026-09-10,823499,COL,NYY,605353,Vimael Machín,L,,ACTIVE_ROSTER,ACTIVE_BENCH,False,0,0.0,,608331,Max Fried,L,1.15,0.6528,24.3,,,,,,,,,,,,,,0.5035,1.5,LESS,93.4,-1424,51,81,2.0,2.0,2.0,100.0,100.0,100.0,100.0,100.0,100.0,0,0,22.5,22.5,0,11.5,28.5,28.5,75.5,82.5,11.5,0.0,1,100.0,27.7,21.7,26.6,Cutter,21.4,,12.1,29.3,93.5035,,1,0,0,,HITTER_FASTBALL_FALLBACK,43.8,56.2,6.6,93.4,0.0,100.0,0.0,100.0,56.2,37.2,6.5,0.0,0.0
34,2026-09-10,823413,HOU,PHI,664774,LaMonte Wade Jr.,L,,ACTIVE_ROSTER,ACTIVE_BENCH,False,1,14.3,9.01,554430,Zack Wheeler,R,1.15,0.7593,25.9,,,,,,,,,,,,,,0.5075,1.5,LESS,93.4,-1421,71,87,0.6,0.7,0.8667,40.0,60.0,66.7,20.0,10.0,13.3,0,0,22.5,22.5,0,11.5,28.5,28.5,75.5,82.5,11.5,0.0,113,24.8,31.2,28.6,28.1,4-Seam,36.3,20.7,14.3,26.9,94.4564,1.5,141,51,8,15.7,VELO_BAND_1.5,44.2,55.8,6.6,93.4,0.0,100.0,0.0,100.0,55.8,37.6,6.6,0.0,0.0
35,2026-09-10,823499,NYY,COL,671218,Heliot Ramos,R,,ACTIVE_ROSTER,ACTIVE_BENCH,False,2,28.6,3.01,663372,Ryan Feltner,R,1.15,0.78,17.4,,,,,,,,,,,,,,0.5082,1.5,LESS,93.4,-1420,77,89,0.6,0.9,0.8667,40.0,60.0,60.0,20.0,20.0,20.0,6,2,33.3,23.8,23,41.7,39.1,41.7,58.3,85.7,40.0,0.1376,166,28.9,16.4,21.9,26.1,4-Seam,29.7,31.9,23.0,29.3,94.6078,1.5,200,107,28,26.2,VELO_BAND_1.5,44.2,55.8,6.6,93.4,0.0,100.0,0.0,100.0,55.8,37.7,6.6,0.0,0.0
36,2026-09-10,823088,SEA,TEX,621493,Taylor Ward,R,,ACTIVE_ROSTER,ACTIVE_BENCH,False,3,42.9,8.01,594798,Jacob deGrom,R,1.15,0.7778,22.3,,,,,,,,,,,,,,0.4955,1.5,LESS,93.4,-1411,83,90,0.8,1.0,1.2,80.0,80.0,86.7,0.0,10.0,26.7,0,0,22.5,22.5,0,11.5,28.5,28.5,75.5,82.5,11.5,0.0,265,22.6,28.7,31.2,29.2,4-Seam,39.8,18.7,19.6,28.0,97.3419,1.5,183,67,8,11.9,VELO_BAND_1.5,42.9,57.1,6.6,93.4,0.0,100.0,0.0,100.0,57.1,36.3,6.6,0.0,0.0
37,2026-09-10,823088,TEX,SEA,695508,Cam Cauley,R,,ACTIVE_ROSTER,ACTIVE_BENCH,False,2,28.6,6.01,669302,Logan Gilbert,R,1.15,0.78,22.9,,,,,,,,,,,,,,0.4998,1.5,LESS,93.3,-1390,65,85,0.6,0.6,0.6667,40.0,40.0,46.7,20.0,20.0,20.0,0,0,22.5,22.5,0,11.5,28.5,28.5,75.5,82.5,11.5,0.0,28,14.3,27.1,27.5,27.7,4-Seam,44.2,26.7,19.7,29.2,96.3172,1.5,34,18,3,16.7,VELO_BAND_1.5,43.3,56.7,6.7,93.3,0.0,100.0,0.0,100.0,56.7,36.5,6.7,0.0,0.0
38,2026-09-10,824872,ATL,TB,676551,Brewer Hicklen,R,,ACTIVE_ROSTER,ACTIVE_BENCH,False,1,14.3,5.01,607259,Nick Martinez,R,1.15,0.78,22.0,,,,,,,,,,,,,,0.5074,1.5,LESS,93.3,-1388,65,85,0.8,1.1111,1.1111,60.0,77.8,77.8,20.0,22.2,22.2,0,0,22.5,22.5,0,11.5,28.5,28.5,75.5,82.5,11.5,0.0,24,33.3,14.2,16.2,25.3,Sinker,31.2,33.3,18.1,29.7,91.3628,2.5,31,14,5,35.7,VELO_BAND_2.5,44.0,56.0,6.7,93.3,0.0,100.0,0.0,100.0,56.0,37.3,6.7,0.0,0.0
39,2026-09-10,823088,TEX,SEA,681351,Logan O'Hoppe,R,,ACTIVE_ROSTER,ACTIVE_BENCH,False,0,0.0,,669302,Logan Gilbert,R,1.15,0.78,22.9,,,,,,,,,,,,,,0.5073,1.5,LESS,93.2,-1375,73,87,0.4,0.6,0.5333,40.0,40.0,40.0,0.0,10.0,6.7,0,0,22.5,22.5,0,11.5,28.5,28.5,75.5,82.5,11.5,0.0,124,24.2,27.1,27.5,27.7,4-Seam,44.2,14.1,18.6,27.3,96.3172,1.5,116,60,12,20.0,VELO_BAND_1.5,43.9,56.1,6.8,93.2,0.0,100.0,0.0,100.0,56.1,37.2,6.8,0.0,0.0
40,2026-09-10,823088,TEX,SEA,592626,Joc Pederson,L,,ACTIVE_ROSTER,ACTIVE_BENCH,False,2,28.6,7.01,669302,Logan Gilbert,R,1.15,0.78,22.9,,,,,,,,,,,,,,0.5157,1.5,LESS,93.2,-1361,81,90,0.8,0.8,0.6667,60.0,50.0,46.7,20.0,30.0,20.0,3,0,0.0,21.1,8,0.0,12.5,75.0,100.0,100.0,0.0,0.0625,275,21.5,27.1,27.5,27.7,4-Seam,44.2,25.3,23.5,28.7,96.3172,1.5,198,103,22,21.4,VELO_BAND_1.5,44.7,55.3,6.8,93.2,0.0,100.0,0.0,100.0,55.3,37.9,6.8,0.0,0.0
41,2026-09-10,823088,TEX,SEA,643376,Danny Jansen,R,,ACTIVE_ROSTER,ACTIVE_BENCH,False,3,42.9,9.0,669302,Logan Gilbert,R,1.15,0.78,22.9,,,,,,,,,,,,,,0.52,1.5,LESS,93.0,-1337,68,86,0.6,0.8,1.0,60.0,70.0,73.3,0.0,10.0,26.7,0,0,22.5,22.5,0,11.5,28.5,28.5,75.5,82.5,11.5,0.0,55,21.8,27.1,27.5,27.7,4-Seam,44.2,20.8,17.9,27.3,96.3172,1.5,57,27,5,18.5,VELO_BAND_1.5,45.0,55.0,7.0,93.0,0.0,100.0,0.0,100.0,55.0,38.1,7.0,0.0,0.0
42,2026-09-10,823499,NYY,COL,645305,Ali Sánchez,R,,ACTIVE_ROSTER,ACTIVE_BENCH,False,1,14.3,9.02,663372,Ryan Feltner,R,1.15,0.78,17.4,,,,,,,,,,,,,,0.5135,1.5,LESS,93.0,-1329,67,86,1.2,0.8,0.7333,60.0,50.0,46.7,60.0,30.0,26.7,0,0,22.5,22.5,0,11.5,28.5,28.5,75.5,82.5,11.5,0.0,33,30.3,16.4,21.9,26.1,4-Seam,29.7,20.4,16.5,28.3,94.6078,1.5,55,26,7,26.9,VELO_BAND_1.5,44.3,55.7,7.0,93.0,0.0,100.0,0.0,100.0,55.7,37.3,7.0,0.0,0.0
43,2026-09-10,823413,PHI,HOU,669016,Brandon Marsh,L,,ACTIVE_ROSTER,ACTIVE_BENCH,False,4,57.1,7.0,664299,Cristian Javier,R,1.15,0.5972,22.9,,,,,,,,,,,,,,0.5151,1.5,LESS,93.0,-1322,79,89,0.4,0.4,0.6,40.0,40.0,46.7,0.0,0.0,13.3,0,0,22.5,22.5,0,11.5,28.5,28.5,75.5,82.5,11.5,0.0,284,23.2,26.3,29.9,29.0,4-Seam,47.7,15.5,22.8,27.1,92.6901,1.5,222,107,19,17.8,VELO_BAND_1.5,44.5,55.5,7.0,93.0,0.0,100.0,0.0,100.0,55.5,37.4,7.0,0.0,0.0
44,2026-09-10,823088,SEA,TEX,801126,Brock Rodden,S,,ACTIVE_ROSTER,ACTIVE_BENCH,False,2,28.6,9.02,594798,Jacob deGrom,R,1.15,0.7778,22.3,,,,,,,,,,,,,,0.5243,1.5,LESS,92.8,-1293,67,86,0.6,0.7,0.8,40.0,40.0,46.7,20.0,20.0,26.7,0,0,22.5,22.5,0,11.5,28.5,28.5,75.5,82.5,11.5,0.0,43,27.9,28.7,31.2,29.2,4-Seam,39.8,31.4,23.4,31.7,97.3419,2.5,44,19,6,31.6,VELO_BAND_2.5,45.2,54.8,7.2,92.8,0.0,100.0,0.0,100.0,54.8,38.1,7.2,0.0,0.0
45,2026-09-10,823499,NYY,COL,665862,Jazz Chisholm Jr.,L,,ACTIVE_ROSTER,ACTIVE_BENCH,False,3,42.9,6.0,663372,Ryan Feltner,R,1.15,0.78,17.4,,,,,,,,,,,,,,0.5194,1.5,LESS,92.8,-1286,81,90,0.8,0.9,0.6667,60.0,70.0,53.3,20.0,20.0,13.3,0,0,22.5,22.5,0,11.5,28.5,28.5,75.5,82.5,11.5,0.0,251,25.9,16.4,21.9,26.1,4-Seam,29.7,16.7,25.0,28.5,94.6078,1.5,295,133,24,18.0,VELO_BAND_1.5,44.7,55.3,7.2,92.8,0.0,100.0,0.0,100.0,55.3,37.5,7.2,0.0,0.0
46,2026-09-10,824550,CWS,PIT,668670,Jake Rogers,R,,ACTIVE_ROSTER,ACTIVE_BENCH,False,1,14.3,9.0,683003,Jared Jones,R,1.15,0.6991,24.1,,,,,,,,,,,,,,0.5407,1.5,LESS,92.5,-1228,69,86,1.0,1.2,1.0667,80.0,90.0,80.0,20.0,30.0,26.7,0,0,22.5,22.5,0,11.5,28.5,28.5,75.5,82.5,11.5,0.0,87,29.9,27.5,29.0,29.4,4-Seam,46.0,18.2,21.7,28.8,98.3114,1.5,27,12,3,25.0,VELO_BAND_1.5,46.5,53.5,7.5,92.5,0.0,100.0,0.0,100.0,53.5,39.0,7.5,0.0,0.0
47,2026-09-10,824550,PIT,CWS,695257,Billy Cook,R,,ACTIVE_ROSTER,ACTIVE_BENCH,False,3,42.9,6.01,696146,Hagen Smith,L,1.15,0.42,21.7,,,,,,,,,,,,,,0.5432,1.5,LESS,92.4,-1208,59,84,1.0,0.9,0.8,80.0,80.0,66.7,20.0,10.0,13.3,0,0,22.5,22.5,0,11.5,28.5,28.5,75.5,82.5,11.5,0.0,19,36.8,37.1,34.5,35.2,4-Seam,50.7,50.0,20.4,31.9,92.6616,1.5,21,14,1,7.1,VELO_BAND_1.5,46.6,53.4,7.6,92.4,0.0,100.0,0.0,100.0,53.4,39.0,7.6,0.0,0.0
48,2026-09-10,823499,COL,NYY,687597,Jordan Beck,R,,ACTIVE_ROSTER,ACTIVE_BENCH,False,1,14.3,8.02,608331,Max Fried,L,1.15,0.6528,24.3,,,,,,,,,,,,,,0.5837,1.5,LESS,91.3,-1049,62,84,1.4,1.2,1.2667,100.0,90.0,93.3,40.0,30.0,33.3,0,0,22.5,22.5,0,11.5,28.5,28.5,75.5,82.5,11.5,0.0,37,45.9,27.7,21.7,26.6,Cutter,21.4,16.7,16.2,30.8,93.5035,1.5,60,27,4,14.8,VELO_BAND_1.5,49.7,50.3,8.7,91.3,0.0,100.0,0.0,100.0,50.3,41.0,8.7,0.0,0.0
49,2026-09-10,824550,CWS,PIT,686668,Brenton Doyle,R,,ACTIVE_ROSTER,ACTIVE_BENCH,False,2,28.6,1.02,683003,Jared Jones,R,1.15,0.6991,24.1,,,,,,,,,,,,,,0.5841,1.5,LESS,91.3,-1044,67,86,1.2,1.1,1.0667,100.0,90.0,93.3,20.0,20.0,13.3,0,0,22.5,22.5,0,11.5,28.5,28.5,75.5,82.5,11.5,0.0,36,33.3,27.5,29.0,29.4,4-Seam,46.0,26.1,25.1,31.6,98.3114,,139,76,16,21.1,HITTER_FASTBALL_FALLBACK,49.7,50.3,8.7,91.3,0.0,100.0,0.0,100.0,50.3,40.9,8.7,0.0,0.0
50,2026-09-10,823413,HOU,PHI,676369,Nelson Velázquez,R,,ACTIVE_ROSTER,ACTIVE_BENCH,False,0,0.0,,554430,Zack Wheeler,R,1.15,0.7593,25.9,,,,,,,,,,,,,,0.5959,1.5,LESS,90.9,-997,68,86,1.4,1.0,0.8667,60.0,60.0,53.3,60.0,30.0,26.7,0,0,22.5,22.5,0,11.5,28.5,28.5,75.5,82.5,11.5,0.0,28,39.3,31.2,28.6,28.1,4-Seam,36.3,37.0,23.3,31.6,94.4564,1.5,91,50,15,30.0,VELO_BAND_1.5,50.5,49.5,9.1,90.9,0.0,100.0,0.0,100.0,49.5,41.4,9.1,0.0,0.0
51,2026-09-10,823413,PHI,HOU,650333,Luis Arraez,L,4.0,LAST7_CONFIRMED,PROJECTED_STARTER,False,6,85.7,4.0,664299,Cristian Javier,R,4.42,0.5972,22.9,,,,,,,,,,,,,,0.5271,1.5,LESS,90.7,-972,80,89,0.2,0.2,0.1333,20.0,20.0,13.3,0.0,0.0,0.0,0,0,22.5,22.5,0,11.5,28.5,28.5,75.5,82.5,11.5,0.0,305,3.0,26.3,29.9,29.0,4-Seam,47.7,6.8,8.0,23.8,92.6901,1.5,372,185,11,5.9,VELO_BAND_1.5,42.2,57.8,9.3,90.7,1.2,98.8,0.1,99.9,57.8,32.8,8.2,1.1,0.1
52,2026-09-10,824550,PIT,CWS,699013,Esmerlyn Valdez,R,,ACTIVE_ROSTER,ACTIVE_BENCH,False,2,28.6,2.0,696146,Hagen Smith,L,1.15,0.42,21.7,,,,,,,,,,,,,,0.6121,1.5,LESS,90.3,-936,68,86,1.8,1.8,1.8667,80.0,90.0,93.3,60.0,60.0,53.3,0,0,22.5,22.5,0,11.5,28.5,28.5,75.5,82.5,11.5,0.0,107,33.6,37.1,34.5,35.2,4-Seam,50.7,42.3,32.4,32.0,92.6616,1.5,209,86,25,29.1,VELO_BAND_1.5,51.5,48.5,9.7,90.3,0.0,100.0,0.0,100.0,48.5,41.9,9.6,0.0,0.0
53,2026-09-10,824872,TB,ATL,802415,Chandler Simpson,L,6.0,LAST7_CONFIRMED,PROJECTED_STARTER,False,6,85.7,6.0,527048,Martín Pérez,L,4.2,0.6111,22.7,,,,,,,,,,,,,,0.6154,1.5,LESS,87.9,-726,79,89,0.6,0.4,0.2667,60.0,40.0,26.7,0.0,0.0,0.0,0,0,22.5,22.5,0,11.5,28.5,28.5,75.5,82.5,11.5,0.0,125,9.6,18.1,20.9,27.4,Sinker,37.2,3.3,11.3,23.3,87.5633,1.5,49,23,2,8.7,VELO_BAND_1.5,47.5,52.5,12.1,87.9,1.8,98.2,0.1,99.9,52.5,35.4,10.3,1.7,0.1
54,2026-09-10,824872,ATL,TB,643289,Mauricio Dubón,R,5.0,LAST7_CONFIRMED,PROJECTED_STARTER,False,6,85.7,5.0,607259,Nick Martinez,R,4.31,0.78,22.0,,,,,,,,,,,,,,0.656,1.5,LESS,86.7,-652,82,90,0.4,0.4,0.2667,20.0,30.0,20.0,20.0,10.0,6.7,0,0,22.5,22.5,0,11.5,28.5,28.5,75.5,82.5,11.5,0.0,254,11.4,14.2,16.2,25.3,Sinker,31.2,8.0,9.8,19.7,91.3628,1.5,212,118,9,7.6,VELO_BAND_1.5,50.1,49.9,13.3,86.7,2.0,98.0,0.2,99.8,49.9,36.8,11.3,1.9,0.2
55,2026-09-10,823088,SEA,TEX,647304,Josh Naylor,L,6.0,LAST7_CONFIRMED,PROJECTED_STARTER,False,7,100.0,6.0,594798,Jacob deGrom,R,4.2,0.7778,22.3,,,,,,,,,,,,,,0.7402,1.5,LESS,83.7,-514,84,91,0.6,0.6,0.6667,40.0,40.0,46.7,20.0,20.0,20.0,2,0,0.0,21.5,5,0.0,40.0,66.7,100.0,82.5,11.5,0.0413,264,10.6,28.7,31.2,29.2,4-Seam,39.8,6.1,14.5,24.7,97.3419,1.5,143,82,4,4.9,VELO_BAND_1.5,54.6,45.4,16.3,83.7,2.8,97.2,0.3,99.7,45.4,38.4,13.5,2.5,0.3
56,2026-09-10,823088,SEA,TEX,702284,Cole Young,L,8.0,LAST7_CONFIRMED,PROJECTED_STARTER,False,7,100.0,8.0,594798,Jacob deGrom,R,3.98,0.7778,22.3,,,,,,,,,,,,,,0.7891,1.5,LESS,82.1,-458,85,91,1.0,0.9,0.8,60.0,70.0,66.7,20.0,10.0,6.7,3,0,0.0,21.1,17,10.0,23.5,28.6,90.0,100.0,0.0,0.0881,273,12.5,28.7,31.2,29.2,4-Seam,39.8,11.9,17.0,26.2,97.3419,1.5,202,104,16,15.4,VELO_BAND_1.5,57.5,42.5,17.9,82.1,3.2,96.8,0.3,99.7,42.5,39.6,14.7,2.9,0.3
57,2026-09-10,824872,ATL,TB,645277,Ozzie Albies,S,7.0,LAST7_CONFIRMED,PROJECTED_STARTER,False,7,100.0,7.0,607259,Nick Martinez,R,4.09,0.78,22.0,,,,,,,,,,,,,,0.7827,1.5,LESS,81.9,-451,84,91,0.6,0.7,0.8,60.0,50.0,60.0,0.0,20.0,20.0,0,0,22.5,22.5,0,11.5,28.5,28.5,75.5,82.5,11.5,0.0,268,17.5,14.2,16.2,25.3,Sinker,31.2,14.2,16.0,20.6,91.3628,1.5,184,92,13,14.1,VELO_BAND_1.5,56.8,43.2,18.1,81.9,3.0,97.0,0.3,99.7,43.2,38.7,15.1,2.8,0.3
58,2026-09-10,823413,HOU,PHI,670623,Isaac Paredes,R,3.0,LAST7_CONFIRMED,PROJECTED_STARTER,False,7,100.0,3.0,554430,Zack Wheeler,R,4.49,0.7593,25.9,,,,,,,,,,,,,,0.7957,1.5,LESS,81.4,-439,84,91,0.8,0.6,0.4667,60.0,40.0,33.3,20.0,20.0,13.3,0,0,22.5,22.5,0,11.5,28.5,28.5,75.5,82.5,11.5,0.0,340,10.6,31.2,28.6,28.1,4-Seam,36.3,9.2,12.1,24.6,94.4564,1.5,414,184,17,9.2,VELO_BAND_1.5,57.4,42.6,18.6,81.4,3.3,96.7,0.3,99.7,42.6,38.8,15.3,3.0,0.3
59,2026-09-10,823088,TEX,SEA,670032,Nicky Lopez,L,8.01,LAST7_CONFIRMED,PROJECTED_STARTER,False,4,57.1,8.01,669302,Logan Gilbert,R,3.98,0.78,22.9,,,,,,,,,,,,,,0.8127,1.5,LESS,80.9,-423,76,88,0.0,0.1,0.3333,0.0,10.0,26.7,0.0,0.0,6.7,2,0,0.0,21.5,10,28.6,20.0,25.0,71.4,83.3,0.0,0.0572,175,16.6,27.1,27.5,27.7,4-Seam,44.2,14.7,15.0,25.3,96.3172,1.5,141,78,12,15.4,VELO_BAND_1.5,58.6,41.4,19.1,80.9,3.3,96.7,0.2,99.8,41.4,39.5,15.8,3.1,0.2
60,2026-09-10,824872,TB,ATL,680700,Richie Palacios,L,8.0,LAST7_CONFIRMED,PROJECTED_STARTER,False,6,85.7,8.0,527048,Martín Pérez,L,3.98,0.6111,22.7,,,,,,,,,,,,,,0.8186,1.5,LESS,80.7,-418,73,87,0.4,0.5,0.4,20.0,30.0,26.7,20.0,20.0,13.3,0,0,22.5,22.5,0,11.5,28.5,28.5,75.5,82.5,11.5,0.0,43,20.9,18.1,20.9,27.4,Sinker,37.2,6.2,15.3,25.3,87.5633,1.5,25,13,2,15.4,VELO_BAND_1.5,59.0,41.0,19.3,80.7,3.3,96.7,0.3,99.7,41.0,39.7,16.0,3.0,0.3
61,2026-09-10,824550,CWS,PIT,808959,Munetaka Murakami,L,3.0,LAST7_CONFIRMED,PROJECTED_STARTER,False,6,85.7,3.0,683003,Jared Jones,R,4.49,0.6991,24.1,,,,,,,,,,,,,,1.4162,0.5,MORE,80.5,-412,78,89,2.6,2.0,2.0,100.0,100.0,100.0,80.0,50.0,60.0,0,0,22.5,22.5,0,11.5,28.5,28.5,75.5,82.5,11.5,0.0,213,34.3,27.5,29.0,29.4,4-Seam,46.0,42.9,37.6,32.9,98.3114,1.5,95,45,17,37.8,VELO_BAND_1.5,80.5,19.5,43.9,56.1,14.5,85.5,2.5,97.5,19.5,36.5,29.5,11.9,2.5
62,2026-09-10,824550,CWS,PIT,695657,Colson Montgomery,L,5.0,LAST7_CONFIRMED,PROJECTED_STARTER,False,7,100.0,5.0,683003,Jared Jones,R,4.31,0.6991,24.1,,,,,,,,,,,,,,1.3979,0.5,MORE,80.0,-401,83,90,2.0,1.6,1.9333,100.0,100.0,100.0,60.0,40.0,60.0,0,0,22.5,22.5,0,11.5,28.5,28.5,75.5,82.5,11.5,0.0,284,40.5,27.5,29.0,29.4,4-Seam,46.0,28.5,32.3,30.6,98.3114,1.5,171,100,34,34.0,VELO_BAND_1.5,80.0,20.0,43.0,57.0,14.1,85.9,2.4,97.6,20.0,37.0,29.0,11.6,2.4
63,2026-09-10,824550,PIT,CWS,663968,Jake Mangum,S,9.0,LAST7_CONFIRMED,PROJECTED_STARTER,False,5,71.4,9.0,696146,Hagen Smith,L,3.88,0.42,21.7,,,,,,,,,,,,,,0.8366,1.5,LESS,79.9,-399,70,87,0.4,0.6,1.0,40.0,50.0,60.0,0.0,10.0,26.7,0,0,22.5,22.5,0,11.5,28.5,28.5,75.5,82.5,11.5,0.0,88,21.6,37.1,34.5,35.2,4-Seam,50.7,16.4,15.8,25.1,92.6616,1.5,254,127,14,11.0,VELO_BAND_1.5,60.0,40.0,20.1,79.9,3.4,96.6,0.3,99.7,40.0,39.9,16.7,3.1,0.3
64,2026-09-10,823413,PHI,HOU,702222,Justin Crawford,L,7.0,LAST7_CONFIRMED,PROJECTED_STARTER,False,4,57.1,7.0,664299,Cristian Javier,R,4.09,0.5972,22.9,,,,,,,,,,,,,,0.8486,1.5,LESS,79.5,-389,75,88,0.6,0.5,0.3333,60.0,50.0,33.3,0.0,0.0,0.0,0,0,22.5,22.5,0,11.5,28.5,28.5,75.5,82.5,11.5,0.0,249,16.1,26.3,29.9,29.0,4-Seam,47.7,16.5,15.9,25.7,92.6901,1.5,176,87,7,8.0,VELO_BAND_1.5,60.2,39.8,20.5,79.5,3.9,96.1,0.3,99.7,39.8,39.7,16.6,3.5,0.3
65,2026-09-10,824872,TB,ATL,650490,Yandy Díaz,R,1.0,LAST7_CONFIRMED,PROJECTED_STARTER,False,6,85.7,1.0,527048,Martín Pérez,L,4.72,0.6111,22.7,,,,,,,,,,,,,,0.8498,1.5,LESS,79.5,-388,81,90,0.4,0.7,0.6,40.0,50.0,40.0,0.0,10.0,13.3,0,0,22.5,22.5,0,11.5,28.5,28.5,75.5,82.5,11.5,0.0,129,10.1,18.1,20.9,27.4,Sinker,37.2,4.7,10.6,25.5,87.5633,1.5,48,27,3,11.1,VELO_BAND_1.5,59.6,40.4,20.5,79.5,4.3,95.7,0.5,99.5,40.4,39.1,16.2,3.8,0.5
66,2026-09-10,824550,CWS,PIT,671976,Tristan Peters,L,7.0,LAST7_CONFIRMED,PROJECTED_STARTER,False,6,85.7,7.0,683003,Jared Jones,R,4.09,0.6991,24.1,,,,,,,,,,,,,,0.8449,1.5,LESS,79.5,-387,81,90,0.2,0.4,0.4667,20.0,40.0,46.7,0.0,0.0,0.0,0,0,22.5,22.5,0,11.5,28.5,28.5,75.5,82.5,11.5,0.0,285,15.8,27.5,29.0,29.4,4-Seam,46.0,16.9,20.1,25.9,98.3114,1.5,105,60,8,13.3,VELO_BAND_1.5,60.0,40.0,20.5,79.5,3.6,96.4,0.3,99.7,40.0,39.5,17.0,3.2,0.3
67,2026-09-10,823499,COL,NYY,681198,TJ Rumfield,L,3.0,LAST7_CONFIRMED,PROJECTED_STARTER,False,6,85.7,3.0,608331,Max Fried,L,4.49,0.6528,24.3,,,,,,,,,,,,,,0.8487,1.5,LESS,79.3,-383,75,88,0.6,0.5,0.4667,60.0,50.0,46.7,0.0,0.0,0.0,0,0,22.5,22.5,0,11.5,28.5,28.5,75.5,82.5,11.5,0.0,139,12.9,27.7,21.7,26.6,Cutter,21.4,14.3,13.8,22.8,93.5035,1.5,294,137,15,10.9,VELO_BAND_1.5,59.7,40.3,20.7,79.3,4.0,96.0,0.4,99.6,40.3,39.0,16.7,3.6,0.4
68,2026-09-10,824550,PIT,CWS,669707,Jared Triolo,R,9.02,LAST7_CONFIRMED,PROJECTED_STARTER,False,5,71.4,9.02,696146,Hagen Smith,L,3.88,0.42,21.7,,,,,,,,,,,,,,0.8597,1.5,LESS,79.3,-383,69,86,0.8,0.6,0.4667,40.0,30.0,26.7,40.0,30.0,20.0,0,0,22.5,22.5,0,11.5,28.5,28.5,75.5,82.5,11.5,0.0,116,14.7,37.1,34.5,35.2,4-Seam,50.7,9.9,17.0,27.1,92.6616,1.5,213,101,12,11.9,VELO_BAND_1.5,61.2,38.8,20.7,79.3,3.8,96.2,0.3,99.7,38.8,40.5,16.9,3.5,0.3
69,2026-09-10,824550,PIT,CWS,687462,Spencer Horwitz,L,7.0,LAST7_CONFIRMED,PROJECTED_STARTER,False,6,85.7,7.0,696146,Hagen Smith,L,4.09,0.42,21.7,,,,,,,,,,,,,,0.856,1.5,LESS,79.3,-382,67,86,0.4,0.8,1.0,20.0,50.0,66.7,20.0,20.0,26.7,0,0,22.5,22.5,0,11.5,28.5,28.5,75.5,82.5,11.5,0.0,64,18.8,37.1,34.5,35.2,4-Seam,50.7,15.9,16.0,27.7,92.6616,1.5,199,86,12,14.0,VELO_BAND_1.5,60.6,39.4,20.7,79.3,3.8,96.2,0.4,99.6,39.4,39.9,16.9,3.5,0.4
70,2026-09-10,824872,TB,ATL,656775,Cedric Mullins,L,7.0,LAST7_CONFIRMED,PROJECTED_STARTER,False,4,57.1,7.0,527048,Martín Pérez,L,4.09,0.6111,22.7,,,,,,,,,,,,,,0.8644,1.5,LESS,79.2,-381,75,88,0.0,0.3,0.2667,0.0,20.0,20.0,0.0,10.0,6.7,0,0,22.5,22.5,0,11.5,28.5,28.5,75.5,82.5,11.5,0.0,72,20.8,18.1,20.9,27.4,Sinker,37.2,13.2,17.0,26.6,87.5633,1.5,59,22,6,27.3,VELO_BAND_1.5,61.2,38.8,20.8,79.2,4.1,95.9,0.3,99.7,38.8,40.4,16.7,3.8,0.3
71,2026-09-10,823413,PHI,HOU,656941,Kyle Schwarber,L,1.0,LAST7_CONFIRMED,PROJECTED_STARTER,False,6,85.7,1.0,664299,Cristian Javier,R,4.72,0.5972,22.9,,,,,,,,,,,,,,1.3507,0.5,MORE,78.4,-364,80,89,0.4,0.9,1.0,40.0,60.0,66.7,0.0,30.0,33.3,0,0,22.5,22.5,0,11.5,28.5,28.5,75.5,82.5,11.5,0.0,280,35.7,26.3,29.9,29.0,4-Seam,47.7,27.4,29.8,30.2,92.6901,1.5,255,118,27,22.9,VELO_BAND_1.5,78.4,21.6,40.8,59.2,13.2,86.8,2.4,97.6,21.6,37.7,27.5,10.9,2.4
72,2026-09-10,823499,COL,NYY,691182,Adael Amador,S,7.0,LAST7_CONFIRMED,PROJECTED_STARTER,False,5,71.4,7.0,608331,Max Fried,L,4.09,0.6528,24.3,,,,,,,,,,,,,,0.88,1.5,LESS,78.3,-362,61,84,0.2,0.5,0.5455,20.0,40.0,45.5,0.0,10.0,9.1,0,0,22.5,22.5,0,11.5,28.5,28.5,75.5,82.5,11.5,0.0,15,13.3,27.7,21.7,26.6,Cutter,21.4,0.0,11.9,26.7,93.5035,1.5,36,20,3,15.0,VELO_BAND_1.5,62.0,38.0,21.7,78.3,4.0,96.0,0.3,99.7,38.0,40.3,17.6,3.7,0.3
73,2026-09-10,824550,PIT,CWS,693304,Nick Gonzales,R,4.0,LAST7_CONFIRMED,PROJECTED_STARTER,False,6,85.7,4.0,696146,Hagen Smith,L,4.42,0.42,21.7,,,,,,,,,,,,,,0.8897,1.5,LESS,77.7,-349,73,87,0.2,0.5,0.5333,20.0,40.0,40.0,0.0,10.0,13.3,0,0,22.5,22.5,0,11.5,28.5,28.5,75.5,82.5,11.5,0.0,130,12.3,37.1,34.5,35.2,4-Seam,50.7,13.7,18.6,22.6,92.6616,1.5,265,129,20,15.5,VELO_BAND_1.5,61.9,38.1,22.3,77.7,4.2,95.8,0.5,99.5,38.1,39.7,18.0,3.7,0.5
74,2026-09-10,823413,PHI,HOU,681082,Bryson Stott,L,5.0,LAST7_CONFIRMED,PROJECTED_STARTER,False,6,85.7,5.0,664299,Cristian Javier,R,4.31,0.5972,22.9,,,,,,,,,,,,,,0.8965,1.5,LESS,77.6,-346,79,89,0.6,0.7,0.8,40.0,50.0,46.7,20.0,20.0,26.7,0,0,22.5,22.5,0,11.5,28.5,28.5,75.5,82.5,11.5,0.0,301,15.6,26.3,29.9,29.0,4-Seam,47.7,19.2,17.5,29.1,92.6901,1.5,354,135,16,11.9,VELO_BAND_1.5,62.1,37.9,22.4,77.6,4.7,95.3,0.5,99.5,37.9,39.6,17.7,4.2,0.5
75,2026-09-10,823499,NYY,COL,671277,Luis García Jr.,L,4.0,LAST7_CONFIRMED,PROJECTED_STARTER,False,5,71.4,4.0,663372,Ryan Feltner,R,4.42,0.78,17.4,,,,,,,,,,,,,,0.9073,1.5,LESS,77.2,-339,82,90,1.0,0.8,0.7333,80.0,60.0,53.3,20.0,20.0,20.0,0,0,22.5,22.5,0,11.5,28.5,28.5,75.5,82.5,11.5,0.0,297,17.8,16.4,21.9,26.1,4-Seam,29.7,13.0,17.6,24.9,94.6078,1.5,223,115,13,11.3,VELO_BAND_1.5,62.3,37.7,22.8,77.2,5.0,95.0,0.6,99.4,37.7,39.5,17.7,4.5,0.6
76,2026-09-10,823413,HOU,PHI,673237,Yainer Diaz,R,5.0,LAST7_CONFIRMED,PROJECTED_STARTER,False,5,71.4,5.0,554430,Zack Wheeler,R,4.31,0.7593,25.9,,,,,,,,,,,,,,0.9204,1.5,LESS,76.5,-326,73,87,0.4,0.5,0.6,40.0,40.0,40.0,0.0,10.0,13.3,0,0,22.5,22.5,0,11.5,28.5,28.5,75.5,82.5,11.5,0.0,142,12.7,31.2,28.6,28.1,4-Seam,36.3,17.1,14.7,26.3,94.4564,1.5,111,58,8,13.8,VELO_BAND_1.5,63.2,36.8,23.5,76.5,5.0,95.0,0.4,99.6,36.8,39.7,18.5,4.5,0.4
77,2026-09-10,824550,CWS,PIT,695731,Braden Montgomery,S,6.0,LAST7_CONFIRMED,PROJECTED_STARTER,False,6,85.7,6.0,683003,Jared Jones,R,4.2,0.6991,24.1,,,,,,,,,,,,,,0.9327,1.5,LESS,76.3,-322,79,89,0.6,0.3,0.4,60.0,30.0,40.0,0.0,0.0,0.0,0,0,22.5,22.5,0,11.5,28.5,28.5,75.5,82.5,11.5,0.0,225,16.9,27.5,29.0,29.4,4-Seam,46.0,20.9,20.7,24.7,98.3114,1.5,91,54,12,22.2,VELO_BAND_1.5,64.1,35.9,23.7,76.3,5.0,95.0,0.5,99.5,35.9,40.4,18.7,4.5,0.5
78,2026-09-10,824872,TB,ATL,683748,Victor Mesa Jr.,L,5.0,LAST7_CONFIRMED,PROJECTED_STARTER,False,7,100.0,5.0,527048,Martín Pérez,L,4.31,0.6111,22.7,,,,,,,,,,,,,,0.9268,1.5,LESS,76.3,-322,71,87,0.4,0.2,0.4,40.0,20.0,40.0,0.0,0.0,0.0,0,0,22.5,22.5,0,11.5,28.5,28.5,75.5,82.5,11.5,0.0,46,15.2,18.1,20.9,27.4,Sinker,37.2,6.8,13.8,25.5,87.5633,2.5,34,16,3,18.8,VELO_BAND_2.5,63.5,36.5,23.7,76.3,5.0,95.0,0.5,99.5,36.5,39.8,18.7,4.5,0.5
79,2026-09-10,823499,NYY,COL,641355,Cody Bellinger,L,2.0,LAST7_CONFIRMED,PROJECTED_STARTER,False,7,100.0,2.0,663372,Ryan Feltner,R,4.6,0.78,17.4,,,,,,,,,,,,,,0.9298,1.5,LESS,76.3,-321,79,89,0.8,0.7,0.6,40.0,50.0,40.0,20.0,10.0,13.3,0,0,22.5,22.5,0,11.5,28.5,28.5,75.5,82.5,11.5,0.0,194,17.5,16.4,21.9,26.1,4-Seam,29.7,15.7,16.8,26.0,94.6078,1.5,255,130,21,16.2,VELO_BAND_1.5,63.5,36.5,23.7,76.3,5.1,94.9,0.6,99.4,36.5,39.8,18.7,4.5,0.6
80,2026-09-10,823499,NYY,COL,682987,Spencer Jones,L,5.0,LAST7_CONFIRMED,PROJECTED_STARTER,False,7,100.0,5.0,663372,Ryan Feltner,R,4.31,0.78,17.4,,,,,,,,,,,,,,1.2665,0.5,MORE,76.2,-320,75,88,2.2,1.4,1.3333,100.0,80.0,80.0,60.0,30.0,26.7,0,0,22.5,22.5,0,11.5,28.5,28.5,75.5,82.5,11.5,0.0,173,38.2,16.4,21.9,26.1,4-Seam,29.7,29.1,29.6,28.9,94.6078,1.5,247,124,38,30.6,VELO_BAND_1.5,76.2,23.8,37.7,62.3,10.9,89.1,1.7,98.3,23.8,38.5,26.8,9.2,1.7
81,2026-09-10,824550,CWS,PIT,805367,Chase Meidroth,R,8.0,LAST7_CONFIRMED,PROJECTED_STARTER,False,7,100.0,8.0,683003,Jared Jones,R,3.98,0.6991,24.1,,,,,,,,,,,,,,0.9432,1.5,LESS,75.9,-315,83,90,1.2,0.7,0.7333,80.0,50.0,53.3,40.0,20.0,20.0,0,0,22.5,22.5,0,11.5,28.5,28.5,75.5,82.5,11.5,0.0,297,21.5,27.5,29.0,29.4,4-Seam,46.0,14.3,17.0,29.3,98.3114,1.5,127,70,13,18.6,VELO_BAND_1.5,64.9,35.1,24.1,75.9,4.9,95.1,0.5,99.5,35.1,40.8,19.2,4.4,0.5
82,2026-09-10,824550,PIT,CWS,664040,Brandon Lowe,L,2.0,LAST7_CONFIRMED,PROJECTED_STARTER,False,7,100.0,2.0,696146,Hagen Smith,L,4.6,0.42,21.7,,,,,,,,,,,,,,1.2662,0.5,MORE,75.9,-314,74,88,0.6,0.7,1.2,40.0,50.0,60.0,20.0,20.0,33.3,0,0,22.5,22.5,0,11.5,28.5,28.5,75.5,82.5,11.5,0.0,144,38.9,37.1,34.5,35.2,4-Seam,50.7,25.0,28.2,29.2,92.6616,1.5,280,131,34,26.0,VELO_BAND_1.5,75.9,24.1,37.5,62.5,11.3,88.7,1.8,98.2,24.1,38.3,26.2,9.5,1.8
83,2026-09-10,823413,PHI,HOU,664761,Alec Bohm,R,1.01,LAST7_CONFIRMED,PROJECTED_STARTER,False,6,85.7,1.01,664299,Cristian Javier,R,4.72,0.5972,22.9,,,,,,,,,,,,,,0.9432,1.5,LESS,75.8,-313,80,89,1.2,0.9,0.9333,100.0,70.0,66.7,20.0,20.0,20.0,0,0,22.5,22.5,0,11.5,28.5,28.5,75.5,82.5,11.5,0.0,288,16.0,26.3,29.9,29.0,4-Seam,47.7,12.5,16.3,24.6,92.6901,1.5,240,127,14,11.0,VELO_BAND_1.5,64.0,36.0,24.2,75.8,5.5,94.5,0.6,99.4,36.0,39.7,18.8,4.8,0.6
84,2026-09-10,823499,NYY,COL,676609,José Caballero,R,9.0,LAST7_CONFIRMED,PROJECTED_STARTER,False,7,100.0,9.0,663372,Ryan Feltner,R,3.88,0.78,17.4,,,,,,,,,,,,,,0.9499,1.5,LESS,75.8,-313,77,89,1.4,0.9,0.9333,60.0,50.0,66.7,60.0,30.0,20.0,0,0,22.5,22.5,0,11.5,28.5,28.5,75.5,82.5,11.5,0.0,176,22.2,16.4,21.9,26.1,4-Seam,29.7,24.3,22.3,28.6,94.6078,1.5,237,130,20,15.4,VELO_BAND_1.5,65.4,34.6,24.2,75.8,4.9,95.1,0.5,99.5,34.6,41.2,19.3,4.5,0.5
85,2026-09-10,823499,COL,NYY,664983,Jake McCarthy,L,1.0,LAST7_CONFIRMED,PROJECTED_STARTER,False,7,100.0,1.0,608331,Max Fried,L,4.72,0.6528,24.3,,,,,,,,,,,,,,0.9472,1.5,LESS,75.6,-310,75,88,0.6,0.4,0.6,60.0,40.0,53.3,0.0,0.0,6.7,0,0,22.5,22.5,0,11.5,28.5,28.5,75.5,82.5,11.5,0.0,137,14.6,27.7,21.7,26.6,Cutter,21.4,18.5,15.5,22.1,93.5035,1.5,269,159,13,8.2,VELO_BAND_1.5,64.0,36.0,24.4,75.6,5.6,94.4,0.7,99.3,36.0,39.6,18.8,4.9,0.7
86,2026-09-10,823088,SEA,TEX,663728,Cal Raleigh,S,4.0,LAST7_CONFIRMED,PROJECTED_STARTER,False,6,85.7,4.0,594798,Jacob deGrom,R,4.42,0.7778,22.3,,,,,,,,,,,,,,1.2546,0.5,MORE,75.6,-309,78,89,1.0,1.1,1.1333,60.0,80.0,73.3,40.0,30.0,26.7,2,1,50.0,23.7,8,50.0,50.0,20.0,50.0,100.0,100.0,0.0516,172,26.7,28.7,31.2,29.2,4-Seam,39.8,23.6,27.1,29.3,97.3419,1.5,196,101,21,20.8,VELO_BAND_1.5,75.6,24.4,37.2,62.8,10.8,89.2,1.7,98.3,24.4,38.3,26.4,9.1,1.7
87,2026-09-10,824872,TB,ATL,691406,Junior Caminero,R,3.0,LAST7_CONFIRMED,PROJECTED_STARTER,False,7,100.0,3.0,527048,Martín Pérez,L,4.49,0.6111,22.7,,,,,,,,,,,,,,0.9519,1.5,LESS,75.5,-308,80,89,1.0,1.0,0.8,60.0,60.0,53.3,40.0,40.0,26.7,0,0,22.5,22.5,0,11.5,28.5,28.5,75.5,82.5,11.5,0.0,116,15.5,18.1,20.9,27.4,Sinker,37.2,9.6,17.4,27.2,87.5633,1.5,47,17,2,11.8,VELO_BAND_1.5,64.7,35.3,24.5,75.5,5.3,94.7,0.7,99.3,35.3,40.2,19.3,4.6,0.7
88,2026-09-10,824872,ATL,TB,671739,Michael Harris II,L,4.0,LAST7_CONFIRMED,PROJECTED_STARTER,False,6,85.7,4.0,607259,Nick Martinez,R,4.42,0.78,22.0,,,,,,,,,,,,,,0.9573,1.5,LESS,75.4,-306,83,90,0.6,0.9,0.8667,40.0,70.0,66.7,20.0,20.0,20.0,0,0,22.5,22.5,0,11.5,28.5,28.5,75.5,82.5,11.5,0.0,256,21.5,14.2,16.2,25.3,Sinker,31.2,9.0,16.2,25.0,91.3628,1.5,190,88,13,14.8,VELO_BAND_1.5,64.9,35.1,24.6,75.4,5.5,94.5,0.7,99.3,35.1,40.3,19.1,4.8,0.7
89,2026-09-10,823499,COL,NYY,696100,Hunter Goodman,R,4.0,LAST7_CONFIRMED,PROJECTED_STARTER,False,6,85.7,4.0,608331,Max Fried,L,4.42,0.6528,24.3,,,,,,,,,,,,,,1.2467,0.5,MORE,75.4,-306,73,87,1.2,1.3,1.0667,60.0,70.0,66.7,40.0,40.0,26.7,0,0,22.5,22.5,0,11.5,28.5,28.5,75.5,82.5,11.5,0.0,125,32.8,27.7,21.7,26.6,Cutter,21.4,30.2,25.6,28.3,93.5035,1.5,259,137,39,28.5,VELO_BAND_1.5,75.4,24.6,36.7,63.3,10.8,89.2,1.7,98.3,24.6,38.7,25.9,9.1,1.7
90,2026-09-10,824550,CWS,PIT,803011,Sam Antonacci,L,1.0,LAST7_CONFIRMED,PROJECTED_STARTER,False,5,71.4,1.0,683003,Jared Jones,R,4.72,0.6991,24.1,,,,,,,,,,,,,,0.9577,1.5,LESS,75.4,-306,83,90,0.6,0.6,0.6,60.0,60.0,60.0,0.0,0.0,0.0,0,0,22.5,22.5,0,11.5,28.5,28.5,75.5,82.5,11.5,0.0,326,15.3,27.5,29.0,29.4,4-Seam,46.0,10.6,12.9,24.5,98.3114,1.5,134,76,12,15.8,VELO_BAND_1.5,64.7,35.3,24.6,75.4,5.6,94.4,0.8,99.2,35.3,40.0,19.0,4.8,0.8
91,2026-09-10,824550,PIT,CWS,665833,Oneil Cruz,L,5.0,LAST7_CONFIRMED,PROJECTED_STARTER,False,7,100.0,5.0,696146,Hagen Smith,L,4.31,0.42,21.7,,,,,,,,,,,,,,1.2304,0.5,MORE,75.1,-301,64,85,1.4,1.4,1.5333,100.0,100.0,100.0,40.0,40.0,40.0,0,0,22.5,22.5,0,11.5,28.5,28.5,75.5,82.5,11.5,0.0,59,44.1,37.1,34.5,35.2,4-Seam,50.7,18.7,21.9,28.3,92.6616,1.5,106,37,10,27.0,VELO_BAND_1.5,75.1,24.9,36.0,64.0,10.4,89.6,1.5,98.5,24.9,39.1,25.6,8.8,1.5
92,2026-09-10,823413,PHI,HOU,592663,J.T. Realmuto,R,8.0,LAST7_CONFIRMED,PROJECTED_STARTER,False,6,85.7,8.0,664299,Cristian Javier,R,3.98,0.5972,22.9,,,,,,,,,,,,,,0.9669,1.5,LESS,75.0,-301,76,88,1.2,0.9,0.7333,60.0,60.0,53.3,40.0,20.0,13.3,0,0,22.5,22.5,0,11.5,28.5,28.5,75.5,82.5,11.5,0.0,237,24.5,26.3,29.9,29.0,4-Seam,47.7,18.6,20.2,27.1,92.6901,1.5,210,99,14,14.1,VELO_BAND_1.5,66.2,33.8,25.0,75.0,5.1,94.9,0.4,99.6,33.8,41.2,19.8,4.7,0.4
93,2026-09-10,823413,HOU,PHI,662139,Daulton Varsho,L,7.0,LAST7_CONFIRMED,PROJECTED_STARTER,False,7,100.0,7.0,554430,Zack Wheeler,R,4.09,0.7593,25.9,,,,,,,,,,,,,,0.9698,1.5,LESS,75.0,-299,81,90,0.6,0.7,0.8,40.0,50.0,60.0,20.0,20.0,20.0,0,0,22.5,22.5,0,11.5,28.5,28.5,75.5,82.5,11.5,0.0,254,20.1,31.2,28.6,28.1,4-Seam,36.3,18.3,16.7,24.7,94.4564,1.5,293,163,25,15.3,VELO_BAND_1.5,65.9,34.1,25.0,75.0,5.5,94.5,0.5,99.5,34.1,40.9,19.6,4.9,0.5
94,2026-09-10,824872,TB,ATL,622761,Jorge Mateo,R,9.0,LAST7_CONFIRMED,PROJECTED_STARTER,False,6,85.7,9.0,527048,Martín Pérez,L,3.88,0.6111,22.7,,,,,,,,,,,,,,0.9725,1.5,LESS,74.7,-295,69,86,1.4,1.0,0.8667,100.0,80.0,73.3,20.0,10.0,6.7,0,0,22.5,22.5,0,11.5,28.5,28.5,75.5,82.5,11.5,0.0,51,19.6,18.1,20.9,27.4,Sinker,37.2,7.1,18.3,29.7,87.5633,1.5,23,12,3,25.0,VELO_BAND_1.5,66.3,33.7,25.3,74.7,5.1,94.9,0.5,99.5,33.7,41.0,20.3,4.6,0.5
95,2026-09-10,824872,ATL,TB,573262,Mike Yastrzemski,L,6.0,LAST7_CONFIRMED,PROJECTED_STARTER,False,5,71.4,6.0,607259,Nick Martinez,R,4.2,0.78,22.0,,,,,,,,,,,,,,0.9845,1.5,LESS,74.5,-292,77,89,0.8,0.8,0.8,60.0,70.0,73.3,20.0,10.0,6.7,0,0,22.5,22.5,0,11.5,28.5,28.5,75.5,82.5,11.5,0.0,214,22.9,14.2,16.2,25.3,Sinker,31.2,9.3,16.1,28.0,91.3628,1.5,133,43,8,18.6,VELO_BAND_1.5,66.7,33.3,25.5,74.5,5.7,94.3,0.6,99.4,33.3,41.2,19.8,5.0,0.6
96,2026-09-10,823413,HOU,PHI,666211,Taylor Trammell,L,8.0,LAST7_CONFIRMED,PROJECTED_STARTER,False,5,71.4,8.0,554430,Zack Wheeler,R,3.98,0.7593,25.9,,,,,,,,,,,,,,1.1873,0.5,MORE,74.5,-292,76,88,1.2,0.9,0.6667,60.0,60.0,46.7,40.0,20.0,13.3,0,0,22.5,22.5,0,11.5,28.5,28.5,75.5,82.5,11.5,0.0,187,32.6,31.2,28.6,28.1,4-Seam,36.3,32.1,24.9,30.5,94.4564,1.5,152,76,22,28.9,VELO_BAND_1.5,74.5,25.5,34.4,65.6,8.9,91.1,0.9,99.1,25.5,40.2,25.5,8.0,0.9
97,2026-09-10,823088,TEX,SEA,694671,Wyatt Langford,R,5.0,LAST7_CONFIRMED,PROJECTED_STARTER,False,6,85.7,5.0,669302,Logan Gilbert,R,4.31,0.78,22.9,,,,,,,,,,,,,,0.975,1.5,LESS,74.5,-291,80,89,0.8,0.6,0.6,80.0,60.0,53.3,0.0,0.0,6.7,3,0,0.0,21.1,10,0.0,10.0,40.0,100.0,100.0,0.0,0.0693,208,19.7,27.1,27.5,27.7,4-Seam,44.2,13.6,17.4,24.4,96.3172,1.5,205,92,6,6.5,VELO_BAND_1.5,65.6,34.4,25.5,74.5,5.6,94.4,0.7,99.3,34.4,40.0,19.9,4.9,0.7
98,2026-09-10,823413,HOU,PHI,665161,Jeremy Peña,R,1.0,LAST7_CONFIRMED,PROJECTED_STARTER,False,7,100.0,1.0,554430,Zack Wheeler,R,4.72,0.7593,25.9,,,,,,,,,,,,,,1.2194,0.5,MORE,74.3,-289,82,90,1.4,1.1,1.3333,100.0,90.0,93.3,40.0,20.0,33.3,0,0,22.5,22.5,0,11.5,28.5,28.5,75.5,82.5,11.5,0.0,287,23.0,31.2,28.6,28.1,4-Seam,36.3,16.3,22.3,26.7,94.4564,1.5,297,163,27,16.6,VELO_BAND_1.5,74.3,25.7,35.5,64.5,10.3,89.7,1.7,98.3,25.7,38.8,25.2,8.7,1.7
99,2026-09-10,824872,ATL,TB,669221,Sean Murphy,R,9.0,LAST7_CONFIRMED,PROJECTED_STARTER,False,5,71.4,9.0,607259,Nick Martinez,R,3.88,0.78,22.0,,,,,,,,,,,,,,0.9831,1.5,LESS,74.3,-288,67,86,1.2,1.1,1.0667,80.0,90.0,86.7,40.0,20.0,20.0,0,0,22.5,22.5,0,11.5,28.5,28.5,75.5,82.5,11.5,0.0,46,34.8,14.2,16.2,25.3,Sinker,31.2,18.8,16.6,27.6,91.3628,1.5,33,14,3,21.4,VELO_BAND_1.5,66.6,33.4,25.7,74.3,5.4,94.6,0.5,99.5,33.4,40.9,20.3,4.9,0.5
100,2026-09-10,823413,PHI,HOU,656537,Derek Hill,R,6.02,LAST7_CONFIRMED,PROJECTED_STARTER,False,5,71.4,6.02,664299,Cristian Javier,R,4.2,0.5972,22.9,,,,,,,,,,,,,,1.1811,0.5,MORE,74.0,-285,66,85,0.6,0.4,0.6,60.0,40.0,46.7,0.0,0.0,13.3,0,0,22.5,22.5,0,11.5,28.5,28.5,75.5,82.5,11.5,0.0,61,32.8,26.3,29.9,29.0,4-Seam,47.7,29.2,22.5,29.5,92.6901,1.5,130,67,17,25.4,VELO_BAND_1.5,74.0,26.0,33.9,66.1,9.0,91.0,1.1,98.9,26.0,40.1,24.9,7.9,1.1
101,2026-09-10,823088,TEX,SEA,677649,Ezequiel Duran,R,1.0,LAST7_CONFIRMED,PROJECTED_STARTER,False,7,100.0,1.0,669302,Logan Gilbert,R,4.72,0.78,22.9,,,,,,,,,,,,,,1.2085,0.5,MORE,74.0,-284,84,90,1.0,0.8,1.0,40.0,50.0,60.0,40.0,20.0,33.3,3,0,0.0,21.1,4,0.0,25.0,28.5,100.0,100.0,11.5,0.0449,295,24.4,27.1,27.5,27.7,4-Seam,44.2,23.1,23.5,28.0,96.3172,1.5,301,165,24,14.5,VELO_BAND_1.5,74.0,26.0,34.9,65.1,10.1,89.9,1.7,98.3,26.0,39.1,24.8,8.4,1.7
102,2026-09-10,824550,CWS,PIT,691019,Kyle Teel,L,9.0,LAST7_CONFIRMED,PROJECTED_STARTER,False,4,57.1,9.0,683003,Jared Jones,R,3.88,0.6991,24.1,,,,,,,,,,,,,,1.1571,0.5,MORE,73.8,-282,68,85,0.8,1.2,1.1333,60.0,80.0,80.0,20.0,30.0,26.7,0,0,22.5,22.5,0,11.5,28.5,28.5,75.5,82.5,11.5,0.0,64,37.5,27.5,29.0,29.4,4-Seam,46.0,36.8,25.7,31.1,98.3114,1.5,38,21,5,23.8,VELO_BAND_1.5,73.8,26.2,33.0,67.0,7.9,92.1,1.0,99.0,26.2,40.8,25.1,6.9,1.0
103,2026-09-10,823499,NYY,COL,691176,Jasson Domínguez,S,3.01,LAST7_CONFIRMED,PROJECTED_STARTER,False,3,42.9,3.01,663372,Ryan Feltner,R,4.49,0.78,17.4,,,,,,,,,,,,,,0.9974,1.5,LESS,73.7,-280,72,86,0.8,1.0,0.8667,60.0,70.0,66.7,20.0,20.0,13.3,0,0,22.5,22.5,0,11.5,28.5,28.5,75.5,82.5,11.5,0.0,109,22.9,16.4,21.9,26.1,4-Seam,29.7,11.7,16.3,26.2,94.6078,1.5,150,65,10,15.4,VELO_BAND_1.5,66.3,33.7,26.3,73.7,6.3,93.7,0.9,99.1,33.7,40.0,20.0,5.4,0.9
104,2026-09-10,823499,COL,NYY,678662,Ezequiel Tovar,R,9.0,LAST7_CONFIRMED,PROJECTED_STARTER,False,4,57.1,9.0,608331,Max Fried,L,3.88,0.6528,24.3,,,,,,,,,,,,,,1.0126,1.5,LESS,73.0,-271,71,84,1.2,1.1,0.9333,80.0,80.0,66.7,40.0,30.0,26.7,0,0,22.5,22.5,0,11.5,28.5,28.5,75.5,82.5,11.5,0.0,113,31.0,27.7,21.7,26.6,Cutter,21.4,22.4,19.5,25.4,93.5035,1.5,250,141,22,15.6,VELO_BAND_1.5,67.8,32.2,27.0,73.0,5.9,94.1,0.5,99.5,32.2,40.8,21.0,5.4,0.5
105,2026-09-10,823413,HOU,PHI,670541,Yordan Alvarez,L,2.0,LAST7_CONFIRMED,PROJECTED_STARTER,False,6,85.7,2.0,554430,Zack Wheeler,R,4.6,0.7593,25.9,,,,,,,,,,,,,,1.0198,1.5,LESS,72.9,-268,85,88,1.0,0.8,0.9333,80.0,60.0,60.0,20.0,20.0,26.7,0,0,22.5,22.5,0,11.5,28.5,28.5,75.5,82.5,11.5,0.0,338,18.3,31.2,28.6,28.1,4-Seam,36.3,14.5,15.8,26.0,94.4564,1.5,385,158,19,12.0,VELO_BAND_1.5,67.0,33.0,27.1,72.9,6.8,93.2,0.9,99.1,33.0,39.9,20.3,5.9,0.9
106,2026-09-10,823088,SEA,TEX,703155,Lazaro Montes,L,8.0,LAST7_CONFIRMED,PROJECTED_STARTER,False,3,42.9,8.0,594798,Jacob deGrom,R,3.98,0.7778,22.3,,,,,,,,,,,,,,1.1318,0.5,MORE,72.8,-268,64,82,1.6,1.5,1.5,80.0,83.3,83.3,60.0,50.0,50.0,0,0,22.5,22.5,0,11.5,28.5,28.5,75.5,82.5,11.5,0.0,14,50.0,28.7,31.2,29.2,4-Seam,39.8,40.0,18.6,30.9,97.3419,2.5,21,13,7,53.8,VELO_BAND_2.5,72.8,27.2,31.8,68.2,7.7,92.3,0.8,99.2,27.2,41.1,24.1,6.9,0.8
107,2026-09-10,824550,PIT,CWS,804606,Konnor Griffin,R,1.0,LAST7_CONFIRMED,PROJECTED_STARTER,False,5,71.4,1.0,696146,Hagen Smith,L,4.72,0.42,21.7,,,,,,,,,,,,,,1.1705,0.5,MORE,72.8,-268,62,81,1.2,1.3,1.2,80.0,80.0,80.0,20.0,30.0,26.7,0,0,22.5,22.5,0,11.5,28.5,28.5,75.5,82.5,11.5,0.0,36,22.2,37.1,34.5,35.2,4-Seam,50.7,26.8,20.3,29.7,92.6616,1.5,68,36,6,16.7,VELO_BAND_1.5,72.8,27.2,33.6,66.4,9.1,90.9,1.4,98.6,27.2,39.2,24.5,7.7,1.4
108,2026-09-10,824872,ATL,TB,663586,Austin Riley,R,8.0,LAST7_CONFIRMED,PROJECTED_STARTER,False,7,100.0,8.0,607259,Nick Martinez,R,3.98,0.78,22.0,,,,,,,,,,,,,,1.1315,0.5,MORE,72.8,-267,83,87,1.4,1.0,1.1333,80.0,60.0,66.7,60.0,40.0,40.0,0,0,22.5,22.5,0,11.5,28.5,28.5,75.5,82.5,11.5,0.0,280,32.5,14.2,16.2,25.3,Sinker,31.2,14.5,22.9,29.4,91.3628,1.5,178,80,16,20.0,VELO_BAND_1.5,72.8,27.2,31.9,68.1,7.7,92.3,0.8,99.2,27.2,40.8,24.3,6.9,0.8
109,2026-09-10,823088,SEA,TEX,642215,Weston Wilson,R,9.02,LAST7_CONFIRMED,PROJECTED_STARTER,False,3,42.9,9.02,594798,Jacob deGrom,R,3.88,0.7778,22.3,,,,,,,,,,,,,,1.133,0.5,MORE,72.7,-266,69,83,1.4,1.5,1.2,80.0,90.0,73.3,40.0,40.0,33.3,0,0,22.5,22.5,0,11.5,28.5,28.5,75.5,82.5,11.5,0.0,48,33.3,28.7,31.2,29.2,4-Seam,39.8,24.1,25.0,31.1,97.3419,1.5,63,34,10,29.4,VELO_BAND_1.5,72.7,27.3,31.9,68.1,7.7,92.3,0.9,99.1,27.3,40.8,24.2,6.8,0.9
110,2026-09-10,824550,PIT,CWS,804668,Rafael Flores Jr.,R,8.0,LAST7_CONFIRMED,PROJECTED_STARTER,False,5,71.4,8.0,696146,Hagen Smith,L,3.98,0.42,21.7,,,,,,,,,,,,,,1.0214,1.5,LESS,72.7,-266,62,81,0.4,0.9,1.0667,40.0,60.0,60.0,0.0,30.0,40.0,0,0,22.5,22.5,0,11.5,28.5,28.5,75.5,82.5,11.5,0.0,56,28.6,37.1,34.5,35.2,4-Seam,50.7,26.8,22.2,31.0,92.6616,1.5,85,42,10,23.8,VELO_BAND_1.5,68.2,31.8,27.3,72.7,6.0,94.0,0.6,99.4,31.8,40.8,21.3,5.5,0.6
111,2026-09-10,823499,NYY,COL,669224,Austin Wells,L,8.0,LAST7_CONFIRMED,PROJECTED_STARTER,False,6,85.7,8.0,663372,Ryan Feltner,R,3.98,0.78,17.4,,,,,,,,,,,,,,1.0308,1.5,LESS,72.6,-265,76,84,1.0,0.7,1.1333,80.0,60.0,73.3,20.0,10.0,26.7,0,0,22.5,22.5,0,11.5,28.5,28.5,75.5,82.5,11.5,0.0,177,27.7,16.4,21.9,26.1,4-Seam,29.7,14.4,21.5,28.5,94.6078,1.5,166,78,11,14.1,VELO_BAND_1.5,68.9,31.1,27.4,72.6,6.2,93.8,0.6,99.4,31.1,41.5,21.2,5.6,0.6
112,2026-09-10,824550,CWS,PIT,678246,Miguel Vargas,R,2.01,LAST7_CONFIRMED,PROJECTED_STARTER,False,7,100.0,2.01,683003,Jared Jones,R,4.6,0.6991,24.1,,,,,,,,,,,,,,1.0315,1.5,LESS,72.5,-264,84,86,1.0,1.0,0.8,80.0,80.0,66.7,20.0,20.0,13.3,0,0,22.5,22.5,0,11.5,28.5,28.5,75.5,82.5,11.5,0.0,326,18.7,27.5,29.0,29.4,4-Seam,46.0,17.2,18.4,24.8,98.3114,1.5,218,107,20,18.7,VELO_BAND_1.5,67.8,32.2,27.5,72.5,6.8,93.2,0.9,99.1,32.2,40.3,20.7,5.9,0.9
113,2026-09-10,823088,TEX,SEA,694497,Evan Carter,L,9.01,LAST7_CONFIRMED,PROJECTED_STARTER,False,7,100.0,9.01,669302,Logan Gilbert,R,3.88,0.78,22.9,,,,,,,,,,,,,,1.0332,1.5,LESS,72.3,-261,78,84,1.4,1.1,0.9333,80.0,80.0,73.3,60.0,30.0,20.0,3,1,33.3,23.2,12,50.0,33.3,22.2,50.0,100.0,100.0,0.0754,216,25.0,27.1,27.5,27.7,4-Seam,44.2,18.2,22.7,30.5,96.3172,1.5,173,72,9,12.5,VELO_BAND_1.5,68.6,31.4,27.7,72.3,6.4,93.6,0.6,99.4,31.4,40.9,21.4,5.8,0.6
114,2026-09-10,823499,COL,NYY,691728,Zac Veen,L,9.0,LAST7_CONFIRMED,PROJECTED_STARTER,False,4,57.1,9.0,608331,Max Fried,L,3.88,0.6528,24.3,,,,,,,,,,,,,,1.1091,0.5,MORE,72.1,-259,61,79,1.0,0.7,0.8,80.0,60.0,60.0,20.0,10.0,20.0,0,0,22.5,22.5,0,11.5,28.5,28.5,75.5,82.5,11.5,0.0,6,33.3,27.7,21.7,26.6,Cutter,21.4,28.6,20.0,28.8,93.5035,1.5,43,22,13,59.1,VELO_BAND_1.5,72.1,27.9,30.8,69.2,7.2,92.8,0.7,99.3,27.9,41.3,23.6,6.5,0.7
115,2026-09-10,823088,TEX,SEA,669394,Jake Burger,R,7.0,LAST7_CONFIRMED,PROJECTED_STARTER,False,6,85.7,7.0,669302,Logan Gilbert,R,4.09,0.78,22.9,,,,,,,,,,,,,,1.1197,0.5,MORE,72.0,-258,84,85,1.4,1.1,1.1333,80.0,70.0,73.3,40.0,30.0,33.3,3,2,66.7,25.3,18,75.0,38.9,0.0,25.0,25.0,100.0,0.0903,275,27.3,27.1,27.5,27.7,4-Seam,44.2,25.7,28.9,30.6,96.3172,1.5,216,104,21,20.2,VELO_BAND_1.5,72.0,28.0,31.4,68.6,7.7,92.3,0.8,99.2,28.0,40.6,23.7,6.8,0.8
116,2026-09-10,823499,NYY,COL,641857,Ryan McMahon,L,7.0,LAST7_CONFIRMED,PROJECTED_STARTER,False,6,85.7,7.0,663372,Ryan Feltner,R,4.09,0.78,17.4,,,,,,,,,,,,,,1.0407,1.5,LESS,72.0,-257,75,82,0.6,0.9,0.8667,40.0,70.0,66.7,20.0,20.0,20.0,0,0,22.5,22.5,0,11.5,28.5,28.5,75.5,82.5,11.5,0.0,168,29.2,16.4,21.9,26.1,4-Seam,29.7,18.4,21.3,29.3,94.6078,1.5,153,63,13,20.6,VELO_BAND_1.5,68.9,31.1,28.0,72.0,6.5,93.5,0.6,99.4,31.1,40.8,21.5,5.9,0.6
117,2026-09-10,824872,TB,ATL,700652,Kenny Piper,R,4.01,LAST7_CONFIRMED,PROJECTED_STARTER,False,4,57.1,4.01,527048,Martín Pérez,L,4.42,0.6111,22.7,,,,,,,,,,,,,,1.0384,1.5,LESS,72.0,-257,62,79,0.6,0.6,0.6,40.0,40.0,40.0,20.0,20.0,20.0,0,0,22.5,22.5,0,11.5,28.5,28.5,75.5,82.5,11.5,0.0,4,50.0,18.1,20.9,27.4,Sinker,37.2,33.3,12.5,27.4,87.5633,,28,16,6,37.5,HITTER_FASTBALL_FALLBACK,68.1,31.9,28.0,72.0,6.8,93.2,0.9,99.1,31.9,40.1,21.3,5.9,0.9
118,2026-09-10,823088,TEX,SEA,553869,Elias Díaz,R,8.0,LAST7_CONFIRMED,PROJECTED_STARTER,False,5,71.4,8.0,669302,Logan Gilbert,R,3.98,0.78,22.9,,,,,,,,,,,,,,1.0389,1.5,LESS,71.8,-254,73,81,1.0,1.0,0.8,60.0,70.0,60.0,20.0,20.0,13.3,2,1,50.0,23.7,8,33.3,50.0,50.0,66.7,100.0,50.0,0.0516,113,24.8,27.1,27.5,27.7,4-Seam,44.2,22.3,22.5,28.6,96.3172,1.5,160,82,18,22.0,VELO_BAND_1.5,68.6,31.4,28.2,71.8,6.3,93.7,0.7,99.3,31.4,40.4,21.9,5.7,0.7
119,2026-09-10,823413,HOU,PHI,701358,Cam Smith,R,8.0,LAST7_CONFIRMED,PROJECTED_STARTER,False,6,85.7,8.0,554430,Zack Wheeler,R,3.98,0.7593,25.9,,,,,,,,,,,,,,1.045,1.5,LESS,71.6,-252,81,83,1.2,1.0,1.0,80.0,70.0,73.3,20.0,20.0,20.0,0,0,22.5,22.5,0,11.5,28.5,28.5,75.5,82.5,11.5,0.0,254,23.6,31.2,28.6,28.1,4-Seam,36.3,18.2,21.4,25.9,94.4564,1.5,280,161,20,12.4,VELO_BAND_1.5,69.4,30.6,28.4,71.6,6.1,93.9,0.6,99.4,30.6,41.0,22.4,5.4,0.6
120,2026-09-10,823088,SEA,TEX,668227,Randy Arozarena,R,2.0,LAST7_CONFIRMED,PROJECTED_STARTER,False,7,100.0,2.0,594798,Jacob deGrom,R,4.6,0.7778,22.3,,,,,,,,,,,,,,1.1411,0.5,MORE,71.5,-251,85,84,1.4,1.4,1.2,100.0,80.0,73.3,40.0,50.0,40.0,3,0,0.0,21.1,19,0.0,10.5,44.4,100.0,100.0,0.0,0.0924,298,23.2,28.7,31.2,29.2,4-Seam,39.8,28.0,23.5,29.6,97.3419,1.5,229,102,25,24.5,VELO_BAND_1.5,71.5,28.5,32.3,67.7,8.9,91.1,1.3,98.7,28.5,39.3,23.3,7.6,1.3
121,2026-09-10,823499,NYY,COL,806146,George Lombard Jr.,R,6.0,LAST7_CONFIRMED,PROJECTED_STARTER,False,5,71.4,6.0,663372,Ryan Feltner,R,4.2,0.78,17.4,,,,,,,,,,,,,,1.053,1.5,LESS,71.4,-249,69,79,1.6,1.3,1.3333,100.0,70.0,73.3,60.0,50.0,46.7,0,0,22.5,22.5,0,11.5,28.5,28.5,75.5,82.5,11.5,0.0,85,27.1,16.4,21.9,26.1,4-Seam,29.7,30.0,18.3,29.3,94.6078,1.5,105,42,4,9.5,VELO_BAND_1.5,68.9,31.1,28.6,71.4,6.8,93.2,0.9,99.1,31.1,40.3,21.8,6.0,0.9
122,2026-09-10,823499,COL,NYY,694249,Cole Carrigg,S,2.0,LAST7_CONFIRMED,PROJECTED_STARTER,False,6,85.7,2.0,608331,Max Fried,L,4.6,0.6528,24.3,,,,,,,,,,,,,,1.1375,0.5,MORE,71.4,-249,71,79,1.4,0.9,1.1333,100.0,70.0,80.0,40.0,20.0,26.7,0,0,22.5,22.5,0,11.5,28.5,28.5,75.5,82.5,11.5,0.0,129,25.6,27.7,21.7,26.6,Cutter,21.4,20.8,19.7,26.4,93.5035,1.5,199,118,11,9.3,VELO_BAND_1.5,71.4,28.6,32.3,67.7,8.7,91.3,1.3,98.7,28.6,39.1,23.6,7.4,1.3
123,2026-09-10,824550,PIT,CWS,668804,Bryan Reynolds,S,3.0,LAST7_CONFIRMED,PROJECTED_STARTER,False,7,100.0,3.0,696146,Hagen Smith,L,4.49,0.42,21.7,,,,,,,,,,,,,,1.0545,1.5,LESS,71.3,-249,75,81,0.6,0.8,0.7333,60.0,60.0,53.3,0.0,20.0,20.0,0,0,22.5,22.5,0,11.5,28.5,28.5,75.5,82.5,11.5,0.0,155,21.9,37.1,34.5,35.2,4-Seam,50.7,13.2,21.2,26.6,92.6616,1.5,264,136,23,16.9,VELO_BAND_1.5,68.4,31.6,28.7,71.3,7.3,92.7,1.0,99.0,31.6,39.7,21.4,6.3,1.0
124,2026-09-10,823088,SEA,TEX,686527,Dominic Canzone,L,3.0,LAST7_CONFIRMED,PROJECTED_STARTER,False,7,100.0,3.0,594798,Jacob deGrom,R,4.49,0.7778,22.3,,,,,,,,,,,,,,1.0591,1.5,LESS,71.3,-249,82,82,1.0,1.1,1.0667,60.0,70.0,73.3,40.0,30.0,26.7,3,0,0.0,21.1,7,20.0,42.9,100.0,80.0,100.0,0.0,0.0587,260,21.2,28.7,31.2,29.2,4-Seam,39.8,14.6,21.8,28.7,97.3419,1.5,151,81,9,11.1,VELO_BAND_1.5,69.0,31.0,28.7,71.3,7.1,92.9,1.1,98.9,31.0,40.3,21.6,6.0,1.1
125,2026-09-10,823088,SEA,TEX,641487,J.P. Crawford,L,1.0,LAST7_CONFIRMED,PROJECTED_STARTER,False,7,100.0,1.0,594798,Jacob deGrom,R,4.72,0.7778,22.3,,,,,,,,,,,,,,1.1293,0.5,MORE,71.2,-248,78,81,0.6,0.6,0.8667,60.0,60.0,66.7,0.0,0.0,13.3,2,1,50.0,23.7,12,60.0,33.3,33.3,40.0,50.0,50.0,0.0622,186,23.7,28.7,31.2,29.2,4-Seam,39.8,18.8,16.7,27.1,97.3419,1.5,165,79,19,24.1,VELO_BAND_1.5,71.2,28.8,31.7,68.3,8.7,91.3,1.3,98.7,28.8,39.5,23.0,7.4,1.3
126,2026-09-10,823088,TEX,SEA,608369,Corey Seager,L,2.0,LAST7_CONFIRMED,PROJECTED_STARTER,False,6,85.7,2.0,669302,Logan Gilbert,R,4.6,0.78,22.9,,,,,,,,,,,,,,1.0595,1.5,LESS,71.2,-247,73,80,0.8,0.6,0.8,60.0,50.0,53.3,20.0,10.0,20.0,0,0,22.5,22.5,0,11.5,28.5,28.5,75.5,82.5,11.5,0.0,115,20.9,27.1,27.5,27.7,4-Seam,44.2,22.4,22.3,24.4,96.3172,1.5,99,60,8,13.3,VELO_BAND_1.5,68.6,31.4,28.8,71.2,7.4,92.6,1.1,98.9,31.4,39.9,21.4,6.4,1.1
127,2026-09-10,823499,COL,NYY,681393,Connor Norby,R,8.0,LAST7_CONFIRMED,PROJECTED_STARTER,False,6,85.7,8.0,608331,Max Fried,L,3.98,0.6528,24.3,,,,,,,,,,,,,,1.0604,1.5,LESS,71.2,-247,66,78,1.0,1.0,1.0667,60.0,70.0,73.3,40.0,30.0,33.3,0,0,22.5,22.5,0,11.5,28.5,28.5,75.5,82.5,11.5,0.0,65,27.7,27.7,21.7,26.6,Cutter,21.4,7.5,18.3,24.6,93.5035,1.5,149,79,15,19.0,VELO_BAND_1.5,70.0,30.0,28.8,71.2,6.6,93.4,0.7,99.3,30.0,41.2,22.2,5.9,0.7
128,2026-09-10,824872,ATL,TB,660670,Ronald Acuña Jr.,R,2.0,LAST7_CONFIRMED,PROJECTED_STARTER,False,7,100.0,2.0,607259,Nick Martinez,R,4.6,0.78,22.0,,,,,,,,,,,,,,1.063,1.5,LESS,71.1,-245,76,80,0.4,0.7,0.8667,40.0,60.0,60.0,0.0,10.0,20.0,0,0,22.5,22.5,0,11.5,28.5,28.5,75.5,82.5,11.5,0.0,172,24.4,14.2,16.2,25.3,Sinker,31.2,17.5,21.0,24.7,91.3628,1.5,140,76,14,18.4,VELO_BAND_1.5,68.8,31.2,28.9,71.1,7.5,92.5,1.1,98.9,31.2,39.8,21.5,6.4,1.1
129,2026-09-10,823088,TEX,SEA,679822,Justin Foscue,R,3.0,LAST7_CONFIRMED,PROJECTED_STARTER,False,5,71.4,3.0,669302,Logan Gilbert,R,4.49,0.78,22.9,,,,,,,,,,,,,,1.1214,0.5,MORE,71.0,-245,72,79,0.4,0.6,0.6667,40.0,40.0,46.7,0.0,20.0,20.0,0,0,22.5,22.5,0,11.5,28.5,28.5,75.5,82.5,11.5,0.0,73,26.0,27.1,27.5,27.7,4-Seam,44.2,17.2,17.6,29.1,96.3172,1.5,117,64,13,20.3,VELO_BAND_1.5,71.0,29.0,31.2,68.8,8.4,91.6,1.3,98.7,29.0,39.8,22.8,7.1,1.3
130,2026-09-10,823499,COL,NYY,666160,Mickey Moniak,L,5.0,LAST7_CONFIRMED,PROJECTED_STARTER,False,7,100.0,5.0,608331,Max Fried,L,4.31,0.6528,24.3,,,,,,,,,,,,,,1.1156,0.5,MORE,70.9,-244,68,77,1.2,1.3,1.2667,60.0,70.0,73.3,40.0,40.0,40.0,0,0,22.5,22.5,0,11.5,28.5,28.5,75.5,82.5,11.5,0.0,62,29.0,27.7,21.7,26.6,Cutter,21.4,20.6,20.1,27.0,93.5035,1.5,137,87,14,16.1,VELO_BAND_1.5,70.9,29.1,31.4,68.6,8.1,91.9,1.1,98.9,29.1,39.6,23.3,7.0,1.1
131,2026-09-10,823413,HOU,PHI,572233,Christian Walker,R,6.0,LAST7_CONFIRMED,PROJECTED_STARTER,False,6,85.7,6.0,554430,Zack Wheeler,R,4.2,0.7593,25.9,,,,,,,,,,,,,,1.1027,0.5,MORE,70.9,-244,83,82,0.4,0.7,0.8,40.0,50.0,53.3,0.0,10.0,20.0,0,0,22.5,22.5,0,11.5,28.5,28.5,75.5,82.5,11.5,0.0,310,26.8,31.2,28.6,28.1,4-Seam,36.3,30.5,21.7,26.4,94.4564,1.5,344,181,38,21.0,VELO_BAND_1.5,70.9,29.1,30.7,69.3,7.6,92.4,1.0,99.0,29.1,40.3,23.0,6.6,1.0
132,2026-09-10,824872,ATL,TB,686948,Drake Baldwin,L,1.0,LAST7_CONFIRMED,PROJECTED_STARTER,False,7,100.0,1.0,607259,Nick Martinez,R,4.72,0.78,22.0,,,,,,,,,,,,,,1.0623,1.5,LESS,70.8,-243,80,81,1.2,1.3,1.2667,80.0,80.0,86.7,40.0,40.0,33.3,0,0,22.5,22.5,0,11.5,28.5,28.5,75.5,82.5,11.5,0.0,220,20.9,14.2,16.2,25.3,Sinker,31.2,10.0,17.1,25.6,91.3628,1.5,166,79,11,13.9,VELO_BAND_1.5,68.7,31.3,29.2,70.8,7.2,92.8,1.0,99.0,31.3,39.5,21.9,6.2,1.0
133,2026-09-10,823088,SEA,TEX,677594,Julio Rodríguez,R,5.0,LAST7_CONFIRMED,PROJECTED_STARTER,False,7,100.0,5.0,594798,Jacob deGrom,R,4.31,0.7778,22.3,,,,,,,,,,,,,,1.0643,1.5,LESS,70.7,-242,84,81,0.8,1.3,1.3333,60.0,80.0,80.0,20.0,50.0,53.3,3,0,0.0,21.1,12,11.1,8.3,62.5,88.9,100.0,0.0,0.0754,270,20.4,28.7,31.2,29.2,4-Seam,39.8,19.1,24.4,27.7,97.3419,1.5,177,98,17,17.3,VELO_BAND_1.5,69.1,30.9,29.3,70.7,7.0,93.0,1.0,99.0,30.9,39.9,22.3,6.0,1.0
134,2026-09-10,824872,TB,ATL,666018,Jonathan Aranda,L,2.0,LAST7_CONFIRMED,PROJECTED_STARTER,False,6,85.7,2.0,527048,Martín Pérez,L,4.6,0.6111,22.7,,,,,,,,,,,,,,1.1101,0.5,MORE,70.6,-241,80,80,1.6,1.1,1.0,80.0,70.0,66.7,60.0,30.0,26.7,0,0,22.5,22.5,0,11.5,28.5,28.5,75.5,82.5,11.5,0.0,119,26.9,18.1,20.9,27.4,Sinker,37.2,9.3,13.6,24.5,87.5633,1.5,49,32,8,25.0,VELO_BAND_1.5,70.6,29.4,31.1,68.9,8.0,92.0,1.2,98.8,29.4,39.5,23.1,6.9,1.2
135,2026-09-10,823088,TEX,SEA,607043,Brandon Nimmo,L,4.0,LAST7_CONFIRMED,PROJECTED_STARTER,False,6,85.7,4.0,669302,Logan Gilbert,R,4.42,0.78,22.9,,,,,,,,,,,,,,1.0744,1.5,LESS,70.5,-239,85,81,1.2,0.9,1.0,60.0,50.0,60.0,20.0,20.0,26.7,3,0,0.0,21.1,16,22.2,18.8,30.0,77.8,83.3,0.0,0.0857,283,25.1,27.1,27.5,27.7,4-Seam,44.2,17.0,18.4,24.3,96.3172,1.5,277,136,17,12.5,VELO_BAND_1.5,69.7,30.3,29.5,70.5,7.3,92.7,1.0,99.0,30.3,40.2,22.2,6.3,1.0
136,2026-09-10,823413,PHI,HOU,607208,Trea Turner,R,2.0,LAST7_CONFIRMED,PROJECTED_STARTER,False,7,100.0,2.0,664299,Cristian Javier,R,4.6,0.5972,22.9,,,,,,,,,,,,,,1.0757,1.5,LESS,70.5,-239,80,80,0.4,0.6,0.8667,40.0,40.0,60.0,0.0,10.0,20.0,0,0,22.5,22.5,0,11.5,28.5,28.5,75.5,82.5,11.5,0.0,289,24.9,26.3,29.9,29.0,4-Seam,47.7,22.1,25.1,28.8,92.6901,1.5,242,120,16,13.3,VELO_BAND_1.5,69.3,30.7,29.5,70.5,7.7,92.3,1.0,99.0,30.7,39.7,21.8,6.6,1.0
137,2026-09-10,823499,NYY,COL,700250,Ben Rice,L,1.0,LAST7_CONFIRMED,PROJECTED_STARTER,False,7,100.0,1.0,663372,Ryan Feltner,R,4.72,0.78,17.4,,,,,,,,,,,,,,1.1113,0.5,MORE,70.4,-238,84,81,0.6,1.1,1.0,40.0,60.0,53.3,20.0,40.0,33.3,0,0,22.5,22.5,0,11.5,28.5,28.5,75.5,82.5,11.5,0.0,278,23.7,16.4,21.9,26.1,4-Seam,29.7,18.5,22.0,28.5,94.6078,1.5,353,136,21,15.4,VELO_BAND_1.5,70.4,29.6,31.1,68.9,8.2,91.8,1.3,98.7,29.6,39.4,22.8,7.0,1.3
138,2026-09-10,824872,ATL,TB,621566,Matt Olson,L,3.0,LAST7_CONFIRMED,PROJECTED_STARTER,False,7,100.0,3.0,607259,Nick Martinez,R,4.49,0.78,22.0,,,,,,,,,,,,,,1.099,0.5,MORE,70.4,-238,84,81,1.0,1.3,1.2,80.0,90.0,80.0,20.0,20.0,20.0,0,0,22.5,22.5,0,11.5,28.5,28.5,75.5,82.5,11.5,0.0,259,27.0,14.2,16.2,25.3,Sinker,31.2,10.8,17.1,23.5,91.3628,1.5,256,119,17,14.3,VELO_BAND_1.5,70.4,29.6,30.2,69.8,7.9,92.1,1.3,98.7,29.6,40.2,22.3,6.6,1.3
139,2026-09-10,824550,CWS,PIT,545341,Randal Grichuk,R,4.0,LAST7_CONFIRMED,PROJECTED_STARTER,False,6,85.7,4.0,683003,Jared Jones,R,4.42,0.6991,24.1,,,,,,,,,,,,,,1.0924,0.5,MORE,70.4,-238,70,76,0.6,0.7,0.4667,60.0,70.0,46.7,0.0,0.0,0.0,0,0,22.5,22.5,0,11.5,28.5,28.5,75.5,82.5,11.5,0.0,60,21.7,27.5,29.0,29.4,4-Seam,46.0,13.0,20.0,26.1,98.3114,1.5,44,24,4,16.7,VELO_BAND_1.5,70.4,29.6,30.2,69.8,7.6,92.4,1.0,99.0,29.6,40.1,22.7,6.5,1.0
140,2026-09-10,823413,PHI,HOU,547180,Bryce Harper,L,3.0,LAST7_CONFIRMED,PROJECTED_STARTER,False,6,85.7,3.0,664299,Cristian Javier,R,4.49,0.5972,22.9,,,,,,,,,,,,,,1.0912,0.5,MORE,70.1,-234,80,79,1.4,1.0,0.9333,80.0,60.0,60.0,40.0,30.0,26.7,0,0,22.5,22.5,0,11.5,28.5,28.5,75.5,82.5,11.5,0.0,272,19.9,26.3,29.9,29.0,4-Seam,47.7,30.9,25.7,24.9,92.6901,1.5,256,107,19,17.8,VELO_BAND_1.5,70.1,29.9,30.1,69.9,7.7,92.3,1.1,98.9,29.9,40.0,22.4,6.6,1.1
141,2026-09-10,823413,HOU,PHI,669397,Nick Allen,R,4.01,LAST7_CONFIRMED,PROJECTED_STARTER,False,5,71.4,4.01,554430,Zack Wheeler,R,4.42,0.7593,25.9,,,,,,,,,,,,,,1.0835,1.5,LESS,70.1,-234,70,76,0.6,0.6,0.4667,40.0,30.0,26.7,20.0,20.0,13.3,0,0,22.5,22.5,0,11.5,28.5,28.5,75.5,82.5,11.5,0.0,89,23.6,31.2,28.6,28.1,4-Seam,36.3,22.5,16.5,29.2,94.4564,1.5,114,49,10,20.4,VELO_BAND_1.5,69.9,30.1,29.9,70.1,7.4,92.6,1.0,99.0,30.1,40.0,22.5,6.3,1.0
