Date,Game,Venue,Park Factor,Weather Factor,Temp F,Relative Humidity %,Wind MPH,Wind Direction,Wind Direction Deg,Precip %,Weather Conditions,Estimated Fly Ball Distance Change Ft,Expected HR Boost %,Ball Flight AI Score,Ball Flight Grade,Weather Confidence %,Team,Player,Opp Pitcher,BvP AVG,BvP Hits,BvP AB,Expected PA,Pitcher Weakness,Hits/G,Runs/G,RBI/G,Projected HRR,Hit Rate %,Recent 5 HRR Avg,Recent 5 HRR Scores,Recent 5 HRR Dates,Recent 10 HRR Avg,Recent 10 HRR Scores,Recent 10 HRR Dates,Recent 15 HRR Avg,Recent 15 HRR Scores,Recent 15 HRR Dates,MC Over 0.5 %,MC Over 1.5 %,MC Over 2.5 %,MC Over 3.5 %,MC Over 4.5 %,MC Over 5.5 %,MC Over 6.5 %,Bet Score,AI Score
2026-08-13,Boston Red Sox @ Toronto Blue Jays,Rogers Centre,1.0,1.0,,,,,,,Roof / indoor neutral,0.0,0.0,50.0,Roof,95.0,Boston Red Sox,Ceddanne Rafaela,Max Scherzer,0.667,2,3,4.4,1.2,2.03,1.01,1.2,4.25,66.7,1.8,1|4|3|0|1,08/12|08/11|08/10|08/09|08/08,2.6,1|4|3|0|1|5|2|0|5|5,08/12|08/11|08/10|08/09|08/08|08/07|08/06|08/05|08/04|08/02,3.07,1|4|3|0|1|5|2|0|5|5|6|7|4|2|1,08/12|08/11|08/10|08/09|08/08|08/07|08/06|08/05|08/04|08/02|08/01|07/31|07/30|07/29|07/28,96.5,86.4,72.1,55.2,40.3,27.5,18.5,3.72,179.5
2026-08-13,Boston Red Sox @ Toronto Blue Jays,Rogers Centre,1.0,1.0,,,,,,,Roof / indoor neutral,0.0,0.0,50.0,Roof,95.0,Boston Red Sox,Andruw Monasterio,Max Scherzer,0.0,0,2,4.8,1.2,1.71,0.8,1.41,3.91,80.0,1.4,2|2|0|0|3,08/12|08/11|08/10|08/09|08/08,2.5,2|2|0|0|3|4|5|2|5|2,08/12|08/11|08/10|08/09|08/08|08/07|08/06|08/05|08/04|08/02,2.6,2|2|0|0|3|4|5|2|5|2|2|3|3|6|0,08/12|08/11|08/10|08/09|08/08|08/07|08/06|08/05|08/04|08/02|08/01|07/31|07/30|07/29|07/28,95.3,84.1,68.5,51.6,35.3,23.1,14.2,3.23,166.3
2026-08-13,Boston Red Sox @ Toronto Blue Jays,Rogers Centre,1.0,1.0,,,,,,,Roof / indoor neutral,0.0,0.0,50.0,Roof,95.0,Boston Red Sox,Caleb Durbin,Max Scherzer,0.0,0,2,4.6,1.2,1.64,1.06,1.06,3.74,60.0,1.4,4|0|0|0|3,08/12|08/11|08/10|08/09|08/08,2.9,4|0|0|0|3|3|6|2|8|3,08/12|08/11|08/10|08/09|08/08|08/07|08/06|08/05|08/04|08/02,2.6,4|0|0|0|3|3|6|2|8|3|0|4|1|4|1,08/12|08/11|08/10|08/09|08/08|08/07|08/06|08/05|08/04|08/02|08/01|07/31|07/30|07/29|07/28,94.9,82.8,66.3,48.6,32.5,20.5,12.3,3.19,157.5
2026-08-13,Chicago Cubs @ Washington Nationals,Nationals Park,1.0,1.008,90.8,45.0,7.4,WNW,303.0,0.0,Overcast,3.7,5.4,58.1,B,92.0,Chicago Cubs,Alex Bregman,Cade Cavalli,0.0,0,1,5.0,0.96,1.85,1.35,1.27,4.5,73.3,5.6,13|6|6|1|2,08/12|08/11|08/09|08/08|08/07,3.9,13|6|6|1|2|5|2|2|2|0,08/12|08/11|08/09|08/08|08/07|08/06|08/05|08/04|08/03|08/02,3.53,13|6|6|1|2|5|2|2|2|0|2|1|5|1|5,08/12|08/11|08/09|08/08|08/07|08/06|08/05|08/04|08/03|08/02|08/01|07/31|07/30|07/29|07/28,97.0,88.2,74.9,59.0,44.2,31.6,21.3,4.35,204.4
2026-08-13,Chicago Cubs @ Washington Nationals,Nationals Park,1.0,1.008,90.8,45.0,7.4,WNW,303.0,0.0,Overcast,3.7,5.4,58.1,B,92.0,Chicago Cubs,Pete Crow-Armstrong,Cade Cavalli,0.5,1,2,3.7,0.96,1.0,1.0,0.81,2.81,73.3,2.8,3|3|3|0|5,08/12|08/11|08/09|08/08|08/07,3.4,3|3|3|0|5|4|9|4|3|0,08/12|08/11|08/09|08/08|08/07|08/06|08/05|08/04|08/03|08/02,3.0,3|3|3|0|5|4|9|4|3|0|4|0|2|4|1,08/12|08/11|08/09|08/08|08/07|08/06|08/05|08/04|08/03|08/02|08/01|07/31|07/30|07/29|07/28,90.5,71.9,50.1,31.1,18.3,9.8,4.9,3.75,178.5
2026-08-13,Chicago Cubs @ Washington Nationals,Nationals Park,1.0,1.008,90.8,45.0,7.4,WNW,303.0,0.0,Overcast,3.7,5.4,58.1,B,92.0,Chicago Cubs,Seiya Suzuki,Cade Cavalli,0.0,0,0,3.7,0.96,1.18,0.75,0.87,2.77,73.3,3.0,6|5|0|4|0,08/12|08/11|08/08|08/07|08/06,2.9,6|5|0|4|0|2|2|5|3|2,08/12|08/11|08/08|08/07|08/06|08/05|08/04|08/03|08/02|08/01,3.0,6|5|0|4|0|2|2|5|3|2|1|1|7|3|4,08/12|08/11|08/08|08/07|08/06|08/05|08/04|08/03|08/02|08/01|07/30|07/29|07/28|07/27|07/26,90.9,71.5,49.5,30.2,17.5,9.2,4.5,3.71,177.0
2026-08-13,Cincinnati Reds @ Chicago White Sox,Rate Field,1.0,1.0,,,,,,,Unavailable,0.0,0.0,50.0,C,40.0,Chicago White Sox,Chase Meidroth,Andrew Abbott,0.0,0,3,4.6,1.01,1.14,0.89,0.97,2.97,60.0,3.6,5|3|1|9|0,08/12|08/08|08/07|08/06|08/05,2.5,5|3|1|9|0|2|4|0|0|1,08/12|08/08|08/07|08/06|08/05|08/04|08/02|08/01|07/31|07/30,2.47,5|3|1|9|0|2|4|0|0|1|2|4|2|4|0,08/12|08/08|08/07|08/06|08/05|08/04|08/02|08/01|07/31|07/30|07/29|07/28|07/27|07/26|07/25,92.0,74.9,53.7,34.4,20.4,11.1,5.4,3.09,151.6
2026-08-13,Cincinnati Reds @ Chicago White Sox,Rate Field,1.0,1.0,,,,,,,Unavailable,0.0,0.0,50.0,C,40.0,Chicago White Sox,Brenton Doyle,Andrew Abbott,0.4,4,10,4.7,1.01,1.13,0.85,0.28,2.24,53.3,1.4,1|3|3|0|0,08/12|08/11|08/09|08/08|08/07,1.4,1|3|3|0|0|2|0|1|2|2,08/12|08/11|08/09|08/08|08/07|08/06|08/05|08/04|08/01|07/31,1.6,1|3|3|0|0|2|0|1|2|2|0|4|4|0|2,08/12|08/11|08/09|08/08|08/07|08/06|08/05|08/04|08/01|07/31|05/19|05/18|05/16|05/14|05/13,85.2,61.3,37.5,20.9,10.9,5.0,2.2,1.88,102.8
2026-08-13,Cincinnati Reds @ Chicago White Sox,Rate Field,1.0,1.0,,,,,,,Unavailable,0.0,0.0,50.0,C,40.0,Chicago White Sox,Colson Montgomery,Andrew Abbott,0.0,0,0,4.4,1.01,0.85,0.62,0.7,2.15,46.7,1.8,3|0|5|1|0,08/12|08/11|08/09|08/08|08/07,1.8,3|0|5|1|0|5|0|2|2|0,08/12|08/11|08/09|08/08|08/07|08/06|08/05|08/04|08/02|08/01,1.87,3|0|5|1|0|5|0|2|2|0|4|0|0|0|6,08/12|08/11|08/09|08/08|08/07|08/06|08/05|08/04|08/02|08/01|07/31|07/30|07/29|07/28|07/27,85.0,59.5,35.3,19.1,9.3,4.2,1.9,2.33,115.7
2026-08-13,Cincinnati Reds @ Chicago White Sox,Rate Field,1.0,1.0,,,,,,,Unavailable,0.0,0.0,50.0,C,40.0,Cincinnati Reds,Elly De La Cruz,Davis Martin,0.0,0,3,4.8,1.04,1.05,0.78,0.78,2.62,53.3,1.4,0|4|0|0|3,08/12|08/11|08/09|08/08|08/07,1.9,0|4|0|0|3|3|1|5|3|0,08/12|08/11|08/09|08/08|08/07|08/06|08/05|08/04|08/02|08/01,2.0,0|4|0|0|3|3|1|5|3|0|2|6|0|0|3,08/12|08/11|08/09|08/08|08/07|08/06|08/05|08/04|08/02|08/01|07/31|07/30|07/29|07/28|07/28,88.8,68.4,46.5,28.0,15.2,8.0,3.8,2.48,126.0
2026-08-13,Cincinnati Reds @ Chicago White Sox,Rate Field,1.0,1.0,,,,,,,Unavailable,0.0,0.0,50.0,C,40.0,Cincinnati Reds,Sal Stewart,Davis Martin,0.0,0,0,3.7,1.04,1.07,0.6,0.74,2.42,60.0,1.2,2|1|1|2|0,08/12|08/11|08/09|08/08|08/07,1.9,2|1|1|2|0|5|2|3|3|0,08/12|08/11|08/09|08/08|08/07|08/06|08/05|08/04|08/02|08/01,2.4,2|1|1|2|0|5|2|3|3|0|8|2|1|0|6,08/12|08/11|08/09|08/08|08/07|08/06|08/05|08/04|08/02|08/01|07/31|07/30|07/29|07/28|07/28,87.6,65.1,42.3,24.1,12.4,6.0,2.7,2.95,143.8
2026-08-13,Cincinnati Reds @ Chicago White Sox,Rate Field,1.0,1.0,,,,,,,Unavailable,0.0,0.0,50.0,C,40.0,Cincinnati Reds,Jose Trevino,Davis Martin,0.333,1,3,4.2,1.04,1.14,0.46,0.76,2.38,40.0,1.0,0|0|2|3|0,08/12|08/08|08/05|08/01|07/28,1.3,0|0|2|3|0|0|1|7|0|0,08/12|08/08|08/05|08/01|07/28|07/26|07/21|07/18|07/11|07/08,2.07,0|0|2|3|0|0|1|7|0|0|5|7|0|5|1,08/12|08/08|08/05|08/01|07/28|07/26|07/21|07/18|07/11|07/08|07/04|07/02|06/30|06/27|06/24,86.6,64.2,41.0,23.1,11.7,6.0,2.8,2.52,121.5
2026-08-13,Cleveland Guardians @ Detroit Tigers,Comerica Park,0.982,1.006,83.1,58.0,2.6,WSW,239.0,2.0,Overcast,2.8,4.1,56.2,C,92.0,Cleveland Guardians,Chase DeLauter,Keider Montero,0.0,0,3,4.4,0.85,1.04,0.84,0.45,2.34,60.0,2.6,3|5|1|1|3,08/12|08/11|08/09|08/08|08/07,3.0,3|5|1|1|3|5|0|2|6|4,08/12|08/11|08/09|08/08|08/07|08/06|08/05|08/04|08/02|08/01,2.4,3|5|1|1|3|5|0|2|6|4|0|2|0|4|0,08/12|08/11|08/09|08/08|08/07|08/06|08/05|08/04|08/02|08/01|07/31|07/29|07/28|07/28|07/26,86.4,63.0,40.2,22.7,11.8,5.7,2.4,2.89,141.1
2026-08-13,Cleveland Guardians @ Detroit Tigers,Comerica Park,0.982,1.006,83.1,58.0,2.6,WSW,239.0,2.0,Overcast,2.8,4.1,56.2,C,92.0,Cleveland Guardians,Angel Martínez,Keider Montero,0.5,2,4,4.8,0.85,0.92,0.35,0.71,1.99,46.7,4.2,5|1|3|9|3,08/12|08/11|08/08|08/07|08/06,2.8,5|1|3|9|3|2|2|0|3|0,08/12|08/11|08/08|08/07|08/06|08/05|08/04|08/02|08/01|07/31,1.87,5|1|3|9|3|2|2|0|3|0|0|0|0|0|0,08/12|08/11|08/08|08/07|08/06|08/05|08/04|08/02|08/01|07/31|07/29|07/28|07/26|07/25|07/24,82.6,55.4,32.2,16.0,7.6,3.2,1.2,2.3,113.5
2026-08-13,Cleveland Guardians @ Detroit Tigers,Comerica Park,0.982,1.006,83.1,58.0,2.6,WSW,239.0,2.0,Overcast,2.8,4.1,56.2,C,92.0,Cleveland Guardians,Nathaniel Lowe,Keider Montero,0.5,1,2,3.8,0.85,1.07,0.22,0.67,1.97,53.3,2.4,0|1|1|6|4,08/12|08/11|08/09|08/06|08/05,2.5,0|1|1|6|4|0|7|1|3|2,08/12|08/11|08/09|08/06|08/05|08/04|08/02|08/01|07/31|07/30,2.33,0|1|1|6|4|0|7|1|3|2|0|0|3|5|2,08/12|08/11|08/09|08/06|08/05|08/04|08/02|08/01|07/31|07/30|07/29|07/28|07/28|07/26|07/24,81.9,55.0,31.2,16.4,7.7,3.2,1.3,2.81,133.5
2026-08-13,Cleveland Guardians @ Detroit Tigers,Comerica Park,0.982,1.006,83.1,58.0,2.6,WSW,239.0,2.0,Overcast,2.8,4.1,56.2,C,92.0,Detroit Tigers,Dillon Dingler,Parker Messick,0.25,1,4,4.6,0.85,1.15,0.74,0.95,2.86,53.3,1.0,1|0|0|3|1,08/12|08/11|08/09|08/08|08/07,2.8,1|0|0|3|1|8|5|5|4|1,08/12|08/11|08/09|08/08|08/07|08/06|08/05|08/04|08/02|08/01,2.8,1|0|0|3|1|8|5|5|4|1|7|1|0|2|4,08/12|08/11|08/09|08/08|08/07|08/06|08/05|08/04|08/02|08/01|07/31|07/29|07/28|07/27|07/26,90.8,72.9,51.1,32.5,18.9,10.1,5.1,3.49,162.7
2026-08-13,Cleveland Guardians @ Detroit Tigers,Comerica Park,0.982,1.006,83.1,58.0,2.6,WSW,239.0,2.0,Overcast,2.8,4.1,56.2,C,92.0,Detroit Tigers,Kevin McGonigle,Parker Messick,0.0,0,3,3.7,0.85,1.15,0.93,0.71,2.76,60.0,3.0,1|6|1|3|4,08/12|08/11|08/09|08/08|08/07,3.1,1|6|1|3|4|7|0|1|1|7,08/12|08/11|08/09|08/08|08/07|08/06|08/05|08/04|08/02|08/01,3.4,1|6|1|3|4|7|0|1|1|7|5|1|9|2|3,08/12|08/11|08/09|08/08|08/07|08/06|08/05|08/04|08/02|08/01|07/31|07/29|07/28|07/27|07/26,90.5,71.2,48.9,30.6,17.3,8.7,4.4,4.17,188.3
2026-08-13,Cleveland Guardians @ Detroit Tigers,Comerica Park,0.982,1.006,83.1,58.0,2.6,WSW,239.0,2.0,Overcast,2.8,4.1,56.2,C,92.0,Detroit Tigers,Gleyber Torres,Parker Messick,0.333,1,3,4.2,0.85,0.81,0.74,0.8,2.34,53.3,1.6,4|2|0|1|1,08/12|08/11|08/09|08/08|08/07,2.9,4|2|0|1|1|2|2|5|6|6,08/12|08/11|08/09|08/08|08/07|08/06|08/05|08/04|08/02|08/01,2.53,4|2|0|1|1|2|2|5|6|6|0|1|8|0|0,08/12|08/11|08/09|08/08|08/07|08/06|08/05|08/04|08/02|08/01|07/31|07/29|07/28|07/27|07/26,87.0,63.5,40.1,22.5,11.6,5.4,2.5,3.21,150.1
2026-08-13,Milwaukee Brewers @ Los Angeles Dodgers,UNIQLO Field at Dodger Stadium,1.0,1.0,,,,,,,Unavailable,0.0,0.0,50.0,C,40.0,Los Angeles Dodgers,Shohei Ohtani,Shane Drohan,0.0,0,1,3.7,0.97,1.25,0.69,0.81,2.73,53.3,2.4,4|1|5|0|2,08/12|08/11|08/10|08/09|08/08,2.5,4|1|5|0|2|0|8|1|3|1,08/12|08/11|08/10|08/09|08/08|08/07|08/05|08/04|08/03|08/02,2.93,4|1|5|0|2|0|8|1|3|1|1|6|4|7|1,08/12|08/11|08/10|08/09|08/08|08/07|08/05|08/04|08/03|08/02|08/01|07/31|07/29|07/28|07/26,90.2,70.6,48.5,29.8,16.8,8.8,4.3,3.59,165.5
2026-08-13,Milwaukee Brewers @ Los Angeles Dodgers,UNIQLO Field at Dodger Stadium,1.0,1.0,,,,,,,Unavailable,0.0,0.0,50.0,C,40.0,Los Angeles Dodgers,Andy Pages,Shane Drohan,0.333,1,3,4.8,0.97,1.54,0.33,0.57,2.44,46.7,1.4,1|1|0|3|2,08/12|08/11|08/10|08/09|08/08,1.8,1|1|0|3|2|3|1|0|2|5,08/12|08/11|08/10|08/09|08/08|08/07|08/05|08/04|08/03|08/02,2.0,1|1|0|3|2|3|1|0|2|5|1|1|3|6|1,08/12|08/11|08/10|08/09|08/08|08/07|08/05|08/04|08/03|08/02|08/01|07/31|07/30|07/29|07/28,87.6,64.4,41.4,24.7,13.4,6.8,3.2,2.31,116.5
2026-08-13,Milwaukee Brewers @ Los Angeles Dodgers,UNIQLO Field at Dodger Stadium,1.0,1.0,,,,,,,Unavailable,0.0,0.0,50.0,C,40.0,Los Angeles Dodgers,Freddie Freeman,Shane Drohan,0.0,0,2,4.4,0.97,1.34,0.15,0.37,1.9,33.3,1.4,0|0|5|2|0,08/12|08/11|08/10|08/09|08/08,1.2,0|0|5|2|0|1|1|1|1|1,08/12|08/11|08/10|08/09|08/08|08/07|08/05|08/04|08/03|08/02,1.67,0|0|5|2|0|1|1|1|1|1|4|4|1|3|1,08/12|08/11|08/10|08/09|08/08|08/07|08/05|08/04|08/03|08/02|08/01|07/31|07/30|07/29|07/28,79.3,52.1,29.3,15.2,7.7,3.4,1.6,1.87,92.7
2026-08-13,Pittsburgh Pirates @ Miami Marlins,loanDepot park,0.978,1.0,,,,,,,Roof / indoor neutral,0.0,0.0,50.0,Roof,95.0,Miami Marlins,Griffin Conine,Braxton Ashcraft,0.0,0,0,4.4,0.97,1.11,0.66,0.8,2.58,53.3,3.4,6|1|7|3|0,08/12|08/11|08/09|08/08|08/07,2.3,6|1|7|3|0|2|0|0|0|4,08/12|08/11|08/09|08/08|08/07|08/06|08/05|08/04|08/02|08/01,2.33,6|1|7|3|0|2|0|0|0|4|2|0|4|1|5,08/12|08/11|08/09|08/08|08/07|08/06|08/05|08/04|08/02|08/01|07/31|07/30|07/29|07/28|07/27,88.7,67.3,46.0,27.7,14.8,7.5,3.6,2.88,139.6
2026-08-13,Pittsburgh Pirates @ Miami Marlins,loanDepot park,0.978,1.0,,,,,,,Roof / indoor neutral,0.0,0.0,50.0,Roof,95.0,Miami Marlins,Otto Lopez,Braxton Ashcraft,0.0,0,3,3.7,0.97,0.93,0.62,0.37,1.92,46.7,2.0,0|1|4|5|0,08/12|08/11|08/09|08/08|08/07,2.0,0|1|4|5|0|1|0|3|2|4,08/12|08/11|08/09|08/08|08/07|08/06|08/05|08/04|08/02|08/01,2.07,0|1|4|5|0|1|0|3|2|4|0|0|5|0|6,08/12|08/11|08/09|08/08|08/07|08/06|08/05|08/04|08/02|08/01|07/31|07/30|07/29|07/28|07/27,81.6,54.0,30.6,14.9,6.6,2.8,1.1,2.47,119.0
2026-08-13,Pittsburgh Pirates @ Miami Marlins,loanDepot park,0.978,1.0,,,,,,,Roof / indoor neutral,0.0,0.0,50.0,Roof,95.0,Miami Marlins,Agustín Ramírez,Braxton Ashcraft,0.0,0,0,5.0,0.97,1.09,0.42,0.33,1.84,40.0,1.6,4|0|3|1|0,08/12|08/09|08/07|08/06|08/05,1.3,4|0|3|1|0|0|0|2|2|1,08/12|08/09|08/07|08/06|08/05|08/04|05/03|05/02|05/01|04/28,1.47,4|0|3|1|0|0|0|2|2|1|1|3|1|4|0,08/12|08/09|08/07|08/06|08/05|08/04|05/03|05/02|05/01|04/28|04/27|04/25|04/24|04/22|04/21,79.4,51.4,28.4,13.9,6.3,2.7,1.1,1.7,88.9
2026-08-13,Milwaukee Brewers @ Los Angeles Dodgers,UNIQLO Field at Dodger Stadium,1.0,1.0,,,,,,,Unavailable,0.0,0.0,50.0,C,40.0,Milwaukee Brewers,Brice Turang,Roki Sasaki,0.5,1,2,4.7,1.04,1.54,0.34,1.19,3.06,66.7,2.4,2|2|0|2|6,08/12|08/11|08/10|08/09|08/08,2.0,2|2|0|2|6|5|2|0|1|0,08/12|08/11|08/10|08/09|08/08|08/07|08/06|08/05|08/04|08/03,2.4,2|2|0|2|6|5|2|0|1|0|1|2|4|4|5,08/12|08/11|08/10|08/09|08/08|08/07|08/06|08/05|08/04|08/03|08/02|08/01|07/31|07/29|07/28,91.7,74.2,54.1,35.7,22.1,13.2,7.1,2.95,148.9
2026-08-13,Milwaukee Brewers @ Los Angeles Dodgers,UNIQLO Field at Dodger Stadium,1.0,1.0,,,,,,,Unavailable,0.0,0.0,50.0,C,40.0,Milwaukee Brewers,Jake Bauers,Roki Sasaki,0.0,0,2,3.7,1.04,1.21,0.81,0.54,2.56,46.7,1.6,1|0|1|5|1,08/12|08/11|08/10|08/09|08/08,2.3,1|0|1|5|1|1|3|1|3|7,08/12|08/11|08/10|08/09|08/08|08/07|08/03|08/02|08/01|07/31,2.53,1|0|1|5|1|1|3|1|3|7|3|1|5|5|1,08/12|08/11|08/10|08/09|08/08|08/07|08/03|08/02|08/01|07/31|07/29|07/27|07/26|07/25|07/24,88.9,67.2,44.4,26.3,14.7,7.9,3.8,3.04,142.9
2026-08-13,Milwaukee Brewers @ Los Angeles Dodgers,UNIQLO Field at Dodger Stadium,1.0,1.0,,,,,,,Unavailable,0.0,0.0,50.0,C,40.0,Milwaukee Brewers,Jackson Chourio,Roki Sasaki,0.667,2,3,3.8,1.04,1.04,0.48,0.55,2.08,60.0,1.4,0|1|3|3|0,08/12|08/11|08/10|08/09|08/08,2.0,0|1|3|3|0|3|3|0|6|1,08/12|08/11|08/10|08/09|08/08|08/07|08/06|08/05|08/04|08/03,2.0,0|1|3|3|0|3|3|0|6|1|2|2|2|0|4,08/12|08/11|08/10|08/09|08/08|08/07|08/06|08/05|08/04|08/03|08/02|08/01|07/31|07/29|07/28,83.7,57.1,34.4,18.0,8.6,3.6,1.6,2.41,122.5
2026-08-13,Philadelphia Phillies @ Minnesota Twins,Field of Dreams,1.0,1.0,,,,,,,Unavailable,0.0,0.0,50.0,C,40.0,Minnesota Twins,Josh Bell,Aaron Nola,0.194,7,36,4.4,1.2,1.82,1.01,1.01,3.85,53.3,2.6,5|0|6|1|1,08/12|08/11|08/10|08/09|08/08,3.2,5|0|6|1|1|9|2|1|4|3,08/12|08/11|08/10|08/09|08/08|08/07|08/06|08/05|08/04|08/02,2.53,5|0|6|1|1|9|2|1|4|3|2|0|0|3|1,08/12|08/11|08/10|08/09|08/08|08/07|08/06|08/05|08/04|08/02|07/31|07/30|07/29|07/28|07/25,95.4,83.9,67.0,49.8,34.4,22.2,13.9,3.07,151.3
2026-08-13,Philadelphia Phillies @ Minnesota Twins,Field of Dreams,1.0,1.0,,,,,,,Unavailable,0.0,0.0,50.0,C,40.0,Minnesota Twins,Royce Lewis,Aaron Nola,0.0,0,3,3.7,1.2,1.78,0.7,0.93,3.4,73.3,3.0,4|3|4|0|4,08/12|08/11|08/10|08/09|08/08,3.4,4|3|4|0|4|5|3|1|4|6,08/12|08/11|08/10|08/09|08/08|08/07|08/06|08/05|08/04|08/02,2.93,4|3|4|0|4|5|3|1|4|6|1|3|2|1|3,08/12|08/11|08/10|08/09|08/08|08/07|08/06|08/05|08/04|08/02|08/01|07/31|07/30|07/29|07/28,93.9,79.4,60.5,42.0,27.1,16.2,9.5,3.51,172.3
2026-08-13,Philadelphia Phillies @ Minnesota Twins,Field of Dreams,1.0,1.0,,,,,,,Unavailable,0.0,0.0,50.0,C,40.0,Minnesota Twins,Brooks Lee,Aaron Nola,0.0,0,3,4.6,1.2,1.35,0.67,0.58,2.61,60.0,2.4,3|3|2|4|0,08/12|08/11|08/10|08/09|08/08,1.8,3|3|2|4|0|3|0|0|0|3,08/12|08/11|08/10|08/09|08/08|08/06|08/05|08/04|08/02|08/01,1.8,3|3|2|4|0|3|0|0|0|3|4|0|0|2|3,08/12|08/11|08/10|08/09|08/08|08/06|08/05|08/04|08/02|08/01|07/31|07/30|07/29|07/28|07/26,89.6,68.5,45.3,27.4,15.3,7.6,3.8,2.14,116.5
2026-08-13,Seattle Mariners @ New York Yankees,Yankee Stadium,1.035,1.006,83.2,59.0,10.2,NW,308.0,1.0,Overcast,2.5,3.7,55.6,C,92.0,New York Yankees,Trent Grisham,Logan Gilbert,0.222,2,9,3.7,0.85,0.78,0.51,0.51,1.82,46.7,4.0,10|4|4|2|0,08/12|08/11|08/09|08/08|08/07,2.6,10|4|4|2|0|0|1|5|0|0,08/12|08/11|08/09|08/08|08/07|08/05|08/04|08/03|08/02|08/01,2.13,10|4|4|2|0|0|1|5|0|0|0|3|0|2|1,08/12|08/11|08/09|08/08|08/07|08/05|08/04|08/03|08/02|08/01|07/31|07/30|07/29|07/28|07/27,80.2,51.5,28.0,13.1,5.6,2.2,0.9,2.61,123.1
2026-08-13,Seattle Mariners @ New York Yankees,Yankee Stadium,1.035,1.006,83.2,59.0,10.2,NW,308.0,1.0,Overcast,2.5,3.7,55.6,C,92.0,New York Yankees,Luis García Jr.,Logan Gilbert,0.333,1,3,3.7,0.85,0.95,0.28,0.45,1.69,53.3,1.0,0|3|0|2|0,08/12|08/11|08/09|08/07|08/05,1.8,0|3|0|2|0|1|5|1|0|6,08/12|08/11|08/09|08/07|08/05|08/04|08/03|08/01|07/31|07/30,2.0,0|3|0|2|0|1|5|1|0|6|2|5|3|2|0,08/12|08/11|08/09|08/07|08/05|08/04|08/03|08/01|07/31|07/30|07/29|07/28|07/27|07/26|07/25,77.8,47.8,25.1,11.5,4.7,1.6,0.5,2.37,115.9
2026-08-13,Seattle Mariners @ New York Yankees,Yankee Stadium,1.035,1.006,83.2,59.0,10.2,NW,308.0,1.0,Overcast,2.5,3.7,55.6,C,92.0,New York Yankees,Spencer Jones,Logan Gilbert,0.0,0,0,3.7,0.85,0.56,0.34,0.63,1.54,33.3,2.2,5|1|0|5|0,08/12|08/11|08/09|08/08|08/07,1.6,5|1|0|5|0|0|0|0|0|5,08/12|08/11|08/09|08/08|08/07|08/05|08/04|08/03|08/02|08/01,1.8,5|1|0|5|0|0|0|0|0|5|3|1|6|0|1,08/12|08/11|08/09|08/08|08/07|08/05|08/04|08/03|08/02|08/01|07/31|07/30|07/29|07/28|07/27,74.6,43.6,21.4,9.1,3.4,1.1,0.3,2.29,104.9
2026-08-13,Philadelphia Phillies @ Minnesota Twins,Field of Dreams,1.0,1.0,,,,,,,Unavailable,0.0,0.0,50.0,C,40.0,Philadelphia Phillies,Bryce Harper,Taj Bradley,0.667,2,3,4.6,0.94,0.98,0.68,0.6,2.24,60.0,1.0,2|0|0|0|3,08/12|08/11|08/10|08/09|08/08,1.8,2|0|0|0|3|4|4|0|1|4,08/12|08/11|08/10|08/09|08/08|08/07|08/06|08/05|08/04|08/03,2.0,2|0|0|0|3|4|4|0|1|4|3|3|2|3|1,08/12|08/11|08/10|08/09|08/08|08/07|08/06|08/05|08/04|08/03|08/02|08/01|07/31|07/29|07/28,85.8,61.3,38.1,20.8,10.6,4.8,2.0,2.45,125.1
2026-08-13,Philadelphia Phillies @ Minnesota Twins,Field of Dreams,1.0,1.0,,,,,,,Unavailable,0.0,0.0,50.0,C,40.0,Philadelphia Phillies,Bryson Stott,Taj Bradley,0.0,0,3,4.4,0.94,1.16,0.58,0.43,2.16,66.7,2.2,1|1|2|4|3,08/12|08/11|08/10|08/09|08/08,2.2,1|1|2|4|3|1|4|2|2|2,08/12|08/11|08/10|08/09|08/08|08/07|08/06|08/05|08/04|08/03,2.0,1|1|2|4|3|1|4|2|2|2|2|2|0|4|0,08/12|08/11|08/10|08/09|08/08|08/07|08/06|08/05|08/04|08/03|08/02|08/01|07/31|07/29|07/28,84.5,59.6,35.6,19.4,9.6,4.7,1.7,2.36,123.8
2026-08-13,Philadelphia Phillies @ Minnesota Twins,Field of Dreams,1.0,1.0,,,,,,,Unavailable,0.0,0.0,50.0,C,40.0,Philadelphia Phillies,Trea Turner,Taj Bradley,0.333,1,3,3.7,0.94,1.03,0.49,0.36,1.89,40.0,1.4,0|1|0|5|1,08/12|08/11|08/09|08/08|08/07,1.8,0|1|0|5|1|3|1|6|0|1,08/12|08/11|08/09|08/08|08/07|08/06|08/05|08/04|08/03|08/02,2.07,0|1|0|5|1|3|1|6|0|1|2|6|4|0|1,08/12|08/11|08/09|08/08|08/07|08/06|08/05|08/04|08/03|08/02|08/01|07/31|07/29|07/28|07/27,80.9,53.4,29.4,14.5,6.4,2.7,1.1,2.43,115.1
2026-08-13,Pittsburgh Pirates @ Miami Marlins,loanDepot park,0.978,1.0,,,,,,,Roof / indoor neutral,0.0,0.0,50.0,Roof,95.0,Pittsburgh Pirates,Brandon Lowe,Tyler Phillips,0.0,0,2,5.0,0.96,1.24,0.66,0.58,2.49,60.0,1.4,1|0|0|4|2,08/12|08/11|08/09|08/08|08/07,1.4,1|0|0|4|2|3|0|2|2|0,08/12|08/11|08/09|08/08|08/07|08/06|08/05|08/04|08/03|08/02,2.0,1|0|0|4|2|3|0|2|2|0|2|5|3|1|5,08/12|08/11|08/09|08/08|08/07|08/06|08/05|08/04|08/03|08/02|08/01|07/31|07/30|07/29|07/28,87.8,66.1,43.5,25.5,13.4,6.8,3.3,2.39,124.5
2026-08-13,Pittsburgh Pirates @ Miami Marlins,loanDepot park,0.978,1.0,,,,,,,Roof / indoor neutral,0.0,0.0,50.0,Roof,95.0,Pittsburgh Pirates,Endy Rodríguez,Tyler Phillips,0.0,0,1,4.7,0.96,1.17,0.54,0.7,2.39,46.7,2.4,0|1|4|3|4,08/07|08/06|08/05|08/04|08/03,1.9,0|1|4|3|4|0|2|1|3|1,08/07|08/06|08/05|08/04|08/03|08/02|07/31|07/30|07/28|07/27,2.07,0|1|4|3|4|0|2|1|3|1|1|0|3|1|7,08/07|08/06|08/05|08/04|08/03|08/02|07/31|07/30|07/28|07/27|07/05|07/03|07/02|06/30|06/29,87.6,64.3,41.4,23.5,12.0,5.6,2.7,2.51,123.5
2026-08-13,Pittsburgh Pirates @ Miami Marlins,loanDepot park,0.978,1.0,,,,,,,Roof / indoor neutral,0.0,0.0,50.0,Roof,95.0,Pittsburgh Pirates,Jake Mangum,Tyler Phillips,0.0,0,1,4.0,0.96,1.06,0.59,0.39,2.07,53.3,2.4,0|0|4|6|2,08/12|08/11|08/09|08/08|08/07,1.7,0|0|4|6|2|1|0|1|2|1,08/12|08/11|08/09|08/08|08/07|08/06|08/05|08/04|08/03|08/02,2.07,0|0|4|6|2|1|0|1|2|1|3|5|1|3|2,08/12|08/11|08/09|08/08|08/07|08/06|08/05|08/04|08/03|08/02|08/01|07/31|07/30|07/28|07/27,82.8,57.1,33.8,18.0,8.8,3.8,1.6,2.45,121.5
2026-08-13,Seattle Mariners @ New York Yankees,Yankee Stadium,1.035,1.006,83.2,59.0,10.2,NW,308.0,1.0,Overcast,2.5,3.7,55.6,C,92.0,Seattle Mariners,Cole Young,Max Fried,0.0,0,2,4.7,0.85,1.28,0.36,0.29,1.9,46.7,1.4,2|0|3|1|1,08/12|08/11|08/09|08/08|08/07,1.6,2|0|3|1|1|0|0|0|6|3,08/12|08/11|08/09|08/08|08/07|08/06|08/05|08/04|08/02|08/01,1.8,2|0|3|1|1|0|0|0|6|3|3|3|3|1|1,08/12|08/11|08/09|08/08|08/07|08/06|08/05|08/04|08/02|08/01|07/31|07/30|07/29|07/28|07/27,80.2,52.8,29.8,15.2,7.0,3.1,1.3,2.03,103.2
2026-08-13,Seattle Mariners @ New York Yankees,Yankee Stadium,1.035,1.006,83.2,59.0,10.2,NW,308.0,1.0,Overcast,2.5,3.7,55.6,C,92.0,Seattle Mariners,Randy Arozarena,Max Fried,0.0,0,2,3.7,0.85,0.73,0.62,0.34,1.71,46.7,1.6,5|3|0|0|0,08/12|08/11|08/09|08/08|08/07,2.1,5|3|0|0|0|1|3|1|2|6,08/12|08/11|08/09|08/08|08/07|08/06|08/05|08/04|08/02|08/01,2.0,5|3|0|0|0|1|3|1|2|6|1|5|0|0|3,08/12|08/11|08/09|08/08|08/07|08/06|08/05|08/04|08/02|08/01|07/31|07/30|07/29|07/28|07/27,78.5,48.7,24.9,11.1,4.7,1.8,0.6,2.42,115.7
2026-08-13,Seattle Mariners @ New York Yankees,Yankee Stadium,1.035,1.006,83.2,59.0,10.2,NW,308.0,1.0,Overcast,2.5,3.7,55.6,C,92.0,Seattle Mariners,Julio Rodríguez,Max Fried,0.333,1,3,3.8,0.85,0.86,0.35,0.47,1.7,46.7,1.6,3|0|0|1|4,08/12|08/11|08/09|08/08|08/07,2.1,3|0|0|1|4|1|6|1|3|2,08/12|08/11|08/09|08/08|08/07|08/06|08/05|08/04|08/02|08/01,1.93,3|0|0|1|4|1|6|1|3|2|1|0|0|5|2,08/12|08/11|08/09|08/08|08/07|08/06|08/05|08/04|08/02|08/01|07/31|07/30|07/29|07/28|07/27,77.7,48.4,25.1,11.4,4.5,1.8,0.7,2.32,112.1
2026-08-13,Texas Rangers @ Los Angeles Angels,Angel Stadium,1.0,1.004,77.7,68.0,10.2,SW,218.0,1.0,Overcast,1.7,2.5,53.8,C,75.0,Texas Rangers,Brandon Nimmo,Walbert Ureña,0.25,1,4,4.8,0.85,1.21,0.43,0.57,2.19,46.7,2.4,0|3|3|5|1,08/12|08/11|08/10|08/09|08/08,2.8,0|3|3|5|1|1|6|4|0|5,08/12|08/11|08/10|08/09|08/08|08/07|08/05|08/04|08/03|08/02,2.07,0|3|3|5|1|1|6|4|0|5|2|0|0|1|0,08/12|08/11|08/10|08/09|08/08|08/07|08/05|08/04|08/03|08/02|08/01|07/31|07/30|07/29|07/28,84.6,60.0,36.5,19.6,9.8,4.9,2.0,2.45,120.1
2026-08-13,Texas Rangers @ Los Angeles Angels,Angel Stadium,1.0,1.004,77.7,68.0,10.2,SW,218.0,1.0,Overcast,1.7,2.5,53.8,C,75.0,Texas Rangers,Corey Seager,Walbert Ureña,0.0,0,0,4.6,0.85,0.82,0.62,0.34,1.79,40.0,2.2,4|0|2|0|5,08/12|08/11|08/10|08/09|08/08,1.8,4|0|2|0|5|0|5|1|0|1,08/12|08/11|08/10|08/09|08/08|08/07|08/04|08/03|08/02|08/01,1.73,4|0|2|0|5|0|5|1|0|1|3|0|0|4|1,08/12|08/11|08/10|08/09|08/08|08/07|08/04|08/03|08/02|08/01|07/31|06/30|06/28|06/27|06/25,79.8,51.1,26.8,12.6,5.4,2.2,0.8,2.08,102.1
2026-08-13,Texas Rangers @ Los Angeles Angels,Angel Stadium,1.0,1.004,77.7,68.0,10.2,SW,218.0,1.0,Overcast,1.7,2.5,53.8,C,75.0,Texas Rangers,Ezequiel Duran,Walbert Ureña,0.0,0,3,4.0,0.85,0.77,0.42,0.48,1.68,46.7,1.4,0|1|2|2|2,08/12|08/11|08/10|08/09|08/08,2.2,0|1|2|2|2|0|0|7|6|2,08/12|08/11|08/10|08/09|08/08|08/07|08/05|08/04|08/03|08/02,1.87,0|1|2|2|2|0|0|7|6|2|1|1|1|0|3,08/12|08/11|08/10|08/09|08/08|08/07|08/05|08/04|08/03|08/02|08/01|07/31|07/30|07/29|07/28,77.2,48.0,24.5,11.0,4.5,1.6,0.5,2.27,110.2
2026-08-13,Boston Red Sox @ Toronto Blue Jays,Rogers Centre,1.0,1.0,,,,,,,Roof / indoor neutral,0.0,0.0,50.0,Roof,95.0,Toronto Blue Jays,Andrés Giménez,Payton Tolle,0.75,3,4,4.8,0.85,1.0,0.5,0.57,2.07,66.7,2.8,2|2|2|3|5,08/12|08/11|08/10|08/09|08/08,2.3,2|2|2|3|5|3|4|0|2|0,08/12|08/11|08/10|08/09|08/08|08/07|08/06|08/05|08/04|08/03,1.93,2|2|2|3|5|3|4|0|2|0|2|1|2|0|1,08/12|08/11|08/10|08/09|08/08|08/07|08/06|08/05|08/04|08/03|08/02|08/01|07/31|07/29|07/28,83.7,57.6,33.6,17.5,8.4,3.6,1.6,2.34,122.5
2026-08-13,Boston Red Sox @ Toronto Blue Jays,Rogers Centre,1.0,1.0,,,,,,,Roof / indoor neutral,0.0,0.0,50.0,Roof,95.0,Toronto Blue Jays,Alejandro Kirk,Payton Tolle,0.0,0,1,5.0,0.85,1.34,0.15,0.52,2.02,53.3,1.8,1|2|4|0|2,08/12|08/11|08/09|08/08|08/07,1.9,1|2|4|0|2|5|0|1|3|1,08/12|08/11|08/09|08/08|08/07|08/06|08/05|08/04|08/03|08/02,1.8,1|2|4|0|2|5|0|1|3|1|3|2|0|2|1,08/12|08/11|08/09|08/08|08/07|08/06|08/05|08/04|08/03|08/02|08/01|07/29|07/27|07/26|07/24,81.6,55.3,32.9,17.1,8.2,3.8,1.7,2.07,107.7
2026-08-13,Boston Red Sox @ Toronto Blue Jays,Rogers Centre,1.0,1.0,,,,,,,Roof / indoor neutral,0.0,0.0,50.0,Roof,95.0,Toronto Blue Jays,Kazuma Okamoto,Payton Tolle,0.333,1,3,3.7,0.85,0.77,0.6,0.33,1.69,60.0,1.8,5|2|0|0|2,08/12|08/09|08/08|08/07|08/06,1.6,5|2|0|0|2|3|0|3|1|0,08/12|08/09|08/08|08/07|08/06|08/05|08/04|08/03|08/02|08/01,2.07,5|2|0|0|2|3|0|3|1|0|2|7|4|2|0,08/12|08/09|08/08|08/07|08/06|08/05|08/04|08/03|08/02|08/01|07/31|07/29|07/28|07/27|07/26,77.8,48.1,24.3,11.6,4.7,1.7,0.6,2.49,122.6
2026-08-13,Chicago Cubs @ Washington Nationals,Nationals Park,1.0,1.008,90.8,45.0,7.4,WNW,303.0,0.0,Overcast,3.7,5.4,58.1,B,92.0,Washington Nationals,Daylen Lile,Kevin Gausman,0.0,0,0,4.2,1.03,1.06,0.53,0.99,2.61,46.7,3.6,5|0|3|3|7,08/12|08/11|08/09|08/08|08/07,2.3,5|0|3|3|7|0|0|0|4|1,08/12|08/11|08/09|08/08|08/07|08/06|08/05|08/04|08/03|08/02,2.27,5|0|3|3|7|0|0|0|4|1|0|1|6|1|3,08/12|08/11|08/09|08/08|08/07|08/06|08/05|08/04|08/03|08/02|08/01|07/31|07/30|07/29|07/28,88.8,68.5,45.6,27.7,15.4,8.0,3.6,2.84,136.3
2026-08-13,Chicago Cubs @ Washington Nationals,Nationals Park,1.0,1.008,90.8,45.0,7.4,WNW,303.0,0.0,Overcast,3.7,5.4,58.1,B,92.0,Washington Nationals,CJ Abrams,Kevin Gausman,1.0,3,3,4.4,1.03,1.03,0.72,0.72,2.45,60.0,2.4,0|4|2|4|2,08/12|08/11|08/09|08/08|08/07,2.2,0|4|2|4|2|0|8|2|0|0,08/12|08/11|08/09|08/08|08/07|08/06|08/05|08/04|08/03|08/02,2.07,0|4|2|4|2|0|8|2|0|0|3|3|0|1|2,08/12|08/11|08/09|08/08|08/07|08/06|08/05|08/04|08/03|08/02|08/01|07/31|07/30|07/29|07/28,88.2,65.6,42.8,24.4,12.8,6.2,2.9,2.55,129.9
2026-08-13,Chicago Cubs @ Washington Nationals,Nationals Park,1.0,1.008,90.8,45.0,7.4,WNW,303.0,0.0,Overcast,3.7,5.4,58.1,B,92.0,Washington Nationals,Jacob Young,Kevin Gausman,0.0,0,2,3.7,1.03,1.07,0.54,0.67,2.29,66.7,2.4,2|4|3|2|1,08/12|08/11|08/09|08/08|08/07,2.1,2|4|3|2|1|4|4|0|1|0,08/12|08/11|08/09|08/08|08/07|08/06|08/05|08/04|08/03|08/01,2.27,2|4|3|2|1|4|4|0|1|0|0|2|3|5|3,08/12|08/11|08/09|08/08|08/07|08/06|08/05|08/04|08/03|08/01|07/31|07/29|07/28|07/26|07/25,86.0,62.4,39.3,21.5,11.0,5.0,2.3,2.76,138.7
