player_id,player_name,team,opponent,position,depth_chart_position,status,years_exp,season,season_type,week,target_slate,game_id,game_date,home_away,projected_rushing_yards,projection_mean,projection_median,projection_floor,projection_ceiling,model_std,historical_games,last_5_avg,last_10_avg,last_15_avg,season_avg,volume_last_5,preseason_usage_multiplier,opponent_adjustment,data_source,simulations,model_version,prob_0_plus,prob_5_plus,prob_10_plus,prob_15_plus,prob_20_plus,prob_25_plus,prob_30_plus,prob_35_plus,prob_40_plus,prob_45_plus,prob_50_plus,prob_55_plus,prob_60_plus,prob_65_plus,prob_70_plus,prob_75_plus,prob_80_plus,prob_85_plus,prob_90_plus,prob_95_plus,prob_100_plus,prob_105_plus,prob_110_plus,prob_115_plus,prob_120_plus,prob_125_plus,prob_130_plus,prob_135_plus,prob_140_plus,prob_145_plus,prob_150_plus,prob_155_plus,prob_160_plus,prob_165_plus,prob_170_plus,prob_175_plus,prob_180_plus,prob_185_plus,prob_190_plus,prob_195_plus,prob_200_plus
00-0036555,Chuba Hubbard,CAR,ARI,RB,RB,ACT,5.0,2026,PRE,0,2026 PRE W0,2026_HOF_CAR_ARI,2026-08-06T17:00:00-07:00,away,28.504,28.504,20.342,0.0,72.773,30.376,47,32.2,26.3,34.067,34.067,8.0,0.5,1.067,PLAYER_HISTORY,100000,NFL_RUSHING_YARDS_V1,100.0,64.75,60.09,55.13,50.32,45.61,40.79,36.03,31.65,27.4,23.46,19.85,16.59,13.76,11.27,9.07,7.2,5.64,4.37,3.35,2.57,1.88,1.42,1.03,0.73,0.52,0.36,0.26,0.19,0.14,0.09,0.06,0.03,0.02,0.01,0.01,0.0,0.0,0.0,0.0,0.0
00-0041542,Malick Meiga,CAR,ARI,WR,WR,ACT,0.0,2026,PRE,0,2026 PRE W0,2026_HOF_CAR_ARI,2026-08-06T17:00:00-07:00,away,23.648,23.648,22.796,0.0,46.33,16.72,0,,,,,,0.68,1.067,TEAM_LEAGUE_PRIOR,100000,NFL_RUSHING_YARDS_V1,100.0,83.08,75.35,66.12,55.94,45.07,34.61,25.13,17.31,11.31,6.85,3.91,2.14,1.09,0.52,0.22,0.09,0.03,0.01,0.01,0.0,0.0,0.0,0.0,0.0,0.0,0.0,0.0,0.0,0.0,0.0,0.0,0.0,0.0,0.0,0.0,0.0,0.0,0.0,0.0,0.0
00-0040394,Anthony Tyus III,CAR,ARI,RB,RB,ACT,1.0,2026,PRE,0,2026 PRE W0,2026_HOF_CAR_ARI,2026-08-06T17:00:00-07:00,away,23.582,23.582,22.568,0.0,46.307,16.729,0,,,,,,0.68,1.067,TEAM_LEAGUE_PRIOR,100000,NFL_RUSHING_YARDS_V1,100.0,82.97,75.31,66.1,55.62,44.7,34.22,25.0,17.31,11.29,6.88,3.99,2.17,1.12,0.51,0.21,0.09,0.04,0.01,0.01,0.0,0.0,0.0,0.0,0.0,0.0,0.0,0.0,0.0,0.0,0.0,0.0,0.0,0.0,0.0,0.0,0.0,0.0,0.0,0.0,0.0
00-0039491,Jalen Coker,CAR,ARI,WR,WR,ACT,2.0,2026,PRE,0,2026 PRE W0,2026_HOF_CAR_ARI,2026-08-06T17:00:00-07:00,away,23.576,23.576,22.602,0.0,46.221,16.716,0,,,,,,0.68,1.067,TEAM_LEAGUE_PRIOR,100000,NFL_RUSHING_YARDS_V1,100.0,83.03,75.18,65.95,55.5,44.78,34.49,25.14,17.27,11.2,6.89,3.94,2.14,1.05,0.48,0.21,0.08,0.03,0.01,0.0,0.0,0.0,0.0,0.0,0.0,0.0,0.0,0.0,0.0,0.0,0.0,0.0,0.0,0.0,0.0,0.0,0.0,0.0,0.0,0.0,0.0
00-0041047,Chris Brazzell,CAR,ARI,WR,WR,ACT,0.0,2026,PRE,0,2026 PRE W0,2026_HOF_CAR_ARI,2026-08-06T17:00:00-07:00,away,23.558,23.558,22.508,0.0,46.185,16.714,0,,,,,,0.68,1.067,TEAM_LEAGUE_PRIOR,100000,NFL_RUSHING_YARDS_V1,100.0,83.04,75.21,65.88,55.58,44.64,34.31,25.19,17.3,11.2,6.85,3.96,2.11,1.05,0.49,0.21,0.09,0.03,0.01,0.0,0.0,0.0,0.0,0.0,0.0,0.0,0.0,0.0,0.0,0.0,0.0,0.0,0.0,0.0,0.0,0.0,0.0,0.0,0.0,0.0,0.0
00-0040124,Tetairoa McMillan,CAR,ARI,WR,WR,ACT,1.0,2026,PRE,0,2026 PRE W0,2026_HOF_CAR_ARI,2026-08-06T17:00:00-07:00,away,23.538,23.538,22.521,0.0,46.113,16.7,0,,,,,,0.68,1.067,TEAM_LEAGUE_PRIOR,100000,NFL_RUSHING_YARDS_V1,100.0,83.07,75.27,65.82,55.45,44.67,34.25,24.95,17.19,11.14,6.75,3.93,2.15,1.1,0.52,0.23,0.1,0.04,0.02,0.01,0.0,0.0,0.0,0.0,0.0,0.0,0.0,0.0,0.0,0.0,0.0,0.0,0.0,0.0,0.0,0.0,0.0,0.0,0.0,0.0,0.0
00-0040265,Ja'Seem Reed,CAR,ARI,WR,WR,ACT,1.0,2026,PRE,0,2026 PRE W0,2026_HOF_CAR_ARI,2026-08-06T17:00:00-07:00,away,23.515,23.515,22.579,0.0,46.162,16.728,0,,,,,,0.68,1.067,TEAM_LEAGUE_PRIOR,100000,NFL_RUSHING_YARDS_V1,100.0,82.8,75.01,65.69,55.55,44.75,34.39,24.98,17.25,11.19,6.84,3.92,2.05,1.04,0.5,0.21,0.1,0.04,0.01,0.01,0.0,0.0,0.0,0.0,0.0,0.0,0.0,0.0,0.0,0.0,0.0,0.0,0.0,0.0,0.0,0.0,0.0,0.0,0.0,0.0,0.0
00-0041485,Miles Davis,CAR,ARI,RB,RB,ACT,0.0,2026,PRE,0,2026 PRE W0,2026_HOF_CAR_ARI,2026-08-06T17:00:00-07:00,away,23.508,23.508,22.48,0.0,46.149,16.694,0,,,,,,0.68,1.067,TEAM_LEAGUE_PRIOR,100000,NFL_RUSHING_YARDS_V1,100.0,82.95,75.18,66.04,55.36,44.48,33.98,24.84,17.18,11.14,6.89,4.0,2.19,1.06,0.49,0.21,0.09,0.03,0.01,0.0,0.0,0.0,0.0,0.0,0.0,0.0,0.0,0.0,0.0,0.0,0.0,0.0,0.0,0.0,0.0,0.0,0.0,0.0,0.0,0.0,0.0
00-0041152,Kobe Prentice,CAR,ARI,WR,WR,ACT,0.0,2026,PRE,0,2026 PRE W0,2026_HOF_CAR_ARI,2026-08-06T17:00:00-07:00,away,23.503,23.503,22.517,0.0,46.141,16.668,0,,,,,,0.68,1.067,TEAM_LEAGUE_PRIOR,100000,NFL_RUSHING_YARDS_V1,100.0,83.04,75.21,65.79,55.44,44.6,34.13,24.83,17.13,11.17,6.8,3.86,2.02,1.03,0.48,0.21,0.09,0.03,0.01,0.0,0.0,0.0,0.0,0.0,0.0,0.0,0.0,0.0,0.0,0.0,0.0,0.0,0.0,0.0,0.0,0.0,0.0,0.0,0.0,0.0,0.0
00-0041149,Haynes King,CAR,ARI,QB,QB,ACT,0.0,2026,PRE,0,2026 PRE W0,2026_HOF_CAR_ARI,2026-08-06T17:00:00-07:00,away,21.762,21.762,20.533,0.0,44.131,16.352,0,,,,,,0.62,1.067,TEAM_LEAGUE_PRIOR,100000,NFL_RUSHING_YARDS_V1,100.0,80.07,71.65,61.85,51.14,40.44,30.34,21.55,14.47,9.2,5.48,3.12,1.64,0.78,0.37,0.16,0.06,0.02,0.01,0.01,0.0,0.0,0.0,0.0,0.0,0.0,0.0,0.0,0.0,0.0,0.0,0.0,0.0,0.0,0.0,0.0,0.0,0.0,0.0,0.0,0.0
00-0039747,Ainias Smith,CAR,ARI,WR,WR,ACT,2.0,2026,PRE,0,2026 PRE W0,2026_HOF_CAR_ARI,2026-08-06T17:00:00-07:00,away,18.877,18.877,18.873,12.86,24.922,4.706,2,3.0,3.0,3.0,3.0,1.0,0.68,1.067,PLAYER_PRIOR_BLEND,100000,NFL_RUSHING_YARDS_V1,100.0,99.83,97.03,79.54,40.38,9.69,0.88,0.03,0.0,0.0,0.0,0.0,0.0,0.0,0.0,0.0,0.0,0.0,0.0,0.0,0.0,0.0,0.0,0.0,0.0,0.0,0.0,0.0,0.0,0.0,0.0,0.0,0.0,0.0,0.0,0.0,0.0,0.0,0.0,0.0,0.0
00-0038840,Brycen Tremayne,CAR,ARI,WR,WR,ACT,3.0,2026,PRE,0,2026 PRE W0,2026_HOF_CAR_ARI,2026-08-06T17:00:00-07:00,away,18.539,18.539,16.762,0.0,40.26,15.572,0,,,,,,0.5,1.067,TEAM_LEAGUE_PRIOR,100000,NFL_RUSHING_YARDS_V1,100.0,73.84,64.28,53.7,42.98,32.68,23.48,15.89,10.23,6.14,3.56,1.86,0.91,0.44,0.19,0.07,0.02,0.01,0.0,0.0,0.0,0.0,0.0,0.0,0.0,0.0,0.0,0.0,0.0,0.0,0.0,0.0,0.0,0.0,0.0,0.0,0.0,0.0,0.0,0.0,0.0
00-0035976,Dan Chisena,CAR,ARI,WR,WR,ACT,6.0,2026,PRE,0,2026 PRE W0,2026_HOF_CAR_ARI,2026-08-06T17:00:00-07:00,away,18.498,18.498,16.606,0.0,40.241,15.584,0,,,,,,0.5,1.067,TEAM_LEAGUE_PRIOR,100000,NFL_RUSHING_YARDS_V1,100.0,73.77,64.1,53.6,42.8,32.49,23.39,16.0,10.25,6.13,3.52,1.91,0.94,0.43,0.19,0.07,0.03,0.0,0.0,0.0,0.0,0.0,0.0,0.0,0.0,0.0,0.0,0.0,0.0,0.0,0.0,0.0,0.0,0.0,0.0,0.0,0.0,0.0,0.0,0.0,0.0
00-0039344,Jonathon Brooks,CAR,ARI,RB,RB,ACT,2.0,2026,PRE,0,2026 PRE W0,2026_HOF_CAR_ARI,2026-08-06T17:00:00-07:00,away,18.342,18.342,17.915,2.126,33.766,11.577,3,7.333,7.333,7.333,7.333,3.0,0.68,1.067,PLAYER_PRIOR_BLEND,100000,NFL_RUSHING_YARDS_V1,100.0,85.28,73.92,59.38,43.35,28.34,16.56,8.33,3.62,1.47,0.5,0.14,0.03,0.01,0.0,0.0,0.0,0.0,0.0,0.0,0.0,0.0,0.0,0.0,0.0,0.0,0.0,0.0,0.0,0.0,0.0,0.0,0.0,0.0,0.0,0.0,0.0,0.0,0.0,0.0,0.0
00-0040644,Trevor Etienne,CAR,ARI,RB,RB,ACT,1.0,2026,PRE,0,2026 PRE W0,2026_HOF_CAR_ARI,2026-08-06T17:00:00-07:00,away,17.852,17.852,17.147,0.0,34.632,12.423,6,18.0,15.667,15.667,15.667,3.8,0.68,1.067,PLAYER_HISTORY,100000,NFL_RUSHING_YARDS_V1,100.0,81.5,70.04,56.32,41.68,28.32,17.35,9.55,4.69,2.07,0.82,0.29,0.09,0.02,0.0,0.0,0.0,0.0,0.0,0.0,0.0,0.0,0.0,0.0,0.0,0.0,0.0,0.0,0.0,0.0,0.0,0.0,0.0,0.0,0.0,0.0,0.0,0.0,0.0,0.0,0.0
00-0035251,Will Grier,CAR,ARI,QB,QB,ACT,7.0,2026,PRE,0,2026 PRE W0,2026_HOF_CAR_ARI,2026-08-06T17:00:00-07:00,away,17.849,17.849,15.949,0.0,39.289,15.353,0,,,,,,0.48,1.067,TEAM_LEAGUE_PRIOR,100000,NFL_RUSHING_YARDS_V1,100.0,72.35,62.77,52.1,41.3,30.93,21.94,14.73,9.33,5.62,3.14,1.66,0.81,0.37,0.16,0.07,0.02,0.01,0.0,0.0,0.0,0.0,0.0,0.0,0.0,0.0,0.0,0.0,0.0,0.0,0.0,0.0,0.0,0.0,0.0,0.0,0.0,0.0,0.0,0.0,0.0
00-0036265,AJ Dillon,CAR,ARI,RB,RB,ACT,6.0,2026,PRE,0,2026 PRE W0,2026_HOF_CAR_ARI,2026-08-06T17:00:00-07:00,away,16.576,16.576,9.603,0.0,45.23,19.424,20,12.0,26.8,31.933,12.0,2.4,0.5,1.067,PLAYER_HISTORY,100000,NFL_RUSHING_YARDS_V1,100.0,56.55,49.41,42.33,35.56,29.17,23.23,18.04,13.72,10.14,7.35,5.2,3.57,2.35,1.51,0.93,0.57,0.32,0.18,0.1,0.05,0.03,0.01,0.01,0.0,0.0,0.0,0.0,0.0,0.0,0.0,0.0,0.0,0.0,0.0,0.0,0.0,0.0,0.0,0.0,0.0
00-0040218,Jimmy Horn Jr.,CAR,ARI,WR,WR,ACT,1.0,2026,PRE,0,2026 PRE W0,2026_HOF_CAR_ARI,2026-08-06T17:00:00-07:00,away,15.432,15.432,15.384,4.979,25.675,7.86,6,11.8,11.5,11.5,11.5,1.2,0.68,1.067,PLAYER_HISTORY,100000,NFL_RUSHING_YARDS_V1,100.0,89.97,74.71,51.89,28.01,11.6,3.43,0.7,0.12,0.01,0.0,0.0,0.0,0.0,0.0,0.0,0.0,0.0,0.0,0.0,0.0,0.0,0.0,0.0,0.0,0.0,0.0,0.0,0.0,0.0,0.0,0.0,0.0,0.0,0.0,0.0,0.0,0.0,0.0,0.0,0.0
00-0033589,David Moore,CAR,ARI,WR,WR,ACT,9.0,2026,PRE,0,2026 PRE W0,2026_HOF_CAR_ARI,2026-08-06T17:00:00-07:00,away,14.514,14.514,14.151,1.347,26.978,9.338,2,6.0,6.0,6.0,12.0,1.0,0.5,1.067,PLAYER_PRIOR_BLEND,100000,NFL_RUSHING_YARDS_V1,100.0,81.98,66.25,46.6,27.85,13.95,5.74,1.86,0.48,0.1,0.02,0.01,0.0,0.0,0.0,0.0,0.0,0.0,0.0,0.0,0.0,0.0,0.0,0.0,0.0,0.0,0.0,0.0,0.0,0.0,0.0,0.0,0.0,0.0,0.0,0.0,0.0,0.0,0.0,0.0,0.0
00-0039150,Bryce Young,CAR,ARI,QB,QB,ACT,3.0,2026,PRE,0,2026 PRE W0,2026_HOF_CAR_ARI,2026-08-06T17:00:00-07:00,away,13.976,13.976,9.269,0.0,36.725,15.532,43,23.6,15.7,11.733,13.5,5.4,0.48,1.067,PLAYER_HISTORY,100000,NFL_RUSHING_YARDS_V1,100.0,57.92,48.64,39.41,30.75,23.2,16.63,11.43,7.63,4.8,2.89,1.7,0.9,0.49,0.24,0.1,0.06,0.02,0.01,0.0,0.0,0.0,0.0,0.0,0.0,0.0,0.0,0.0,0.0,0.0,0.0,0.0,0.0,0.0,0.0,0.0,0.0,0.0,0.0,0.0,0.0
00-0039342,Xavier Legette,CAR,ARI,WR,WR,ACT,2.0,2026,PRE,0,2026 PRE W0,2026_HOF_CAR_ARI,2026-08-06T17:00:00-07:00,away,12.181,12.181,12.184,6.115,18.202,4.697,6,2.8,4.0,4.0,0.0,1.0,0.68,1.067,PLAYER_HISTORY,100000,NFL_RUSHING_YARDS_V1,100.0,93.59,67.71,27.46,4.84,0.32,0.01,0.0,0.0,0.0,0.0,0.0,0.0,0.0,0.0,0.0,0.0,0.0,0.0,0.0,0.0,0.0,0.0,0.0,0.0,0.0,0.0,0.0,0.0,0.0,0.0,0.0,0.0,0.0,0.0,0.0,0.0,0.0,0.0,0.0,0.0
00-0037614,John Metchie III,CAR,ARI,WR,WR,ACT,4.0,2026,PRE,0,2026 PRE W0,2026_HOF_CAR_ARI,2026-08-06T17:00:00-07:00,away,10.901,10.901,10.768,2.758,18.867,6.061,4,-0.25,-0.25,-0.25,-1.667,1.0,0.5,1.067,PLAYER_PRIOR_BLEND,100000,NFL_RUSHING_YARDS_V1,100.0,82.17,54.85,25.25,7.18,1.22,0.11,0.01,0.0,0.0,0.0,0.0,0.0,0.0,0.0,0.0,0.0,0.0,0.0,0.0,0.0,0.0,0.0,0.0,0.0,0.0,0.0,0.0,0.0,0.0,0.0,0.0,0.0,0.0,0.0,0.0,0.0,0.0,0.0,0.0,0.0
00-0038102,Kenny Pickett,CAR,ARI,QB,QB,ACT,4.0,2026,PRE,0,2026 PRE W0,2026_HOF_CAR_ARI,2026-08-06T17:00:00-07:00,away,4.279,4.279,2.537,0.0,11.638,4.988,20,5.0,4.5,5.267,5.5,1.6,0.48,1.067,PLAYER_HISTORY,100000,NFL_RUSHING_YARDS_V1,100.0,36.31,14.65,3.99,0.71,0.08,0.0,0.0,0.0,0.0,0.0,0.0,0.0,0.0,0.0,0.0,0.0,0.0,0.0,0.0,0.0,0.0,0.0,0.0,0.0,0.0,0.0,0.0,0.0,0.0,0.0,0.0,0.0,0.0,0.0,0.0,0.0,0.0,0.0,0.0,0.0
