player_id,player_name,team,opponent,position,season,season_type,week,ladder_line,probability,probability_grade,projected_pat_made,model_version
00-0025565,Nick Folk,ATL,IND,K,2026,PRE,2,1,81.83,ELITE,1.706,NFL_PAT_MADE_V1
00-0025565,Nick Folk,ATL,IND,K,2026,PRE,2,2,50.88,ELITE,1.706,NFL_PAT_MADE_V1
00-0025565,Nick Folk,ATL,IND,K,2026,PRE,2,3,24.53,ELITE,1.706,NFL_PAT_MADE_V1
00-0025565,Nick Folk,ATL,IND,K,2026,PRE,2,4,9.44,ELITE,1.706,NFL_PAT_MADE_V1
00-0025565,Nick Folk,ATL,IND,K,2026,PRE,2,5,2.94,ELITE,1.706,NFL_PAT_MADE_V1
00-0025565,Nick Folk,ATL,IND,K,2026,PRE,2,6,0.77,HIGH,1.706,NFL_PAT_MADE_V1
00-0031136,Chris Boswell,PIT,NYJ,K,2026,PRE,2,1,92.37,ELITE,2.563,NFL_PAT_MADE_V1
00-0031136,Chris Boswell,PIT,NYJ,K,2026,PRE,2,2,72.53,ELITE,2.563,NFL_PAT_MADE_V1
00-0031136,Chris Boswell,PIT,NYJ,K,2026,PRE,2,3,47.42,ELITE,2.563,NFL_PAT_MADE_V1
00-0031136,Chris Boswell,PIT,NYJ,K,2026,PRE,2,4,25.8,ELITE,2.563,NFL_PAT_MADE_V1
00-0031136,Chris Boswell,PIT,NYJ,K,2026,PRE,2,5,11.67,ELITE,2.563,NFL_PAT_MADE_V1
00-0031136,Chris Boswell,PIT,NYJ,K,2026,PRE,2,6,4.55,ELITE,2.563,NFL_PAT_MADE_V1
00-0031203,Cairo Santos,CHI,CIN,K,2026,PRE,2,1,91.11,ELITE,2.407,NFL_PAT_MADE_V1
00-0031203,Cairo Santos,CHI,CIN,K,2026,PRE,2,2,69.51,ELITE,2.407,NFL_PAT_MADE_V1
00-0031203,Cairo Santos,CHI,CIN,K,2026,PRE,2,3,43.27,ELITE,2.407,NFL_PAT_MADE_V1
00-0031203,Cairo Santos,CHI,CIN,K,2026,PRE,2,4,22.02,ELITE,2.407,NFL_PAT_MADE_V1
00-0031203,Cairo Santos,CHI,CIN,K,2026,PRE,2,5,9.63,ELITE,2.407,NFL_PAT_MADE_V1
00-0031203,Cairo Santos,CHI,CIN,K,2026,PRE,2,6,3.64,ELITE,2.407,NFL_PAT_MADE_V1
00-0031492,Jason Myers,SEA,TEN,K,2026,PRE,2,1,94.0,ELITE,2.793,NFL_PAT_MADE_V1
00-0031492,Jason Myers,SEA,TEN,K,2026,PRE,2,2,77.06,ELITE,2.793,NFL_PAT_MADE_V1
00-0031492,Jason Myers,SEA,TEN,K,2026,PRE,2,3,52.95,ELITE,2.793,NFL_PAT_MADE_V1
00-0031492,Jason Myers,SEA,TEN,K,2026,PRE,2,4,30.56,ELITE,2.793,NFL_PAT_MADE_V1
00-0031492,Jason Myers,SEA,TEN,K,2026,PRE,2,5,15.24,ELITE,2.793,NFL_PAT_MADE_V1
00-0031492,Jason Myers,SEA,TEN,K,2026,PRE,2,6,6.35,ELITE,2.793,NFL_PAT_MADE_V1
00-0032569,Wil Lutz,DEN,GB,K,2026,PRE,2,1,85.18,ELITE,1.904,NFL_PAT_MADE_V1
00-0032569,Wil Lutz,DEN,GB,K,2026,PRE,2,2,56.92,ELITE,1.904,NFL_PAT_MADE_V1
00-0032569,Wil Lutz,DEN,GB,K,2026,PRE,2,3,29.83,ELITE,1.904,NFL_PAT_MADE_V1
00-0032569,Wil Lutz,DEN,GB,K,2026,PRE,2,4,12.44,ELITE,1.904,NFL_PAT_MADE_V1
00-0032569,Wil Lutz,DEN,GB,K,2026,PRE,2,5,4.33,ELITE,1.904,NFL_PAT_MADE_V1
00-0032569,Wil Lutz,DEN,GB,K,2026,PRE,2,6,1.32,ELITE,1.904,NFL_PAT_MADE_V1
00-0032726,Ka'imi Fairbairn,HOU,LV,K,2026,PRE,2,1,84.37,ELITE,1.865,NFL_PAT_MADE_V1
00-0032726,Ka'imi Fairbairn,HOU,LV,K,2026,PRE,2,2,55.76,ELITE,1.865,NFL_PAT_MADE_V1
00-0032726,Ka'imi Fairbairn,HOU,LV,K,2026,PRE,2,3,28.67,ELITE,1.865,NFL_PAT_MADE_V1
00-0032726,Ka'imi Fairbairn,HOU,LV,K,2026,PRE,2,4,12.02,ELITE,1.865,NFL_PAT_MADE_V1
00-0032726,Ka'imi Fairbairn,HOU,LV,K,2026,PRE,2,5,4.1,ELITE,1.865,NFL_PAT_MADE_V1
00-0032726,Ka'imi Fairbairn,HOU,LV,K,2026,PRE,2,6,1.2,ELITE,1.865,NFL_PAT_MADE_V1
00-0033303,Harrison Butker,KC,TB,K,2026,PRE,2,1,86.93,ELITE,2.037,NFL_PAT_MADE_V1
00-0033303,Harrison Butker,KC,TB,K,2026,PRE,2,2,60.59,ELITE,2.037,NFL_PAT_MADE_V1
00-0033303,Harrison Butker,KC,TB,K,2026,PRE,2,3,33.3,ELITE,2.037,NFL_PAT_MADE_V1
00-0033303,Harrison Butker,KC,TB,K,2026,PRE,2,4,14.96,ELITE,2.037,NFL_PAT_MADE_V1
00-0033303,Harrison Butker,KC,TB,K,2026,PRE,2,5,5.59,ELITE,2.037,NFL_PAT_MADE_V1
00-0033303,Harrison Butker,KC,TB,K,2026,PRE,2,6,1.74,ELITE,2.037,NFL_PAT_MADE_V1
00-0033787,Jake Elliott,PHI,NE,K,2026,PRE,2,1,86.84,ELITE,2.036,NFL_PAT_MADE_V1
00-0033787,Jake Elliott,PHI,NE,K,2026,PRE,2,2,60.26,ELITE,2.036,NFL_PAT_MADE_V1
00-0033787,Jake Elliott,PHI,NE,K,2026,PRE,2,3,33.5,ELITE,2.036,NFL_PAT_MADE_V1
00-0033787,Jake Elliott,PHI,NE,K,2026,PRE,2,4,14.99,ELITE,2.036,NFL_PAT_MADE_V1
00-0033787,Jake Elliott,PHI,NE,K,2026,PRE,2,5,5.62,ELITE,2.036,NFL_PAT_MADE_V1
00-0033787,Jake Elliott,PHI,NE,K,2026,PRE,2,6,1.79,ELITE,2.036,NFL_PAT_MADE_V1
00-0033862,Zane Gonzalez,MIA,NYG,K,2026,PRE,2,1,90.96,ELITE,2.416,NFL_PAT_MADE_V1
00-0033862,Zane Gonzalez,MIA,NYG,K,2026,PRE,2,2,69.56,ELITE,2.416,NFL_PAT_MADE_V1
00-0033862,Zane Gonzalez,MIA,NYG,K,2026,PRE,2,3,43.51,ELITE,2.416,NFL_PAT_MADE_V1
00-0033862,Zane Gonzalez,MIA,NYG,K,2026,PRE,2,4,22.45,ELITE,2.416,NFL_PAT_MADE_V1
00-0033862,Zane Gonzalez,MIA,NYG,K,2026,PRE,2,5,9.92,ELITE,2.416,NFL_PAT_MADE_V1
00-0033862,Zane Gonzalez,MIA,NYG,K,2026,PRE,2,6,3.69,ELITE,2.416,NFL_PAT_MADE_V1
00-0034173,Eddy Pineiro,SF,LAC,K,2026,PRE,2,1,92.83,ELITE,2.631,NFL_PAT_MADE_V1
00-0034173,Eddy Pineiro,SF,LAC,K,2026,PRE,2,2,73.83,ELITE,2.631,NFL_PAT_MADE_V1
00-0034173,Eddy Pineiro,SF,LAC,K,2026,PRE,2,3,48.81,ELITE,2.631,NFL_PAT_MADE_V1
00-0034173,Eddy Pineiro,SF,LAC,K,2026,PRE,2,4,27.27,ELITE,2.631,NFL_PAT_MADE_V1
00-0034173,Eddy Pineiro,SF,LAC,K,2026,PRE,2,5,12.85,ELITE,2.631,NFL_PAT_MADE_V1
00-0034173,Eddy Pineiro,SF,LAC,K,2026,PRE,2,6,5.26,ELITE,2.631,NFL_PAT_MADE_V1
00-0034794,Jason Sanders,NYJ,PIT,K,2026,PRE,2,1,83.73,ELITE,1.827,NFL_PAT_MADE_V1
00-0034794,Jason Sanders,NYJ,PIT,K,2026,PRE,2,2,54.82,ELITE,1.827,NFL_PAT_MADE_V1
00-0034794,Jason Sanders,NYJ,PIT,K,2026,PRE,2,3,27.58,ELITE,1.827,NFL_PAT_MADE_V1
00-0034794,Jason Sanders,NYJ,PIT,K,2026,PRE,2,4,11.24,ELITE,1.827,NFL_PAT_MADE_V1
00-0034794,Jason Sanders,NYJ,PIT,K,2026,PRE,2,5,3.84,ELITE,1.827,NFL_PAT_MADE_V1
00-0034794,Jason Sanders,NYJ,PIT,K,2026,PRE,2,6,1.14,ELITE,1.827,NFL_PAT_MADE_V1
00-0035192,Joey Slye,TEN,SEA,K,2026,PRE,2,1,83.45,ELITE,1.807,NFL_PAT_MADE_V1
00-0035192,Joey Slye,TEN,SEA,K,2026,PRE,2,2,53.76,ELITE,1.807,NFL_PAT_MADE_V1
00-0035192,Joey Slye,TEN,SEA,K,2026,PRE,2,3,27.26,ELITE,1.807,NFL_PAT_MADE_V1
00-0035192,Joey Slye,TEN,SEA,K,2026,PRE,2,4,11.11,ELITE,1.807,NFL_PAT_MADE_V1
00-0035192,Joey Slye,TEN,SEA,K,2026,PRE,2,5,3.75,ELITE,1.807,NFL_PAT_MADE_V1
00-0035192,Joey Slye,TEN,SEA,K,2026,PRE,2,6,1.08,ELITE,1.807,NFL_PAT_MADE_V1
00-0035269,Matt Gay,LV,HOU,K,2026,PRE,2,1,86.9,ELITE,2.035,NFL_PAT_MADE_V1
00-0035269,Matt Gay,LV,HOU,K,2026,PRE,2,2,60.16,ELITE,2.035,NFL_PAT_MADE_V1
00-0035269,Matt Gay,LV,HOU,K,2026,PRE,2,3,33.42,ELITE,2.035,NFL_PAT_MADE_V1
00-0035269,Matt Gay,LV,HOU,K,2026,PRE,2,4,15.02,ELITE,2.035,NFL_PAT_MADE_V1
00-0035269,Matt Gay,LV,HOU,K,2026,PRE,2,5,5.51,ELITE,2.035,NFL_PAT_MADE_V1
00-0035269,Matt Gay,LV,HOU,K,2026,PRE,2,6,1.86,ELITE,2.035,NFL_PAT_MADE_V1
00-0035358,Chase McLaughlin,TB,KC,K,2026,PRE,2,1,82.42,ELITE,1.738,NFL_PAT_MADE_V1
00-0035358,Chase McLaughlin,TB,KC,K,2026,PRE,2,2,51.82,ELITE,1.738,NFL_PAT_MADE_V1
00-0035358,Chase McLaughlin,TB,KC,K,2026,PRE,2,3,25.16,ELITE,1.738,NFL_PAT_MADE_V1
00-0035358,Chase McLaughlin,TB,KC,K,2026,PRE,2,4,10.02,ELITE,1.738,NFL_PAT_MADE_V1
00-0035358,Chase McLaughlin,TB,KC,K,2026,PRE,2,5,3.29,ELITE,1.738,NFL_PAT_MADE_V1
00-0035358,Chase McLaughlin,TB,KC,K,2026,PRE,2,6,0.85,VERY HIGH,1.738,NFL_PAT_MADE_V1
00-0036162,Tyler Bass,BUF,CLE,K,2026,PRE,2,1,95.17,ELITE,3.019,NFL_PAT_MADE_V1
00-0036162,Tyler Bass,BUF,CLE,K,2026,PRE,2,2,80.66,ELITE,3.019,NFL_PAT_MADE_V1
00-0036162,Tyler Bass,BUF,CLE,K,2026,PRE,2,3,58.1,ELITE,3.019,NFL_PAT_MADE_V1
00-0036162,Tyler Bass,BUF,CLE,K,2026,PRE,2,4,35.77,ELITE,3.019,NFL_PAT_MADE_V1
00-0036162,Tyler Bass,BUF,CLE,K,2026,PRE,2,5,18.99,ELITE,3.019,NFL_PAT_MADE_V1
00-0036162,Tyler Bass,BUF,CLE,K,2026,PRE,2,6,8.69,ELITE,3.019,NFL_PAT_MADE_V1
00-0036816,Riley Patterson,MIA,NYG,K,2026,PRE,2,1,91.54,ELITE,2.464,NFL_PAT_MADE_V1
00-0036816,Riley Patterson,MIA,NYG,K,2026,PRE,2,2,70.45,ELITE,2.464,NFL_PAT_MADE_V1
00-0036816,Riley Patterson,MIA,NYG,K,2026,PRE,2,3,44.74,ELITE,2.464,NFL_PAT_MADE_V1
00-0036816,Riley Patterson,MIA,NYG,K,2026,PRE,2,4,23.47,ELITE,2.464,NFL_PAT_MADE_V1
00-0036816,Riley Patterson,MIA,NYG,K,2026,PRE,2,5,10.47,ELITE,2.464,NFL_PAT_MADE_V1
00-0036816,Riley Patterson,MIA,NYG,K,2026,PRE,2,6,3.99,ELITE,2.464,NFL_PAT_MADE_V1
00-0036854,Evan McPherson,CIN,CHI,K,2026,PRE,2,1,94.55,ELITE,2.895,NFL_PAT_MADE_V1
00-0036854,Evan McPherson,CIN,CHI,K,2026,PRE,2,2,78.87,ELITE,2.895,NFL_PAT_MADE_V1
00-0036854,Evan McPherson,CIN,CHI,K,2026,PRE,2,3,55.62,ELITE,2.895,NFL_PAT_MADE_V1
00-0036854,Evan McPherson,CIN,CHI,K,2026,PRE,2,4,33.02,ELITE,2.895,NFL_PAT_MADE_V1
00-0036854,Evan McPherson,CIN,CHI,K,2026,PRE,2,5,16.57,ELITE,2.895,NFL_PAT_MADE_V1
00-0036854,Evan McPherson,CIN,CHI,K,2026,PRE,2,6,7.26,ELITE,2.895,NFL_PAT_MADE_V1
00-0037224,Cameron Dicker,LAC,SF,K,2026,PRE,2,1,87.35,ELITE,2.067,NFL_PAT_MADE_V1
00-0037224,Cameron Dicker,LAC,SF,K,2026,PRE,2,2,61.34,ELITE,2.067,NFL_PAT_MADE_V1
00-0037224,Cameron Dicker,LAC,SF,K,2026,PRE,2,3,34.18,ELITE,2.067,NFL_PAT_MADE_V1
00-0037224,Cameron Dicker,LAC,SF,K,2026,PRE,2,4,15.33,ELITE,2.067,NFL_PAT_MADE_V1
00-0037224,Cameron Dicker,LAC,SF,K,2026,PRE,2,5,5.96,ELITE,2.067,NFL_PAT_MADE_V1
00-0037224,Cameron Dicker,LAC,SF,K,2026,PRE,2,6,1.93,ELITE,2.067,NFL_PAT_MADE_V1
00-0037692,Brandon Aubrey,DAL,ARI,K,2026,PRE,2,1,92.29,ELITE,2.569,NFL_PAT_MADE_V1
00-0037692,Brandon Aubrey,DAL,ARI,K,2026,PRE,2,2,72.94,ELITE,2.569,NFL_PAT_MADE_V1
00-0037692,Brandon Aubrey,DAL,ARI,K,2026,PRE,2,3,47.41,ELITE,2.569,NFL_PAT_MADE_V1
00-0037692,Brandon Aubrey,DAL,ARI,K,2026,PRE,2,4,25.78,ELITE,2.569,NFL_PAT_MADE_V1
00-0037692,Brandon Aubrey,DAL,ARI,K,2026,PRE,2,5,11.75,ELITE,2.569,NFL_PAT_MADE_V1
00-0037692,Brandon Aubrey,DAL,ARI,K,2026,PRE,2,6,4.66,ELITE,2.569,NFL_PAT_MADE_V1
00-0038097,Cade York,NYJ,PIT,K,2026,PRE,2,1,90.75,ELITE,2.38,NFL_PAT_MADE_V1
00-0038097,Cade York,NYJ,PIT,K,2026,PRE,2,2,68.64,ELITE,2.38,NFL_PAT_MADE_V1
00-0038097,Cade York,NYJ,PIT,K,2026,PRE,2,3,42.33,ELITE,2.38,NFL_PAT_MADE_V1
00-0038097,Cade York,NYJ,PIT,K,2026,PRE,2,4,21.89,ELITE,2.38,NFL_PAT_MADE_V1
00-0038097,Cade York,NYJ,PIT,K,2026,PRE,2,5,9.47,ELITE,2.38,NFL_PAT_MADE_V1
00-0038097,Cade York,NYJ,PIT,K,2026,PRE,2,6,3.52,ELITE,2.38,NFL_PAT_MADE_V1
00-0038152,Lucas Havrisik,GB,DEN,K,2026,PRE,2,1,91.8,ELITE,2.512,NFL_PAT_MADE_V1
00-0038152,Lucas Havrisik,GB,DEN,K,2026,PRE,2,2,71.55,ELITE,2.512,NFL_PAT_MADE_V1
00-0038152,Lucas Havrisik,GB,DEN,K,2026,PRE,2,3,45.84,ELITE,2.512,NFL_PAT_MADE_V1
00-0038152,Lucas Havrisik,GB,DEN,K,2026,PRE,2,4,24.61,ELITE,2.512,NFL_PAT_MADE_V1
00-0038152,Lucas Havrisik,GB,DEN,K,2026,PRE,2,5,11.29,ELITE,2.512,NFL_PAT_MADE_V1
00-0038152,Lucas Havrisik,GB,DEN,K,2026,PRE,2,6,4.33,ELITE,2.512,NFL_PAT_MADE_V1
00-0038428,Andre Szmyt,CLE,BUF,K,2026,PRE,2,1,80.42,ELITE,1.623,NFL_PAT_MADE_V1
00-0038428,Andre Szmyt,CLE,BUF,K,2026,PRE,2,2,48.37,ELITE,1.623,NFL_PAT_MADE_V1
00-0038428,Andre Szmyt,CLE,BUF,K,2026,PRE,2,3,22.14,ELITE,1.623,NFL_PAT_MADE_V1
00-0038428,Andre Szmyt,CLE,BUF,K,2026,PRE,2,4,8.09,ELITE,1.623,NFL_PAT_MADE_V1
00-0038428,Andre Szmyt,CLE,BUF,K,2026,PRE,2,5,2.51,ELITE,1.623,NFL_PAT_MADE_V1
00-0038428,Andre Szmyt,CLE,BUF,K,2026,PRE,2,6,0.62,SOLID,1.623,NFL_PAT_MADE_V1
00-0038562,Jake Moody,WAS,DET,K,2026,PRE,2,1,86.46,ELITE,2.024,NFL_PAT_MADE_V1
00-0038562,Jake Moody,WAS,DET,K,2026,PRE,2,2,60.09,ELITE,2.024,NFL_PAT_MADE_V1
00-0038562,Jake Moody,WAS,DET,K,2026,PRE,2,3,33.24,ELITE,2.024,NFL_PAT_MADE_V1
00-0038562,Jake Moody,WAS,DET,K,2026,PRE,2,4,14.71,ELITE,2.024,NFL_PAT_MADE_V1
00-0038562,Jake Moody,WAS,DET,K,2026,PRE,2,5,5.54,ELITE,2.024,NFL_PAT_MADE_V1
00-0038562,Jake Moody,WAS,DET,K,2026,PRE,2,6,1.76,ELITE,2.024,NFL_PAT_MADE_V1
00-0038748,B.T. Potter,TB,KC,K,2026,PRE,2,1,83.62,ELITE,1.822,NFL_PAT_MADE_V1
00-0038748,B.T. Potter,TB,KC,K,2026,PRE,2,2,54.56,ELITE,1.822,NFL_PAT_MADE_V1
00-0038748,B.T. Potter,TB,KC,K,2026,PRE,2,3,27.54,ELITE,1.822,NFL_PAT_MADE_V1
00-0038748,B.T. Potter,TB,KC,K,2026,PRE,2,4,11.15,ELITE,1.822,NFL_PAT_MADE_V1
00-0038748,B.T. Potter,TB,KC,K,2026,PRE,2,5,3.9,ELITE,1.822,NFL_PAT_MADE_V1
00-0038748,B.T. Potter,TB,KC,K,2026,PRE,2,6,1.12,ELITE,1.822,NFL_PAT_MADE_V1
00-0038905,Blake Grupe,IND,ATL,K,2026,PRE,2,1,78.18,ELITE,1.532,NFL_PAT_MADE_V1
00-0038905,Blake Grupe,IND,ATL,K,2026,PRE,2,2,45.28,ELITE,1.532,NFL_PAT_MADE_V1
00-0038905,Blake Grupe,IND,ATL,K,2026,PRE,2,3,20.11,ELITE,1.532,NFL_PAT_MADE_V1
00-0038905,Blake Grupe,IND,ATL,K,2026,PRE,2,4,7.12,ELITE,1.532,NFL_PAT_MADE_V1
00-0038905,Blake Grupe,IND,ATL,K,2026,PRE,2,5,1.97,ELITE,1.532,NFL_PAT_MADE_V1
00-0038905,Blake Grupe,IND,ATL,K,2026,PRE,2,6,0.46,COIN FLIP,1.532,NFL_PAT_MADE_V1
00-0039172,Jake Bates,DET,WAS,K,2026,PRE,2,1,92.76,ELITE,2.629,NFL_PAT_MADE_V1
00-0039172,Jake Bates,DET,WAS,K,2026,PRE,2,2,73.73,ELITE,2.629,NFL_PAT_MADE_V1
00-0039172,Jake Bates,DET,WAS,K,2026,PRE,2,3,48.91,ELITE,2.629,NFL_PAT_MADE_V1
00-0039172,Jake Bates,DET,WAS,K,2026,PRE,2,4,27.12,ELITE,2.629,NFL_PAT_MADE_V1
00-0039172,Jake Bates,DET,WAS,K,2026,PRE,2,5,12.79,ELITE,2.629,NFL_PAT_MADE_V1
00-0039172,Jake Bates,DET,WAS,K,2026,PRE,2,6,5.32,ELITE,2.629,NFL_PAT_MADE_V1
00-0039229,Charlie Smyth,NO,LAR,K,2026,PRE,2,1,89.56,ELITE,2.276,NFL_PAT_MADE_V1
00-0039229,Charlie Smyth,NO,LAR,K,2026,PRE,2,2,66.23,ELITE,2.276,NFL_PAT_MADE_V1
00-0039229,Charlie Smyth,NO,LAR,K,2026,PRE,2,3,39.97,ELITE,2.276,NFL_PAT_MADE_V1
00-0039229,Charlie Smyth,NO,LAR,K,2026,PRE,2,4,19.92,ELITE,2.276,NFL_PAT_MADE_V1
00-0039229,Charlie Smyth,NO,LAR,K,2026,PRE,2,5,8.12,ELITE,2.276,NFL_PAT_MADE_V1
00-0039229,Charlie Smyth,NO,LAR,K,2026,PRE,2,6,2.74,ELITE,2.276,NFL_PAT_MADE_V1
00-0039404,Will Reichard,MIN,BAL,K,2026,PRE,2,1,86.35,ELITE,2.0,NFL_PAT_MADE_V1
00-0039404,Will Reichard,MIN,BAL,K,2026,PRE,2,2,59.19,ELITE,2.0,NFL_PAT_MADE_V1
00-0039404,Will Reichard,MIN,BAL,K,2026,PRE,2,3,32.31,ELITE,2.0,NFL_PAT_MADE_V1
00-0039404,Will Reichard,MIN,BAL,K,2026,PRE,2,4,14.29,ELITE,2.0,NFL_PAT_MADE_V1
00-0039404,Will Reichard,MIN,BAL,K,2026,PRE,2,5,5.49,ELITE,2.0,NFL_PAT_MADE_V1
00-0039404,Will Reichard,MIN,BAL,K,2026,PRE,2,6,1.75,ELITE,2.0,NFL_PAT_MADE_V1
00-0039409,Cam Little,JAX,CAR,K,2026,PRE,2,1,94.66,ELITE,2.923,NFL_PAT_MADE_V1
00-0039409,Cam Little,JAX,CAR,K,2026,PRE,2,2,78.98,ELITE,2.923,NFL_PAT_MADE_V1
00-0039409,Cam Little,JAX,CAR,K,2026,PRE,2,3,56.09,ELITE,2.923,NFL_PAT_MADE_V1
00-0039409,Cam Little,JAX,CAR,K,2026,PRE,2,4,33.72,ELITE,2.923,NFL_PAT_MADE_V1
00-0039409,Cam Little,JAX,CAR,K,2026,PRE,2,5,17.23,ELITE,2.923,NFL_PAT_MADE_V1
00-0039409,Cam Little,JAX,CAR,K,2026,PRE,2,6,7.63,ELITE,2.923,NFL_PAT_MADE_V1
00-0039498,Harrison Mevis,LAR,NO,K,2026,PRE,2,1,96.98,ELITE,3.49,NFL_PAT_MADE_V1
00-0039498,Harrison Mevis,LAR,NO,K,2026,PRE,2,2,86.37,ELITE,3.49,NFL_PAT_MADE_V1
00-0039498,Harrison Mevis,LAR,NO,K,2026,PRE,2,3,67.85,ELITE,3.49,NFL_PAT_MADE_V1
00-0039498,Harrison Mevis,LAR,NO,K,2026,PRE,2,4,46.46,ELITE,3.49,NFL_PAT_MADE_V1
00-0039498,Harrison Mevis,LAR,NO,K,2026,PRE,2,5,27.61,ELITE,3.49,NFL_PAT_MADE_V1
00-0039498,Harrison Mevis,LAR,NO,K,2026,PRE,2,6,14.44,ELITE,3.49,NFL_PAT_MADE_V1
00-0039576,Spencer Shrader,IND,ATL,K,2026,PRE,2,1,91.81,ELITE,2.507,NFL_PAT_MADE_V1
00-0039576,Spencer Shrader,IND,ATL,K,2026,PRE,2,2,71.59,ELITE,2.507,NFL_PAT_MADE_V1
00-0039576,Spencer Shrader,IND,ATL,K,2026,PRE,2,3,45.91,ELITE,2.507,NFL_PAT_MADE_V1
00-0039576,Spencer Shrader,IND,ATL,K,2026,PRE,2,4,24.55,ELITE,2.507,NFL_PAT_MADE_V1
00-0039576,Spencer Shrader,IND,ATL,K,2026,PRE,2,5,10.92,ELITE,2.507,NFL_PAT_MADE_V1
00-0039576,Spencer Shrader,IND,ATL,K,2026,PRE,2,6,4.18,ELITE,2.507,NFL_PAT_MADE_V1
00-0040074,Tyler Loop,BAL,MIN,K,2026,PRE,2,1,90.96,ELITE,2.404,NFL_PAT_MADE_V1
00-0040074,Tyler Loop,BAL,MIN,K,2026,PRE,2,2,68.88,ELITE,2.404,NFL_PAT_MADE_V1
00-0040074,Tyler Loop,BAL,MIN,K,2026,PRE,2,3,43.19,ELITE,2.404,NFL_PAT_MADE_V1
00-0040074,Tyler Loop,BAL,MIN,K,2026,PRE,2,4,22.56,ELITE,2.404,NFL_PAT_MADE_V1
00-0040074,Tyler Loop,BAL,MIN,K,2026,PRE,2,5,9.83,ELITE,2.404,NFL_PAT_MADE_V1
00-0040074,Tyler Loop,BAL,MIN,K,2026,PRE,2,6,3.58,ELITE,2.404,NFL_PAT_MADE_V1
00-0040200,Andy Borregales,NE,PHI,K,2026,PRE,2,1,92.71,ELITE,2.635,NFL_PAT_MADE_V1
00-0040200,Andy Borregales,NE,PHI,K,2026,PRE,2,2,73.98,ELITE,2.635,NFL_PAT_MADE_V1
00-0040200,Andy Borregales,NE,PHI,K,2026,PRE,2,3,49.16,ELITE,2.635,NFL_PAT_MADE_V1
00-0040200,Andy Borregales,NE,PHI,K,2026,PRE,2,4,27.28,ELITE,2.635,NFL_PAT_MADE_V1
00-0040200,Andy Borregales,NE,PHI,K,2026,PRE,2,5,12.74,ELITE,2.635,NFL_PAT_MADE_V1
00-0040200,Andy Borregales,NE,PHI,K,2026,PRE,2,6,5.22,ELITE,2.635,NFL_PAT_MADE_V1
00-0040279,Ryan Fitzgerald,CAR,JAX,K,2026,PRE,2,1,83.48,ELITE,1.811,NFL_PAT_MADE_V1
00-0040279,Ryan Fitzgerald,CAR,JAX,K,2026,PRE,2,2,53.72,ELITE,1.811,NFL_PAT_MADE_V1
00-0040279,Ryan Fitzgerald,CAR,JAX,K,2026,PRE,2,3,27.22,ELITE,1.811,NFL_PAT_MADE_V1
00-0040279,Ryan Fitzgerald,CAR,JAX,K,2026,PRE,2,4,11.3,ELITE,1.811,NFL_PAT_MADE_V1
00-0040279,Ryan Fitzgerald,CAR,JAX,K,2026,PRE,2,5,3.92,ELITE,1.811,NFL_PAT_MADE_V1
00-0040279,Ryan Fitzgerald,CAR,JAX,K,2026,PRE,2,6,1.16,ELITE,1.811,NFL_PAT_MADE_V1
00-0040530,Ben Sauls,NYG,MIA,K,2026,PRE,2,1,88.29,ELITE,2.14,NFL_PAT_MADE_V1
00-0040530,Ben Sauls,NYG,MIA,K,2026,PRE,2,2,63.07,ELITE,2.14,NFL_PAT_MADE_V1
00-0040530,Ben Sauls,NYG,MIA,K,2026,PRE,2,3,36.12,ELITE,2.14,NFL_PAT_MADE_V1
00-0040530,Ben Sauls,NYG,MIA,K,2026,PRE,2,4,16.86,ELITE,2.14,NFL_PAT_MADE_V1
00-0040530,Ben Sauls,NYG,MIA,K,2026,PRE,2,5,6.58,ELITE,2.14,NFL_PAT_MADE_V1
00-0040530,Ben Sauls,NYG,MIA,K,2026,PRE,2,6,2.26,ELITE,2.14,NFL_PAT_MADE_V1
00-0040899,Trey Smack,GB,DEN,K,2026,PRE,2,1,83.45,ELITE,1.813,NFL_PAT_MADE_V1
00-0040899,Trey Smack,GB,DEN,K,2026,PRE,2,2,53.94,ELITE,1.813,NFL_PAT_MADE_V1
00-0040899,Trey Smack,GB,DEN,K,2026,PRE,2,3,27.63,ELITE,1.813,NFL_PAT_MADE_V1
00-0040899,Trey Smack,GB,DEN,K,2026,PRE,2,4,11.08,ELITE,1.813,NFL_PAT_MADE_V1
00-0040899,Trey Smack,GB,DEN,K,2026,PRE,2,5,3.75,ELITE,1.813,NFL_PAT_MADE_V1
00-0040899,Trey Smack,GB,DEN,K,2026,PRE,2,6,1.08,ELITE,1.813,NFL_PAT_MADE_V1
00-0041145,Dominic Zvada,NYG,MIA,K,2026,PRE,2,1,83.43,ELITE,1.82,NFL_PAT_MADE_V1
00-0041145,Dominic Zvada,NYG,MIA,K,2026,PRE,2,2,54.34,ELITE,1.82,NFL_PAT_MADE_V1
00-0041145,Dominic Zvada,NYG,MIA,K,2026,PRE,2,3,27.69,ELITE,1.82,NFL_PAT_MADE_V1
00-0041145,Dominic Zvada,NYG,MIA,K,2026,PRE,2,4,11.31,ELITE,1.82,NFL_PAT_MADE_V1
00-0041145,Dominic Zvada,NYG,MIA,K,2026,PRE,2,5,3.77,ELITE,1.82,NFL_PAT_MADE_V1
00-0041145,Dominic Zvada,NYG,MIA,K,2026,PRE,2,6,1.08,ELITE,1.82,NFL_PAT_MADE_V1
00-0041174,Gabriel Plascencia,CHI,CIN,K,2026,PRE,2,1,83.57,ELITE,1.809,NFL_PAT_MADE_V1
00-0041174,Gabriel Plascencia,CHI,CIN,K,2026,PRE,2,2,53.95,ELITE,1.809,NFL_PAT_MADE_V1
00-0041174,Gabriel Plascencia,CHI,CIN,K,2026,PRE,2,3,27.29,ELITE,1.809,NFL_PAT_MADE_V1
00-0041174,Gabriel Plascencia,CHI,CIN,K,2026,PRE,2,4,11.0,ELITE,1.809,NFL_PAT_MADE_V1
00-0041174,Gabriel Plascencia,CHI,CIN,K,2026,PRE,2,5,3.74,ELITE,1.809,NFL_PAT_MADE_V1
00-0041174,Gabriel Plascencia,CHI,CIN,K,2026,PRE,2,6,1.07,ELITE,1.809,NFL_PAT_MADE_V1
00-0041182,Drew Stevens,WAS,DET,K,2026,PRE,2,1,83.82,ELITE,1.82,NFL_PAT_MADE_V1
00-0041182,Drew Stevens,WAS,DET,K,2026,PRE,2,2,54.29,ELITE,1.82,NFL_PAT_MADE_V1
00-0041182,Drew Stevens,WAS,DET,K,2026,PRE,2,3,27.66,ELITE,1.82,NFL_PAT_MADE_V1
00-0041182,Drew Stevens,WAS,DET,K,2026,PRE,2,4,11.14,ELITE,1.82,NFL_PAT_MADE_V1
00-0041182,Drew Stevens,WAS,DET,K,2026,PRE,2,5,3.71,ELITE,1.82,NFL_PAT_MADE_V1
00-0041182,Drew Stevens,WAS,DET,K,2026,PRE,2,6,1.04,ELITE,1.82,NFL_PAT_MADE_V1
00-0041262,Laith Marjan,PIT,NYJ,K,2026,PRE,2,1,83.79,ELITE,1.819,NFL_PAT_MADE_V1
00-0041262,Laith Marjan,PIT,NYJ,K,2026,PRE,2,2,54.35,ELITE,1.819,NFL_PAT_MADE_V1
00-0041262,Laith Marjan,PIT,NYJ,K,2026,PRE,2,3,27.14,ELITE,1.819,NFL_PAT_MADE_V1
00-0041262,Laith Marjan,PIT,NYJ,K,2026,PRE,2,4,11.27,ELITE,1.819,NFL_PAT_MADE_V1
00-0041262,Laith Marjan,PIT,NYJ,K,2026,PRE,2,5,3.91,ELITE,1.819,NFL_PAT_MADE_V1
00-0041262,Laith Marjan,PIT,NYJ,K,2026,PRE,2,6,1.12,ELITE,1.819,NFL_PAT_MADE_V1
00-0041333,Mason Shipley,NO,LAR,K,2026,PRE,2,1,83.77,ELITE,1.816,NFL_PAT_MADE_V1
00-0041333,Mason Shipley,NO,LAR,K,2026,PRE,2,2,54.29,ELITE,1.816,NFL_PAT_MADE_V1
00-0041333,Mason Shipley,NO,LAR,K,2026,PRE,2,3,27.4,ELITE,1.816,NFL_PAT_MADE_V1
00-0041333,Mason Shipley,NO,LAR,K,2026,PRE,2,4,11.03,ELITE,1.816,NFL_PAT_MADE_V1
00-0041333,Mason Shipley,NO,LAR,K,2026,PRE,2,5,3.71,ELITE,1.816,NFL_PAT_MADE_V1
00-0041333,Mason Shipley,NO,LAR,K,2026,PRE,2,6,1.07,ELITE,1.816,NFL_PAT_MADE_V1
00-0041582,Kansei Matsuzawa,LV,HOU,K,2026,PRE,2,1,83.86,ELITE,1.817,NFL_PAT_MADE_V1
00-0041582,Kansei Matsuzawa,LV,HOU,K,2026,PRE,2,2,54.31,ELITE,1.817,NFL_PAT_MADE_V1
00-0041582,Kansei Matsuzawa,LV,HOU,K,2026,PRE,2,3,27.55,ELITE,1.817,NFL_PAT_MADE_V1
00-0041582,Kansei Matsuzawa,LV,HOU,K,2026,PRE,2,4,11.11,ELITE,1.817,NFL_PAT_MADE_V1
00-0041582,Kansei Matsuzawa,LV,HOU,K,2026,PRE,2,5,3.57,ELITE,1.817,NFL_PAT_MADE_V1
00-0041582,Kansei Matsuzawa,LV,HOU,K,2026,PRE,2,6,1.01,ELITE,1.817,NFL_PAT_MADE_V1
