player_id,player_name,team,opponent,position,depth_chart_position,status,years_exp,season,season_type,week,target_slate,game_id,game_date,home_away,projected_pass_tds,projection_mean,projection_median,projection_floor,projection_ceiling,model_std,projected_attempts,pass_td_rate_per_attempt,red_zone_pass_rate,goal_to_go_pass_rate,end_zone_target_rate,qb_pressure_rate,qb_interception_rate,recent_pass_td_per_game,last_5_pass_td_avg,last_10_pass_td_avg,last_15_pass_td_avg,attempt_stability,opp_pass_td_allowed_pg,opp_rz_pass_td_rate,opp_goal_to_go_pass_td_rate,opp_pressure_rate,opp_int_rate_forced,opp_pass_td_factor,preseason_usage_multiplier,data_source,simulations,model_version,prob_1_plus,prob_2_plus,prob_3_plus,prob_4_plus,prob_5_plus
00-0026498,Matthew Stafford,LAR,NO,QB,QB,ACT,17.0,2026,PRE,2,2026 PRE W2,2026_PRE_W2_NO_LAR,,home,1.929,1.929,2.0,0.0,4.0,1.75,18.23,6.93,16.56,8.51,7.59,14.27,1.43,2.5,2.4,2.5,2.733,91.3,1.294,17.86,31.58,13.46,2.38,1.18,0.48,ADVANCED_PASS_TD_USAGE,10000,NFL_PASS_TD_V1,77.05,50.59,30.68,17.57,9.57
00-0036442,Joe Burrow,CIN,CHI,QB,QB,ACT,6.0,2026,PRE,2,2026 PRE W2,2026_PRE_W2_CHI_CIN,,home,1.687,1.687,1.0,0.0,4.0,1.626,17.17,6.26,17.17,9.5,8.25,16.95,1.46,2.4,2.6,2.1,2.4,82.6,1.585,21.8,35.77,14.98,3.01,1.18,0.48,ADVANCED_PASS_TD_USAGE,10000,NFL_PASS_TD_V1,72.42,45.14,26.09,13.61,6.77
00-0033106,Jared Goff,DET,WAS,QB,QB,ACT,10.0,2026,PRE,2,2026 PRE W2,2026_PRE_W2_WAS_DET,,home,1.457,1.457,1.0,0.0,3.0,1.466,18.14,5.55,16.31,7.6,6.64,16.41,1.76,1.855,1.8,1.9,1.867,88.4,1.87,24.55,30.2,14.38,1.45,1.18,0.48,ADVANCED_PASS_TD_USAGE,10000,NFL_PASS_TD_V1,69.1,39.62,20.19,9.66,4.64
00-0033873,Patrick Mahomes,KC,TB,QB,QB,ACT,9.0,2026,PRE,2,2026 PRE W2,2026_PRE_W2_KC_TB,,away,1.219,1.219,1.0,0.0,3.0,1.322,17.47,4.68,17.55,8.95,7.57,17.45,1.92,1.315,1.0,1.5,1.667,90.8,1.574,20.37,31.67,14.64,1.59,1.18,0.48,ADVANCED_PASS_TD_USAGE,10000,NFL_PASS_TD_V1,63.51,32.86,14.84,6.53,2.7
00-0037834,Brock Purdy,SF,LAC,QB,QB,ACT,4.0,2026,PRE,2,2026 PRE W2,2026_PRE_W2_SF_LAC,,away,1.192,1.192,1.0,0.0,3.0,1.308,14.73,5.29,16.22,7.55,6.36,14.2,2.59,1.955,2.0,2.0,1.933,93.3,1.283,16.88,26.92,15.35,2.39,1.18,0.48,ADVANCED_PASS_TD_USAGE,10000,NFL_PASS_TD_V1,62.44,31.95,14.72,6.31,2.45
00-0039918,Caleb Williams,CHI,CIN,QB,QB,ACT,2.0,2026,PRE,2,2026 PRE W2,2026_PRE_W2_CHI_CIN,,away,1.174,1.174,1.0,0.0,3.0,1.289,18.04,4.64,13.63,5.8,5.27,14.23,1.36,1.83,2.0,1.8,1.533,91.2,1.686,25.32,33.33,16.09,2.52,1.18,0.48,ADVANCED_PASS_TD_USAGE,10000,NFL_PASS_TD_V1,62.42,31.53,13.93,5.82,2.47
00-0036971,Trevor Lawrence,JAX,CAR,QB,QB,ACT,5.0,2026,PRE,2,2026 PRE W2,2026_PRE_W2_CAR_JAX,,home,1.171,1.171,1.0,0.0,3.0,1.28,15.21,5.0,13.55,6.36,5.9,13.04,2.27,2.39,2.8,2.3,1.867,91.1,1.481,24.08,36.63,11.72,1.99,1.18,0.48,ADVANCED_PASS_TD_USAGE,10000,NFL_PASS_TD_V1,62.41,31.59,13.84,5.78,2.31
00-0039851,Drake Maye,NE,PHI,QB,QB,ACT,2.0,2026,PRE,2,2026 PRE W2,2026_PRE_W2_PHI_NE,,home,1.167,1.167,1.0,0.0,3.0,1.28,13.6,6.14,13.72,7.19,5.39,17.22,2.08,1.59,1.4,1.7,1.8,82.8,1.456,20.08,30.6,14.94,1.97,1.18,0.48,ADVANCED_PASS_TD_USAGE,10000,NFL_PASS_TD_V1,61.88,31.83,13.9,5.86,2.22
00-0039732,Bo Nix,DEN,GB,QB,QB,ACT,2.0,2026,PRE,2,2026 PRE W2,2026_PRE_W2_GB_DEN,,home,1.154,1.154,1.0,0.0,3.0,1.264,17.9,4.64,13.91,6.3,5.53,10.53,1.84,1.595,1.8,1.3,1.533,88.7,1.382,21.61,27.05,16.38,1.8,1.18,0.48,ADVANCED_PASS_TD_USAGE,10000,NFL_PASS_TD_V1,61.61,31.22,13.94,5.77,2.03
00-0034796,Lamar Jackson,BAL,MIN,QB,QB,ACT,8.0,2026,PRE,2,2026 PRE W2,2026_PRE_W2_BAL_MIN,,away,1.146,1.146,1.0,0.0,3.0,1.27,10.71,7.7,14.47,6.96,6.06,13.78,1.38,1.345,1.2,1.2,1.667,80.4,1.231,17.36,30.0,16.56,2.3,1.18,0.48,ADVANCED_PASS_TD_USAGE,10000,NFL_PASS_TD_V1,61.58,30.55,13.69,5.65,2.1
00-0034855,Baker Mayfield,TB,KC,QB,QB,ACT,8.0,2026,PRE,2,2026 PRE W2,2026_PRE_W2_KC_TB,,home,1.128,1.128,1.0,0.0,3.0,1.26,14.8,5.47,13.43,6.9,6.06,10.72,2.04,1.405,1.4,1.3,1.4,84.6,1.207,19.85,32.74,18.81,1.68,1.18,0.48,ADVANCED_PASS_TD_USAGE,10000,NFL_PASS_TD_V1,60.8,30.03,13.69,5.23,2.06
00-0034857,Josh Allen,BUF,CLE,QB,QB,ACT,8.0,2026,PRE,2,2026 PRE W2,2026_PRE_W2_BUF_CLE,,away,1.108,1.108,1.0,0.0,3.0,1.248,14.72,5.16,14.76,6.81,5.84,12.38,1.95,1.505,1.4,1.6,1.6,88.0,1.481,26.84,40.22,18.85,1.94,1.18,0.48,ADVANCED_PASS_TD_USAGE,10000,NFL_PASS_TD_V1,60.77,29.09,12.58,5.3,1.96
00-0036264,Jordan Love,GB,DEN,QB,QB,ACT,6.0,2026,PRE,2,2026 PRE W2,2026_PRE_W2_GB_DEN,,away,1.13,1.13,1.0,0.0,3.0,1.265,14.74,4.88,17.12,6.41,5.81,13.97,2.0,1.985,2.4,1.7,1.667,82.1,1.37,18.15,26.24,19.72,1.85,1.18,0.48,ADVANCED_PASS_TD_USAGE,10000,NFL_PASS_TD_V1,60.6,30.42,13.57,5.29,2.08
00-0033077,Dak Prescott,DAL,ARI,QB,QB,ACT,10.0,2026,PRE,2,2026 PRE W2,2026_PRE_W2_DAL_ARI,,away,1.109,1.109,1.0,0.0,3.0,1.261,16.09,4.72,17.28,7.75,7.02,14.59,1.77,1.315,1.0,1.4,1.867,84.8,1.627,22.48,33.58,11.88,1.74,1.18,0.48,ADVANCED_PASS_TD_USAGE,10000,NFL_PASS_TD_V1,60.36,28.67,13.29,5.47,2.19
00-0023459,Aaron Rodgers,PIT,NYJ,QB,QB,ACT,21.0,2026,PRE,2,2026 PRE W2,2026_PRE_W2_NYJ_PIT,,home,1.035,1.035,1.0,0.0,3.0,1.193,16.48,4.61,14.84,7.42,6.18,12.19,1.41,0.935,0.8,0.8,1.267,83.9,1.431,22.22,32.77,14.4,1.43,1.18,0.48,ADVANCED_PASS_TD_USAGE,10000,NFL_PASS_TD_V1,58.57,27.1,11.14,4.33,1.56
00-0040691,Jaxson Dart,NYG,MIA,QB,QB,ACT,1.0,2026,PRE,2,2026 PRE W2,2026_PRE_W2_NYG_MIA,,away,1.031,1.031,1.0,0.0,3.0,1.183,17.1,4.43,14.89,5.05,4.26,19.68,1.33,1.123,1.0,1.2,1.25,86.8,1.519,25.93,32.17,16.1,1.86,1.18,0.62,ADVANCED_PASS_TD_USAGE,10000,NFL_PASS_TD_V1,58.22,27.39,11.21,4.17,1.44
00-0034869,Sam Darnold,SEA,TEN,QB,QB,ACT,8.0,2026,PRE,2,2026 PRE W2,2026_PRE_W2_SEA_TEN,,away,1.007,1.007,1.0,0.0,3.0,1.183,13.93,5.19,15.09,5.97,4.98,13.1,2.32,1.29,1.2,1.3,1.4,88.0,1.51,23.67,27.41,14.5,1.37,1.18,0.48,ADVANCED_PASS_TD_USAGE,10000,NFL_PASS_TD_V1,57.79,25.74,10.63,4.06,1.55
00-0039150,Bryce Young,CAR,JAX,QB,QB,ACT,3.0,2026,PRE,2,2026 PRE W2,2026_PRE_W2_CAR_JAX,,away,0.953,0.953,1.0,0.0,2.0,1.124,14.44,5.04,12.74,5.28,4.44,17.18,1.99,1.285,1.2,1.3,1.333,84.1,1.577,18.92,29.91,13.55,2.22,1.18,0.48,ADVANCED_PASS_TD_USAGE,10000,NFL_PASS_TD_V1,56.1,25.14,9.03,3.35,1.13
00-0039910,Jayden Daniels,WAS,DET,QB,QB,ACT,2.0,2026,PRE,2,2026 PRE W2,2026_PRE_W2_WAS_DET,,away,0.961,0.961,1.0,0.0,2.0,1.143,12.99,5.13,14.94,7.82,6.18,13.19,1.52,1.26,1.0,1.3,1.733,83.3,1.545,18.75,27.63,16.96,2.35,1.18,0.48,ADVANCED_PASS_TD_USAGE,10000,NFL_PASS_TD_V1,55.87,24.96,9.75,3.67,1.2
00-0036389,Jalen Hurts,PHI,NE,QB,QB,ACT,6.0,2026,PRE,2,2026 PRE W2,2026_PRE_W2_PHI_NE,,away,0.975,0.975,1.0,0.0,3.0,1.157,14.06,5.11,11.52,4.51,3.9,12.43,1.65,1.485,1.4,1.5,1.733,85.1,1.345,23.46,32.8,13.76,1.68,1.18,0.48,ADVANCED_PASS_TD_USAGE,10000,NFL_PASS_TD_V1,55.83,25.76,10.31,3.7,1.26
00-0036355,Justin Herbert,LAC,SF,QB,QB,ACT,6.0,2026,PRE,2,2026 PRE W2,2026_PRE_W2_SF_LAC,,home,0.942,0.942,1.0,0.0,2.0,1.116,14.14,4.88,14.05,6.75,5.92,19.55,1.61,1.21,1.0,1.3,1.4,89.9,1.446,21.72,30.99,13.62,2.08,1.18,0.48,ADVANCED_PASS_TD_USAGE,10000,NFL_PASS_TD_V1,55.75,24.24,9.41,3.35,1.08
00-0040891,Cole Payton,PHI,NE,QB,QB,ACT,0.0,2026,PRE,2,2026 PRE W2,2026_PRE_W2_PHI_NE,,away,0.929,0.929,1.0,0.0,2.0,1.118,14.88,4.5,,,,,,,,,,55.0,1.345,23.46,32.8,13.76,1.68,1.18,0.62,ADVANCED_PASS_TD_USAGE,10000,NFL_PASS_TD_V1,54.56,24.2,9.38,3.24,1.03
00-0040673,Jalen Milroe,SEA,TEN,QB,QB,ACT,1.0,2026,PRE,2,2026 PRE W2,2026_PRE_W2_SEA_TEN,,away,0.914,0.914,1.0,0.0,2.0,1.104,14.88,4.5,,,,,,,,,,55.0,1.51,23.67,27.41,14.5,1.37,1.18,0.62,ADVANCED_PASS_TD_USAGE,10000,NFL_PASS_TD_V1,54.42,23.7,8.56,3.18,1.07
00-0041092,Taylen Green,CLE,BUF,QB,QB,ACT,0.0,2026,PRE,2,2026 PRE W2,2026_PRE_W2_BUF_CLE,,home,0.913,0.913,1.0,0.0,2.0,1.113,14.88,4.5,,,,,,,,,,55.0,1.362,21.82,31.69,16.87,2.66,1.18,0.62,ADVANCED_PASS_TD_USAGE,10000,NFL_PASS_TD_V1,54.34,22.96,9.17,3.35,1.07
00-0040211,Graham Mertz,HOU,LV,QB,QB,ACT,1.0,2026,PRE,2,2026 PRE W2,2026_PRE_W2_LV_HOU,,home,0.925,0.925,1.0,0.0,2.0,1.131,14.88,4.5,,,,,,,,,,55.0,1.431,21.6,33.08,14.23,1.74,1.18,0.62,ADVANCED_PASS_TD_USAGE,10000,NFL_PASS_TD_V1,54.33,23.79,9.08,3.48,1.28
00-0041194,Jack Strand,ATL,IND,QB,QB,ACT,0.0,2026,PRE,2,2026 PRE W2,2026_PRE_W2_ATL_IND,,away,0.932,0.932,1.0,0.0,2.0,1.139,14.88,4.5,,,,,,,,,,55.0,1.412,20.37,28.68,14.9,2.4,1.18,0.62,ADVANCED_PASS_TD_USAGE,10000,NFL_PASS_TD_V1,54.25,23.96,9.62,3.64,1.24
00-0040464,DJ Uiagalelei,LAC,SF,QB,QB,ACT,1.0,2026,PRE,2,2026 PRE W2,2026_PRE_W2_SF_LAC,,home,0.933,0.933,1.0,0.0,2.0,1.135,14.88,4.5,,,,,,,,,,55.0,1.446,21.72,30.99,13.62,2.08,1.18,0.62,ADVANCED_PASS_TD_USAGE,10000,NFL_PASS_TD_V1,54.19,24.45,9.35,3.69,1.14
00-0041453,Luke Altmyer,DET,WAS,QB,QB,ACT,0.0,2026,PRE,2,2026 PRE W2,2026_PRE_W2_WAS_DET,,home,0.927,0.927,1.0,0.0,2.0,1.135,14.88,4.5,,,,,,,,,,55.0,1.87,24.55,30.2,14.38,1.45,1.18,0.62,ADVANCED_PASS_TD_USAGE,10000,NFL_PASS_TD_V1,54.18,23.94,9.44,3.42,1.1
00-0040981,Joe Fagnano,BAL,MIN,QB,QB,ACT,0.0,2026,PRE,2,2026 PRE W2,2026_PRE_W2_BAL_MIN,,away,0.921,0.921,1.0,0.0,2.0,1.124,14.88,4.5,,,,,,,,,,55.0,1.231,17.36,30.0,16.56,2.3,1.18,0.62,ADVANCED_PASS_TD_USAGE,10000,NFL_PASS_TD_V1,54.1,23.78,9.25,3.22,1.2
00-0041414,Matthew Caldwell,LAR,NO,QB,QB,ACT,0.0,2026,PRE,2,2026 PRE W2,2026_PRE_W2_NO_LAR,,home,0.917,0.917,1.0,0.0,2.0,1.121,14.88,4.5,,,,,,,,,,55.0,1.294,17.86,31.58,13.46,2.38,1.18,0.62,ADVANCED_PASS_TD_USAGE,10000,NFL_PASS_TD_V1,54.04,23.5,9.29,3.2,1.28
00-0041172,Miller Moss,CHI,CIN,QB,QB,ACT,0.0,2026,PRE,2,2026 PRE W2,2026_PRE_W2_CHI_CIN,,away,0.917,0.917,1.0,0.0,2.0,1.127,14.88,4.5,,,,,,,,,,55.0,1.686,25.32,33.33,16.09,2.52,1.18,0.62,ADVANCED_PASS_TD_USAGE,10000,NFL_PASS_TD_V1,54.04,23.02,9.55,3.42,1.1
00-0040203,Will Howard,PIT,NYJ,QB,QB,ACT,1.0,2026,PRE,2,2026 PRE W2,2026_PRE_W2_NYJ_PIT,,home,0.926,0.926,1.0,0.0,2.0,1.13,14.88,4.5,,,,,,,,,,55.0,1.431,22.22,32.77,14.4,1.43,1.18,0.62,ADVANCED_PASS_TD_USAGE,10000,NFL_PASS_TD_V1,53.97,24.27,9.28,3.29,1.18
00-0040985,Diego Pavia,BAL,MIN,QB,QB,ACT,0.0,2026,PRE,2,2026 PRE W2,2026_PRE_W2_BAL_MIN,,away,0.913,0.913,1.0,0.0,2.0,1.118,14.88,4.5,,,,,,,,,,55.0,1.231,17.36,30.0,16.56,2.3,1.18,0.62,ADVANCED_PASS_TD_USAGE,10000,NFL_PASS_TD_V1,53.89,23.59,8.86,3.32,1.15
00-0041123,Behren Morton,NE,PHI,QB,QB,ACT,0.0,2026,PRE,2,2026 PRE W2,2026_PRE_W2_PHI_NE,,home,0.922,0.922,1.0,0.0,2.0,1.125,14.88,4.5,,,,,,,,,,55.0,1.456,20.08,30.6,14.94,1.97,1.18,0.62,ADVANCED_PASS_TD_USAGE,10000,NFL_PASS_TD_V1,53.87,24.0,9.26,3.53,1.12
00-0040589,Kurtis Rourke,SF,LAC,QB,QB,ACT,1.0,2026,PRE,2,2026 PRE W2,2026_PRE_W2_SF_LAC,,away,0.921,0.921,1.0,0.0,2.0,1.13,14.88,4.5,,,,,,,,,,55.0,1.283,16.88,26.92,15.35,2.39,1.18,0.62,ADVANCED_PASS_TD_USAGE,10000,NFL_PASS_TD_V1,53.78,23.86,9.38,3.38,1.25
00-0041562,Fernando Mendoza,LV,HOU,QB,QB,RES,0.0,2026,PRE,2,2026 PRE W2,2026_PRE_W2_LV_HOU,,away,0.911,0.911,1.0,0.0,2.0,1.13,14.88,4.5,,,,,,,,,,55.0,1.333,20.81,30.61,17.18,2.97,1.18,0.62,ADVANCED_PASS_TD_USAGE,10000,NFL_PASS_TD_V1,53.75,23.05,8.89,3.45,1.31
00-0040906,Garrett Nussmeier,KC,TB,QB,QB,ACT,0.0,2026,PRE,2,2026 PRE W2,2026_PRE_W2_KC_TB,,away,0.92,0.92,1.0,0.0,2.0,1.131,14.88,4.5,,,,,,,,,,55.0,1.574,20.37,31.67,14.64,1.59,1.18,0.62,ADVANCED_PASS_TD_USAGE,10000,NFL_PASS_TD_V1,53.71,23.71,9.45,3.48,1.19
00-0041565,Drew Allar,PIT,NYJ,QB,QB,RES,0.0,2026,PRE,2,2026 PRE W2,2026_PRE_W2_NYJ_PIT,,home,0.906,0.906,1.0,0.0,2.0,1.108,14.88,4.5,,,,,,,,,,55.0,1.431,22.22,32.77,14.4,1.43,1.18,0.62,ADVANCED_PASS_TD_USAGE,10000,NFL_PASS_TD_V1,53.7,23.25,9.09,3.14,0.92
00-0041568,Ty Simpson,LAR,NO,QB,QB,RES,0.0,2026,PRE,2,2026 PRE W2,2026_PRE_W2_NO_LAR,,home,0.909,0.909,1.0,0.0,2.0,1.108,14.88,4.5,,,,,,,,,,55.0,1.294,17.86,31.58,13.46,2.38,1.18,0.62,ADVANCED_PASS_TD_USAGE,10000,NFL_PASS_TD_V1,53.68,23.49,9.12,3.28,1.03
00-0040996,Jacob Clark,LV,HOU,QB,QB,ACT,0.0,2026,PRE,2,2026 PRE W2,2026_PRE_W2_LV_HOU,,away,0.907,0.907,1.0,0.0,2.0,1.131,14.88,4.5,,,,,,,,,,55.0,1.333,20.81,30.61,17.18,2.97,1.18,0.62,ADVANCED_PASS_TD_USAGE,10000,NFL_PASS_TD_V1,53.68,22.61,9.08,3.38,1.33
00-0041251,Jalon Daniels,TB,KC,QB,QB,ACT,0.0,2026,PRE,2,2026 PRE W2,2026_PRE_W2_KC_TB,,home,0.902,0.902,1.0,0.0,2.0,1.116,14.88,4.5,,,,,,,,,,55.0,1.207,19.85,32.74,18.81,1.68,1.18,0.62,ADVANCED_PASS_TD_USAGE,10000,NFL_PASS_TD_V1,53.64,22.81,8.76,3.23,1.23
00-0041203,Joey Aguilar,JAX,CAR,QB,QB,ACT,0.0,2026,PRE,2,2026 PRE W2,2026_PRE_W2_CAR_JAX,,home,0.917,0.917,1.0,0.0,2.0,1.134,14.88,4.5,,,,,,,,,,55.0,1.481,24.08,36.63,11.72,1.99,1.18,0.62,ADVANCED_PASS_TD_USAGE,10000,NFL_PASS_TD_V1,53.63,23.43,9.47,3.33,1.24
00-0041156,Mark Gronowski,MIA,NYG,QB,QB,ACT,0.0,2026,PRE,2,2026 PRE W2,2026_PRE_W2_NYG_MIA,,home,0.899,0.899,1.0,0.0,2.0,1.11,14.88,4.5,,,,,,,,,,55.0,1.353,19.84,30.25,14.96,1.82,1.18,0.62,ADVANCED_PASS_TD_USAGE,10000,NFL_PASS_TD_V1,53.53,22.83,8.85,3.14,1.08
00-0041117,Athan Kaliakmanis,WAS,DET,QB,QB,ACT,0.0,2026,PRE,2,2026 PRE W2,2026_PRE_W2_WAS_DET,,away,0.908,0.908,1.0,0.0,2.0,1.125,14.88,4.5,,,,,,,,,,55.0,1.545,18.75,27.63,16.96,2.35,1.18,0.62,ADVANCED_PASS_TD_USAGE,10000,NFL_PASS_TD_V1,53.49,22.97,9.37,3.27,1.21
00-0040415,Connor Bazelak,TB,KC,QB,QB,ACT,1.0,2026,PRE,2,2026 PRE W2,2026_PRE_W2_KC_TB,,home,0.911,0.911,1.0,0.0,2.0,1.124,14.88,4.5,,,,,,,,,,55.0,1.207,19.85,32.74,18.81,1.68,1.18,0.62,ADVANCED_PASS_TD_USAGE,10000,NFL_PASS_TD_V1,53.48,23.61,9.1,3.29,1.06
00-0041056,Cade Klubnik,NYJ,PIT,QB,QB,ACT,0.0,2026,PRE,2,2026 PRE W2,2026_PRE_W2_NYJ_PIT,,away,0.924,0.924,1.0,0.0,2.0,1.142,14.88,4.5,,,,,,,,,,55.0,1.519,19.8,26.32,16.39,2.44,1.18,0.62,ADVANCED_PASS_TD_USAGE,10000,NFL_PASS_TD_V1,53.42,24.17,9.39,3.5,1.31
00-0040222,Cam Miller,MIA,NYG,QB,QB,ACT,1.0,2026,PRE,2,2026 PRE W2,2026_PRE_W2_NYG_MIA,,home,0.905,0.905,1.0,0.0,2.0,1.115,14.88,4.5,,,,,,,,,,55.0,1.353,19.84,30.25,14.96,1.82,1.18,0.62,ADVANCED_PASS_TD_USAGE,10000,NFL_PASS_TD_V1,53.33,23.52,8.99,3.02,1.19
00-0040014,Kyle McCord,GB,DEN,QB,QB,ACT,1.0,2026,PRE,2,2026 PRE W2,2026_PRE_W2_GB_DEN,,away,0.893,0.893,1.0,0.0,2.0,1.107,14.88,4.5,,,,,,,,,,55.0,1.37,18.15,26.24,19.72,1.85,1.18,0.62,ADVANCED_PASS_TD_USAGE,10000,NFL_PASS_TD_V1,53.11,22.55,8.88,3.21,1.16
00-0041149,Haynes King,CAR,JAX,QB,QB,ACT,0.0,2026,PRE,2,2026 PRE W2,2026_PRE_W2_CAR_JAX,,away,0.897,0.897,1.0,0.0,2.0,1.117,14.88,4.5,,,,,,,,,,55.0,1.577,18.92,29.91,13.55,2.22,1.18,0.62,ADVANCED_PASS_TD_USAGE,10000,NFL_PASS_TD_V1,53.03,22.87,8.75,3.37,1.08
00-0040942,Kyron Drones,GB,DEN,QB,QB,ACT,0.0,2026,PRE,2,2026 PRE W2,2026_PRE_W2_GB_DEN,,away,0.897,0.897,1.0,0.0,2.0,1.119,14.88,4.5,,,,,,,,,,55.0,1.37,18.15,26.24,19.72,1.85,1.18,0.62,ADVANCED_PASS_TD_USAGE,10000,NFL_PASS_TD_V1,52.75,22.89,9.21,3.3,1.16
00-0036212,Tua Tagovailoa,ATL,IND,QB,QB,ACT,6.0,2026,PRE,2,2026 PRE W2,2026_PRE_W2_ATL_IND,,away,0.845,0.845,1.0,0.0,2.0,1.045,12.28,5.17,,,,,,1.215,1.0,1.3,1.4,85.9,1.412,20.37,28.68,14.9,2.4,1.18,0.48,ADVANCED_PASS_TD_USAGE,10000,NFL_PASS_TD_V1,52.36,21.02,7.63,2.49,0.69
00-0026158,Joe Flacco,CIN,CHI,QB,QB,ACT,18.0,2026,PRE,2,2026 PRE W2,2026_PRE_W2_CHI_CIN,,home,0.857,0.857,1.0,0.0,2.0,1.067,14.55,4.01,13.48,6.37,5.62,9.74,1.5,1.27,1.2,1.3,1.333,72.3,1.585,21.8,35.77,14.98,3.01,1.18,0.48,ADVANCED_PASS_TD_USAGE,10000,NFL_PASS_TD_V1,52.05,21.98,7.8,2.56,0.88
00-0039163,C.J. Stroud,HOU,LV,QB,QB,ACT,3.0,2026,PRE,2,2026 PRE W2,2026_PRE_W2_LV_HOU,,home,0.839,0.839,1.0,0.0,2.0,1.051,15.3,3.91,12.61,6.05,5.21,15.69,1.74,1.225,1.2,1.2,1.4,82.5,1.431,21.6,33.08,14.23,1.74,1.18,0.48,ADVANCED_PASS_TD_USAGE,10000,NFL_PASS_TD_V1,51.54,21.05,7.75,2.52,0.69
00-0030565,Geno Smith,NYJ,PIT,QB,QB,ACT,13.0,2026,PRE,2,2026 PRE W2,2026_PRE_W2_NYJ_PIT,,away,0.85,0.85,1.0,0.0,2.0,1.073,13.68,4.57,,,,,,1.345,1.4,1.3,1.267,81.3,1.519,19.8,26.32,16.39,2.44,1.18,0.48,ADVANCED_PASS_TD_USAGE,10000,NFL_PASS_TD_V1,51.52,21.44,8.09,2.62,0.86
00-0035100,Jake Browning,TB,KC,QB,QB,ACT,7.0,2026,PRE,2,2026 PRE W2,2026_PRE_W2_KC_TB,,home,0.842,0.842,1.0,0.0,2.0,1.065,12.73,4.84,,,,,,1.311,1.2,1.5,1.286,76.9,1.207,19.85,32.74,18.81,1.68,1.18,0.48,ADVANCED_PASS_TD_USAGE,10000,NFL_PASS_TD_V1,51.08,21.71,7.7,2.54,0.84
00-0035710,Daniel Jones,IND,ATL,QB,QB,ACT,7.0,2026,PRE,2,2026 PRE W2,2026_PRE_W2_ATL_IND,,home,0.822,0.822,1.0,0.0,2.0,1.05,13.99,3.8,16.06,7.06,6.81,16.3,1.95,1.345,1.2,1.6,1.4,80.6,1.667,21.27,31.53,14.65,2.01,1.18,0.48,ADVANCED_PASS_TD_USAGE,10000,NFL_PASS_TD_V1,50.66,20.56,7.34,2.39,0.83
00-0032950,Carson Wentz,MIN,BAL,QB,QB,ACT,10.0,2026,PRE,2,2026 PRE W2,2026_PRE_W2_BAL_MIN,,home,0.805,0.805,1.0,0.0,2.0,1.039,14.3,3.86,20.63,6.88,4.76,19.05,2.65,1.09,1.2,1.0,1.0,70.5,1.291,15.77,20.78,16.46,1.89,1.18,0.48,ADVANCED_PASS_TD_USAGE,10000,NFL_PASS_TD_V1,50.31,19.53,7.08,2.41,0.84
00-0035228,Kyler Murray,MIN,BAL,QB,QB,ACT,7.0,2026,PRE,2,2026 PRE W2,2026_PRE_W2_BAL_MIN,,home,0.77,0.77,0.0,0.0,2.0,0.984,15.9,3.65,,,,,,1.255,1.2,1.4,1.2,89.4,1.291,15.77,20.78,16.46,1.89,1.18,0.48,ADVANCED_PASS_TD_USAGE,10000,NFL_PASS_TD_V1,49.56,18.67,6.18,1.88,0.54
00-0029604,Kirk Cousins,LV,HOU,QB,QB,ACT,14.0,2026,PRE,2,2026 PRE W2,2026_PRE_W2_LV_HOU,,away,0.77,0.77,0.0,0.0,2.0,0.985,14.33,4.04,,,,,,1.16,1.4,1.0,0.733,77.7,1.333,20.81,30.61,17.18,2.97,1.18,0.48,ADVANCED_PASS_TD_USAGE,10000,NFL_PASS_TD_V1,49.53,18.75,6.23,1.81,0.51
00-0036972,Mac Jones,SF,LAC,QB,QB,ACT,5.0,2026,PRE,2,2026 PRE W2,2026_PRE_W2_SF_LAC,,away,0.77,0.77,0.0,0.0,2.0,0.987,13.84,3.75,13.83,5.14,5.14,14.47,1.93,1.365,1.4,1.4,1.4,78.9,1.283,16.88,26.92,15.35,2.39,1.18,0.48,ADVANCED_PASS_TD_USAGE,10000,NFL_PASS_TD_V1,49.43,18.94,6.08,1.8,0.55
00-0031503,Jameis Winston,NYG,MIA,QB,QB,ACT,11.0,2026,PRE,2,2026 PRE W2,2026_PRE_W2_NYG_MIA,,away,0.767,0.767,0.0,0.0,2.0,0.999,13.86,4.2,14.49,7.25,4.35,18.84,2.9,1.056,0.8,1.4,1.133,75.4,1.519,25.93,32.17,16.1,1.86,1.18,0.48,ADVANCED_PASS_TD_USAGE,10000,NFL_PASS_TD_V1,49.04,18.39,6.42,1.94,0.57
00-0032268,Marcus Mariota,WAS,DET,QB,QB,ACT,11.0,2026,PRE,2,2026 PRE W2,2026_PRE_W2_WAS_DET,,away,0.767,0.767,0.0,0.0,2.0,1.002,10.68,5.03,14.63,7.82,7.14,15.31,2.38,0.91,0.8,1.0,1.0,69.0,1.545,18.75,27.63,16.96,2.35,1.18,0.48,ADVANCED_PASS_TD_USAGE,10000,NFL_PASS_TD_V1,48.79,18.71,6.39,1.92,0.61
00-0040676,Cam Ward,TEN,SEA,QB,QB,ACT,1.0,2026,PRE,2,2026 PRE W2,2026_PRE_W2_SEA_TEN,,home,0.759,0.759,0.0,0.0,2.0,0.991,17.74,2.98,9.92,4.87,4.03,18.15,1.18,1.278,1.6,1.1,0.933,78.8,1.333,18.31,29.01,16.95,2.23,1.18,0.62,ADVANCED_PASS_TD_USAGE,10000,NFL_PASS_TD_V1,48.65,18.38,6.22,1.91,0.56
00-0038400,Tanner McKee,PHI,NE,QB,QB,ACT,3.0,2026,PRE,2,2026 PRE W2,2026_PRE_W2_PHI_NE,,away,0.759,0.759,0.0,0.0,2.0,0.997,10.56,4.97,15.05,5.38,4.3,13.98,1.08,1.25,1.25,1.25,1.25,46.6,1.345,23.46,32.8,13.76,1.68,1.18,0.48,ADVANCED_PASS_TD_USAGE,10000,NFL_PASS_TD_V1,48.25,18.54,6.34,2.08,0.55
00-0039923,J.J. McCarthy,MIN,BAL,QB,QB,ACT,2.0,2026,PRE,2,2026 PRE W2,2026_PRE_W2_BAL_MIN,,home,0.734,0.734,0.0,0.0,2.0,0.964,10.86,4.52,16.12,9.16,7.33,24.91,4.4,1.055,1.0,1.1,1.1,82.5,1.291,15.77,20.78,16.46,1.89,1.18,0.48,ADVANCED_PASS_TD_USAGE,10000,NFL_PASS_TD_V1,47.71,17.95,5.48,1.59,0.47
00-0040743,Tyler Shough,NO,LAR,QB,QB,ACT,1.0,2026,PRE,2,2026 PRE W2,2026_PRE_W2_NO_LAR,,away,0.739,0.739,0.0,0.0,2.0,0.98,19.75,3.23,7.8,1.11,0.84,13.09,1.67,0.977,1.0,1.0,0.909,84.9,1.526,20.74,30.83,15.17,2.09,1.18,0.62,ADVANCED_PASS_TD_USAGE,10000,NFL_PASS_TD_V1,47.67,17.68,6.02,1.81,0.59
00-0040704,Dillon Gabriel,CLE,BUF,QB,QB,ACT,1.0,2026,PRE,2,2026 PRE W2,2026_PRE_W2_BUF_CLE,,home,0.721,0.721,0.0,0.0,2.0,0.963,12.37,3.9,17.07,6.83,5.37,16.1,0.98,0.788,0.8,0.778,0.778,51.1,1.362,21.82,31.69,16.87,2.66,1.18,0.62,ADVANCED_PASS_TD_USAGE,10000,NFL_PASS_TD_V1,47.18,16.87,5.69,1.66,0.48
00-0040668,Shedeur Sanders,CLE,BUF,QB,QB,ACT,1.0,2026,PRE,2,2026 PRE W2,2026_PRE_W2_BUF_CLE,,home,0.718,0.718,0.0,0.0,2.0,0.954,17.46,3.45,7.23,4.26,2.55,28.94,4.26,0.931,1.0,0.875,0.875,82.4,1.362,21.82,31.69,16.87,2.66,1.18,0.62,ADVANCED_PASS_TD_USAGE,10000,NFL_PASS_TD_V1,46.99,17.1,5.58,1.61,0.46
00-0039677,Sam Hartman,WAS,DET,QB,QB,ACT,2.0,2026,PRE,2,2026 PRE W2,2026_PRE_W2_WAS_DET,,away,0.719,0.719,0.0,0.0,2.0,0.962,11.52,4.5,,,,,,,,,,55.0,1.545,18.75,27.63,16.96,2.35,1.18,0.48,ADVANCED_PASS_TD_USAGE,10000,NFL_PASS_TD_V1,46.9,17.01,5.6,1.72,0.44
00-0039534,Carter Bradley,JAX,CAR,QB,QB,ACT,2.0,2026,PRE,2,2026 PRE W2,2026_PRE_W2_CAR_JAX,,home,0.708,0.708,0.0,0.0,2.0,0.954,11.52,4.5,,,,,,,,,,55.0,1.481,24.08,36.63,11.72,1.99,1.18,0.48,ADVANCED_PASS_TD_USAGE,10000,NFL_PASS_TD_V1,46.36,16.8,5.48,1.38,0.44
00-0036879,Sam Ehlinger,DEN,GB,QB,QB,ACT,5.0,2026,PRE,2,2026 PRE W2,2026_PRE_W2_GB_DEN,,home,0.719,0.719,0.0,0.0,2.0,0.967,11.52,4.5,,,,,,,,,,55.0,1.382,21.61,27.05,16.38,1.8,1.18,0.48,ADVANCED_PASS_TD_USAGE,10000,NFL_PASS_TD_V1,46.34,17.65,5.59,1.65,0.56
00-0039107,Stetson Bennett,LAR,NO,QB,QB,ACT,3.0,2026,PRE,2,2026 PRE W2,2026_PRE_W2_NO_LAR,,home,0.716,0.716,0.0,0.0,2.0,0.967,11.52,4.5,,,,,,,,,,55.0,1.294,17.86,31.58,13.46,2.38,1.18,0.48,ADVANCED_PASS_TD_USAGE,10000,NFL_PASS_TD_V1,46.31,17.26,5.64,1.59,0.56
00-0040234,Quinn Ewers,MIA,NYG,QB,QB,ACT,1.0,2026,PRE,2,2026 PRE W2,2026_PRE_W2_NYG_MIA,,home,0.693,0.693,0.0,0.0,2.0,0.925,12.87,4.17,12.09,4.4,4.4,18.68,3.3,0.75,0.75,0.75,0.75,75.6,1.353,19.84,30.25,14.96,1.82,1.18,0.62,ADVANCED_PASS_TD_USAGE,10000,NFL_PASS_TD_V1,46.26,16.4,4.84,1.32,0.37
00-0038658,Adrian Martinez,SF,LAC,QB,QB,ACT,3.0,2026,PRE,2,2026 PRE W2,2026_PRE_W2_SF_LAC,,away,0.711,0.711,0.0,0.0,2.0,0.967,11.52,4.5,,,,,,,,,,55.0,1.283,16.88,26.92,15.35,2.39,1.18,0.48,ADVANCED_PASS_TD_USAGE,10000,NFL_PASS_TD_V1,46.17,16.77,5.66,1.77,0.51
00-0035264,Jarrett Stidham,DEN,GB,QB,QB,ACT,7.0,2026,PRE,2,2026 PRE W2,2026_PRE_W2_GB_DEN,,home,0.699,0.699,0.0,0.0,2.0,0.943,15.52,3.88,8.41,1.87,1.87,21.5,1.87,1.0,1.0,1.0,1.0,97.4,1.382,21.61,27.05,16.38,1.8,1.18,0.48,ADVANCED_PASS_TD_USAGE,10000,NFL_PASS_TD_V1,46.13,16.55,5.14,1.53,0.45
00-0035251,Will Grier,CAR,JAX,QB,QB,ACT,7.0,2026,PRE,2,2026 PRE W2,2026_PRE_W2_CAR_JAX,,away,0.711,0.711,0.0,0.0,2.0,0.98,11.52,4.5,,,,,,,,,,55.0,1.577,18.92,29.91,13.55,2.22,1.18,0.48,ADVANCED_PASS_TD_USAGE,10000,NFL_PASS_TD_V1,45.71,16.93,5.74,1.99,0.51
00-0039917,Michael Penix Jr.,ATL,IND,QB,QB,ACT,2.0,2026,PRE,2,2026 PRE W2,2026_PRE_W2_ATL_IND,,away,0.661,0.661,0.0,0.0,2.0,0.919,14.31,3.31,12.28,4.76,4.51,10.78,1.5,1.084,1.2,1.1,0.857,85.2,1.412,20.37,28.68,14.9,2.4,1.18,0.48,ADVANCED_PASS_TD_USAGE,10000,NFL_PASS_TD_V1,44.27,15.28,4.59,1.36,0.39
00-0038579,Aidan O'Connell,LV,HOU,QB,QB,ACT,3.0,2026,PRE,2,2026 PRE W2,2026_PRE_W2_LV_HOU,,away,0.644,0.644,0.0,0.0,2.0,0.894,13.64,3.63,13.47,5.26,4.18,12.69,1.7,0.86,0.8,0.8,1.067,76.9,1.333,20.81,30.61,17.18,2.97,1.18,0.48,ADVANCED_PASS_TD_USAGE,10000,NFL_PASS_TD_V1,43.75,14.68,4.55,1.22,0.17
00-0037077,Sam Howell,DAL,ARI,QB,QB,ACT,4.0,2026,PRE,2,2026 PRE W2,2026_PRE_W2_DAL_ARI,,away,0.636,0.636,0.0,0.0,2.0,0.883,13.83,3.49,,,,,,0.807,0.6,0.8,1.2,80.0,1.627,22.48,33.58,11.88,1.74,1.18,0.48,ADVANCED_PASS_TD_USAGE,10000,NFL_PASS_TD_V1,43.27,14.9,3.99,1.13,0.23
00-0036898,Davis Mills,HOU,LV,QB,QB,ACT,5.0,2026,PRE,2,2026 PRE W2,2026_PRE_W2_LV_HOU,,home,0.605,0.605,0.0,0.0,2.0,0.881,11.38,3.16,19.6,10.4,10.0,10.8,0.4,0.717,1.0,0.5,0.467,53.6,1.431,21.6,33.08,14.23,1.74,1.18,0.48,ADVANCED_PASS_TD_USAGE,10000,NFL_PASS_TD_V1,41.24,13.78,3.99,1.11,0.33
00-0028986,Case Keenum,CHI,CIN,QB,QB,ACT,14.0,2026,PRE,2,2026 PRE W2,2026_PRE_W2_CHI_CIN,,away,0.594,0.594,0.0,0.0,2.0,0.861,12.72,3.87,,,,,,0.5,0.5,0.5,0.5,55.0,1.686,25.32,33.33,16.09,2.52,1.18,0.48,ADVANCED_PASS_TD_USAGE,10000,NFL_PASS_TD_V1,41.18,13.35,3.59,0.94,0.26
00-0040206,Riley Leonard,IND,ATL,QB,QB,ACT,1.0,2026,PRE,2,2026 PRE W2,2026_PRE_W2_ATL_IND,,home,0.604,0.604,0.0,0.0,2.0,0.883,8.31,4.04,24.29,14.29,12.86,11.43,4.29,0.4,0.4,0.4,0.4,31.8,1.667,21.27,31.53,14.65,2.01,1.18,0.62,ADVANCED_PASS_TD_USAGE,10000,NFL_PASS_TD_V1,41.14,13.56,4.07,1.16,0.31
00-0028118,Tyrod Taylor,GB,DEN,QB,QB,ACT,15.0,2026,PRE,2,2026 PRE W2,2026_PRE_W2_GB_DEN,,away,0.578,0.578,0.0,0.0,2.0,0.86,11.05,3.94,,,,,,0.862,0.8,1.0,0.867,68.9,1.37,18.15,26.24,19.72,1.85,1.18,0.48,ADVANCED_PASS_TD_USAGE,10000,NFL_PASS_TD_V1,39.95,12.92,3.57,1.0,0.3
00-0027973,Andy Dalton,PHI,NE,QB,QB,ACT,15.0,2026,PRE,2,2026 PRE W2,2026_PRE_W2_PHI_NE,,away,0.559,0.559,0.0,0.0,2.0,0.838,10.66,3.99,,,,,,0.82,0.6,1.0,1.0,60.8,1.345,23.46,32.8,13.76,1.68,1.18,0.48,ADVANCED_PASS_TD_USAGE,10000,NFL_PASS_TD_V1,39.35,11.8,3.51,0.92,0.25
00-0033537,Deshaun Watson,CLE,BUF,QB,QB,ACT,9.0,2026,PRE,2,2026 PRE W2,2026_PRE_W2_BUF_CLE,,home,0.557,0.557,0.0,0.0,2.0,0.843,13.59,3.27,10.05,4.79,3.42,23.74,1.6,0.831,0.8,0.8,0.923,78.3,1.362,21.82,31.69,16.87,2.66,1.18,0.48,ADVANCED_PASS_TD_USAGE,10000,NFL_PASS_TD_V1,38.99,12.03,3.38,0.94,0.29
00-0035993,Tyler Huntley,BAL,MIN,QB,QB,ACT,6.0,2026,PRE,2,2026 PRE W2,2026_PRE_W2_BAL_MIN,,away,0.539,0.539,0.0,0.0,2.0,0.816,10.14,3.51,20.69,8.62,5.17,21.55,0.0,0.604,0.6,0.6,0.615,77.8,1.231,17.36,30.0,16.56,2.3,1.18,0.48,ADVANCED_PASS_TD_USAGE,10000,NFL_PASS_TD_V1,38.61,11.11,3.17,0.79,0.2
00-0035704,Drew Lock,SEA,TEN,QB,QB,ACT,7.0,2026,PRE,2,2026 PRE W2,2026_PRE_W2_SEA_TEN,,away,0.532,0.532,0.0,0.0,2.0,0.798,12.35,3.59,6.98,1.16,0.0,8.14,3.49,0.998,1.2,0.9,0.75,64.6,1.51,23.67,27.41,14.5,1.37,1.18,0.48,ADVANCED_PASS_TD_USAGE,10000,NFL_PASS_TD_V1,38.22,11.52,2.73,0.58,0.12
00-0040398,Brady Cook,NYJ,PIT,QB,QB,ACT,1.0,2026,PRE,2,2026 PRE W2,2026_PRE_W2_NYJ_PIT,,away,0.522,0.522,0.0,0.0,2.0,0.783,18.97,2.28,11.56,4.05,4.05,19.08,4.05,0.4,0.4,0.4,0.4,90.8,1.519,19.8,26.32,16.39,2.44,1.18,0.62,ADVANCED_PASS_TD_USAGE,10000,NFL_PASS_TD_V1,38.16,10.7,2.69,0.54,0.1
00-0039152,Will Levis,TEN,SEA,QB,QB,ACT,3.0,2026,PRE,2,2026 PRE W2,2026_PRE_W2_SEA_TEN,,home,0.531,0.531,0.0,0.0,2.0,0.808,11.79,3.38,8.6,4.78,3.98,23.73,2.55,1.005,1.0,1.1,0.933,76.1,1.333,18.31,29.01,16.95,2.23,1.18,0.48,ADVANCED_PASS_TD_USAGE,10000,NFL_PASS_TD_V1,38.12,11.0,3.07,0.7,0.17
00-0038108,Bailey Zappe,NYJ,PIT,QB,QB,ACT,4.0,2026,PRE,2,2026 PRE W2,2026_PRE_W2_NYJ_PIT,,away,0.519,0.519,0.0,0.0,2.0,0.785,12.54,3.07,,,,,,0.729,0.8,0.7,0.636,77.2,1.519,19.8,26.32,16.39,2.44,1.18,0.48,ADVANCED_PASS_TD_USAGE,10000,NFL_PASS_TD_V1,37.62,11.17,2.51,0.48,0.12
00-0035282,Easton Stick,IND,ATL,QB,QB,ACT,7.0,2026,PRE,2,2026 PRE W2,2026_PRE_W2_ATL_IND,,home,0.501,0.501,0.0,0.0,1.0,0.76,16.7,2.3,,,,,,0.6,0.6,0.6,0.6,86.6,1.667,21.27,31.53,14.65,2.01,1.18,0.48,ADVANCED_PASS_TD_USAGE,10000,NFL_PASS_TD_V1,37.38,9.81,2.3,0.49,0.12
00-0033869,Mitchell Trubisky,TEN,SEA,QB,QB,ACT,9.0,2026,PRE,2,2026 PRE W2,2026_PRE_W2_SEA_TEN,,home,0.489,0.489,0.0,0.0,2.0,0.772,5.73,5.61,,,,,,0.972,1.2,0.8,0.769,37.5,1.333,18.31,29.01,16.95,2.23,1.18,0.48,ADVANCED_PASS_TD_USAGE,10000,NFL_PASS_TD_V1,35.44,10.31,2.49,0.51,0.1
00-0038476,Tommy DeVito,NE,PHI,QB,QB,ACT,3.0,2026,PRE,2,2026 PRE W2,2026_PRE_W2_PHI_NE,,home,0.438,0.438,0.0,0.0,1.0,0.72,9.67,3.71,,,,,,0.422,0.0,0.8,0.727,76.0,1.456,20.08,30.6,14.94,1.97,1.18,0.48,ADVANCED_PASS_TD_USAGE,10000,NFL_PASS_TD_V1,33.25,8.18,1.88,0.39,0.07
00-0036945,Justin Fields,KC,TB,QB,QB,ACT,5.0,2026,PRE,2,2026 PRE W2,2026_PRE_W2_KC_TB,,away,0.436,0.436,0.0,0.0,1.0,0.716,9.79,3.33,,,,,,0.66,0.6,0.7,0.733,65.3,1.574,20.37,31.67,14.64,1.59,1.18,0.48,ADVANCED_PASS_TD_USAGE,10000,NFL_PASS_TD_V1,33.16,8.2,1.82,0.41,0.04
00-0039376,Spencer Rattler,NO,LAR,QB,QB,ACT,2.0,2026,PRE,2,2026 PRE W2,2026_PRE_W2_NO_LAR,,away,0.432,0.432,0.0,0.0,1.0,0.709,12.69,2.72,8.94,3.42,3.04,14.07,1.9,0.725,0.6,0.9,0.733,76.7,1.526,20.74,30.83,15.17,2.09,1.18,0.48,ADVANCED_PASS_TD_USAGE,10000,NFL_PASS_TD_V1,33.06,8.1,1.67,0.33,0.06
00-0034771,Mason Rudolph,PIT,NYJ,QB,QB,ACT,8.0,2026,PRE,2,2026 PRE W2,2026_PRE_W2_NYJ_PIT,,home,0.438,0.438,0.0,0.0,1.0,0.725,7.65,4.11,12.0,4.57,4.0,12.0,1.71,0.679,0.4,0.9,0.933,59.0,1.431,22.22,32.77,14.4,1.43,1.18,0.48,ADVANCED_PASS_TD_USAGE,10000,NFL_PASS_TD_V1,32.91,8.44,1.93,0.42,0.07
00-0032434,Brandon Allen,NYG,MIA,QB,QB,ACT,10.0,2026,PRE,2,2026 PRE W2,2026_PRE_W2_NYG_MIA,,away,0.428,0.428,0.0,0.0,1.0,0.717,9.6,3.73,,,,,,0.333,0.333,0.333,0.333,54.7,1.519,25.93,32.17,16.1,1.86,1.18,0.48,ADVANCED_PASS_TD_USAGE,10000,NFL_PASS_TD_V1,32.48,7.87,1.86,0.43,0.13
00-0033319,Nick Mullens,JAX,CAR,QB,QB,ACT,9.0,2026,PRE,2,2026 PRE W2,2026_PRE_W2_CAR_JAX,,home,0.419,0.419,0.0,0.0,1.0,0.705,6.6,4.55,33.33,0.0,0.0,0.0,0.0,0.608,0.4,0.778,0.778,44.2,1.481,24.08,36.63,11.72,1.99,1.18,0.48,ADVANCED_PASS_TD_USAGE,10000,NFL_PASS_TD_V1,31.82,8.05,1.68,0.32,0.08
00-0032156,Trevor Siemian,ATL,IND,QB,QB,ACT,11.0,2026,PRE,2,2026 PRE W2,2026_PRE_W2_ATL_IND,,away,0.421,0.421,0.0,0.0,1.0,0.716,14.69,2.28,,,,,,0.4,0.4,0.4,0.4,71.7,1.412,20.37,28.68,14.9,2.4,1.18,0.48,ADVANCED_PASS_TD_USAGE,10000,NFL_PASS_TD_V1,31.67,8.13,1.86,0.39,0.08
00-0039164,Anthony Richardson,IND,ATL,QB,QB,ACT,3.0,2026,PRE,2,2026 PRE W2,2026_PRE_W2_ATL_IND,,home,0.407,0.407,0.0,0.0,1.0,0.694,10.07,3.31,8.82,3.74,3.74,15.51,3.48,0.589,0.6,0.5,0.667,68.9,1.667,21.27,31.53,14.65,2.01,1.18,0.48,ADVANCED_PASS_TD_USAGE,10000,NFL_PASS_TD_V1,31.21,7.54,1.42,0.35,0.1
00-0037324,Chris Oladokun,KC,TB,QB,QB,ACT,4.0,2026,PRE,2,2026 PRE W2,2026_PRE_W2_KC_TB,,away,0.383,0.383,0.0,0.0,1.0,0.664,8.8,3.83,7.81,6.25,3.12,25.0,0.0,0.333,0.333,0.333,0.333,90.4,1.574,20.37,31.67,14.64,1.59,1.18,0.48,ADVANCED_PASS_TD_USAGE,10000,NFL_PASS_TD_V1,29.84,6.9,1.26,0.24,0.02
00-0038128,Malik Willis,MIA,NYG,QB,QB,ACT,4.0,2026,PRE,2,2026 PRE W2,2026_PRE_W2_NYG_MIA,,home,0.337,0.337,0.0,0.0,1.0,0.615,4.38,5.3,,,,,,0.586,0.6,0.6,0.545,52.5,1.353,19.84,30.25,14.96,1.82,1.18,0.48,ADVANCED_PASS_TD_USAGE,10000,NFL_PASS_TD_V1,27.34,5.16,0.96,0.17,0.02
00-0037327,Skylar Thompson,BAL,MIN,QB,QB,ACT,4.0,2026,PRE,2,2026 PRE W2,2026_PRE_W2_BAL_MIN,,away,0.312,0.312,0.0,0.0,1.0,0.587,7.92,3.6,,,,,,0.0,0.0,0.0,0.0,55.0,1.231,17.36,30.0,16.56,2.3,1.18,0.48,ADVANCED_PASS_TD_USAGE,10000,NFL_PASS_TD_V1,25.73,4.6,0.69,0.12,0.03
00-0037013,Zach Wilson,NO,LAR,QB,QB,ACT,5.0,2026,PRE,2,2026 PRE W2,2026_PRE_W2_NO_LAR,,away,0.283,0.283,0.0,0.0,1.0,0.557,8.85,2.4,,,,,,0.433,0.4,0.4,0.533,58.4,1.526,20.74,30.83,15.17,2.09,1.18,0.48,ADVANCED_PASS_TD_USAGE,10000,NFL_PASS_TD_V1,23.73,3.96,0.52,0.06,0.03
00-0036679,Shane Buechele,BUF,CLE,QB,QB,ACT,5.0,2026,PRE,2,2026 PRE W2,2026_PRE_W2_BUF_CLE,,away,0.262,0.262,0.0,0.0,1.0,0.531,6.72,3.6,,,,,,0.0,0.0,0.0,0.0,55.0,1.481,26.84,40.22,18.85,1.94,1.18,0.48,ADVANCED_PASS_TD_USAGE,10000,NFL_PASS_TD_V1,22.25,3.57,0.36,0.04,0.0
00-0026300,Josh Johnson,CIN,CHI,QB,QB,ACT,18.0,2026,PRE,2,2026 PRE W2,2026_PRE_W2_CHI_CIN,,home,0.255,0.255,0.0,0.0,1.0,0.532,5.47,3.79,,,,,,0.2,0.2,0.2,0.2,48.9,1.585,21.8,35.77,14.98,3.01,1.18,0.48,ADVANCED_PASS_TD_USAGE,10000,NFL_PASS_TD_V1,21.46,3.4,0.5,0.08,0.01
00-0039398,Joe Milton III,DAL,ARI,QB,QB,ACT,2.0,2026,PRE,2,2026 PRE W2,2026_PRE_W2_DAL_ARI,,away,0.241,0.241,0.0,0.0,1.0,0.518,5.09,4.32,8.33,0.0,0.0,4.17,8.33,0.4,0.4,0.4,0.4,42.4,1.627,22.48,33.58,11.88,1.74,1.18,0.48,ADVANCED_PASS_TD_USAGE,10000,NFL_PASS_TD_V1,20.35,3.32,0.36,0.07,0.01
00-0040494,Max Brosmer,MIN,BAL,QB,QB,ACT,1.0,2026,PRE,2,2026 PRE W2,2026_PRE_W2_BAL_MIN,,home,0.236,0.236,0.0,0.0,1.0,0.519,7.77,3.05,10.59,4.71,2.35,23.53,4.71,0.0,0.0,0.0,0.0,53.9,1.291,15.77,20.78,16.46,1.89,1.18,0.62,ADVANCED_PASS_TD_USAGE,10000,NFL_PASS_TD_V1,19.82,3.27,0.47,0.08,0.0
00-0038416,Tyson Bagent,CHI,CIN,QB,QB,ACT,3.0,2026,PRE,2,2026 PRE W2,2026_PRE_W2_CHI_CIN,,away,0.205,0.205,0.0,0.0,1.0,0.475,6.06,2.82,12.9,4.52,4.52,9.68,3.87,0.183,0.0,0.333,0.333,48.3,1.686,25.32,33.33,16.09,2.52,1.18,0.48,ADVANCED_PASS_TD_USAGE,10000,NFL_PASS_TD_V1,17.71,2.51,0.25,0.03,0.01
00-0037012,Trey Lance,LAC,SF,QB,QB,ACT,5.0,2026,PRE,2,2026 PRE W2,2026_PRE_W2_SF_LAC,,home,0.17,0.17,0.0,0.0,1.0,0.429,7.63,2.5,6.35,1.59,0.0,14.29,1.59,0.0,0.0,0.0,0.0,31.2,1.446,21.72,30.99,13.62,2.08,1.18,0.48,ADVANCED_PASS_TD_USAGE,10000,NFL_PASS_TD_V1,15.19,1.62,0.19,0.03,0.01
00-0038102,Kenny Pickett,CAR,JAX,QB,QB,ACT,4.0,2026,PRE,2,2026 PRE W2,2026_PRE_W2_CAR_JAX,,away,0.133,0.133,0.0,0.0,1.0,0.37,4.72,1.97,,,,,,0.235,0.2,0.3,0.2,39.7,1.577,18.92,29.91,13.55,2.22,1.18,0.48,ADVANCED_PASS_TD_USAGE,10000,NFL_PASS_TD_V1,12.26,0.91,0.08,0.01,0.0
00-0031237,Teddy Bridgewater,DET,WAS,QB,QB,ACT,12.0,2026,PRE,2,2026 PRE W2,2026_PRE_W2_WAS_DET,,home,0.12,0.12,0.0,0.0,1.0,0.352,3.84,3.6,0.0,0.0,0.0,0.0,0.0,0.0,0.0,0.0,0.0,55.0,1.87,24.55,30.2,14.38,1.45,1.18,0.48,ADVANCED_PASS_TD_USAGE,10000,NFL_PASS_TD_V1,11.11,0.8,0.06,0.0,0.0
00-0038550,Hendon Hooker,TEN,SEA,QB,QB,ACT,3.0,2026,PRE,2,2026 PRE W2,2026_PRE_W2_SEA_TEN,,home,0.055,0.055,0.0,0.0,0.0,0.239,1.44,3.6,,,,,,0.0,0.0,0.0,0.0,81.7,1.333,18.31,29.01,16.95,2.23,1.18,0.48,ADVANCED_PASS_TD_USAGE,10000,NFL_PASS_TD_V1,5.22,0.25,0.01,0.0,0.0
00-0034577,Kyle Allen,BUF,CLE,QB,QB,ACT,8.0,2026,PRE,2,2026 PRE W2,2026_PRE_W2_BUF_CLE,,away,0.028,0.028,0.0,0.0,0.0,0.17,0.72,3.6,,,,,,0.0,0.0,0.0,0.0,55.0,1.481,26.84,40.22,18.85,1.94,1.18,0.48,ADVANCED_PASS_TD_USAGE,10000,NFL_PASS_TD_V1,2.76,0.07,0.0,0.0,0.0
00-0038391,Sean Clifford,CIN,CHI,QB,QB,ACT,3.0,2026,PRE,2,2026 PRE W2,2026_PRE_W2_CHI_CIN,,home,0.021,0.021,0.0,0.0,0.0,0.144,0.48,3.6,,,,,,0.0,0.0,0.0,0.0,55.0,1.585,21.8,35.77,14.98,3.01,1.18,0.48,ADVANCED_PASS_TD_USAGE,10000,NFL_PASS_TD_V1,2.04,0.03,0.0,0.0,0.0
