player_id,player_name,team,opponent,position,season,season_type,week,ladder_line,probability,probability_grade,projected_pass_tds,model_version
00-0023459,Aaron Rodgers,PIT,GB,QB,2026,PRE,1,0.5,34.86,ELITE,0.582,NFL_PASS_TD_V1
00-0023459,Aaron Rodgers,PIT,GB,QB,2026,PRE,1,1.0,34.86,ELITE,0.582,NFL_PASS_TD_V1
00-0023459,Aaron Rodgers,PIT,GB,QB,2026,PRE,1,1.5,13.82,ELITE,0.582,NFL_PASS_TD_V1
00-0023459,Aaron Rodgers,PIT,GB,QB,2026,PRE,1,2.0,13.82,ELITE,0.582,NFL_PASS_TD_V1
00-0023459,Aaron Rodgers,PIT,GB,QB,2026,PRE,1,2.5,5.65,ELITE,0.582,NFL_PASS_TD_V1
00-0023459,Aaron Rodgers,PIT,GB,QB,2026,PRE,1,3.0,5.65,ELITE,0.582,NFL_PASS_TD_V1
00-0023459,Aaron Rodgers,PIT,GB,QB,2026,PRE,1,3.5,2.31,ELITE,0.582,NFL_PASS_TD_V1
00-0023459,Aaron Rodgers,PIT,GB,QB,2026,PRE,1,4.0,2.31,ELITE,0.582,NFL_PASS_TD_V1
00-0023459,Aaron Rodgers,PIT,GB,QB,2026,PRE,1,4.5,0.96,ELITE,0.582,NFL_PASS_TD_V1
00-0026158,Joe Flacco,CIN,DET,QB,2026,PRE,1,0.5,38.13,ELITE,0.671,NFL_PASS_TD_V1
00-0026158,Joe Flacco,CIN,DET,QB,2026,PRE,1,1.0,38.13,ELITE,0.671,NFL_PASS_TD_V1
00-0026158,Joe Flacco,CIN,DET,QB,2026,PRE,1,1.5,16.28,ELITE,0.671,NFL_PASS_TD_V1
00-0026158,Joe Flacco,CIN,DET,QB,2026,PRE,1,2.0,16.28,ELITE,0.671,NFL_PASS_TD_V1
00-0026158,Joe Flacco,CIN,DET,QB,2026,PRE,1,2.5,7.14,ELITE,0.671,NFL_PASS_TD_V1
00-0026158,Joe Flacco,CIN,DET,QB,2026,PRE,1,3.0,7.14,ELITE,0.671,NFL_PASS_TD_V1
00-0026158,Joe Flacco,CIN,DET,QB,2026,PRE,1,3.5,3.14,ELITE,0.671,NFL_PASS_TD_V1
00-0026158,Joe Flacco,CIN,DET,QB,2026,PRE,1,4.0,3.14,ELITE,0.671,NFL_PASS_TD_V1
00-0026158,Joe Flacco,CIN,DET,QB,2026,PRE,1,4.5,1.44,ELITE,0.671,NFL_PASS_TD_V1
00-0026300,Josh Johnson,CIN,DET,QB,2026,PRE,1,0.5,44.8,ELITE,0.669,NFL_PASS_TD_V1
00-0026300,Josh Johnson,CIN,DET,QB,2026,PRE,1,1.0,44.8,ELITE,0.669,NFL_PASS_TD_V1
00-0026300,Josh Johnson,CIN,DET,QB,2026,PRE,1,1.5,15.69,ELITE,0.669,NFL_PASS_TD_V1
00-0026300,Josh Johnson,CIN,DET,QB,2026,PRE,1,2.0,15.69,ELITE,0.669,NFL_PASS_TD_V1
00-0026300,Josh Johnson,CIN,DET,QB,2026,PRE,1,2.5,4.72,ELITE,0.669,NFL_PASS_TD_V1
00-0026300,Josh Johnson,CIN,DET,QB,2026,PRE,1,3.0,4.72,ELITE,0.669,NFL_PASS_TD_V1
00-0026300,Josh Johnson,CIN,DET,QB,2026,PRE,1,3.5,1.22,ELITE,0.669,NFL_PASS_TD_V1
00-0026300,Josh Johnson,CIN,DET,QB,2026,PRE,1,4.0,1.22,ELITE,0.669,NFL_PASS_TD_V1
00-0026300,Josh Johnson,CIN,DET,QB,2026,PRE,1,4.5,0.34,LOW,0.669,NFL_PASS_TD_V1
00-0026498,Matthew Stafford,LAR,KC,QB,2026,PRE,1,0.5,48.29,ELITE,1.034,NFL_PASS_TD_V1
00-0026498,Matthew Stafford,LAR,KC,QB,2026,PRE,1,1.0,48.29,ELITE,1.034,NFL_PASS_TD_V1
00-0026498,Matthew Stafford,LAR,KC,QB,2026,PRE,1,1.5,25.41,ELITE,1.034,NFL_PASS_TD_V1
00-0026498,Matthew Stafford,LAR,KC,QB,2026,PRE,1,2.0,25.41,ELITE,1.034,NFL_PASS_TD_V1
00-0026498,Matthew Stafford,LAR,KC,QB,2026,PRE,1,2.5,13.89,ELITE,1.034,NFL_PASS_TD_V1
00-0026498,Matthew Stafford,LAR,KC,QB,2026,PRE,1,3.0,13.89,ELITE,1.034,NFL_PASS_TD_V1
00-0026498,Matthew Stafford,LAR,KC,QB,2026,PRE,1,3.5,7.75,ELITE,1.034,NFL_PASS_TD_V1
00-0026498,Matthew Stafford,LAR,KC,QB,2026,PRE,1,4.0,7.75,ELITE,1.034,NFL_PASS_TD_V1
00-0026498,Matthew Stafford,LAR,KC,QB,2026,PRE,1,4.5,4.26,ELITE,1.034,NFL_PASS_TD_V1
00-0027973,Andy Dalton,PHI,BAL,QB,2026,PRE,1,0.5,24.33,ELITE,0.336,NFL_PASS_TD_V1
00-0027973,Andy Dalton,PHI,BAL,QB,2026,PRE,1,1.0,24.33,ELITE,0.336,NFL_PASS_TD_V1
00-0027973,Andy Dalton,PHI,BAL,QB,2026,PRE,1,1.5,6.66,ELITE,0.336,NFL_PASS_TD_V1
00-0027973,Andy Dalton,PHI,BAL,QB,2026,PRE,1,2.0,6.66,ELITE,0.336,NFL_PASS_TD_V1
00-0027973,Andy Dalton,PHI,BAL,QB,2026,PRE,1,2.5,1.89,ELITE,0.336,NFL_PASS_TD_V1
00-0027973,Andy Dalton,PHI,BAL,QB,2026,PRE,1,3.0,1.89,ELITE,0.336,NFL_PASS_TD_V1
00-0027973,Andy Dalton,PHI,BAL,QB,2026,PRE,1,3.5,0.54,LEAN,0.336,NFL_PASS_TD_V1
00-0027973,Andy Dalton,PHI,BAL,QB,2026,PRE,1,4.0,0.54,LEAN,0.336,NFL_PASS_TD_V1
00-0027973,Andy Dalton,PHI,BAL,QB,2026,PRE,1,4.5,0.17,VERY LOW,0.336,NFL_PASS_TD_V1
00-0028118,Tyrod Taylor,GB,PIT,QB,2026,PRE,1,0.5,33.9,ELITE,0.518,NFL_PASS_TD_V1
00-0028118,Tyrod Taylor,GB,PIT,QB,2026,PRE,1,1.0,33.9,ELITE,0.518,NFL_PASS_TD_V1
00-0028118,Tyrod Taylor,GB,PIT,QB,2026,PRE,1,1.5,11.71,ELITE,0.518,NFL_PASS_TD_V1
00-0028118,Tyrod Taylor,GB,PIT,QB,2026,PRE,1,2.0,11.71,ELITE,0.518,NFL_PASS_TD_V1
00-0028118,Tyrod Taylor,GB,PIT,QB,2026,PRE,1,2.5,4.03,ELITE,0.518,NFL_PASS_TD_V1
00-0028118,Tyrod Taylor,GB,PIT,QB,2026,PRE,1,3.0,4.03,ELITE,0.518,NFL_PASS_TD_V1
00-0028118,Tyrod Taylor,GB,PIT,QB,2026,PRE,1,3.5,1.41,ELITE,0.518,NFL_PASS_TD_V1
00-0028118,Tyrod Taylor,GB,PIT,QB,2026,PRE,1,4.0,1.41,ELITE,0.518,NFL_PASS_TD_V1
00-0028118,Tyrod Taylor,GB,PIT,QB,2026,PRE,1,4.5,0.47,COIN FLIP,0.518,NFL_PASS_TD_V1
00-0028986,Case Keenum,CHI,CLE,QB,2026,PRE,1,0.5,37.8,ELITE,0.54,NFL_PASS_TD_V1
00-0028986,Case Keenum,CHI,CLE,QB,2026,PRE,1,1.0,37.8,ELITE,0.54,NFL_PASS_TD_V1
00-0028986,Case Keenum,CHI,CLE,QB,2026,PRE,1,1.5,11.73,ELITE,0.54,NFL_PASS_TD_V1
00-0028986,Case Keenum,CHI,CLE,QB,2026,PRE,1,2.0,11.73,ELITE,0.54,NFL_PASS_TD_V1
00-0028986,Case Keenum,CHI,CLE,QB,2026,PRE,1,2.5,3.33,ELITE,0.54,NFL_PASS_TD_V1
00-0028986,Case Keenum,CHI,CLE,QB,2026,PRE,1,3.0,3.33,ELITE,0.54,NFL_PASS_TD_V1
00-0028986,Case Keenum,CHI,CLE,QB,2026,PRE,1,3.5,0.89,VERY HIGH,0.54,NFL_PASS_TD_V1
00-0028986,Case Keenum,CHI,CLE,QB,2026,PRE,1,4.0,0.89,VERY HIGH,0.54,NFL_PASS_TD_V1
00-0028986,Case Keenum,CHI,CLE,QB,2026,PRE,1,4.5,0.24,VERY LOW,0.54,NFL_PASS_TD_V1
00-0029604,Kirk Cousins,LV,ARI,QB,2026,PRE,1,0.5,37.04,ELITE,0.636,NFL_PASS_TD_V1
00-0029604,Kirk Cousins,LV,ARI,QB,2026,PRE,1,1.0,37.04,ELITE,0.636,NFL_PASS_TD_V1
00-0029604,Kirk Cousins,LV,ARI,QB,2026,PRE,1,1.5,15.35,ELITE,0.636,NFL_PASS_TD_V1
00-0029604,Kirk Cousins,LV,ARI,QB,2026,PRE,1,2.0,15.35,ELITE,0.636,NFL_PASS_TD_V1
00-0029604,Kirk Cousins,LV,ARI,QB,2026,PRE,1,2.5,6.49,ELITE,0.636,NFL_PASS_TD_V1
00-0029604,Kirk Cousins,LV,ARI,QB,2026,PRE,1,3.0,6.49,ELITE,0.636,NFL_PASS_TD_V1
00-0029604,Kirk Cousins,LV,ARI,QB,2026,PRE,1,3.5,2.77,ELITE,0.636,NFL_PASS_TD_V1
00-0029604,Kirk Cousins,LV,ARI,QB,2026,PRE,1,4.0,2.77,ELITE,0.636,NFL_PASS_TD_V1
00-0029604,Kirk Cousins,LV,ARI,QB,2026,PRE,1,4.5,1.19,ELITE,0.636,NFL_PASS_TD_V1
00-0030565,Geno Smith,NYJ,TB,QB,2026,PRE,1,0.5,38.69,ELITE,0.69,NFL_PASS_TD_V1
00-0030565,Geno Smith,NYJ,TB,QB,2026,PRE,1,1.0,38.69,ELITE,0.69,NFL_PASS_TD_V1
00-0030565,Geno Smith,NYJ,TB,QB,2026,PRE,1,1.5,16.8,ELITE,0.69,NFL_PASS_TD_V1
00-0030565,Geno Smith,NYJ,TB,QB,2026,PRE,1,2.0,16.8,ELITE,0.69,NFL_PASS_TD_V1
00-0030565,Geno Smith,NYJ,TB,QB,2026,PRE,1,2.5,7.58,ELITE,0.69,NFL_PASS_TD_V1
00-0030565,Geno Smith,NYJ,TB,QB,2026,PRE,1,3.0,7.58,ELITE,0.69,NFL_PASS_TD_V1
00-0030565,Geno Smith,NYJ,TB,QB,2026,PRE,1,3.5,3.44,ELITE,0.69,NFL_PASS_TD_V1
00-0030565,Geno Smith,NYJ,TB,QB,2026,PRE,1,4.0,3.44,ELITE,0.69,NFL_PASS_TD_V1
00-0030565,Geno Smith,NYJ,TB,QB,2026,PRE,1,4.5,1.52,ELITE,0.69,NFL_PASS_TD_V1
00-0031237,Teddy Bridgewater,DET,CIN,QB,2026,PRE,1,0.5,48.7,ELITE,0.856,NFL_PASS_TD_V1
00-0031237,Teddy Bridgewater,DET,CIN,QB,2026,PRE,1,1.0,48.7,ELITE,0.856,NFL_PASS_TD_V1
00-0031237,Teddy Bridgewater,DET,CIN,QB,2026,PRE,1,1.5,21.42,ELITE,0.856,NFL_PASS_TD_V1
00-0031237,Teddy Bridgewater,DET,CIN,QB,2026,PRE,1,2.0,21.42,ELITE,0.856,NFL_PASS_TD_V1
00-0031237,Teddy Bridgewater,DET,CIN,QB,2026,PRE,1,2.5,9.21,ELITE,0.856,NFL_PASS_TD_V1
00-0031237,Teddy Bridgewater,DET,CIN,QB,2026,PRE,1,3.0,9.21,ELITE,0.856,NFL_PASS_TD_V1
00-0031237,Teddy Bridgewater,DET,CIN,QB,2026,PRE,1,3.5,3.78,ELITE,0.856,NFL_PASS_TD_V1
00-0031237,Teddy Bridgewater,DET,CIN,QB,2026,PRE,1,4.0,3.78,ELITE,0.856,NFL_PASS_TD_V1
00-0031237,Teddy Bridgewater,DET,CIN,QB,2026,PRE,1,4.5,1.54,ELITE,0.856,NFL_PASS_TD_V1
00-0031503,Jameis Winston,NYG,MIN,QB,2026,PRE,1,0.5,28.33,ELITE,0.419,NFL_PASS_TD_V1
00-0031503,Jameis Winston,NYG,MIN,QB,2026,PRE,1,1.0,28.33,ELITE,0.419,NFL_PASS_TD_V1
00-0031503,Jameis Winston,NYG,MIN,QB,2026,PRE,1,1.5,8.98,ELITE,0.419,NFL_PASS_TD_V1
00-0031503,Jameis Winston,NYG,MIN,QB,2026,PRE,1,2.0,8.98,ELITE,0.419,NFL_PASS_TD_V1
00-0031503,Jameis Winston,NYG,MIN,QB,2026,PRE,1,2.5,2.99,ELITE,0.419,NFL_PASS_TD_V1
00-0031503,Jameis Winston,NYG,MIN,QB,2026,PRE,1,3.0,2.99,ELITE,0.419,NFL_PASS_TD_V1
00-0031503,Jameis Winston,NYG,MIN,QB,2026,PRE,1,3.5,1.04,ELITE,0.419,NFL_PASS_TD_V1
00-0031503,Jameis Winston,NYG,MIN,QB,2026,PRE,1,4.0,1.04,ELITE,0.419,NFL_PASS_TD_V1
00-0031503,Jameis Winston,NYG,MIN,QB,2026,PRE,1,4.5,0.36,LOW,0.419,NFL_PASS_TD_V1
00-0032156,Trevor Siemian,ATL,DEN,QB,2026,PRE,1,0.5,23.74,ELITE,0.325,NFL_PASS_TD_V1
00-0032156,Trevor Siemian,ATL,DEN,QB,2026,PRE,1,1.0,23.74,ELITE,0.325,NFL_PASS_TD_V1
00-0032156,Trevor Siemian,ATL,DEN,QB,2026,PRE,1,1.5,6.37,ELITE,0.325,NFL_PASS_TD_V1
00-0032156,Trevor Siemian,ATL,DEN,QB,2026,PRE,1,2.0,6.37,ELITE,0.325,NFL_PASS_TD_V1
00-0032156,Trevor Siemian,ATL,DEN,QB,2026,PRE,1,2.5,1.76,ELITE,0.325,NFL_PASS_TD_V1
00-0032156,Trevor Siemian,ATL,DEN,QB,2026,PRE,1,3.0,1.76,ELITE,0.325,NFL_PASS_TD_V1
00-0032156,Trevor Siemian,ATL,DEN,QB,2026,PRE,1,3.5,0.5,COIN FLIP,0.325,NFL_PASS_TD_V1
00-0032156,Trevor Siemian,ATL,DEN,QB,2026,PRE,1,4.0,0.5,COIN FLIP,0.325,NFL_PASS_TD_V1
00-0032156,Trevor Siemian,ATL,DEN,QB,2026,PRE,1,4.5,0.11,VERY LOW,0.325,NFL_PASS_TD_V1
00-0032268,Marcus Mariota,WAS,MIA,QB,2026,PRE,1,0.5,31.69,ELITE,0.496,NFL_PASS_TD_V1
00-0032268,Marcus Mariota,WAS,MIA,QB,2026,PRE,1,1.0,31.69,ELITE,0.496,NFL_PASS_TD_V1
00-0032268,Marcus Mariota,WAS,MIA,QB,2026,PRE,1,1.5,11.27,ELITE,0.496,NFL_PASS_TD_V1
00-0032268,Marcus Mariota,WAS,MIA,QB,2026,PRE,1,2.0,11.27,ELITE,0.496,NFL_PASS_TD_V1
00-0032268,Marcus Mariota,WAS,MIA,QB,2026,PRE,1,2.5,4.11,ELITE,0.496,NFL_PASS_TD_V1
00-0032268,Marcus Mariota,WAS,MIA,QB,2026,PRE,1,3.0,4.11,ELITE,0.496,NFL_PASS_TD_V1
00-0032268,Marcus Mariota,WAS,MIA,QB,2026,PRE,1,3.5,1.58,ELITE,0.496,NFL_PASS_TD_V1
00-0032268,Marcus Mariota,WAS,MIA,QB,2026,PRE,1,4.0,1.58,ELITE,0.496,NFL_PASS_TD_V1
00-0032268,Marcus Mariota,WAS,MIA,QB,2026,PRE,1,4.5,0.61,SOLID,0.496,NFL_PASS_TD_V1
00-0032434,Brandon Allen,NYG,MIN,QB,2026,PRE,1,0.5,21.61,ELITE,0.288,NFL_PASS_TD_V1
00-0032434,Brandon Allen,NYG,MIN,QB,2026,PRE,1,1.0,21.61,ELITE,0.288,NFL_PASS_TD_V1
00-0032434,Brandon Allen,NYG,MIN,QB,2026,PRE,1,1.5,5.33,ELITE,0.288,NFL_PASS_TD_V1
00-0032434,Brandon Allen,NYG,MIN,QB,2026,PRE,1,2.0,5.33,ELITE,0.288,NFL_PASS_TD_V1
00-0032434,Brandon Allen,NYG,MIN,QB,2026,PRE,1,2.5,1.36,ELITE,0.288,NFL_PASS_TD_V1
00-0032434,Brandon Allen,NYG,MIN,QB,2026,PRE,1,3.0,1.36,ELITE,0.288,NFL_PASS_TD_V1
00-0032434,Brandon Allen,NYG,MIN,QB,2026,PRE,1,3.5,0.34,LOW,0.288,NFL_PASS_TD_V1
00-0032434,Brandon Allen,NYG,MIN,QB,2026,PRE,1,4.0,0.34,LOW,0.288,NFL_PASS_TD_V1
00-0032434,Brandon Allen,NYG,MIN,QB,2026,PRE,1,4.5,0.1,VERY LOW,0.288,NFL_PASS_TD_V1
00-0032950,Carson Wentz,MIN,NYG,QB,2026,PRE,1,0.5,29.75,ELITE,0.45,NFL_PASS_TD_V1
00-0032950,Carson Wentz,MIN,NYG,QB,2026,PRE,1,1.0,29.75,ELITE,0.45,NFL_PASS_TD_V1
00-0032950,Carson Wentz,MIN,NYG,QB,2026,PRE,1,1.5,9.85,ELITE,0.45,NFL_PASS_TD_V1
00-0032950,Carson Wentz,MIN,NYG,QB,2026,PRE,1,2.0,9.85,ELITE,0.45,NFL_PASS_TD_V1
00-0032950,Carson Wentz,MIN,NYG,QB,2026,PRE,1,2.5,3.5,ELITE,0.45,NFL_PASS_TD_V1
00-0032950,Carson Wentz,MIN,NYG,QB,2026,PRE,1,3.0,3.5,ELITE,0.45,NFL_PASS_TD_V1
00-0032950,Carson Wentz,MIN,NYG,QB,2026,PRE,1,3.5,1.24,ELITE,0.45,NFL_PASS_TD_V1
00-0032950,Carson Wentz,MIN,NYG,QB,2026,PRE,1,4.0,1.24,ELITE,0.45,NFL_PASS_TD_V1
00-0032950,Carson Wentz,MIN,NYG,QB,2026,PRE,1,4.5,0.44,COIN FLIP,0.45,NFL_PASS_TD_V1
00-0033077,Dak Prescott,DAL,SEA,QB,2026,PRE,1,0.5,34.56,ELITE,0.572,NFL_PASS_TD_V1
00-0033077,Dak Prescott,DAL,SEA,QB,2026,PRE,1,1.0,34.56,ELITE,0.572,NFL_PASS_TD_V1
00-0033077,Dak Prescott,DAL,SEA,QB,2026,PRE,1,1.5,13.42,ELITE,0.572,NFL_PASS_TD_V1
00-0033077,Dak Prescott,DAL,SEA,QB,2026,PRE,1,2.0,13.42,ELITE,0.572,NFL_PASS_TD_V1
00-0033077,Dak Prescott,DAL,SEA,QB,2026,PRE,1,2.5,5.43,ELITE,0.572,NFL_PASS_TD_V1
00-0033077,Dak Prescott,DAL,SEA,QB,2026,PRE,1,3.0,5.43,ELITE,0.572,NFL_PASS_TD_V1
00-0033077,Dak Prescott,DAL,SEA,QB,2026,PRE,1,3.5,2.23,ELITE,0.572,NFL_PASS_TD_V1
00-0033077,Dak Prescott,DAL,SEA,QB,2026,PRE,1,4.0,2.23,ELITE,0.572,NFL_PASS_TD_V1
00-0033077,Dak Prescott,DAL,SEA,QB,2026,PRE,1,4.5,0.94,ELITE,0.572,NFL_PASS_TD_V1
00-0033106,Jared Goff,DET,CIN,QB,2026,PRE,1,0.5,53.13,ELITE,0.992,NFL_PASS_TD_V1
00-0033106,Jared Goff,DET,CIN,QB,2026,PRE,1,1.0,53.13,ELITE,0.992,NFL_PASS_TD_V1
00-0033106,Jared Goff,DET,CIN,QB,2026,PRE,1,1.5,25.43,ELITE,0.992,NFL_PASS_TD_V1
00-0033106,Jared Goff,DET,CIN,QB,2026,PRE,1,2.0,25.43,ELITE,0.992,NFL_PASS_TD_V1
00-0033106,Jared Goff,DET,CIN,QB,2026,PRE,1,2.5,11.66,ELITE,0.992,NFL_PASS_TD_V1
00-0033106,Jared Goff,DET,CIN,QB,2026,PRE,1,3.0,11.66,ELITE,0.992,NFL_PASS_TD_V1
00-0033106,Jared Goff,DET,CIN,QB,2026,PRE,1,3.5,5.29,ELITE,0.992,NFL_PASS_TD_V1
00-0033106,Jared Goff,DET,CIN,QB,2026,PRE,1,4.0,5.29,ELITE,0.992,NFL_PASS_TD_V1
00-0033106,Jared Goff,DET,CIN,QB,2026,PRE,1,4.5,2.3,ELITE,0.992,NFL_PASS_TD_V1
00-0033319,Nick Mullens,JAX,NO,QB,2026,PRE,1,0.5,19.36,ELITE,0.249,NFL_PASS_TD_V1
00-0033319,Nick Mullens,JAX,NO,QB,2026,PRE,1,1.0,19.36,ELITE,0.249,NFL_PASS_TD_V1
00-0033319,Nick Mullens,JAX,NO,QB,2026,PRE,1,1.5,4.3,ELITE,0.249,NFL_PASS_TD_V1
00-0033319,Nick Mullens,JAX,NO,QB,2026,PRE,1,2.0,4.3,ELITE,0.249,NFL_PASS_TD_V1
00-0033319,Nick Mullens,JAX,NO,QB,2026,PRE,1,2.5,0.96,ELITE,0.249,NFL_PASS_TD_V1
00-0033319,Nick Mullens,JAX,NO,QB,2026,PRE,1,3.0,0.96,ELITE,0.249,NFL_PASS_TD_V1
00-0033319,Nick Mullens,JAX,NO,QB,2026,PRE,1,3.5,0.22,VERY LOW,0.249,NFL_PASS_TD_V1
00-0033319,Nick Mullens,JAX,NO,QB,2026,PRE,1,4.0,0.22,VERY LOW,0.249,NFL_PASS_TD_V1
00-0033319,Nick Mullens,JAX,NO,QB,2026,PRE,1,4.5,0.06,VERY LOW,0.249,NFL_PASS_TD_V1
00-0033537,Deshaun Watson,CLE,CHI,QB,2026,PRE,1,0.5,27.51,ELITE,0.403,NFL_PASS_TD_V1
00-0033537,Deshaun Watson,CLE,CHI,QB,2026,PRE,1,1.0,27.51,ELITE,0.403,NFL_PASS_TD_V1
00-0033537,Deshaun Watson,CLE,CHI,QB,2026,PRE,1,1.5,8.64,ELITE,0.403,NFL_PASS_TD_V1
00-0033537,Deshaun Watson,CLE,CHI,QB,2026,PRE,1,2.0,8.64,ELITE,0.403,NFL_PASS_TD_V1
00-0033537,Deshaun Watson,CLE,CHI,QB,2026,PRE,1,2.5,2.81,ELITE,0.403,NFL_PASS_TD_V1
00-0033537,Deshaun Watson,CLE,CHI,QB,2026,PRE,1,3.0,2.81,ELITE,0.403,NFL_PASS_TD_V1
00-0033537,Deshaun Watson,CLE,CHI,QB,2026,PRE,1,3.5,0.91,ELITE,0.403,NFL_PASS_TD_V1
00-0033537,Deshaun Watson,CLE,CHI,QB,2026,PRE,1,4.0,0.91,ELITE,0.403,NFL_PASS_TD_V1
00-0033537,Deshaun Watson,CLE,CHI,QB,2026,PRE,1,4.5,0.31,LOW,0.403,NFL_PASS_TD_V1
00-0033869,Mitchell Trubisky,TEN,SF,QB,2026,PRE,1,0.5,30.02,ELITE,0.459,NFL_PASS_TD_V1
00-0033869,Mitchell Trubisky,TEN,SF,QB,2026,PRE,1,1.0,30.02,ELITE,0.459,NFL_PASS_TD_V1
00-0033869,Mitchell Trubisky,TEN,SF,QB,2026,PRE,1,1.5,10.13,ELITE,0.459,NFL_PASS_TD_V1
00-0033869,Mitchell Trubisky,TEN,SF,QB,2026,PRE,1,2.0,10.13,ELITE,0.459,NFL_PASS_TD_V1
00-0033869,Mitchell Trubisky,TEN,SF,QB,2026,PRE,1,2.5,3.65,ELITE,0.459,NFL_PASS_TD_V1
00-0033869,Mitchell Trubisky,TEN,SF,QB,2026,PRE,1,3.0,3.65,ELITE,0.459,NFL_PASS_TD_V1
00-0033869,Mitchell Trubisky,TEN,SF,QB,2026,PRE,1,3.5,1.31,ELITE,0.459,NFL_PASS_TD_V1
00-0033869,Mitchell Trubisky,TEN,SF,QB,2026,PRE,1,4.0,1.31,ELITE,0.459,NFL_PASS_TD_V1
00-0033869,Mitchell Trubisky,TEN,SF,QB,2026,PRE,1,4.5,0.48,COIN FLIP,0.459,NFL_PASS_TD_V1
00-0033873,Patrick Mahomes,KC,LAR,QB,2026,PRE,1,0.5,39.26,ELITE,0.706,NFL_PASS_TD_V1
00-0033873,Patrick Mahomes,KC,LAR,QB,2026,PRE,1,1.0,39.26,ELITE,0.706,NFL_PASS_TD_V1
00-0033873,Patrick Mahomes,KC,LAR,QB,2026,PRE,1,1.5,17.12,ELITE,0.706,NFL_PASS_TD_V1
00-0033873,Patrick Mahomes,KC,LAR,QB,2026,PRE,1,2.0,17.12,ELITE,0.706,NFL_PASS_TD_V1
00-0033873,Patrick Mahomes,KC,LAR,QB,2026,PRE,1,2.5,7.75,ELITE,0.706,NFL_PASS_TD_V1
00-0033873,Patrick Mahomes,KC,LAR,QB,2026,PRE,1,3.0,7.75,ELITE,0.706,NFL_PASS_TD_V1
00-0033873,Patrick Mahomes,KC,LAR,QB,2026,PRE,1,3.5,3.59,ELITE,0.706,NFL_PASS_TD_V1
00-0033873,Patrick Mahomes,KC,LAR,QB,2026,PRE,1,4.0,3.59,ELITE,0.706,NFL_PASS_TD_V1
00-0033873,Patrick Mahomes,KC,LAR,QB,2026,PRE,1,4.5,1.7,ELITE,0.706,NFL_PASS_TD_V1
00-0034577,Kyle Allen,BUF,CAR,QB,2026,PRE,1,0.5,38.8,ELITE,0.549,NFL_PASS_TD_V1
00-0034577,Kyle Allen,BUF,CAR,QB,2026,PRE,1,1.0,38.8,ELITE,0.549,NFL_PASS_TD_V1
00-0034577,Kyle Allen,BUF,CAR,QB,2026,PRE,1,1.5,11.86,ELITE,0.549,NFL_PASS_TD_V1
00-0034577,Kyle Allen,BUF,CAR,QB,2026,PRE,1,2.0,11.86,ELITE,0.549,NFL_PASS_TD_V1
00-0034577,Kyle Allen,BUF,CAR,QB,2026,PRE,1,2.5,3.21,ELITE,0.549,NFL_PASS_TD_V1
00-0034577,Kyle Allen,BUF,CAR,QB,2026,PRE,1,3.0,3.21,ELITE,0.549,NFL_PASS_TD_V1
00-0034577,Kyle Allen,BUF,CAR,QB,2026,PRE,1,3.5,0.81,VERY HIGH,0.549,NFL_PASS_TD_V1
00-0034577,Kyle Allen,BUF,CAR,QB,2026,PRE,1,4.0,0.81,VERY HIGH,0.549,NFL_PASS_TD_V1
00-0034577,Kyle Allen,BUF,CAR,QB,2026,PRE,1,4.5,0.2,VERY LOW,0.549,NFL_PASS_TD_V1
00-0034771,Mason Rudolph,PIT,GB,QB,2026,PRE,1,0.5,24.28,ELITE,0.338,NFL_PASS_TD_V1
00-0034771,Mason Rudolph,PIT,GB,QB,2026,PRE,1,1.0,24.28,ELITE,0.338,NFL_PASS_TD_V1
00-0034771,Mason Rudolph,PIT,GB,QB,2026,PRE,1,1.5,6.74,ELITE,0.338,NFL_PASS_TD_V1
00-0034771,Mason Rudolph,PIT,GB,QB,2026,PRE,1,2.0,6.74,ELITE,0.338,NFL_PASS_TD_V1
00-0034771,Mason Rudolph,PIT,GB,QB,2026,PRE,1,2.5,1.97,ELITE,0.338,NFL_PASS_TD_V1
00-0034771,Mason Rudolph,PIT,GB,QB,2026,PRE,1,3.0,1.97,ELITE,0.338,NFL_PASS_TD_V1
00-0034771,Mason Rudolph,PIT,GB,QB,2026,PRE,1,3.5,0.58,LEAN,0.338,NFL_PASS_TD_V1
00-0034771,Mason Rudolph,PIT,GB,QB,2026,PRE,1,4.0,0.58,LEAN,0.338,NFL_PASS_TD_V1
00-0034771,Mason Rudolph,PIT,GB,QB,2026,PRE,1,4.5,0.18,VERY LOW,0.338,NFL_PASS_TD_V1
00-0034796,Lamar Jackson,BAL,PHI,QB,2026,PRE,1,0.5,39.57,ELITE,0.716,NFL_PASS_TD_V1
00-0034796,Lamar Jackson,BAL,PHI,QB,2026,PRE,1,1.0,39.57,ELITE,0.716,NFL_PASS_TD_V1
00-0034796,Lamar Jackson,BAL,PHI,QB,2026,PRE,1,1.5,17.48,ELITE,0.716,NFL_PASS_TD_V1
00-0034796,Lamar Jackson,BAL,PHI,QB,2026,PRE,1,2.0,17.48,ELITE,0.716,NFL_PASS_TD_V1
00-0034796,Lamar Jackson,BAL,PHI,QB,2026,PRE,1,2.5,7.96,ELITE,0.716,NFL_PASS_TD_V1
00-0034796,Lamar Jackson,BAL,PHI,QB,2026,PRE,1,3.0,7.96,ELITE,0.716,NFL_PASS_TD_V1
00-0034796,Lamar Jackson,BAL,PHI,QB,2026,PRE,1,3.5,3.68,ELITE,0.716,NFL_PASS_TD_V1
00-0034796,Lamar Jackson,BAL,PHI,QB,2026,PRE,1,4.0,3.68,ELITE,0.716,NFL_PASS_TD_V1
00-0034796,Lamar Jackson,BAL,PHI,QB,2026,PRE,1,4.5,1.69,ELITE,0.716,NFL_PASS_TD_V1
00-0034855,Baker Mayfield,TB,NYJ,QB,2026,PRE,1,0.5,38.25,ELITE,0.672,NFL_PASS_TD_V1
00-0034855,Baker Mayfield,TB,NYJ,QB,2026,PRE,1,1.0,38.25,ELITE,0.672,NFL_PASS_TD_V1
00-0034855,Baker Mayfield,TB,NYJ,QB,2026,PRE,1,1.5,16.24,ELITE,0.672,NFL_PASS_TD_V1
00-0034855,Baker Mayfield,TB,NYJ,QB,2026,PRE,1,2.0,16.24,ELITE,0.672,NFL_PASS_TD_V1
00-0034855,Baker Mayfield,TB,NYJ,QB,2026,PRE,1,2.5,7.18,ELITE,0.672,NFL_PASS_TD_V1
00-0034855,Baker Mayfield,TB,NYJ,QB,2026,PRE,1,3.0,7.18,ELITE,0.672,NFL_PASS_TD_V1
00-0034855,Baker Mayfield,TB,NYJ,QB,2026,PRE,1,3.5,3.19,ELITE,0.672,NFL_PASS_TD_V1
00-0034855,Baker Mayfield,TB,NYJ,QB,2026,PRE,1,4.0,3.19,ELITE,0.672,NFL_PASS_TD_V1
00-0034855,Baker Mayfield,TB,NYJ,QB,2026,PRE,1,4.5,1.44,ELITE,0.672,NFL_PASS_TD_V1
00-0034857,Josh Allen,BUF,CAR,QB,2026,PRE,1,0.5,38.19,ELITE,0.673,NFL_PASS_TD_V1
00-0034857,Josh Allen,BUF,CAR,QB,2026,PRE,1,1.0,38.19,ELITE,0.673,NFL_PASS_TD_V1
00-0034857,Josh Allen,BUF,CAR,QB,2026,PRE,1,1.5,16.34,ELITE,0.673,NFL_PASS_TD_V1
00-0034857,Josh Allen,BUF,CAR,QB,2026,PRE,1,2.0,16.34,ELITE,0.673,NFL_PASS_TD_V1
00-0034857,Josh Allen,BUF,CAR,QB,2026,PRE,1,2.5,7.16,ELITE,0.673,NFL_PASS_TD_V1
00-0034857,Josh Allen,BUF,CAR,QB,2026,PRE,1,3.0,7.16,ELITE,0.673,NFL_PASS_TD_V1
00-0034857,Josh Allen,BUF,CAR,QB,2026,PRE,1,3.5,3.2,ELITE,0.673,NFL_PASS_TD_V1
00-0034857,Josh Allen,BUF,CAR,QB,2026,PRE,1,4.0,3.2,ELITE,0.673,NFL_PASS_TD_V1
00-0034857,Josh Allen,BUF,CAR,QB,2026,PRE,1,4.5,1.44,ELITE,0.673,NFL_PASS_TD_V1
00-0034869,Sam Darnold,SEA,DAL,QB,2026,PRE,1,0.5,40.46,ELITE,0.747,NFL_PASS_TD_V1
00-0034869,Sam Darnold,SEA,DAL,QB,2026,PRE,1,1.0,40.46,ELITE,0.747,NFL_PASS_TD_V1
00-0034869,Sam Darnold,SEA,DAL,QB,2026,PRE,1,1.5,18.13,ELITE,0.747,NFL_PASS_TD_V1
00-0034869,Sam Darnold,SEA,DAL,QB,2026,PRE,1,2.0,18.13,ELITE,0.747,NFL_PASS_TD_V1
00-0034869,Sam Darnold,SEA,DAL,QB,2026,PRE,1,2.5,8.6,ELITE,0.747,NFL_PASS_TD_V1
00-0034869,Sam Darnold,SEA,DAL,QB,2026,PRE,1,3.0,8.6,ELITE,0.747,NFL_PASS_TD_V1
00-0034869,Sam Darnold,SEA,DAL,QB,2026,PRE,1,3.5,4.11,ELITE,0.747,NFL_PASS_TD_V1
00-0034869,Sam Darnold,SEA,DAL,QB,2026,PRE,1,4.0,4.11,ELITE,0.747,NFL_PASS_TD_V1
00-0034869,Sam Darnold,SEA,DAL,QB,2026,PRE,1,4.5,1.97,ELITE,0.747,NFL_PASS_TD_V1
00-0035100,Jake Browning,TB,NYJ,QB,2026,PRE,1,0.5,33.71,ELITE,0.546,NFL_PASS_TD_V1
00-0035100,Jake Browning,TB,NYJ,QB,2026,PRE,1,1.0,33.71,ELITE,0.546,NFL_PASS_TD_V1
00-0035100,Jake Browning,TB,NYJ,QB,2026,PRE,1,1.5,12.71,ELITE,0.546,NFL_PASS_TD_V1
00-0035100,Jake Browning,TB,NYJ,QB,2026,PRE,1,2.0,12.71,ELITE,0.546,NFL_PASS_TD_V1
00-0035100,Jake Browning,TB,NYJ,QB,2026,PRE,1,2.5,4.93,ELITE,0.546,NFL_PASS_TD_V1
00-0035100,Jake Browning,TB,NYJ,QB,2026,PRE,1,3.0,4.93,ELITE,0.546,NFL_PASS_TD_V1
00-0035100,Jake Browning,TB,NYJ,QB,2026,PRE,1,3.5,2.02,ELITE,0.546,NFL_PASS_TD_V1
00-0035100,Jake Browning,TB,NYJ,QB,2026,PRE,1,4.0,2.02,ELITE,0.546,NFL_PASS_TD_V1
00-0035100,Jake Browning,TB,NYJ,QB,2026,PRE,1,4.5,0.81,VERY HIGH,0.546,NFL_PASS_TD_V1
00-0035228,Kyler Murray,MIN,NYG,QB,2026,PRE,1,0.5,33.1,ELITE,0.527,NFL_PASS_TD_V1
00-0035228,Kyler Murray,MIN,NYG,QB,2026,PRE,1,1.0,33.1,ELITE,0.527,NFL_PASS_TD_V1
00-0035228,Kyler Murray,MIN,NYG,QB,2026,PRE,1,1.5,12.16,ELITE,0.527,NFL_PASS_TD_V1
00-0035228,Kyler Murray,MIN,NYG,QB,2026,PRE,1,2.0,12.16,ELITE,0.527,NFL_PASS_TD_V1
00-0035228,Kyler Murray,MIN,NYG,QB,2026,PRE,1,2.5,4.64,ELITE,0.527,NFL_PASS_TD_V1
00-0035228,Kyler Murray,MIN,NYG,QB,2026,PRE,1,3.0,4.64,ELITE,0.527,NFL_PASS_TD_V1
00-0035228,Kyler Murray,MIN,NYG,QB,2026,PRE,1,3.5,1.75,ELITE,0.527,NFL_PASS_TD_V1
00-0035228,Kyler Murray,MIN,NYG,QB,2026,PRE,1,4.0,1.75,ELITE,0.527,NFL_PASS_TD_V1
00-0035228,Kyler Murray,MIN,NYG,QB,2026,PRE,1,4.5,0.69,SOLID,0.527,NFL_PASS_TD_V1
00-0035251,Will Grier,CAR,BUF,QB,2026,PRE,1,0.5,33.59,ELITE,0.547,NFL_PASS_TD_V1
00-0035251,Will Grier,CAR,BUF,QB,2026,PRE,1,1.0,33.59,ELITE,0.547,NFL_PASS_TD_V1
00-0035251,Will Grier,CAR,BUF,QB,2026,PRE,1,1.5,12.79,ELITE,0.547,NFL_PASS_TD_V1
00-0035251,Will Grier,CAR,BUF,QB,2026,PRE,1,2.0,12.79,ELITE,0.547,NFL_PASS_TD_V1
00-0035251,Will Grier,CAR,BUF,QB,2026,PRE,1,2.5,5.01,ELITE,0.547,NFL_PASS_TD_V1
00-0035251,Will Grier,CAR,BUF,QB,2026,PRE,1,3.0,5.01,ELITE,0.547,NFL_PASS_TD_V1
00-0035251,Will Grier,CAR,BUF,QB,2026,PRE,1,3.5,2.01,ELITE,0.547,NFL_PASS_TD_V1
00-0035251,Will Grier,CAR,BUF,QB,2026,PRE,1,4.0,2.01,ELITE,0.547,NFL_PASS_TD_V1
00-0035251,Will Grier,CAR,BUF,QB,2026,PRE,1,4.5,0.81,VERY HIGH,0.547,NFL_PASS_TD_V1
00-0035264,Jarrett Stidham,DEN,ATL,QB,2026,PRE,1,0.5,52.16,ELITE,0.825,NFL_PASS_TD_V1
00-0035264,Jarrett Stidham,DEN,ATL,QB,2026,PRE,1,1.0,52.16,ELITE,0.825,NFL_PASS_TD_V1
00-0035264,Jarrett Stidham,DEN,ATL,QB,2026,PRE,1,1.5,20.46,ELITE,0.825,NFL_PASS_TD_V1
00-0035264,Jarrett Stidham,DEN,ATL,QB,2026,PRE,1,2.0,20.46,ELITE,0.825,NFL_PASS_TD_V1
00-0035264,Jarrett Stidham,DEN,ATL,QB,2026,PRE,1,2.5,6.9,ELITE,0.825,NFL_PASS_TD_V1
00-0035264,Jarrett Stidham,DEN,ATL,QB,2026,PRE,1,3.0,6.9,ELITE,0.825,NFL_PASS_TD_V1
00-0035264,Jarrett Stidham,DEN,ATL,QB,2026,PRE,1,3.5,2.19,ELITE,0.825,NFL_PASS_TD_V1
00-0035264,Jarrett Stidham,DEN,ATL,QB,2026,PRE,1,4.0,2.19,ELITE,0.825,NFL_PASS_TD_V1
00-0035264,Jarrett Stidham,DEN,ATL,QB,2026,PRE,1,4.5,0.62,SOLID,0.825,NFL_PASS_TD_V1
00-0035282,Easton Stick,IND,NE,QB,2026,PRE,1,0.5,26.75,ELITE,0.384,NFL_PASS_TD_V1
00-0035282,Easton Stick,IND,NE,QB,2026,PRE,1,1.0,26.75,ELITE,0.384,NFL_PASS_TD_V1
00-0035282,Easton Stick,IND,NE,QB,2026,PRE,1,1.5,7.98,ELITE,0.384,NFL_PASS_TD_V1
00-0035282,Easton Stick,IND,NE,QB,2026,PRE,1,2.0,7.98,ELITE,0.384,NFL_PASS_TD_V1
00-0035282,Easton Stick,IND,NE,QB,2026,PRE,1,2.5,2.48,ELITE,0.384,NFL_PASS_TD_V1
00-0035282,Easton Stick,IND,NE,QB,2026,PRE,1,3.0,2.48,ELITE,0.384,NFL_PASS_TD_V1
00-0035282,Easton Stick,IND,NE,QB,2026,PRE,1,3.5,0.77,HIGH,0.384,NFL_PASS_TD_V1
00-0035282,Easton Stick,IND,NE,QB,2026,PRE,1,4.0,0.77,HIGH,0.384,NFL_PASS_TD_V1
00-0035282,Easton Stick,IND,NE,QB,2026,PRE,1,4.5,0.27,LOW,0.384,NFL_PASS_TD_V1
00-0035704,Drew Lock,SEA,DAL,QB,2026,PRE,1,0.5,28.38,ELITE,0.422,NFL_PASS_TD_V1
00-0035704,Drew Lock,SEA,DAL,QB,2026,PRE,1,1.0,28.38,ELITE,0.422,NFL_PASS_TD_V1
00-0035704,Drew Lock,SEA,DAL,QB,2026,PRE,1,1.5,9.17,ELITE,0.422,NFL_PASS_TD_V1
00-0035704,Drew Lock,SEA,DAL,QB,2026,PRE,1,2.0,9.17,ELITE,0.422,NFL_PASS_TD_V1
00-0035704,Drew Lock,SEA,DAL,QB,2026,PRE,1,2.5,3.07,ELITE,0.422,NFL_PASS_TD_V1
00-0035704,Drew Lock,SEA,DAL,QB,2026,PRE,1,3.0,3.07,ELITE,0.422,NFL_PASS_TD_V1
00-0035704,Drew Lock,SEA,DAL,QB,2026,PRE,1,3.5,1.05,ELITE,0.422,NFL_PASS_TD_V1
00-0035704,Drew Lock,SEA,DAL,QB,2026,PRE,1,4.0,1.05,ELITE,0.422,NFL_PASS_TD_V1
00-0035704,Drew Lock,SEA,DAL,QB,2026,PRE,1,4.5,0.36,LOW,0.422,NFL_PASS_TD_V1
00-0035710,Daniel Jones,IND,NE,QB,2026,PRE,1,0.5,33.39,ELITE,0.538,NFL_PASS_TD_V1
00-0035710,Daniel Jones,IND,NE,QB,2026,PRE,1,1.0,33.39,ELITE,0.538,NFL_PASS_TD_V1
00-0035710,Daniel Jones,IND,NE,QB,2026,PRE,1,1.5,12.54,ELITE,0.538,NFL_PASS_TD_V1
00-0035710,Daniel Jones,IND,NE,QB,2026,PRE,1,2.0,12.54,ELITE,0.538,NFL_PASS_TD_V1
00-0035710,Daniel Jones,IND,NE,QB,2026,PRE,1,2.5,4.79,ELITE,0.538,NFL_PASS_TD_V1
00-0035710,Daniel Jones,IND,NE,QB,2026,PRE,1,3.0,4.79,ELITE,0.538,NFL_PASS_TD_V1
00-0035710,Daniel Jones,IND,NE,QB,2026,PRE,1,3.5,1.92,ELITE,0.538,NFL_PASS_TD_V1
00-0035710,Daniel Jones,IND,NE,QB,2026,PRE,1,4.0,1.92,ELITE,0.538,NFL_PASS_TD_V1
00-0035710,Daniel Jones,IND,NE,QB,2026,PRE,1,4.5,0.76,HIGH,0.538,NFL_PASS_TD_V1
00-0035993,Tyler Huntley,BAL,PHI,QB,2026,PRE,1,0.5,20.79,ELITE,0.274,NFL_PASS_TD_V1
00-0035993,Tyler Huntley,BAL,PHI,QB,2026,PRE,1,1.0,20.79,ELITE,0.274,NFL_PASS_TD_V1
00-0035993,Tyler Huntley,BAL,PHI,QB,2026,PRE,1,1.5,4.92,ELITE,0.274,NFL_PASS_TD_V1
00-0035993,Tyler Huntley,BAL,PHI,QB,2026,PRE,1,2.0,4.92,ELITE,0.274,NFL_PASS_TD_V1
00-0035993,Tyler Huntley,BAL,PHI,QB,2026,PRE,1,2.5,1.22,ELITE,0.274,NFL_PASS_TD_V1
00-0035993,Tyler Huntley,BAL,PHI,QB,2026,PRE,1,3.0,1.22,ELITE,0.274,NFL_PASS_TD_V1
00-0035993,Tyler Huntley,BAL,PHI,QB,2026,PRE,1,3.5,0.32,LOW,0.274,NFL_PASS_TD_V1
00-0035993,Tyler Huntley,BAL,PHI,QB,2026,PRE,1,4.0,0.32,LOW,0.274,NFL_PASS_TD_V1
00-0035993,Tyler Huntley,BAL,PHI,QB,2026,PRE,1,4.5,0.08,VERY LOW,0.274,NFL_PASS_TD_V1
00-0036212,Tua Tagovailoa,ATL,DEN,QB,2026,PRE,1,0.5,33.15,ELITE,0.529,NFL_PASS_TD_V1
00-0036212,Tua Tagovailoa,ATL,DEN,QB,2026,PRE,1,1.0,33.15,ELITE,0.529,NFL_PASS_TD_V1
00-0036212,Tua Tagovailoa,ATL,DEN,QB,2026,PRE,1,1.5,12.1,ELITE,0.529,NFL_PASS_TD_V1
00-0036212,Tua Tagovailoa,ATL,DEN,QB,2026,PRE,1,2.0,12.1,ELITE,0.529,NFL_PASS_TD_V1
00-0036212,Tua Tagovailoa,ATL,DEN,QB,2026,PRE,1,2.5,4.67,ELITE,0.529,NFL_PASS_TD_V1
00-0036212,Tua Tagovailoa,ATL,DEN,QB,2026,PRE,1,3.0,4.67,ELITE,0.529,NFL_PASS_TD_V1
00-0036212,Tua Tagovailoa,ATL,DEN,QB,2026,PRE,1,3.5,1.86,ELITE,0.529,NFL_PASS_TD_V1
00-0036212,Tua Tagovailoa,ATL,DEN,QB,2026,PRE,1,4.0,1.86,ELITE,0.529,NFL_PASS_TD_V1
00-0036212,Tua Tagovailoa,ATL,DEN,QB,2026,PRE,1,4.5,0.75,HIGH,0.529,NFL_PASS_TD_V1
00-0036264,Jordan Love,GB,PIT,QB,2026,PRE,1,0.5,42.97,ELITE,0.831,NFL_PASS_TD_V1
00-0036264,Jordan Love,GB,PIT,QB,2026,PRE,1,1.0,42.97,ELITE,0.831,NFL_PASS_TD_V1
00-0036264,Jordan Love,GB,PIT,QB,2026,PRE,1,1.5,20.45,ELITE,0.831,NFL_PASS_TD_V1
00-0036264,Jordan Love,GB,PIT,QB,2026,PRE,1,2.0,20.45,ELITE,0.831,NFL_PASS_TD_V1
00-0036264,Jordan Love,GB,PIT,QB,2026,PRE,1,2.5,10.14,ELITE,0.831,NFL_PASS_TD_V1
00-0036264,Jordan Love,GB,PIT,QB,2026,PRE,1,3.0,10.14,ELITE,0.831,NFL_PASS_TD_V1
00-0036264,Jordan Love,GB,PIT,QB,2026,PRE,1,3.5,5.04,ELITE,0.831,NFL_PASS_TD_V1
00-0036264,Jordan Love,GB,PIT,QB,2026,PRE,1,4.0,5.04,ELITE,0.831,NFL_PASS_TD_V1
00-0036264,Jordan Love,GB,PIT,QB,2026,PRE,1,4.5,2.54,ELITE,0.831,NFL_PASS_TD_V1
00-0036355,Justin Herbert,LAC,HOU,QB,2026,PRE,1,0.5,39.79,ELITE,0.643,NFL_PASS_TD_V1
00-0036355,Justin Herbert,LAC,HOU,QB,2026,PRE,1,1.0,39.79,ELITE,0.643,NFL_PASS_TD_V1
00-0036355,Justin Herbert,LAC,HOU,QB,2026,PRE,1,1.5,15.33,ELITE,0.643,NFL_PASS_TD_V1
00-0036355,Justin Herbert,LAC,HOU,QB,2026,PRE,1,2.0,15.33,ELITE,0.643,NFL_PASS_TD_V1
00-0036355,Justin Herbert,LAC,HOU,QB,2026,PRE,1,2.5,5.81,ELITE,0.643,NFL_PASS_TD_V1
00-0036355,Justin Herbert,LAC,HOU,QB,2026,PRE,1,3.0,5.81,ELITE,0.643,NFL_PASS_TD_V1
00-0036355,Justin Herbert,LAC,HOU,QB,2026,PRE,1,3.5,2.15,ELITE,0.643,NFL_PASS_TD_V1
00-0036355,Justin Herbert,LAC,HOU,QB,2026,PRE,1,4.0,2.15,ELITE,0.643,NFL_PASS_TD_V1
00-0036355,Justin Herbert,LAC,HOU,QB,2026,PRE,1,4.5,0.8,VERY HIGH,0.643,NFL_PASS_TD_V1
00-0036389,Jalen Hurts,PHI,BAL,QB,2026,PRE,1,0.5,36.85,ELITE,0.634,NFL_PASS_TD_V1
00-0036389,Jalen Hurts,PHI,BAL,QB,2026,PRE,1,1.0,36.85,ELITE,0.634,NFL_PASS_TD_V1
00-0036389,Jalen Hurts,PHI,BAL,QB,2026,PRE,1,1.5,15.21,ELITE,0.634,NFL_PASS_TD_V1
00-0036389,Jalen Hurts,PHI,BAL,QB,2026,PRE,1,2.0,15.21,ELITE,0.634,NFL_PASS_TD_V1
00-0036389,Jalen Hurts,PHI,BAL,QB,2026,PRE,1,2.5,6.58,ELITE,0.634,NFL_PASS_TD_V1
00-0036389,Jalen Hurts,PHI,BAL,QB,2026,PRE,1,3.0,6.58,ELITE,0.634,NFL_PASS_TD_V1
00-0036389,Jalen Hurts,PHI,BAL,QB,2026,PRE,1,3.5,2.82,ELITE,0.634,NFL_PASS_TD_V1
00-0036389,Jalen Hurts,PHI,BAL,QB,2026,PRE,1,4.0,2.82,ELITE,0.634,NFL_PASS_TD_V1
00-0036389,Jalen Hurts,PHI,BAL,QB,2026,PRE,1,4.5,1.24,ELITE,0.634,NFL_PASS_TD_V1
00-0036442,Joe Burrow,CIN,DET,QB,2026,PRE,1,0.5,55.34,ELITE,1.205,NFL_PASS_TD_V1
00-0036442,Joe Burrow,CIN,DET,QB,2026,PRE,1,1.0,55.34,ELITE,1.205,NFL_PASS_TD_V1
00-0036442,Joe Burrow,CIN,DET,QB,2026,PRE,1,1.5,30.29,ELITE,1.205,NFL_PASS_TD_V1
00-0036442,Joe Burrow,CIN,DET,QB,2026,PRE,1,2.0,30.29,ELITE,1.205,NFL_PASS_TD_V1
00-0036442,Joe Burrow,CIN,DET,QB,2026,PRE,1,2.5,16.61,ELITE,1.205,NFL_PASS_TD_V1
00-0036442,Joe Burrow,CIN,DET,QB,2026,PRE,1,3.0,16.61,ELITE,1.205,NFL_PASS_TD_V1
00-0036442,Joe Burrow,CIN,DET,QB,2026,PRE,1,3.5,9.03,ELITE,1.205,NFL_PASS_TD_V1
00-0036442,Joe Burrow,CIN,DET,QB,2026,PRE,1,4.0,9.03,ELITE,1.205,NFL_PASS_TD_V1
00-0036442,Joe Burrow,CIN,DET,QB,2026,PRE,1,4.5,4.98,ELITE,1.205,NFL_PASS_TD_V1
00-0036679,Shane Buechele,BUF,CAR,QB,2026,PRE,1,0.5,35.63,ELITE,0.598,NFL_PASS_TD_V1
00-0036679,Shane Buechele,BUF,CAR,QB,2026,PRE,1,1.0,35.63,ELITE,0.598,NFL_PASS_TD_V1
00-0036679,Shane Buechele,BUF,CAR,QB,2026,PRE,1,1.5,14.2,ELITE,0.598,NFL_PASS_TD_V1
00-0036679,Shane Buechele,BUF,CAR,QB,2026,PRE,1,2.0,14.2,ELITE,0.598,NFL_PASS_TD_V1
00-0036679,Shane Buechele,BUF,CAR,QB,2026,PRE,1,2.5,5.79,ELITE,0.598,NFL_PASS_TD_V1
00-0036679,Shane Buechele,BUF,CAR,QB,2026,PRE,1,3.0,5.79,ELITE,0.598,NFL_PASS_TD_V1
00-0036679,Shane Buechele,BUF,CAR,QB,2026,PRE,1,3.5,2.49,ELITE,0.598,NFL_PASS_TD_V1
00-0036679,Shane Buechele,BUF,CAR,QB,2026,PRE,1,4.0,2.49,ELITE,0.598,NFL_PASS_TD_V1
00-0036679,Shane Buechele,BUF,CAR,QB,2026,PRE,1,4.5,1.06,ELITE,0.598,NFL_PASS_TD_V1
00-0036879,Sam Ehlinger,DEN,ATL,QB,2026,PRE,1,0.5,44.23,ELITE,0.787,NFL_PASS_TD_V1
00-0036879,Sam Ehlinger,DEN,ATL,QB,2026,PRE,1,1.0,44.23,ELITE,0.787,NFL_PASS_TD_V1
00-0036879,Sam Ehlinger,DEN,ATL,QB,2026,PRE,1,1.5,19.43,ELITE,0.787,NFL_PASS_TD_V1
00-0036879,Sam Ehlinger,DEN,ATL,QB,2026,PRE,1,2.0,19.43,ELITE,0.787,NFL_PASS_TD_V1
00-0036879,Sam Ehlinger,DEN,ATL,QB,2026,PRE,1,2.5,8.57,ELITE,0.787,NFL_PASS_TD_V1
00-0036879,Sam Ehlinger,DEN,ATL,QB,2026,PRE,1,3.0,8.57,ELITE,0.787,NFL_PASS_TD_V1
00-0036879,Sam Ehlinger,DEN,ATL,QB,2026,PRE,1,3.5,3.77,ELITE,0.787,NFL_PASS_TD_V1
00-0036879,Sam Ehlinger,DEN,ATL,QB,2026,PRE,1,4.0,3.77,ELITE,0.787,NFL_PASS_TD_V1
00-0036879,Sam Ehlinger,DEN,ATL,QB,2026,PRE,1,4.5,1.64,ELITE,0.787,NFL_PASS_TD_V1
00-0036898,Davis Mills,HOU,LAC,QB,2026,PRE,1,0.5,21.06,ELITE,0.279,NFL_PASS_TD_V1
00-0036898,Davis Mills,HOU,LAC,QB,2026,PRE,1,1.0,21.06,ELITE,0.279,NFL_PASS_TD_V1
00-0036898,Davis Mills,HOU,LAC,QB,2026,PRE,1,1.5,5.11,ELITE,0.279,NFL_PASS_TD_V1
00-0036898,Davis Mills,HOU,LAC,QB,2026,PRE,1,2.0,5.11,ELITE,0.279,NFL_PASS_TD_V1
00-0036898,Davis Mills,HOU,LAC,QB,2026,PRE,1,2.5,1.27,ELITE,0.279,NFL_PASS_TD_V1
00-0036898,Davis Mills,HOU,LAC,QB,2026,PRE,1,3.0,1.27,ELITE,0.279,NFL_PASS_TD_V1
00-0036898,Davis Mills,HOU,LAC,QB,2026,PRE,1,3.5,0.32,LOW,0.279,NFL_PASS_TD_V1
00-0036898,Davis Mills,HOU,LAC,QB,2026,PRE,1,4.0,0.32,LOW,0.279,NFL_PASS_TD_V1
00-0036898,Davis Mills,HOU,LAC,QB,2026,PRE,1,4.5,0.09,VERY LOW,0.279,NFL_PASS_TD_V1
00-0036945,Justin Fields,KC,LAR,QB,2026,PRE,1,0.5,25.34,ELITE,0.357,NFL_PASS_TD_V1
00-0036945,Justin Fields,KC,LAR,QB,2026,PRE,1,1.0,25.34,ELITE,0.357,NFL_PASS_TD_V1
00-0036945,Justin Fields,KC,LAR,QB,2026,PRE,1,1.5,7.32,ELITE,0.357,NFL_PASS_TD_V1
00-0036945,Justin Fields,KC,LAR,QB,2026,PRE,1,2.0,7.32,ELITE,0.357,NFL_PASS_TD_V1
00-0036945,Justin Fields,KC,LAR,QB,2026,PRE,1,2.5,2.1,ELITE,0.357,NFL_PASS_TD_V1
00-0036945,Justin Fields,KC,LAR,QB,2026,PRE,1,3.0,2.1,ELITE,0.357,NFL_PASS_TD_V1
00-0036945,Justin Fields,KC,LAR,QB,2026,PRE,1,3.5,0.63,SOLID,0.357,NFL_PASS_TD_V1
00-0036945,Justin Fields,KC,LAR,QB,2026,PRE,1,4.0,0.63,SOLID,0.357,NFL_PASS_TD_V1
00-0036945,Justin Fields,KC,LAR,QB,2026,PRE,1,4.5,0.2,VERY LOW,0.357,NFL_PASS_TD_V1
00-0036971,Trevor Lawrence,JAX,NO,QB,2026,PRE,1,0.5,42.6,ELITE,0.822,NFL_PASS_TD_V1
00-0036971,Trevor Lawrence,JAX,NO,QB,2026,PRE,1,1.0,42.6,ELITE,0.822,NFL_PASS_TD_V1
00-0036971,Trevor Lawrence,JAX,NO,QB,2026,PRE,1,1.5,20.26,ELITE,0.822,NFL_PASS_TD_V1
00-0036971,Trevor Lawrence,JAX,NO,QB,2026,PRE,1,2.0,20.26,ELITE,0.822,NFL_PASS_TD_V1
00-0036971,Trevor Lawrence,JAX,NO,QB,2026,PRE,1,2.5,10.0,ELITE,0.822,NFL_PASS_TD_V1
00-0036971,Trevor Lawrence,JAX,NO,QB,2026,PRE,1,3.0,10.0,ELITE,0.822,NFL_PASS_TD_V1
00-0036971,Trevor Lawrence,JAX,NO,QB,2026,PRE,1,3.5,4.93,ELITE,0.822,NFL_PASS_TD_V1
00-0036971,Trevor Lawrence,JAX,NO,QB,2026,PRE,1,4.0,4.93,ELITE,0.822,NFL_PASS_TD_V1
00-0036971,Trevor Lawrence,JAX,NO,QB,2026,PRE,1,4.5,2.54,ELITE,0.822,NFL_PASS_TD_V1
00-0036972,Mac Jones,SF,TEN,QB,2026,PRE,1,0.5,37.97,ELITE,0.661,NFL_PASS_TD_V1
00-0036972,Mac Jones,SF,TEN,QB,2026,PRE,1,1.0,37.97,ELITE,0.661,NFL_PASS_TD_V1
00-0036972,Mac Jones,SF,TEN,QB,2026,PRE,1,1.5,15.84,ELITE,0.661,NFL_PASS_TD_V1
00-0036972,Mac Jones,SF,TEN,QB,2026,PRE,1,2.0,15.84,ELITE,0.661,NFL_PASS_TD_V1
00-0036972,Mac Jones,SF,TEN,QB,2026,PRE,1,2.5,6.85,ELITE,0.661,NFL_PASS_TD_V1
00-0036972,Mac Jones,SF,TEN,QB,2026,PRE,1,3.0,6.85,ELITE,0.661,NFL_PASS_TD_V1
00-0036972,Mac Jones,SF,TEN,QB,2026,PRE,1,3.5,3.16,ELITE,0.661,NFL_PASS_TD_V1
00-0036972,Mac Jones,SF,TEN,QB,2026,PRE,1,4.0,3.16,ELITE,0.661,NFL_PASS_TD_V1
00-0036972,Mac Jones,SF,TEN,QB,2026,PRE,1,4.5,1.39,ELITE,0.661,NFL_PASS_TD_V1
00-0037012,Trey Lance,LAC,HOU,QB,2026,PRE,1,0.5,17.13,ELITE,0.214,NFL_PASS_TD_V1
00-0037012,Trey Lance,LAC,HOU,QB,2026,PRE,1,1.0,17.13,ELITE,0.214,NFL_PASS_TD_V1
00-0037012,Trey Lance,LAC,HOU,QB,2026,PRE,1,1.5,3.38,ELITE,0.214,NFL_PASS_TD_V1
00-0037012,Trey Lance,LAC,HOU,QB,2026,PRE,1,2.0,3.38,ELITE,0.214,NFL_PASS_TD_V1
00-0037012,Trey Lance,LAC,HOU,QB,2026,PRE,1,2.5,0.67,SOLID,0.214,NFL_PASS_TD_V1
00-0037012,Trey Lance,LAC,HOU,QB,2026,PRE,1,3.0,0.67,SOLID,0.214,NFL_PASS_TD_V1
00-0037012,Trey Lance,LAC,HOU,QB,2026,PRE,1,3.5,0.15,VERY LOW,0.214,NFL_PASS_TD_V1
00-0037012,Trey Lance,LAC,HOU,QB,2026,PRE,1,4.0,0.15,VERY LOW,0.214,NFL_PASS_TD_V1
00-0037012,Trey Lance,LAC,HOU,QB,2026,PRE,1,4.5,0.03,VERY LOW,0.214,NFL_PASS_TD_V1
00-0037013,Zach Wilson,NO,JAX,QB,2026,PRE,1,0.5,13.09,ELITE,0.154,NFL_PASS_TD_V1
00-0037013,Zach Wilson,NO,JAX,QB,2026,PRE,1,1.0,13.09,ELITE,0.154,NFL_PASS_TD_V1
00-0037013,Zach Wilson,NO,JAX,QB,2026,PRE,1,1.5,1.97,ELITE,0.154,NFL_PASS_TD_V1
00-0037013,Zach Wilson,NO,JAX,QB,2026,PRE,1,2.0,1.97,ELITE,0.154,NFL_PASS_TD_V1
00-0037013,Zach Wilson,NO,JAX,QB,2026,PRE,1,2.5,0.32,LOW,0.154,NFL_PASS_TD_V1
00-0037013,Zach Wilson,NO,JAX,QB,2026,PRE,1,3.0,0.32,LOW,0.154,NFL_PASS_TD_V1
00-0037013,Zach Wilson,NO,JAX,QB,2026,PRE,1,3.5,0.05,VERY LOW,0.154,NFL_PASS_TD_V1
00-0037013,Zach Wilson,NO,JAX,QB,2026,PRE,1,4.0,0.05,VERY LOW,0.154,NFL_PASS_TD_V1
00-0037013,Zach Wilson,NO,JAX,QB,2026,PRE,1,4.5,0.01,VERY LOW,0.154,NFL_PASS_TD_V1
00-0037077,Sam Howell,DAL,SEA,QB,2026,PRE,1,0.5,21.4,ELITE,0.284,NFL_PASS_TD_V1
00-0037077,Sam Howell,DAL,SEA,QB,2026,PRE,1,1.0,21.4,ELITE,0.284,NFL_PASS_TD_V1
00-0037077,Sam Howell,DAL,SEA,QB,2026,PRE,1,1.5,5.23,ELITE,0.284,NFL_PASS_TD_V1
00-0037077,Sam Howell,DAL,SEA,QB,2026,PRE,1,2.0,5.23,ELITE,0.284,NFL_PASS_TD_V1
00-0037077,Sam Howell,DAL,SEA,QB,2026,PRE,1,2.5,1.32,ELITE,0.284,NFL_PASS_TD_V1
00-0037077,Sam Howell,DAL,SEA,QB,2026,PRE,1,3.0,1.32,ELITE,0.284,NFL_PASS_TD_V1
00-0037077,Sam Howell,DAL,SEA,QB,2026,PRE,1,3.5,0.34,LOW,0.284,NFL_PASS_TD_V1
00-0037077,Sam Howell,DAL,SEA,QB,2026,PRE,1,4.0,0.34,LOW,0.284,NFL_PASS_TD_V1
00-0037077,Sam Howell,DAL,SEA,QB,2026,PRE,1,4.5,0.08,VERY LOW,0.284,NFL_PASS_TD_V1
00-0037324,Chris Oladokun,KC,LAR,QB,2026,PRE,1,0.5,39.02,ELITE,0.554,NFL_PASS_TD_V1
00-0037324,Chris Oladokun,KC,LAR,QB,2026,PRE,1,1.0,39.02,ELITE,0.554,NFL_PASS_TD_V1
00-0037324,Chris Oladokun,KC,LAR,QB,2026,PRE,1,1.5,11.89,ELITE,0.554,NFL_PASS_TD_V1
00-0037324,Chris Oladokun,KC,LAR,QB,2026,PRE,1,2.0,11.89,ELITE,0.554,NFL_PASS_TD_V1
00-0037324,Chris Oladokun,KC,LAR,QB,2026,PRE,1,2.5,3.35,ELITE,0.554,NFL_PASS_TD_V1
00-0037324,Chris Oladokun,KC,LAR,QB,2026,PRE,1,3.0,3.35,ELITE,0.554,NFL_PASS_TD_V1
00-0037324,Chris Oladokun,KC,LAR,QB,2026,PRE,1,3.5,0.88,VERY HIGH,0.554,NFL_PASS_TD_V1
00-0037324,Chris Oladokun,KC,LAR,QB,2026,PRE,1,4.0,0.88,VERY HIGH,0.554,NFL_PASS_TD_V1
00-0037324,Chris Oladokun,KC,LAR,QB,2026,PRE,1,4.5,0.21,VERY LOW,0.554,NFL_PASS_TD_V1
00-0037327,Skylar Thompson,BAL,PHI,QB,2026,PRE,1,0.5,43.92,ELITE,0.647,NFL_PASS_TD_V1
00-0037327,Skylar Thompson,BAL,PHI,QB,2026,PRE,1,1.0,43.92,ELITE,0.647,NFL_PASS_TD_V1
00-0037327,Skylar Thompson,BAL,PHI,QB,2026,PRE,1,1.5,14.77,ELITE,0.647,NFL_PASS_TD_V1
00-0037327,Skylar Thompson,BAL,PHI,QB,2026,PRE,1,2.0,14.77,ELITE,0.647,NFL_PASS_TD_V1
00-0037327,Skylar Thompson,BAL,PHI,QB,2026,PRE,1,2.5,4.4,ELITE,0.647,NFL_PASS_TD_V1
00-0037327,Skylar Thompson,BAL,PHI,QB,2026,PRE,1,3.0,4.4,ELITE,0.647,NFL_PASS_TD_V1
00-0037327,Skylar Thompson,BAL,PHI,QB,2026,PRE,1,3.5,1.2,ELITE,0.647,NFL_PASS_TD_V1
00-0037327,Skylar Thompson,BAL,PHI,QB,2026,PRE,1,4.0,1.2,ELITE,0.647,NFL_PASS_TD_V1
00-0037327,Skylar Thompson,BAL,PHI,QB,2026,PRE,1,4.5,0.32,LOW,0.647,NFL_PASS_TD_V1
00-0037834,Brock Purdy,SF,TEN,QB,2026,PRE,1,0.5,47.56,ELITE,0.997,NFL_PASS_TD_V1
00-0037834,Brock Purdy,SF,TEN,QB,2026,PRE,1,1.0,47.56,ELITE,0.997,NFL_PASS_TD_V1
00-0037834,Brock Purdy,SF,TEN,QB,2026,PRE,1,1.5,24.64,ELITE,0.997,NFL_PASS_TD_V1
00-0037834,Brock Purdy,SF,TEN,QB,2026,PRE,1,2.0,24.64,ELITE,0.997,NFL_PASS_TD_V1
00-0037834,Brock Purdy,SF,TEN,QB,2026,PRE,1,2.5,13.22,ELITE,0.997,NFL_PASS_TD_V1
00-0037834,Brock Purdy,SF,TEN,QB,2026,PRE,1,3.0,13.22,ELITE,0.997,NFL_PASS_TD_V1
00-0037834,Brock Purdy,SF,TEN,QB,2026,PRE,1,3.5,7.11,ELITE,0.997,NFL_PASS_TD_V1
00-0037834,Brock Purdy,SF,TEN,QB,2026,PRE,1,4.0,7.11,ELITE,0.997,NFL_PASS_TD_V1
00-0037834,Brock Purdy,SF,TEN,QB,2026,PRE,1,4.5,3.88,ELITE,0.997,NFL_PASS_TD_V1
00-0038102,Kenny Pickett,CAR,BUF,QB,2026,PRE,1,0.5,10.19,ELITE,0.116,NFL_PASS_TD_V1
00-0038102,Kenny Pickett,CAR,BUF,QB,2026,PRE,1,1.0,10.19,ELITE,0.116,NFL_PASS_TD_V1
00-0038102,Kenny Pickett,CAR,BUF,QB,2026,PRE,1,1.5,1.19,ELITE,0.116,NFL_PASS_TD_V1
00-0038102,Kenny Pickett,CAR,BUF,QB,2026,PRE,1,2.0,1.19,ELITE,0.116,NFL_PASS_TD_V1
00-0038102,Kenny Pickett,CAR,BUF,QB,2026,PRE,1,2.5,0.15,VERY LOW,0.116,NFL_PASS_TD_V1
00-0038102,Kenny Pickett,CAR,BUF,QB,2026,PRE,1,3.0,0.15,VERY LOW,0.116,NFL_PASS_TD_V1
00-0038102,Kenny Pickett,CAR,BUF,QB,2026,PRE,1,3.5,0.02,VERY LOW,0.116,NFL_PASS_TD_V1
00-0038102,Kenny Pickett,CAR,BUF,QB,2026,PRE,1,4.0,0.02,VERY LOW,0.116,NFL_PASS_TD_V1
00-0038102,Kenny Pickett,CAR,BUF,QB,2026,PRE,1,4.5,0.0,VERY LOW,0.116,NFL_PASS_TD_V1
00-0038108,Bailey Zappe,NYJ,TB,QB,2026,PRE,1,0.5,28.66,ELITE,0.426,NFL_PASS_TD_V1
00-0038108,Bailey Zappe,NYJ,TB,QB,2026,PRE,1,1.0,28.66,ELITE,0.426,NFL_PASS_TD_V1
00-0038108,Bailey Zappe,NYJ,TB,QB,2026,PRE,1,1.5,9.3,ELITE,0.426,NFL_PASS_TD_V1
00-0038108,Bailey Zappe,NYJ,TB,QB,2026,PRE,1,2.0,9.3,ELITE,0.426,NFL_PASS_TD_V1
00-0038108,Bailey Zappe,NYJ,TB,QB,2026,PRE,1,2.5,3.09,ELITE,0.426,NFL_PASS_TD_V1
00-0038108,Bailey Zappe,NYJ,TB,QB,2026,PRE,1,3.0,3.09,ELITE,0.426,NFL_PASS_TD_V1
00-0038108,Bailey Zappe,NYJ,TB,QB,2026,PRE,1,3.5,1.03,ELITE,0.426,NFL_PASS_TD_V1
00-0038108,Bailey Zappe,NYJ,TB,QB,2026,PRE,1,4.0,1.03,ELITE,0.426,NFL_PASS_TD_V1
00-0038108,Bailey Zappe,NYJ,TB,QB,2026,PRE,1,4.5,0.35,LOW,0.426,NFL_PASS_TD_V1
00-0038128,Malik Willis,MIA,WAS,QB,2026,PRE,1,0.5,25.41,ELITE,0.36,NFL_PASS_TD_V1
00-0038128,Malik Willis,MIA,WAS,QB,2026,PRE,1,1.0,25.41,ELITE,0.36,NFL_PASS_TD_V1
00-0038128,Malik Willis,MIA,WAS,QB,2026,PRE,1,1.5,7.38,ELITE,0.36,NFL_PASS_TD_V1
00-0038128,Malik Willis,MIA,WAS,QB,2026,PRE,1,2.0,7.38,ELITE,0.36,NFL_PASS_TD_V1
00-0038128,Malik Willis,MIA,WAS,QB,2026,PRE,1,2.5,2.23,ELITE,0.36,NFL_PASS_TD_V1
00-0038128,Malik Willis,MIA,WAS,QB,2026,PRE,1,3.0,2.23,ELITE,0.36,NFL_PASS_TD_V1
00-0038128,Malik Willis,MIA,WAS,QB,2026,PRE,1,3.5,0.69,SOLID,0.36,NFL_PASS_TD_V1
00-0038128,Malik Willis,MIA,WAS,QB,2026,PRE,1,4.0,0.69,SOLID,0.36,NFL_PASS_TD_V1
00-0038128,Malik Willis,MIA,WAS,QB,2026,PRE,1,4.5,0.23,VERY LOW,0.36,NFL_PASS_TD_V1
00-0038391,Sean Clifford,CIN,DET,QB,2026,PRE,1,0.5,56.16,ELITE,0.989,NFL_PASS_TD_V1
00-0038391,Sean Clifford,CIN,DET,QB,2026,PRE,1,1.0,56.16,ELITE,0.989,NFL_PASS_TD_V1
00-0038391,Sean Clifford,CIN,DET,QB,2026,PRE,1,1.5,25.72,ELITE,0.989,NFL_PASS_TD_V1
00-0038391,Sean Clifford,CIN,DET,QB,2026,PRE,1,2.0,25.72,ELITE,0.989,NFL_PASS_TD_V1
00-0038391,Sean Clifford,CIN,DET,QB,2026,PRE,1,2.5,10.67,ELITE,0.989,NFL_PASS_TD_V1
00-0038391,Sean Clifford,CIN,DET,QB,2026,PRE,1,3.0,10.67,ELITE,0.989,NFL_PASS_TD_V1
00-0038391,Sean Clifford,CIN,DET,QB,2026,PRE,1,3.5,4.1,ELITE,0.989,NFL_PASS_TD_V1
00-0038391,Sean Clifford,CIN,DET,QB,2026,PRE,1,4.0,4.1,ELITE,0.989,NFL_PASS_TD_V1
00-0038391,Sean Clifford,CIN,DET,QB,2026,PRE,1,4.5,1.54,ELITE,0.989,NFL_PASS_TD_V1
00-0038400,Tanner McKee,PHI,BAL,QB,2026,PRE,1,0.5,31.99,ELITE,0.505,NFL_PASS_TD_V1
00-0038400,Tanner McKee,PHI,BAL,QB,2026,PRE,1,1.0,31.99,ELITE,0.505,NFL_PASS_TD_V1
00-0038400,Tanner McKee,PHI,BAL,QB,2026,PRE,1,1.5,11.49,ELITE,0.505,NFL_PASS_TD_V1
00-0038400,Tanner McKee,PHI,BAL,QB,2026,PRE,1,2.0,11.49,ELITE,0.505,NFL_PASS_TD_V1
00-0038400,Tanner McKee,PHI,BAL,QB,2026,PRE,1,2.5,4.36,ELITE,0.505,NFL_PASS_TD_V1
00-0038400,Tanner McKee,PHI,BAL,QB,2026,PRE,1,3.0,4.36,ELITE,0.505,NFL_PASS_TD_V1
00-0038400,Tanner McKee,PHI,BAL,QB,2026,PRE,1,3.5,1.7,ELITE,0.505,NFL_PASS_TD_V1
00-0038400,Tanner McKee,PHI,BAL,QB,2026,PRE,1,4.0,1.7,ELITE,0.505,NFL_PASS_TD_V1
00-0038400,Tanner McKee,PHI,BAL,QB,2026,PRE,1,4.5,0.64,SOLID,0.505,NFL_PASS_TD_V1
00-0038416,Tyson Bagent,CHI,CLE,QB,2026,PRE,1,0.5,15.56,ELITE,0.189,NFL_PASS_TD_V1
00-0038416,Tyson Bagent,CHI,CLE,QB,2026,PRE,1,1.0,15.56,ELITE,0.189,NFL_PASS_TD_V1
00-0038416,Tyson Bagent,CHI,CLE,QB,2026,PRE,1,1.5,2.74,ELITE,0.189,NFL_PASS_TD_V1
00-0038416,Tyson Bagent,CHI,CLE,QB,2026,PRE,1,2.0,2.74,ELITE,0.189,NFL_PASS_TD_V1
00-0038416,Tyson Bagent,CHI,CLE,QB,2026,PRE,1,2.5,0.48,COIN FLIP,0.189,NFL_PASS_TD_V1
00-0038416,Tyson Bagent,CHI,CLE,QB,2026,PRE,1,3.0,0.48,COIN FLIP,0.189,NFL_PASS_TD_V1
00-0038416,Tyson Bagent,CHI,CLE,QB,2026,PRE,1,3.5,0.08,VERY LOW,0.189,NFL_PASS_TD_V1
00-0038416,Tyson Bagent,CHI,CLE,QB,2026,PRE,1,4.0,0.08,VERY LOW,0.189,NFL_PASS_TD_V1
00-0038416,Tyson Bagent,CHI,CLE,QB,2026,PRE,1,4.5,0.02,VERY LOW,0.189,NFL_PASS_TD_V1
00-0038476,Tommy DeVito,NE,IND,QB,2026,PRE,1,0.5,15.98,ELITE,0.195,NFL_PASS_TD_V1
00-0038476,Tommy DeVito,NE,IND,QB,2026,PRE,1,1.0,15.98,ELITE,0.195,NFL_PASS_TD_V1
00-0038476,Tommy DeVito,NE,IND,QB,2026,PRE,1,1.5,2.93,ELITE,0.195,NFL_PASS_TD_V1
00-0038476,Tommy DeVito,NE,IND,QB,2026,PRE,1,2.0,2.93,ELITE,0.195,NFL_PASS_TD_V1
00-0038476,Tommy DeVito,NE,IND,QB,2026,PRE,1,2.5,0.52,LEAN,0.195,NFL_PASS_TD_V1
00-0038476,Tommy DeVito,NE,IND,QB,2026,PRE,1,3.0,0.52,LEAN,0.195,NFL_PASS_TD_V1
00-0038476,Tommy DeVito,NE,IND,QB,2026,PRE,1,3.5,0.1,VERY LOW,0.195,NFL_PASS_TD_V1
00-0038476,Tommy DeVito,NE,IND,QB,2026,PRE,1,4.0,0.1,VERY LOW,0.195,NFL_PASS_TD_V1
00-0038476,Tommy DeVito,NE,IND,QB,2026,PRE,1,4.5,0.01,VERY LOW,0.195,NFL_PASS_TD_V1
00-0038550,Hendon Hooker,TEN,SF,QB,2026,PRE,1,0.5,24.43,ELITE,0.338,NFL_PASS_TD_V1
00-0038550,Hendon Hooker,TEN,SF,QB,2026,PRE,1,1.0,24.43,ELITE,0.338,NFL_PASS_TD_V1
00-0038550,Hendon Hooker,TEN,SF,QB,2026,PRE,1,1.5,6.71,ELITE,0.338,NFL_PASS_TD_V1
00-0038550,Hendon Hooker,TEN,SF,QB,2026,PRE,1,2.0,6.71,ELITE,0.338,NFL_PASS_TD_V1
00-0038550,Hendon Hooker,TEN,SF,QB,2026,PRE,1,2.5,1.89,ELITE,0.338,NFL_PASS_TD_V1
00-0038550,Hendon Hooker,TEN,SF,QB,2026,PRE,1,3.0,1.89,ELITE,0.338,NFL_PASS_TD_V1
00-0038550,Hendon Hooker,TEN,SF,QB,2026,PRE,1,3.5,0.59,LEAN,0.338,NFL_PASS_TD_V1
00-0038550,Hendon Hooker,TEN,SF,QB,2026,PRE,1,4.0,0.59,LEAN,0.338,NFL_PASS_TD_V1
00-0038550,Hendon Hooker,TEN,SF,QB,2026,PRE,1,4.5,0.18,VERY LOW,0.338,NFL_PASS_TD_V1
00-0038579,Aidan O'Connell,LV,ARI,QB,2026,PRE,1,0.5,26.49,ELITE,0.378,NFL_PASS_TD_V1
00-0038579,Aidan O'Connell,LV,ARI,QB,2026,PRE,1,1.0,26.49,ELITE,0.378,NFL_PASS_TD_V1
00-0038579,Aidan O'Connell,LV,ARI,QB,2026,PRE,1,1.5,7.82,ELITE,0.378,NFL_PASS_TD_V1
00-0038579,Aidan O'Connell,LV,ARI,QB,2026,PRE,1,2.0,7.82,ELITE,0.378,NFL_PASS_TD_V1
00-0038579,Aidan O'Connell,LV,ARI,QB,2026,PRE,1,2.5,2.41,ELITE,0.378,NFL_PASS_TD_V1
00-0038579,Aidan O'Connell,LV,ARI,QB,2026,PRE,1,3.0,2.41,ELITE,0.378,NFL_PASS_TD_V1
00-0038579,Aidan O'Connell,LV,ARI,QB,2026,PRE,1,3.5,0.76,HIGH,0.378,NFL_PASS_TD_V1
00-0038579,Aidan O'Connell,LV,ARI,QB,2026,PRE,1,4.0,0.76,HIGH,0.378,NFL_PASS_TD_V1
00-0038579,Aidan O'Connell,LV,ARI,QB,2026,PRE,1,4.5,0.24,VERY LOW,0.378,NFL_PASS_TD_V1
00-0038658,Adrian Martinez,SF,TEN,QB,2026,PRE,1,0.5,37.47,ELITE,0.656,NFL_PASS_TD_V1
00-0038658,Adrian Martinez,SF,TEN,QB,2026,PRE,1,1.0,37.47,ELITE,0.656,NFL_PASS_TD_V1
00-0038658,Adrian Martinez,SF,TEN,QB,2026,PRE,1,1.5,15.75,ELITE,0.656,NFL_PASS_TD_V1
00-0038658,Adrian Martinez,SF,TEN,QB,2026,PRE,1,2.0,15.75,ELITE,0.656,NFL_PASS_TD_V1
00-0038658,Adrian Martinez,SF,TEN,QB,2026,PRE,1,2.5,6.84,ELITE,0.656,NFL_PASS_TD_V1
00-0038658,Adrian Martinez,SF,TEN,QB,2026,PRE,1,3.0,6.84,ELITE,0.656,NFL_PASS_TD_V1
00-0038658,Adrian Martinez,SF,TEN,QB,2026,PRE,1,3.5,3.12,ELITE,0.656,NFL_PASS_TD_V1
00-0038658,Adrian Martinez,SF,TEN,QB,2026,PRE,1,4.0,3.12,ELITE,0.656,NFL_PASS_TD_V1
00-0038658,Adrian Martinez,SF,TEN,QB,2026,PRE,1,4.5,1.41,ELITE,0.656,NFL_PASS_TD_V1
00-0039107,Stetson Bennett,LAR,KC,QB,2026,PRE,1,0.5,37.64,ELITE,0.657,NFL_PASS_TD_V1
00-0039107,Stetson Bennett,LAR,KC,QB,2026,PRE,1,1.0,37.64,ELITE,0.657,NFL_PASS_TD_V1
00-0039107,Stetson Bennett,LAR,KC,QB,2026,PRE,1,1.5,15.86,ELITE,0.657,NFL_PASS_TD_V1
00-0039107,Stetson Bennett,LAR,KC,QB,2026,PRE,1,2.0,15.86,ELITE,0.657,NFL_PASS_TD_V1
00-0039107,Stetson Bennett,LAR,KC,QB,2026,PRE,1,2.5,6.89,ELITE,0.657,NFL_PASS_TD_V1
00-0039107,Stetson Bennett,LAR,KC,QB,2026,PRE,1,3.0,6.89,ELITE,0.657,NFL_PASS_TD_V1
00-0039107,Stetson Bennett,LAR,KC,QB,2026,PRE,1,3.5,3.08,ELITE,0.657,NFL_PASS_TD_V1
00-0039107,Stetson Bennett,LAR,KC,QB,2026,PRE,1,4.0,3.08,ELITE,0.657,NFL_PASS_TD_V1
00-0039107,Stetson Bennett,LAR,KC,QB,2026,PRE,1,4.5,1.39,ELITE,0.657,NFL_PASS_TD_V1
00-0039150,Bryce Young,CAR,BUF,QB,2026,PRE,1,0.5,36.65,ELITE,0.623,NFL_PASS_TD_V1
00-0039150,Bryce Young,CAR,BUF,QB,2026,PRE,1,1.0,36.65,ELITE,0.623,NFL_PASS_TD_V1
00-0039150,Bryce Young,CAR,BUF,QB,2026,PRE,1,1.5,14.9,ELITE,0.623,NFL_PASS_TD_V1
00-0039150,Bryce Young,CAR,BUF,QB,2026,PRE,1,2.0,14.9,ELITE,0.623,NFL_PASS_TD_V1
00-0039150,Bryce Young,CAR,BUF,QB,2026,PRE,1,2.5,6.19,ELITE,0.623,NFL_PASS_TD_V1
00-0039150,Bryce Young,CAR,BUF,QB,2026,PRE,1,3.0,6.19,ELITE,0.623,NFL_PASS_TD_V1
00-0039150,Bryce Young,CAR,BUF,QB,2026,PRE,1,3.5,2.66,ELITE,0.623,NFL_PASS_TD_V1
00-0039150,Bryce Young,CAR,BUF,QB,2026,PRE,1,4.0,2.66,ELITE,0.623,NFL_PASS_TD_V1
00-0039150,Bryce Young,CAR,BUF,QB,2026,PRE,1,4.5,1.15,ELITE,0.623,NFL_PASS_TD_V1
00-0039152,Will Levis,TEN,SF,QB,2026,PRE,1,0.5,30.66,ELITE,0.472,NFL_PASS_TD_V1
00-0039152,Will Levis,TEN,SF,QB,2026,PRE,1,1.0,30.66,ELITE,0.472,NFL_PASS_TD_V1
00-0039152,Will Levis,TEN,SF,QB,2026,PRE,1,1.5,10.57,ELITE,0.472,NFL_PASS_TD_V1
00-0039152,Will Levis,TEN,SF,QB,2026,PRE,1,2.0,10.57,ELITE,0.472,NFL_PASS_TD_V1
00-0039152,Will Levis,TEN,SF,QB,2026,PRE,1,2.5,3.8,ELITE,0.472,NFL_PASS_TD_V1
00-0039152,Will Levis,TEN,SF,QB,2026,PRE,1,3.0,3.8,ELITE,0.472,NFL_PASS_TD_V1
00-0039152,Will Levis,TEN,SF,QB,2026,PRE,1,3.5,1.42,ELITE,0.472,NFL_PASS_TD_V1
00-0039152,Will Levis,TEN,SF,QB,2026,PRE,1,4.0,1.42,ELITE,0.472,NFL_PASS_TD_V1
00-0039152,Will Levis,TEN,SF,QB,2026,PRE,1,4.5,0.51,LEAN,0.472,NFL_PASS_TD_V1
00-0039163,C.J. Stroud,HOU,LAC,QB,2026,PRE,1,0.5,35.77,ELITE,0.601,NFL_PASS_TD_V1
00-0039163,C.J. Stroud,HOU,LAC,QB,2026,PRE,1,1.0,35.77,ELITE,0.601,NFL_PASS_TD_V1
00-0039163,C.J. Stroud,HOU,LAC,QB,2026,PRE,1,1.5,14.21,ELITE,0.601,NFL_PASS_TD_V1
00-0039163,C.J. Stroud,HOU,LAC,QB,2026,PRE,1,2.0,14.21,ELITE,0.601,NFL_PASS_TD_V1
00-0039163,C.J. Stroud,HOU,LAC,QB,2026,PRE,1,2.5,5.85,ELITE,0.601,NFL_PASS_TD_V1
00-0039163,C.J. Stroud,HOU,LAC,QB,2026,PRE,1,3.0,5.85,ELITE,0.601,NFL_PASS_TD_V1
00-0039163,C.J. Stroud,HOU,LAC,QB,2026,PRE,1,3.5,2.54,ELITE,0.601,NFL_PASS_TD_V1
00-0039163,C.J. Stroud,HOU,LAC,QB,2026,PRE,1,4.0,2.54,ELITE,0.601,NFL_PASS_TD_V1
00-0039163,C.J. Stroud,HOU,LAC,QB,2026,PRE,1,4.5,1.06,ELITE,0.601,NFL_PASS_TD_V1
00-0039164,Anthony Richardson,IND,NE,QB,2026,PRE,1,0.5,16.46,ELITE,0.204,NFL_PASS_TD_V1
00-0039164,Anthony Richardson,IND,NE,QB,2026,PRE,1,1.0,16.46,ELITE,0.204,NFL_PASS_TD_V1
00-0039164,Anthony Richardson,IND,NE,QB,2026,PRE,1,1.5,3.11,ELITE,0.204,NFL_PASS_TD_V1
00-0039164,Anthony Richardson,IND,NE,QB,2026,PRE,1,2.0,3.11,ELITE,0.204,NFL_PASS_TD_V1
00-0039164,Anthony Richardson,IND,NE,QB,2026,PRE,1,2.5,0.66,SOLID,0.204,NFL_PASS_TD_V1
00-0039164,Anthony Richardson,IND,NE,QB,2026,PRE,1,3.0,0.66,SOLID,0.204,NFL_PASS_TD_V1
00-0039164,Anthony Richardson,IND,NE,QB,2026,PRE,1,3.5,0.14,VERY LOW,0.204,NFL_PASS_TD_V1
00-0039164,Anthony Richardson,IND,NE,QB,2026,PRE,1,4.0,0.14,VERY LOW,0.204,NFL_PASS_TD_V1
00-0039164,Anthony Richardson,IND,NE,QB,2026,PRE,1,4.5,0.04,VERY LOW,0.204,NFL_PASS_TD_V1
00-0039376,Spencer Rattler,NO,JAX,QB,2026,PRE,1,0.5,24.89,ELITE,0.346,NFL_PASS_TD_V1
00-0039376,Spencer Rattler,NO,JAX,QB,2026,PRE,1,1.0,24.89,ELITE,0.346,NFL_PASS_TD_V1
00-0039376,Spencer Rattler,NO,JAX,QB,2026,PRE,1,1.5,6.93,ELITE,0.346,NFL_PASS_TD_V1
00-0039376,Spencer Rattler,NO,JAX,QB,2026,PRE,1,2.0,6.93,ELITE,0.346,NFL_PASS_TD_V1
00-0039376,Spencer Rattler,NO,JAX,QB,2026,PRE,1,2.5,1.99,ELITE,0.346,NFL_PASS_TD_V1
00-0039376,Spencer Rattler,NO,JAX,QB,2026,PRE,1,3.0,1.99,ELITE,0.346,NFL_PASS_TD_V1
00-0039376,Spencer Rattler,NO,JAX,QB,2026,PRE,1,3.5,0.58,LEAN,0.346,NFL_PASS_TD_V1
00-0039376,Spencer Rattler,NO,JAX,QB,2026,PRE,1,4.0,0.58,LEAN,0.346,NFL_PASS_TD_V1
00-0039376,Spencer Rattler,NO,JAX,QB,2026,PRE,1,4.5,0.17,VERY LOW,0.346,NFL_PASS_TD_V1
00-0039398,Joe Milton III,DAL,SEA,QB,2026,PRE,1,0.5,27.22,ELITE,0.386,NFL_PASS_TD_V1
00-0039398,Joe Milton III,DAL,SEA,QB,2026,PRE,1,1.0,27.22,ELITE,0.386,NFL_PASS_TD_V1
00-0039398,Joe Milton III,DAL,SEA,QB,2026,PRE,1,1.5,8.01,ELITE,0.386,NFL_PASS_TD_V1
00-0039398,Joe Milton III,DAL,SEA,QB,2026,PRE,1,2.0,8.01,ELITE,0.386,NFL_PASS_TD_V1
00-0039398,Joe Milton III,DAL,SEA,QB,2026,PRE,1,2.5,2.38,ELITE,0.386,NFL_PASS_TD_V1
00-0039398,Joe Milton III,DAL,SEA,QB,2026,PRE,1,3.0,2.38,ELITE,0.386,NFL_PASS_TD_V1
00-0039398,Joe Milton III,DAL,SEA,QB,2026,PRE,1,3.5,0.7,SOLID,0.386,NFL_PASS_TD_V1
00-0039398,Joe Milton III,DAL,SEA,QB,2026,PRE,1,4.0,0.7,SOLID,0.386,NFL_PASS_TD_V1
00-0039398,Joe Milton III,DAL,SEA,QB,2026,PRE,1,4.5,0.22,VERY LOW,0.386,NFL_PASS_TD_V1
00-0039534,Carter Bradley,JAX,NO,QB,2026,PRE,1,0.5,33.22,ELITE,0.531,NFL_PASS_TD_V1
00-0039534,Carter Bradley,JAX,NO,QB,2026,PRE,1,1.0,33.22,ELITE,0.531,NFL_PASS_TD_V1
00-0039534,Carter Bradley,JAX,NO,QB,2026,PRE,1,1.5,12.24,ELITE,0.531,NFL_PASS_TD_V1
00-0039534,Carter Bradley,JAX,NO,QB,2026,PRE,1,2.0,12.24,ELITE,0.531,NFL_PASS_TD_V1
00-0039534,Carter Bradley,JAX,NO,QB,2026,PRE,1,2.5,4.68,ELITE,0.531,NFL_PASS_TD_V1
00-0039534,Carter Bradley,JAX,NO,QB,2026,PRE,1,3.0,4.68,ELITE,0.531,NFL_PASS_TD_V1
00-0039534,Carter Bradley,JAX,NO,QB,2026,PRE,1,3.5,1.84,ELITE,0.531,NFL_PASS_TD_V1
00-0039534,Carter Bradley,JAX,NO,QB,2026,PRE,1,4.0,1.84,ELITE,0.531,NFL_PASS_TD_V1
00-0039534,Carter Bradley,JAX,NO,QB,2026,PRE,1,4.5,0.75,HIGH,0.531,NFL_PASS_TD_V1
00-0039677,Sam Hartman,WAS,MIA,QB,2026,PRE,1,0.5,37.08,ELITE,0.631,NFL_PASS_TD_V1
00-0039677,Sam Hartman,WAS,MIA,QB,2026,PRE,1,1.0,37.08,ELITE,0.631,NFL_PASS_TD_V1
00-0039677,Sam Hartman,WAS,MIA,QB,2026,PRE,1,1.5,15.09,ELITE,0.631,NFL_PASS_TD_V1
00-0039677,Sam Hartman,WAS,MIA,QB,2026,PRE,1,2.0,15.09,ELITE,0.631,NFL_PASS_TD_V1
00-0039677,Sam Hartman,WAS,MIA,QB,2026,PRE,1,2.5,6.25,ELITE,0.631,NFL_PASS_TD_V1
00-0039677,Sam Hartman,WAS,MIA,QB,2026,PRE,1,3.0,6.25,ELITE,0.631,NFL_PASS_TD_V1
00-0039677,Sam Hartman,WAS,MIA,QB,2026,PRE,1,3.5,2.69,ELITE,0.631,NFL_PASS_TD_V1
00-0039677,Sam Hartman,WAS,MIA,QB,2026,PRE,1,4.0,2.69,ELITE,0.631,NFL_PASS_TD_V1
00-0039677,Sam Hartman,WAS,MIA,QB,2026,PRE,1,4.5,1.17,ELITE,0.631,NFL_PASS_TD_V1
00-0039732,Bo Nix,DEN,ATL,QB,2026,PRE,1,0.5,41.06,ELITE,0.761,NFL_PASS_TD_V1
00-0039732,Bo Nix,DEN,ATL,QB,2026,PRE,1,1.0,41.06,ELITE,0.761,NFL_PASS_TD_V1
00-0039732,Bo Nix,DEN,ATL,QB,2026,PRE,1,1.5,18.65,ELITE,0.761,NFL_PASS_TD_V1
00-0039732,Bo Nix,DEN,ATL,QB,2026,PRE,1,2.0,18.65,ELITE,0.761,NFL_PASS_TD_V1
00-0039732,Bo Nix,DEN,ATL,QB,2026,PRE,1,2.5,8.76,ELITE,0.761,NFL_PASS_TD_V1
00-0039732,Bo Nix,DEN,ATL,QB,2026,PRE,1,3.0,8.76,ELITE,0.761,NFL_PASS_TD_V1
00-0039732,Bo Nix,DEN,ATL,QB,2026,PRE,1,3.5,4.2,ELITE,0.761,NFL_PASS_TD_V1
00-0039732,Bo Nix,DEN,ATL,QB,2026,PRE,1,4.0,4.2,ELITE,0.761,NFL_PASS_TD_V1
00-0039732,Bo Nix,DEN,ATL,QB,2026,PRE,1,4.5,1.98,ELITE,0.761,NFL_PASS_TD_V1
00-0039851,Drake Maye,NE,IND,QB,2026,PRE,1,0.5,42.41,ELITE,0.81,NFL_PASS_TD_V1
00-0039851,Drake Maye,NE,IND,QB,2026,PRE,1,1.0,42.41,ELITE,0.81,NFL_PASS_TD_V1
00-0039851,Drake Maye,NE,IND,QB,2026,PRE,1,1.5,20.03,ELITE,0.81,NFL_PASS_TD_V1
00-0039851,Drake Maye,NE,IND,QB,2026,PRE,1,2.0,20.03,ELITE,0.81,NFL_PASS_TD_V1
00-0039851,Drake Maye,NE,IND,QB,2026,PRE,1,2.5,9.7,ELITE,0.81,NFL_PASS_TD_V1
00-0039851,Drake Maye,NE,IND,QB,2026,PRE,1,3.0,9.7,ELITE,0.81,NFL_PASS_TD_V1
00-0039851,Drake Maye,NE,IND,QB,2026,PRE,1,3.5,4.78,ELITE,0.81,NFL_PASS_TD_V1
00-0039851,Drake Maye,NE,IND,QB,2026,PRE,1,4.0,4.78,ELITE,0.81,NFL_PASS_TD_V1
00-0039851,Drake Maye,NE,IND,QB,2026,PRE,1,4.5,2.37,ELITE,0.81,NFL_PASS_TD_V1
00-0039910,Jayden Daniels,WAS,MIA,QB,2026,PRE,1,0.5,37.17,ELITE,0.643,NFL_PASS_TD_V1
00-0039910,Jayden Daniels,WAS,MIA,QB,2026,PRE,1,1.0,37.17,ELITE,0.643,NFL_PASS_TD_V1
00-0039910,Jayden Daniels,WAS,MIA,QB,2026,PRE,1,1.5,15.34,ELITE,0.643,NFL_PASS_TD_V1
00-0039910,Jayden Daniels,WAS,MIA,QB,2026,PRE,1,2.0,15.34,ELITE,0.643,NFL_PASS_TD_V1
00-0039910,Jayden Daniels,WAS,MIA,QB,2026,PRE,1,2.5,6.7,ELITE,0.643,NFL_PASS_TD_V1
00-0039910,Jayden Daniels,WAS,MIA,QB,2026,PRE,1,3.0,6.7,ELITE,0.643,NFL_PASS_TD_V1
00-0039910,Jayden Daniels,WAS,MIA,QB,2026,PRE,1,3.5,2.95,ELITE,0.643,NFL_PASS_TD_V1
00-0039910,Jayden Daniels,WAS,MIA,QB,2026,PRE,1,4.0,2.95,ELITE,0.643,NFL_PASS_TD_V1
00-0039910,Jayden Daniels,WAS,MIA,QB,2026,PRE,1,4.5,1.32,ELITE,0.643,NFL_PASS_TD_V1
00-0039917,Michael Penix Jr.,ATL,DEN,QB,2026,PRE,1,0.5,28.22,ELITE,0.418,NFL_PASS_TD_V1
00-0039917,Michael Penix Jr.,ATL,DEN,QB,2026,PRE,1,1.0,28.22,ELITE,0.418,NFL_PASS_TD_V1
00-0039917,Michael Penix Jr.,ATL,DEN,QB,2026,PRE,1,1.5,8.99,ELITE,0.418,NFL_PASS_TD_V1
00-0039917,Michael Penix Jr.,ATL,DEN,QB,2026,PRE,1,2.0,8.99,ELITE,0.418,NFL_PASS_TD_V1
00-0039917,Michael Penix Jr.,ATL,DEN,QB,2026,PRE,1,2.5,3.0,ELITE,0.418,NFL_PASS_TD_V1
00-0039917,Michael Penix Jr.,ATL,DEN,QB,2026,PRE,1,3.0,3.0,ELITE,0.418,NFL_PASS_TD_V1
00-0039917,Michael Penix Jr.,ATL,DEN,QB,2026,PRE,1,3.5,1.03,ELITE,0.418,NFL_PASS_TD_V1
00-0039917,Michael Penix Jr.,ATL,DEN,QB,2026,PRE,1,4.0,1.03,ELITE,0.418,NFL_PASS_TD_V1
00-0039917,Michael Penix Jr.,ATL,DEN,QB,2026,PRE,1,4.5,0.38,LOW,0.418,NFL_PASS_TD_V1
00-0039918,Caleb Williams,CHI,CLE,QB,2026,PRE,1,0.5,42.6,ELITE,0.805,NFL_PASS_TD_V1
00-0039918,Caleb Williams,CHI,CLE,QB,2026,PRE,1,1.0,42.6,ELITE,0.805,NFL_PASS_TD_V1
00-0039918,Caleb Williams,CHI,CLE,QB,2026,PRE,1,1.5,19.84,ELITE,0.805,NFL_PASS_TD_V1
00-0039918,Caleb Williams,CHI,CLE,QB,2026,PRE,1,2.0,19.84,ELITE,0.805,NFL_PASS_TD_V1
00-0039918,Caleb Williams,CHI,CLE,QB,2026,PRE,1,2.5,9.45,ELITE,0.805,NFL_PASS_TD_V1
00-0039918,Caleb Williams,CHI,CLE,QB,2026,PRE,1,3.0,9.45,ELITE,0.805,NFL_PASS_TD_V1
00-0039918,Caleb Williams,CHI,CLE,QB,2026,PRE,1,3.5,4.55,ELITE,0.805,NFL_PASS_TD_V1
00-0039918,Caleb Williams,CHI,CLE,QB,2026,PRE,1,4.0,4.55,ELITE,0.805,NFL_PASS_TD_V1
00-0039918,Caleb Williams,CHI,CLE,QB,2026,PRE,1,4.5,2.3,ELITE,0.805,NFL_PASS_TD_V1
00-0039923,J.J. McCarthy,MIN,NYG,QB,2026,PRE,1,0.5,30.17,ELITE,0.461,NFL_PASS_TD_V1
00-0039923,J.J. McCarthy,MIN,NYG,QB,2026,PRE,1,1.0,30.17,ELITE,0.461,NFL_PASS_TD_V1
00-0039923,J.J. McCarthy,MIN,NYG,QB,2026,PRE,1,1.5,10.24,ELITE,0.461,NFL_PASS_TD_V1
00-0039923,J.J. McCarthy,MIN,NYG,QB,2026,PRE,1,2.0,10.24,ELITE,0.461,NFL_PASS_TD_V1
00-0039923,J.J. McCarthy,MIN,NYG,QB,2026,PRE,1,2.5,3.66,ELITE,0.461,NFL_PASS_TD_V1
00-0039923,J.J. McCarthy,MIN,NYG,QB,2026,PRE,1,3.0,3.66,ELITE,0.461,NFL_PASS_TD_V1
00-0039923,J.J. McCarthy,MIN,NYG,QB,2026,PRE,1,3.5,1.31,ELITE,0.461,NFL_PASS_TD_V1
00-0039923,J.J. McCarthy,MIN,NYG,QB,2026,PRE,1,4.0,1.31,ELITE,0.461,NFL_PASS_TD_V1
00-0039923,J.J. McCarthy,MIN,NYG,QB,2026,PRE,1,4.5,0.48,COIN FLIP,0.461,NFL_PASS_TD_V1
00-0040014,Kyle McCord,GB,PIT,QB,2026,PRE,1,0.5,51.89,ELITE,0.91,NFL_PASS_TD_V1
00-0040014,Kyle McCord,GB,PIT,QB,2026,PRE,1,1.0,51.89,ELITE,0.91,NFL_PASS_TD_V1
00-0040014,Kyle McCord,GB,PIT,QB,2026,PRE,1,1.5,23.24,ELITE,0.91,NFL_PASS_TD_V1
00-0040014,Kyle McCord,GB,PIT,QB,2026,PRE,1,2.0,23.24,ELITE,0.91,NFL_PASS_TD_V1
00-0040014,Kyle McCord,GB,PIT,QB,2026,PRE,1,2.5,9.69,ELITE,0.91,NFL_PASS_TD_V1
00-0040014,Kyle McCord,GB,PIT,QB,2026,PRE,1,3.0,9.69,ELITE,0.91,NFL_PASS_TD_V1
00-0040014,Kyle McCord,GB,PIT,QB,2026,PRE,1,3.5,3.84,ELITE,0.91,NFL_PASS_TD_V1
00-0040014,Kyle McCord,GB,PIT,QB,2026,PRE,1,4.0,3.84,ELITE,0.91,NFL_PASS_TD_V1
00-0040014,Kyle McCord,GB,PIT,QB,2026,PRE,1,4.5,1.49,ELITE,0.91,NFL_PASS_TD_V1
00-0040203,Will Howard,PIT,GB,QB,2026,PRE,1,0.5,41.74,ELITE,0.745,NFL_PASS_TD_V1
00-0040203,Will Howard,PIT,GB,QB,2026,PRE,1,1.0,41.74,ELITE,0.745,NFL_PASS_TD_V1
00-0040203,Will Howard,PIT,GB,QB,2026,PRE,1,1.5,18.25,ELITE,0.745,NFL_PASS_TD_V1
00-0040203,Will Howard,PIT,GB,QB,2026,PRE,1,2.0,18.25,ELITE,0.745,NFL_PASS_TD_V1
00-0040203,Will Howard,PIT,GB,QB,2026,PRE,1,2.5,8.11,ELITE,0.745,NFL_PASS_TD_V1
00-0040203,Will Howard,PIT,GB,QB,2026,PRE,1,3.0,8.11,ELITE,0.745,NFL_PASS_TD_V1
00-0040203,Will Howard,PIT,GB,QB,2026,PRE,1,3.5,3.6,ELITE,0.745,NFL_PASS_TD_V1
00-0040203,Will Howard,PIT,GB,QB,2026,PRE,1,4.0,3.6,ELITE,0.745,NFL_PASS_TD_V1
00-0040203,Will Howard,PIT,GB,QB,2026,PRE,1,4.5,1.69,ELITE,0.745,NFL_PASS_TD_V1
00-0040206,Riley Leonard,IND,NE,QB,2026,PRE,1,0.5,29.27,ELITE,0.44,NFL_PASS_TD_V1
00-0040206,Riley Leonard,IND,NE,QB,2026,PRE,1,1.0,29.27,ELITE,0.44,NFL_PASS_TD_V1
00-0040206,Riley Leonard,IND,NE,QB,2026,PRE,1,1.5,9.66,ELITE,0.44,NFL_PASS_TD_V1
00-0040206,Riley Leonard,IND,NE,QB,2026,PRE,1,2.0,9.66,ELITE,0.44,NFL_PASS_TD_V1
00-0040206,Riley Leonard,IND,NE,QB,2026,PRE,1,2.5,3.29,ELITE,0.44,NFL_PASS_TD_V1
00-0040206,Riley Leonard,IND,NE,QB,2026,PRE,1,3.0,3.29,ELITE,0.44,NFL_PASS_TD_V1
00-0040206,Riley Leonard,IND,NE,QB,2026,PRE,1,3.5,1.2,ELITE,0.44,NFL_PASS_TD_V1
00-0040206,Riley Leonard,IND,NE,QB,2026,PRE,1,4.0,1.2,ELITE,0.44,NFL_PASS_TD_V1
00-0040206,Riley Leonard,IND,NE,QB,2026,PRE,1,4.5,0.39,LOW,0.44,NFL_PASS_TD_V1
00-0040211,Graham Mertz,HOU,LAC,QB,2026,PRE,1,0.5,36.88,ELITE,0.634,NFL_PASS_TD_V1
00-0040211,Graham Mertz,HOU,LAC,QB,2026,PRE,1,1.0,36.88,ELITE,0.634,NFL_PASS_TD_V1
00-0040211,Graham Mertz,HOU,LAC,QB,2026,PRE,1,1.5,15.1,ELITE,0.634,NFL_PASS_TD_V1
00-0040211,Graham Mertz,HOU,LAC,QB,2026,PRE,1,2.0,15.1,ELITE,0.634,NFL_PASS_TD_V1
00-0040211,Graham Mertz,HOU,LAC,QB,2026,PRE,1,2.5,6.51,ELITE,0.634,NFL_PASS_TD_V1
00-0040211,Graham Mertz,HOU,LAC,QB,2026,PRE,1,3.0,6.51,ELITE,0.634,NFL_PASS_TD_V1
00-0040211,Graham Mertz,HOU,LAC,QB,2026,PRE,1,3.5,2.85,ELITE,0.634,NFL_PASS_TD_V1
00-0040211,Graham Mertz,HOU,LAC,QB,2026,PRE,1,4.0,2.85,ELITE,0.634,NFL_PASS_TD_V1
00-0040211,Graham Mertz,HOU,LAC,QB,2026,PRE,1,4.5,1.25,ELITE,0.634,NFL_PASS_TD_V1
00-0040222,Cam Miller,MIA,WAS,QB,2026,PRE,1,0.5,48.44,ELITE,0.852,NFL_PASS_TD_V1
00-0040222,Cam Miller,MIA,WAS,QB,2026,PRE,1,1.0,48.44,ELITE,0.852,NFL_PASS_TD_V1
00-0040222,Cam Miller,MIA,WAS,QB,2026,PRE,1,1.5,21.29,ELITE,0.852,NFL_PASS_TD_V1
00-0040222,Cam Miller,MIA,WAS,QB,2026,PRE,1,2.0,21.29,ELITE,0.852,NFL_PASS_TD_V1
00-0040222,Cam Miller,MIA,WAS,QB,2026,PRE,1,2.5,9.22,ELITE,0.852,NFL_PASS_TD_V1
00-0040222,Cam Miller,MIA,WAS,QB,2026,PRE,1,3.0,9.22,ELITE,0.852,NFL_PASS_TD_V1
00-0040222,Cam Miller,MIA,WAS,QB,2026,PRE,1,3.5,3.82,ELITE,0.852,NFL_PASS_TD_V1
00-0040222,Cam Miller,MIA,WAS,QB,2026,PRE,1,4.0,3.82,ELITE,0.852,NFL_PASS_TD_V1
00-0040222,Cam Miller,MIA,WAS,QB,2026,PRE,1,4.5,1.55,ELITE,0.852,NFL_PASS_TD_V1
00-0040234,Quinn Ewers,MIA,WAS,QB,2026,PRE,1,0.5,39.83,ELITE,0.698,NFL_PASS_TD_V1
00-0040234,Quinn Ewers,MIA,WAS,QB,2026,PRE,1,1.0,39.83,ELITE,0.698,NFL_PASS_TD_V1
00-0040234,Quinn Ewers,MIA,WAS,QB,2026,PRE,1,1.5,16.91,ELITE,0.698,NFL_PASS_TD_V1
00-0040234,Quinn Ewers,MIA,WAS,QB,2026,PRE,1,2.0,16.91,ELITE,0.698,NFL_PASS_TD_V1
00-0040234,Quinn Ewers,MIA,WAS,QB,2026,PRE,1,2.5,7.45,ELITE,0.698,NFL_PASS_TD_V1
00-0040234,Quinn Ewers,MIA,WAS,QB,2026,PRE,1,3.0,7.45,ELITE,0.698,NFL_PASS_TD_V1
00-0040234,Quinn Ewers,MIA,WAS,QB,2026,PRE,1,3.5,3.24,ELITE,0.698,NFL_PASS_TD_V1
00-0040234,Quinn Ewers,MIA,WAS,QB,2026,PRE,1,4.0,3.24,ELITE,0.698,NFL_PASS_TD_V1
00-0040234,Quinn Ewers,MIA,WAS,QB,2026,PRE,1,4.5,1.43,ELITE,0.698,NFL_PASS_TD_V1
00-0040398,Brady Cook,NYJ,TB,QB,2026,PRE,1,0.5,40.24,ELITE,0.574,NFL_PASS_TD_V1
00-0040398,Brady Cook,NYJ,TB,QB,2026,PRE,1,1.0,40.24,ELITE,0.574,NFL_PASS_TD_V1
00-0040398,Brady Cook,NYJ,TB,QB,2026,PRE,1,1.5,12.47,ELITE,0.574,NFL_PASS_TD_V1
00-0040398,Brady Cook,NYJ,TB,QB,2026,PRE,1,2.0,12.47,ELITE,0.574,NFL_PASS_TD_V1
00-0040398,Brady Cook,NYJ,TB,QB,2026,PRE,1,2.5,3.46,ELITE,0.574,NFL_PASS_TD_V1
00-0040398,Brady Cook,NYJ,TB,QB,2026,PRE,1,3.0,3.46,ELITE,0.574,NFL_PASS_TD_V1
00-0040398,Brady Cook,NYJ,TB,QB,2026,PRE,1,3.5,0.89,VERY HIGH,0.574,NFL_PASS_TD_V1
00-0040398,Brady Cook,NYJ,TB,QB,2026,PRE,1,4.0,0.89,VERY HIGH,0.574,NFL_PASS_TD_V1
00-0040398,Brady Cook,NYJ,TB,QB,2026,PRE,1,4.5,0.22,VERY LOW,0.574,NFL_PASS_TD_V1
00-0040415,Connor Bazelak,TB,NYJ,QB,2026,PRE,1,0.5,49.29,ELITE,0.868,NFL_PASS_TD_V1
00-0040415,Connor Bazelak,TB,NYJ,QB,2026,PRE,1,1.0,49.29,ELITE,0.868,NFL_PASS_TD_V1
00-0040415,Connor Bazelak,TB,NYJ,QB,2026,PRE,1,1.5,21.81,ELITE,0.868,NFL_PASS_TD_V1
00-0040415,Connor Bazelak,TB,NYJ,QB,2026,PRE,1,2.0,21.81,ELITE,0.868,NFL_PASS_TD_V1
00-0040415,Connor Bazelak,TB,NYJ,QB,2026,PRE,1,2.5,9.34,ELITE,0.868,NFL_PASS_TD_V1
00-0040415,Connor Bazelak,TB,NYJ,QB,2026,PRE,1,3.0,9.34,ELITE,0.868,NFL_PASS_TD_V1
00-0040415,Connor Bazelak,TB,NYJ,QB,2026,PRE,1,3.5,3.82,ELITE,0.868,NFL_PASS_TD_V1
00-0040415,Connor Bazelak,TB,NYJ,QB,2026,PRE,1,4.0,3.82,ELITE,0.868,NFL_PASS_TD_V1
00-0040415,Connor Bazelak,TB,NYJ,QB,2026,PRE,1,4.5,1.6,ELITE,0.868,NFL_PASS_TD_V1
00-0040464,DJ Uiagalelei,LAC,HOU,QB,2026,PRE,1,0.5,38.89,ELITE,0.694,NFL_PASS_TD_V1
00-0040464,DJ Uiagalelei,LAC,HOU,QB,2026,PRE,1,1.0,38.89,ELITE,0.694,NFL_PASS_TD_V1
00-0040464,DJ Uiagalelei,LAC,HOU,QB,2026,PRE,1,1.5,17.01,ELITE,0.694,NFL_PASS_TD_V1
00-0040464,DJ Uiagalelei,LAC,HOU,QB,2026,PRE,1,2.0,17.01,ELITE,0.694,NFL_PASS_TD_V1
00-0040464,DJ Uiagalelei,LAC,HOU,QB,2026,PRE,1,2.5,7.56,ELITE,0.694,NFL_PASS_TD_V1
00-0040464,DJ Uiagalelei,LAC,HOU,QB,2026,PRE,1,3.0,7.56,ELITE,0.694,NFL_PASS_TD_V1
00-0040464,DJ Uiagalelei,LAC,HOU,QB,2026,PRE,1,3.5,3.42,ELITE,0.694,NFL_PASS_TD_V1
00-0040464,DJ Uiagalelei,LAC,HOU,QB,2026,PRE,1,4.0,3.42,ELITE,0.694,NFL_PASS_TD_V1
00-0040464,DJ Uiagalelei,LAC,HOU,QB,2026,PRE,1,4.5,1.53,ELITE,0.694,NFL_PASS_TD_V1
00-0040494,Max Brosmer,MIN,NYG,QB,2026,PRE,1,0.5,25.3,ELITE,0.356,NFL_PASS_TD_V1
00-0040494,Max Brosmer,MIN,NYG,QB,2026,PRE,1,1.0,25.3,ELITE,0.356,NFL_PASS_TD_V1
00-0040494,Max Brosmer,MIN,NYG,QB,2026,PRE,1,1.5,7.26,ELITE,0.356,NFL_PASS_TD_V1
00-0040494,Max Brosmer,MIN,NYG,QB,2026,PRE,1,2.0,7.26,ELITE,0.356,NFL_PASS_TD_V1
00-0040494,Max Brosmer,MIN,NYG,QB,2026,PRE,1,2.5,2.17,ELITE,0.356,NFL_PASS_TD_V1
00-0040494,Max Brosmer,MIN,NYG,QB,2026,PRE,1,3.0,2.17,ELITE,0.356,NFL_PASS_TD_V1
00-0040494,Max Brosmer,MIN,NYG,QB,2026,PRE,1,3.5,0.64,SOLID,0.356,NFL_PASS_TD_V1
00-0040494,Max Brosmer,MIN,NYG,QB,2026,PRE,1,4.0,0.64,SOLID,0.356,NFL_PASS_TD_V1
00-0040494,Max Brosmer,MIN,NYG,QB,2026,PRE,1,4.5,0.21,VERY LOW,0.356,NFL_PASS_TD_V1
00-0040589,Kurtis Rourke,SF,TEN,QB,2026,PRE,1,0.5,47.53,ELITE,0.837,NFL_PASS_TD_V1
00-0040589,Kurtis Rourke,SF,TEN,QB,2026,PRE,1,1.0,47.53,ELITE,0.837,NFL_PASS_TD_V1
00-0040589,Kurtis Rourke,SF,TEN,QB,2026,PRE,1,1.5,20.99,ELITE,0.837,NFL_PASS_TD_V1
00-0040589,Kurtis Rourke,SF,TEN,QB,2026,PRE,1,2.0,20.99,ELITE,0.837,NFL_PASS_TD_V1
00-0040589,Kurtis Rourke,SF,TEN,QB,2026,PRE,1,2.5,9.03,ELITE,0.837,NFL_PASS_TD_V1
00-0040589,Kurtis Rourke,SF,TEN,QB,2026,PRE,1,3.0,9.03,ELITE,0.837,NFL_PASS_TD_V1
00-0040589,Kurtis Rourke,SF,TEN,QB,2026,PRE,1,3.5,3.77,ELITE,0.837,NFL_PASS_TD_V1
00-0040589,Kurtis Rourke,SF,TEN,QB,2026,PRE,1,4.0,3.77,ELITE,0.837,NFL_PASS_TD_V1
00-0040589,Kurtis Rourke,SF,TEN,QB,2026,PRE,1,4.5,1.51,ELITE,0.837,NFL_PASS_TD_V1
00-0040668,Shedeur Sanders,CLE,CHI,QB,2026,PRE,1,0.5,33.63,ELITE,0.543,NFL_PASS_TD_V1
00-0040668,Shedeur Sanders,CLE,CHI,QB,2026,PRE,1,1.0,33.63,ELITE,0.543,NFL_PASS_TD_V1
00-0040668,Shedeur Sanders,CLE,CHI,QB,2026,PRE,1,1.5,12.61,ELITE,0.543,NFL_PASS_TD_V1
00-0040668,Shedeur Sanders,CLE,CHI,QB,2026,PRE,1,2.0,12.61,ELITE,0.543,NFL_PASS_TD_V1
00-0040668,Shedeur Sanders,CLE,CHI,QB,2026,PRE,1,2.5,4.92,ELITE,0.543,NFL_PASS_TD_V1
00-0040668,Shedeur Sanders,CLE,CHI,QB,2026,PRE,1,3.0,4.92,ELITE,0.543,NFL_PASS_TD_V1
00-0040668,Shedeur Sanders,CLE,CHI,QB,2026,PRE,1,3.5,1.95,ELITE,0.543,NFL_PASS_TD_V1
00-0040668,Shedeur Sanders,CLE,CHI,QB,2026,PRE,1,4.0,1.95,ELITE,0.543,NFL_PASS_TD_V1
00-0040668,Shedeur Sanders,CLE,CHI,QB,2026,PRE,1,4.5,0.76,HIGH,0.543,NFL_PASS_TD_V1
00-0040673,Jalen Milroe,SEA,DAL,QB,2026,PRE,1,0.5,49.66,ELITE,0.871,NFL_PASS_TD_V1
00-0040673,Jalen Milroe,SEA,DAL,QB,2026,PRE,1,1.0,49.66,ELITE,0.871,NFL_PASS_TD_V1
00-0040673,Jalen Milroe,SEA,DAL,QB,2026,PRE,1,1.5,21.93,ELITE,0.871,NFL_PASS_TD_V1
00-0040673,Jalen Milroe,SEA,DAL,QB,2026,PRE,1,2.0,21.93,ELITE,0.871,NFL_PASS_TD_V1
00-0040673,Jalen Milroe,SEA,DAL,QB,2026,PRE,1,2.5,9.27,ELITE,0.871,NFL_PASS_TD_V1
00-0040673,Jalen Milroe,SEA,DAL,QB,2026,PRE,1,3.0,9.27,ELITE,0.871,NFL_PASS_TD_V1
00-0040673,Jalen Milroe,SEA,DAL,QB,2026,PRE,1,3.5,3.86,ELITE,0.871,NFL_PASS_TD_V1
00-0040673,Jalen Milroe,SEA,DAL,QB,2026,PRE,1,4.0,3.86,ELITE,0.871,NFL_PASS_TD_V1
00-0040673,Jalen Milroe,SEA,DAL,QB,2026,PRE,1,4.5,1.58,ELITE,0.871,NFL_PASS_TD_V1
00-0040676,Cam Ward,TEN,SF,QB,2026,PRE,1,0.5,48.51,ELITE,0.745,NFL_PASS_TD_V1
00-0040676,Cam Ward,TEN,SF,QB,2026,PRE,1,1.0,48.51,ELITE,0.745,NFL_PASS_TD_V1
00-0040676,Cam Ward,TEN,SF,QB,2026,PRE,1,1.5,17.99,ELITE,0.745,NFL_PASS_TD_V1
00-0040676,Cam Ward,TEN,SF,QB,2026,PRE,1,2.0,17.99,ELITE,0.745,NFL_PASS_TD_V1
00-0040676,Cam Ward,TEN,SF,QB,2026,PRE,1,2.5,5.77,ELITE,0.745,NFL_PASS_TD_V1
00-0040676,Cam Ward,TEN,SF,QB,2026,PRE,1,3.0,5.77,ELITE,0.745,NFL_PASS_TD_V1
00-0040676,Cam Ward,TEN,SF,QB,2026,PRE,1,3.5,1.64,ELITE,0.745,NFL_PASS_TD_V1
00-0040676,Cam Ward,TEN,SF,QB,2026,PRE,1,4.0,1.64,ELITE,0.745,NFL_PASS_TD_V1
00-0040676,Cam Ward,TEN,SF,QB,2026,PRE,1,4.5,0.44,COIN FLIP,0.745,NFL_PASS_TD_V1
00-0040691,Jaxson Dart,NYG,MIN,QB,2026,PRE,1,0.5,35.52,ELITE,0.595,NFL_PASS_TD_V1
00-0040691,Jaxson Dart,NYG,MIN,QB,2026,PRE,1,1.0,35.52,ELITE,0.595,NFL_PASS_TD_V1
00-0040691,Jaxson Dart,NYG,MIN,QB,2026,PRE,1,1.5,14.06,ELITE,0.595,NFL_PASS_TD_V1
00-0040691,Jaxson Dart,NYG,MIN,QB,2026,PRE,1,2.0,14.06,ELITE,0.595,NFL_PASS_TD_V1
00-0040691,Jaxson Dart,NYG,MIN,QB,2026,PRE,1,2.5,5.8,ELITE,0.595,NFL_PASS_TD_V1
00-0040691,Jaxson Dart,NYG,MIN,QB,2026,PRE,1,3.0,5.8,ELITE,0.595,NFL_PASS_TD_V1
00-0040691,Jaxson Dart,NYG,MIN,QB,2026,PRE,1,3.5,2.41,ELITE,0.595,NFL_PASS_TD_V1
00-0040691,Jaxson Dart,NYG,MIN,QB,2026,PRE,1,4.0,2.41,ELITE,0.595,NFL_PASS_TD_V1
00-0040691,Jaxson Dart,NYG,MIN,QB,2026,PRE,1,4.5,1.04,ELITE,0.595,NFL_PASS_TD_V1
00-0040704,Dillon Gabriel,CLE,CHI,QB,2026,PRE,1,0.5,31.3,ELITE,0.485,NFL_PASS_TD_V1
00-0040704,Dillon Gabriel,CLE,CHI,QB,2026,PRE,1,1.0,31.3,ELITE,0.485,NFL_PASS_TD_V1
00-0040704,Dillon Gabriel,CLE,CHI,QB,2026,PRE,1,1.5,11.0,ELITE,0.485,NFL_PASS_TD_V1
00-0040704,Dillon Gabriel,CLE,CHI,QB,2026,PRE,1,2.0,11.0,ELITE,0.485,NFL_PASS_TD_V1
00-0040704,Dillon Gabriel,CLE,CHI,QB,2026,PRE,1,2.5,3.98,ELITE,0.485,NFL_PASS_TD_V1
00-0040704,Dillon Gabriel,CLE,CHI,QB,2026,PRE,1,3.0,3.98,ELITE,0.485,NFL_PASS_TD_V1
00-0040704,Dillon Gabriel,CLE,CHI,QB,2026,PRE,1,3.5,1.45,ELITE,0.485,NFL_PASS_TD_V1
00-0040704,Dillon Gabriel,CLE,CHI,QB,2026,PRE,1,4.0,1.45,ELITE,0.485,NFL_PASS_TD_V1
00-0040704,Dillon Gabriel,CLE,CHI,QB,2026,PRE,1,4.5,0.51,LEAN,0.485,NFL_PASS_TD_V1
00-0040743,Tyler Shough,NO,JAX,QB,2026,PRE,1,0.5,37.07,ELITE,0.595,NFL_PASS_TD_V1
00-0040743,Tyler Shough,NO,JAX,QB,2026,PRE,1,1.0,37.07,ELITE,0.595,NFL_PASS_TD_V1
00-0040743,Tyler Shough,NO,JAX,QB,2026,PRE,1,1.5,13.96,ELITE,0.595,NFL_PASS_TD_V1
00-0040743,Tyler Shough,NO,JAX,QB,2026,PRE,1,2.0,13.96,ELITE,0.595,NFL_PASS_TD_V1
00-0040743,Tyler Shough,NO,JAX,QB,2026,PRE,1,2.5,5.23,ELITE,0.595,NFL_PASS_TD_V1
00-0040743,Tyler Shough,NO,JAX,QB,2026,PRE,1,3.0,5.23,ELITE,0.595,NFL_PASS_TD_V1
00-0040743,Tyler Shough,NO,JAX,QB,2026,PRE,1,3.5,2.0,ELITE,0.595,NFL_PASS_TD_V1
00-0040743,Tyler Shough,NO,JAX,QB,2026,PRE,1,4.0,2.0,ELITE,0.595,NFL_PASS_TD_V1
00-0040743,Tyler Shough,NO,JAX,QB,2026,PRE,1,4.5,0.76,HIGH,0.595,NFL_PASS_TD_V1
00-0040891,Cole Payton,PHI,BAL,QB,2026,PRE,1,0.5,37.7,ELITE,0.659,NFL_PASS_TD_V1
00-0040891,Cole Payton,PHI,BAL,QB,2026,PRE,1,1.0,37.7,ELITE,0.659,NFL_PASS_TD_V1
00-0040891,Cole Payton,PHI,BAL,QB,2026,PRE,1,1.5,15.89,ELITE,0.659,NFL_PASS_TD_V1
00-0040891,Cole Payton,PHI,BAL,QB,2026,PRE,1,2.0,15.89,ELITE,0.659,NFL_PASS_TD_V1
00-0040891,Cole Payton,PHI,BAL,QB,2026,PRE,1,2.5,6.94,ELITE,0.659,NFL_PASS_TD_V1
00-0040891,Cole Payton,PHI,BAL,QB,2026,PRE,1,3.0,6.94,ELITE,0.659,NFL_PASS_TD_V1
00-0040891,Cole Payton,PHI,BAL,QB,2026,PRE,1,3.5,3.11,ELITE,0.659,NFL_PASS_TD_V1
00-0040891,Cole Payton,PHI,BAL,QB,2026,PRE,1,4.0,3.11,ELITE,0.659,NFL_PASS_TD_V1
00-0040891,Cole Payton,PHI,BAL,QB,2026,PRE,1,4.5,1.39,ELITE,0.659,NFL_PASS_TD_V1
00-0040906,Garrett Nussmeier,KC,LAR,QB,2026,PRE,1,0.5,49.41,ELITE,0.87,NFL_PASS_TD_V1
00-0040906,Garrett Nussmeier,KC,LAR,QB,2026,PRE,1,1.0,49.41,ELITE,0.87,NFL_PASS_TD_V1
00-0040906,Garrett Nussmeier,KC,LAR,QB,2026,PRE,1,1.5,21.92,ELITE,0.87,NFL_PASS_TD_V1
00-0040906,Garrett Nussmeier,KC,LAR,QB,2026,PRE,1,2.0,21.92,ELITE,0.87,NFL_PASS_TD_V1
00-0040906,Garrett Nussmeier,KC,LAR,QB,2026,PRE,1,2.5,9.34,ELITE,0.87,NFL_PASS_TD_V1
00-0040906,Garrett Nussmeier,KC,LAR,QB,2026,PRE,1,3.0,9.34,ELITE,0.87,NFL_PASS_TD_V1
00-0040906,Garrett Nussmeier,KC,LAR,QB,2026,PRE,1,3.5,3.86,ELITE,0.87,NFL_PASS_TD_V1
00-0040906,Garrett Nussmeier,KC,LAR,QB,2026,PRE,1,4.0,3.86,ELITE,0.87,NFL_PASS_TD_V1
00-0040906,Garrett Nussmeier,KC,LAR,QB,2026,PRE,1,4.5,1.62,ELITE,0.87,NFL_PASS_TD_V1
00-0040942,Kyron Drones,GB,PIT,QB,2026,PRE,1,0.5,51.72,ELITE,0.91,NFL_PASS_TD_V1
00-0040942,Kyron Drones,GB,PIT,QB,2026,PRE,1,1.0,51.72,ELITE,0.91,NFL_PASS_TD_V1
00-0040942,Kyron Drones,GB,PIT,QB,2026,PRE,1,1.5,23.24,ELITE,0.91,NFL_PASS_TD_V1
00-0040942,Kyron Drones,GB,PIT,QB,2026,PRE,1,2.0,23.24,ELITE,0.91,NFL_PASS_TD_V1
00-0040942,Kyron Drones,GB,PIT,QB,2026,PRE,1,2.5,9.78,ELITE,0.91,NFL_PASS_TD_V1
00-0040942,Kyron Drones,GB,PIT,QB,2026,PRE,1,3.0,9.78,ELITE,0.91,NFL_PASS_TD_V1
00-0040942,Kyron Drones,GB,PIT,QB,2026,PRE,1,3.5,3.92,ELITE,0.91,NFL_PASS_TD_V1
00-0040942,Kyron Drones,GB,PIT,QB,2026,PRE,1,4.0,3.92,ELITE,0.91,NFL_PASS_TD_V1
00-0040942,Kyron Drones,GB,PIT,QB,2026,PRE,1,4.5,1.56,ELITE,0.91,NFL_PASS_TD_V1
00-0040981,Joe Fagnano,BAL,PHI,QB,2026,PRE,1,0.5,50.22,ELITE,0.882,NFL_PASS_TD_V1
00-0040981,Joe Fagnano,BAL,PHI,QB,2026,PRE,1,1.0,50.22,ELITE,0.882,NFL_PASS_TD_V1
00-0040981,Joe Fagnano,BAL,PHI,QB,2026,PRE,1,1.5,22.37,ELITE,0.882,NFL_PASS_TD_V1
00-0040981,Joe Fagnano,BAL,PHI,QB,2026,PRE,1,2.0,22.37,ELITE,0.882,NFL_PASS_TD_V1
00-0040981,Joe Fagnano,BAL,PHI,QB,2026,PRE,1,2.5,9.42,ELITE,0.882,NFL_PASS_TD_V1
00-0040981,Joe Fagnano,BAL,PHI,QB,2026,PRE,1,3.0,9.42,ELITE,0.882,NFL_PASS_TD_V1
00-0040981,Joe Fagnano,BAL,PHI,QB,2026,PRE,1,3.5,3.88,ELITE,0.882,NFL_PASS_TD_V1
00-0040981,Joe Fagnano,BAL,PHI,QB,2026,PRE,1,4.0,3.88,ELITE,0.882,NFL_PASS_TD_V1
00-0040981,Joe Fagnano,BAL,PHI,QB,2026,PRE,1,4.5,1.53,ELITE,0.882,NFL_PASS_TD_V1
00-0040985,Diego Pavia,BAL,PHI,QB,2026,PRE,1,0.5,50.22,ELITE,0.881,NFL_PASS_TD_V1
00-0040985,Diego Pavia,BAL,PHI,QB,2026,PRE,1,1.0,50.22,ELITE,0.881,NFL_PASS_TD_V1
00-0040985,Diego Pavia,BAL,PHI,QB,2026,PRE,1,1.5,22.37,ELITE,0.881,NFL_PASS_TD_V1
00-0040985,Diego Pavia,BAL,PHI,QB,2026,PRE,1,2.0,22.37,ELITE,0.881,NFL_PASS_TD_V1
00-0040985,Diego Pavia,BAL,PHI,QB,2026,PRE,1,2.5,9.27,ELITE,0.881,NFL_PASS_TD_V1
00-0040985,Diego Pavia,BAL,PHI,QB,2026,PRE,1,3.0,9.27,ELITE,0.881,NFL_PASS_TD_V1
00-0040985,Diego Pavia,BAL,PHI,QB,2026,PRE,1,3.5,3.8,ELITE,0.881,NFL_PASS_TD_V1
00-0040985,Diego Pavia,BAL,PHI,QB,2026,PRE,1,4.0,3.8,ELITE,0.881,NFL_PASS_TD_V1
00-0040985,Diego Pavia,BAL,PHI,QB,2026,PRE,1,4.5,1.57,ELITE,0.881,NFL_PASS_TD_V1
00-0040996,Jacob Clark,LV,ARI,QB,2026,PRE,1,0.5,43.65,ELITE,0.777,NFL_PASS_TD_V1
00-0040996,Jacob Clark,LV,ARI,QB,2026,PRE,1,1.0,43.65,ELITE,0.777,NFL_PASS_TD_V1
00-0040996,Jacob Clark,LV,ARI,QB,2026,PRE,1,1.5,19.04,ELITE,0.777,NFL_PASS_TD_V1
00-0040996,Jacob Clark,LV,ARI,QB,2026,PRE,1,2.0,19.04,ELITE,0.777,NFL_PASS_TD_V1
00-0040996,Jacob Clark,LV,ARI,QB,2026,PRE,1,2.5,8.45,ELITE,0.777,NFL_PASS_TD_V1
00-0040996,Jacob Clark,LV,ARI,QB,2026,PRE,1,3.0,8.45,ELITE,0.777,NFL_PASS_TD_V1
00-0040996,Jacob Clark,LV,ARI,QB,2026,PRE,1,3.5,3.81,ELITE,0.777,NFL_PASS_TD_V1
00-0040996,Jacob Clark,LV,ARI,QB,2026,PRE,1,4.0,3.81,ELITE,0.777,NFL_PASS_TD_V1
00-0040996,Jacob Clark,LV,ARI,QB,2026,PRE,1,4.5,1.67,ELITE,0.777,NFL_PASS_TD_V1
00-0041056,Cade Klubnik,NYJ,TB,QB,2026,PRE,1,0.5,47.16,ELITE,0.832,NFL_PASS_TD_V1
00-0041056,Cade Klubnik,NYJ,TB,QB,2026,PRE,1,1.0,47.16,ELITE,0.832,NFL_PASS_TD_V1
00-0041056,Cade Klubnik,NYJ,TB,QB,2026,PRE,1,1.5,20.84,ELITE,0.832,NFL_PASS_TD_V1
00-0041056,Cade Klubnik,NYJ,TB,QB,2026,PRE,1,2.0,20.84,ELITE,0.832,NFL_PASS_TD_V1
00-0041056,Cade Klubnik,NYJ,TB,QB,2026,PRE,1,2.5,8.99,ELITE,0.832,NFL_PASS_TD_V1
00-0041056,Cade Klubnik,NYJ,TB,QB,2026,PRE,1,3.0,8.99,ELITE,0.832,NFL_PASS_TD_V1
00-0041056,Cade Klubnik,NYJ,TB,QB,2026,PRE,1,3.5,3.73,ELITE,0.832,NFL_PASS_TD_V1
00-0041056,Cade Klubnik,NYJ,TB,QB,2026,PRE,1,4.0,3.73,ELITE,0.832,NFL_PASS_TD_V1
00-0041056,Cade Klubnik,NYJ,TB,QB,2026,PRE,1,4.5,1.59,ELITE,0.832,NFL_PASS_TD_V1
00-0041092,Taylen Green,CLE,CHI,QB,2026,PRE,1,0.5,37.46,ELITE,0.65,NFL_PASS_TD_V1
00-0041092,Taylen Green,CLE,CHI,QB,2026,PRE,1,1.0,37.46,ELITE,0.65,NFL_PASS_TD_V1
00-0041092,Taylen Green,CLE,CHI,QB,2026,PRE,1,1.5,15.61,ELITE,0.65,NFL_PASS_TD_V1
00-0041092,Taylen Green,CLE,CHI,QB,2026,PRE,1,2.0,15.61,ELITE,0.65,NFL_PASS_TD_V1
00-0041092,Taylen Green,CLE,CHI,QB,2026,PRE,1,2.5,6.78,ELITE,0.65,NFL_PASS_TD_V1
00-0041092,Taylen Green,CLE,CHI,QB,2026,PRE,1,3.0,6.78,ELITE,0.65,NFL_PASS_TD_V1
00-0041092,Taylen Green,CLE,CHI,QB,2026,PRE,1,3.5,3.0,ELITE,0.65,NFL_PASS_TD_V1
00-0041092,Taylen Green,CLE,CHI,QB,2026,PRE,1,4.0,3.0,ELITE,0.65,NFL_PASS_TD_V1
00-0041092,Taylen Green,CLE,CHI,QB,2026,PRE,1,4.5,1.33,ELITE,0.65,NFL_PASS_TD_V1
00-0041117,Athan Kaliakmanis,WAS,MIA,QB,2026,PRE,1,0.5,45.95,ELITE,0.814,NFL_PASS_TD_V1
00-0041117,Athan Kaliakmanis,WAS,MIA,QB,2026,PRE,1,1.0,45.95,ELITE,0.814,NFL_PASS_TD_V1
00-0041117,Athan Kaliakmanis,WAS,MIA,QB,2026,PRE,1,1.5,20.33,ELITE,0.814,NFL_PASS_TD_V1
00-0041117,Athan Kaliakmanis,WAS,MIA,QB,2026,PRE,1,2.0,20.33,ELITE,0.814,NFL_PASS_TD_V1
00-0041117,Athan Kaliakmanis,WAS,MIA,QB,2026,PRE,1,2.5,8.77,ELITE,0.814,NFL_PASS_TD_V1
00-0041117,Athan Kaliakmanis,WAS,MIA,QB,2026,PRE,1,3.0,8.77,ELITE,0.814,NFL_PASS_TD_V1
00-0041117,Athan Kaliakmanis,WAS,MIA,QB,2026,PRE,1,3.5,3.73,ELITE,0.814,NFL_PASS_TD_V1
00-0041117,Athan Kaliakmanis,WAS,MIA,QB,2026,PRE,1,4.0,3.73,ELITE,0.814,NFL_PASS_TD_V1
00-0041117,Athan Kaliakmanis,WAS,MIA,QB,2026,PRE,1,4.5,1.61,ELITE,0.814,NFL_PASS_TD_V1
00-0041123,Behren Morton,NE,IND,QB,2026,PRE,1,0.5,40.04,ELITE,0.719,NFL_PASS_TD_V1
00-0041123,Behren Morton,NE,IND,QB,2026,PRE,1,1.0,40.04,ELITE,0.719,NFL_PASS_TD_V1
00-0041123,Behren Morton,NE,IND,QB,2026,PRE,1,1.5,17.59,ELITE,0.719,NFL_PASS_TD_V1
00-0041123,Behren Morton,NE,IND,QB,2026,PRE,1,2.0,17.59,ELITE,0.719,NFL_PASS_TD_V1
00-0041123,Behren Morton,NE,IND,QB,2026,PRE,1,2.5,7.83,ELITE,0.719,NFL_PASS_TD_V1
00-0041123,Behren Morton,NE,IND,QB,2026,PRE,1,3.0,7.83,ELITE,0.719,NFL_PASS_TD_V1
00-0041123,Behren Morton,NE,IND,QB,2026,PRE,1,3.5,3.53,ELITE,0.719,NFL_PASS_TD_V1
00-0041123,Behren Morton,NE,IND,QB,2026,PRE,1,4.0,3.53,ELITE,0.719,NFL_PASS_TD_V1
00-0041123,Behren Morton,NE,IND,QB,2026,PRE,1,4.5,1.67,ELITE,0.719,NFL_PASS_TD_V1
00-0041149,Haynes King,CAR,BUF,QB,2026,PRE,1,0.5,39.16,ELITE,0.698,NFL_PASS_TD_V1
00-0041149,Haynes King,CAR,BUF,QB,2026,PRE,1,1.0,39.16,ELITE,0.698,NFL_PASS_TD_V1
00-0041149,Haynes King,CAR,BUF,QB,2026,PRE,1,1.5,16.88,ELITE,0.698,NFL_PASS_TD_V1
00-0041149,Haynes King,CAR,BUF,QB,2026,PRE,1,2.0,16.88,ELITE,0.698,NFL_PASS_TD_V1
00-0041149,Haynes King,CAR,BUF,QB,2026,PRE,1,2.5,7.58,ELITE,0.698,NFL_PASS_TD_V1
00-0041149,Haynes King,CAR,BUF,QB,2026,PRE,1,3.0,7.58,ELITE,0.698,NFL_PASS_TD_V1
00-0041149,Haynes King,CAR,BUF,QB,2026,PRE,1,3.5,3.51,ELITE,0.698,NFL_PASS_TD_V1
00-0041149,Haynes King,CAR,BUF,QB,2026,PRE,1,4.0,3.51,ELITE,0.698,NFL_PASS_TD_V1
00-0041149,Haynes King,CAR,BUF,QB,2026,PRE,1,4.5,1.61,ELITE,0.698,NFL_PASS_TD_V1
00-0041156,Mark Gronowski,MIA,WAS,QB,2026,PRE,1,0.5,48.63,ELITE,0.859,NFL_PASS_TD_V1
00-0041156,Mark Gronowski,MIA,WAS,QB,2026,PRE,1,1.0,48.63,ELITE,0.859,NFL_PASS_TD_V1
00-0041156,Mark Gronowski,MIA,WAS,QB,2026,PRE,1,1.5,21.65,ELITE,0.859,NFL_PASS_TD_V1
00-0041156,Mark Gronowski,MIA,WAS,QB,2026,PRE,1,2.0,21.65,ELITE,0.859,NFL_PASS_TD_V1
00-0041156,Mark Gronowski,MIA,WAS,QB,2026,PRE,1,2.5,9.23,ELITE,0.859,NFL_PASS_TD_V1
00-0041156,Mark Gronowski,MIA,WAS,QB,2026,PRE,1,3.0,9.23,ELITE,0.859,NFL_PASS_TD_V1
00-0041156,Mark Gronowski,MIA,WAS,QB,2026,PRE,1,3.5,3.82,ELITE,0.859,NFL_PASS_TD_V1
00-0041156,Mark Gronowski,MIA,WAS,QB,2026,PRE,1,4.0,3.82,ELITE,0.859,NFL_PASS_TD_V1
00-0041156,Mark Gronowski,MIA,WAS,QB,2026,PRE,1,4.5,1.61,ELITE,0.859,NFL_PASS_TD_V1
00-0041172,Miller Moss,CHI,CLE,QB,2026,PRE,1,0.5,44.13,ELITE,0.787,NFL_PASS_TD_V1
00-0041172,Miller Moss,CHI,CLE,QB,2026,PRE,1,1.0,44.13,ELITE,0.787,NFL_PASS_TD_V1
00-0041172,Miller Moss,CHI,CLE,QB,2026,PRE,1,1.5,19.52,ELITE,0.787,NFL_PASS_TD_V1
00-0041172,Miller Moss,CHI,CLE,QB,2026,PRE,1,2.0,19.52,ELITE,0.787,NFL_PASS_TD_V1
00-0041172,Miller Moss,CHI,CLE,QB,2026,PRE,1,2.5,8.61,ELITE,0.787,NFL_PASS_TD_V1
00-0041172,Miller Moss,CHI,CLE,QB,2026,PRE,1,3.0,8.61,ELITE,0.787,NFL_PASS_TD_V1
00-0041172,Miller Moss,CHI,CLE,QB,2026,PRE,1,3.5,3.76,ELITE,0.787,NFL_PASS_TD_V1
00-0041172,Miller Moss,CHI,CLE,QB,2026,PRE,1,4.0,3.76,ELITE,0.787,NFL_PASS_TD_V1
00-0041172,Miller Moss,CHI,CLE,QB,2026,PRE,1,4.5,1.65,ELITE,0.787,NFL_PASS_TD_V1
00-0041194,Jack Strand,ATL,DEN,QB,2026,PRE,1,0.5,36.7,ELITE,0.627,NFL_PASS_TD_V1
00-0041194,Jack Strand,ATL,DEN,QB,2026,PRE,1,1.0,36.7,ELITE,0.627,NFL_PASS_TD_V1
00-0041194,Jack Strand,ATL,DEN,QB,2026,PRE,1,1.5,14.99,ELITE,0.627,NFL_PASS_TD_V1
00-0041194,Jack Strand,ATL,DEN,QB,2026,PRE,1,2.0,14.99,ELITE,0.627,NFL_PASS_TD_V1
00-0041194,Jack Strand,ATL,DEN,QB,2026,PRE,1,2.5,6.26,ELITE,0.627,NFL_PASS_TD_V1
00-0041194,Jack Strand,ATL,DEN,QB,2026,PRE,1,3.0,6.26,ELITE,0.627,NFL_PASS_TD_V1
00-0041194,Jack Strand,ATL,DEN,QB,2026,PRE,1,3.5,2.76,ELITE,0.627,NFL_PASS_TD_V1
00-0041194,Jack Strand,ATL,DEN,QB,2026,PRE,1,4.0,2.76,ELITE,0.627,NFL_PASS_TD_V1
00-0041194,Jack Strand,ATL,DEN,QB,2026,PRE,1,4.5,1.19,ELITE,0.627,NFL_PASS_TD_V1
00-0041203,Joey Aguilar,JAX,NO,QB,2026,PRE,1,0.5,38.97,ELITE,0.69,NFL_PASS_TD_V1
00-0041203,Joey Aguilar,JAX,NO,QB,2026,PRE,1,1.0,38.97,ELITE,0.69,NFL_PASS_TD_V1
00-0041203,Joey Aguilar,JAX,NO,QB,2026,PRE,1,1.5,16.83,ELITE,0.69,NFL_PASS_TD_V1
00-0041203,Joey Aguilar,JAX,NO,QB,2026,PRE,1,2.0,16.83,ELITE,0.69,NFL_PASS_TD_V1
00-0041203,Joey Aguilar,JAX,NO,QB,2026,PRE,1,2.5,7.37,ELITE,0.69,NFL_PASS_TD_V1
00-0041203,Joey Aguilar,JAX,NO,QB,2026,PRE,1,3.0,7.37,ELITE,0.69,NFL_PASS_TD_V1
00-0041203,Joey Aguilar,JAX,NO,QB,2026,PRE,1,3.5,3.3,ELITE,0.69,NFL_PASS_TD_V1
00-0041203,Joey Aguilar,JAX,NO,QB,2026,PRE,1,4.0,3.3,ELITE,0.69,NFL_PASS_TD_V1
00-0041203,Joey Aguilar,JAX,NO,QB,2026,PRE,1,4.5,1.49,ELITE,0.69,NFL_PASS_TD_V1
00-0041251,Jalon Daniels,TB,NYJ,QB,2026,PRE,1,0.5,49.38,ELITE,0.866,NFL_PASS_TD_V1
00-0041251,Jalon Daniels,TB,NYJ,QB,2026,PRE,1,1.0,49.38,ELITE,0.866,NFL_PASS_TD_V1
00-0041251,Jalon Daniels,TB,NYJ,QB,2026,PRE,1,1.5,21.78,ELITE,0.866,NFL_PASS_TD_V1
00-0041251,Jalon Daniels,TB,NYJ,QB,2026,PRE,1,2.0,21.78,ELITE,0.866,NFL_PASS_TD_V1
00-0041251,Jalon Daniels,TB,NYJ,QB,2026,PRE,1,2.5,9.3,ELITE,0.866,NFL_PASS_TD_V1
00-0041251,Jalon Daniels,TB,NYJ,QB,2026,PRE,1,3.0,9.3,ELITE,0.866,NFL_PASS_TD_V1
00-0041251,Jalon Daniels,TB,NYJ,QB,2026,PRE,1,3.5,3.7,ELITE,0.866,NFL_PASS_TD_V1
00-0041251,Jalon Daniels,TB,NYJ,QB,2026,PRE,1,4.0,3.7,ELITE,0.866,NFL_PASS_TD_V1
00-0041251,Jalon Daniels,TB,NYJ,QB,2026,PRE,1,4.5,1.54,ELITE,0.866,NFL_PASS_TD_V1
00-0041414,Matthew Caldwell,LAR,KC,QB,2026,PRE,1,0.5,47.83,ELITE,0.84,NFL_PASS_TD_V1
00-0041414,Matthew Caldwell,LAR,KC,QB,2026,PRE,1,1.0,47.83,ELITE,0.84,NFL_PASS_TD_V1
00-0041414,Matthew Caldwell,LAR,KC,QB,2026,PRE,1,1.5,20.95,ELITE,0.84,NFL_PASS_TD_V1
00-0041414,Matthew Caldwell,LAR,KC,QB,2026,PRE,1,2.0,20.95,ELITE,0.84,NFL_PASS_TD_V1
00-0041414,Matthew Caldwell,LAR,KC,QB,2026,PRE,1,2.5,8.97,ELITE,0.84,NFL_PASS_TD_V1
00-0041414,Matthew Caldwell,LAR,KC,QB,2026,PRE,1,3.0,8.97,ELITE,0.84,NFL_PASS_TD_V1
00-0041414,Matthew Caldwell,LAR,KC,QB,2026,PRE,1,3.5,3.77,ELITE,0.84,NFL_PASS_TD_V1
00-0041414,Matthew Caldwell,LAR,KC,QB,2026,PRE,1,4.0,3.77,ELITE,0.84,NFL_PASS_TD_V1
00-0041414,Matthew Caldwell,LAR,KC,QB,2026,PRE,1,4.5,1.57,ELITE,0.84,NFL_PASS_TD_V1
00-0041453,Luke Altmyer,DET,CIN,QB,2026,PRE,1,0.5,57.85,ELITE,1.014,NFL_PASS_TD_V1
00-0041453,Luke Altmyer,DET,CIN,QB,2026,PRE,1,1.0,57.85,ELITE,1.014,NFL_PASS_TD_V1
00-0041453,Luke Altmyer,DET,CIN,QB,2026,PRE,1,1.5,26.64,ELITE,1.014,NFL_PASS_TD_V1
00-0041453,Luke Altmyer,DET,CIN,QB,2026,PRE,1,2.0,26.64,ELITE,1.014,NFL_PASS_TD_V1
00-0041453,Luke Altmyer,DET,CIN,QB,2026,PRE,1,2.5,10.79,ELITE,1.014,NFL_PASS_TD_V1
00-0041453,Luke Altmyer,DET,CIN,QB,2026,PRE,1,3.0,10.79,ELITE,1.014,NFL_PASS_TD_V1
00-0041453,Luke Altmyer,DET,CIN,QB,2026,PRE,1,3.5,4.04,ELITE,1.014,NFL_PASS_TD_V1
00-0041453,Luke Altmyer,DET,CIN,QB,2026,PRE,1,4.0,4.04,ELITE,1.014,NFL_PASS_TD_V1
00-0041453,Luke Altmyer,DET,CIN,QB,2026,PRE,1,4.5,1.48,ELITE,1.014,NFL_PASS_TD_V1
00-0041562,Fernando Mendoza,LV,ARI,QB,2026,PRE,1,0.5,43.46,ELITE,0.773,NFL_PASS_TD_V1
00-0041562,Fernando Mendoza,LV,ARI,QB,2026,PRE,1,1.0,43.46,ELITE,0.773,NFL_PASS_TD_V1
00-0041562,Fernando Mendoza,LV,ARI,QB,2026,PRE,1,1.5,19.06,ELITE,0.773,NFL_PASS_TD_V1
00-0041562,Fernando Mendoza,LV,ARI,QB,2026,PRE,1,2.0,19.06,ELITE,0.773,NFL_PASS_TD_V1
00-0041562,Fernando Mendoza,LV,ARI,QB,2026,PRE,1,2.5,8.44,ELITE,0.773,NFL_PASS_TD_V1
00-0041562,Fernando Mendoza,LV,ARI,QB,2026,PRE,1,3.0,8.44,ELITE,0.773,NFL_PASS_TD_V1
00-0041562,Fernando Mendoza,LV,ARI,QB,2026,PRE,1,3.5,3.69,ELITE,0.773,NFL_PASS_TD_V1
00-0041562,Fernando Mendoza,LV,ARI,QB,2026,PRE,1,4.0,3.69,ELITE,0.773,NFL_PASS_TD_V1
00-0041562,Fernando Mendoza,LV,ARI,QB,2026,PRE,1,4.5,1.61,ELITE,0.773,NFL_PASS_TD_V1
00-0041568,Ty Simpson,LAR,KC,QB,2026,PRE,1,0.5,47.86,ELITE,0.842,NFL_PASS_TD_V1
00-0041568,Ty Simpson,LAR,KC,QB,2026,PRE,1,1.0,47.86,ELITE,0.842,NFL_PASS_TD_V1
00-0041568,Ty Simpson,LAR,KC,QB,2026,PRE,1,1.5,21.1,ELITE,0.842,NFL_PASS_TD_V1
00-0041568,Ty Simpson,LAR,KC,QB,2026,PRE,1,2.0,21.1,ELITE,0.842,NFL_PASS_TD_V1
00-0041568,Ty Simpson,LAR,KC,QB,2026,PRE,1,2.5,9.03,ELITE,0.842,NFL_PASS_TD_V1
00-0041568,Ty Simpson,LAR,KC,QB,2026,PRE,1,3.0,9.03,ELITE,0.842,NFL_PASS_TD_V1
00-0041568,Ty Simpson,LAR,KC,QB,2026,PRE,1,3.5,3.74,ELITE,0.842,NFL_PASS_TD_V1
00-0041568,Ty Simpson,LAR,KC,QB,2026,PRE,1,4.0,3.74,ELITE,0.842,NFL_PASS_TD_V1
00-0041568,Ty Simpson,LAR,KC,QB,2026,PRE,1,4.5,1.59,ELITE,0.842,NFL_PASS_TD_V1
00-0041565,Drew Allar,PIT,GB,QB,2026,PRE,1,0.5,41.37,ELITE,0.742,NFL_PASS_TD_V1
00-0041565,Drew Allar,PIT,GB,QB,2026,PRE,1,1.0,41.37,ELITE,0.742,NFL_PASS_TD_V1
00-0041565,Drew Allar,PIT,GB,QB,2026,PRE,1,1.5,18.21,ELITE,0.742,NFL_PASS_TD_V1
00-0041565,Drew Allar,PIT,GB,QB,2026,PRE,1,2.0,18.21,ELITE,0.742,NFL_PASS_TD_V1
00-0041565,Drew Allar,PIT,GB,QB,2026,PRE,1,2.5,8.17,ELITE,0.742,NFL_PASS_TD_V1
00-0041565,Drew Allar,PIT,GB,QB,2026,PRE,1,3.0,8.17,ELITE,0.742,NFL_PASS_TD_V1
00-0041565,Drew Allar,PIT,GB,QB,2026,PRE,1,3.5,3.7,ELITE,0.742,NFL_PASS_TD_V1
00-0041565,Drew Allar,PIT,GB,QB,2026,PRE,1,4.0,3.7,ELITE,0.742,NFL_PASS_TD_V1
00-0041565,Drew Allar,PIT,GB,QB,2026,PRE,1,4.5,1.65,ELITE,0.742,NFL_PASS_TD_V1
