rank,model_season,season_type,target_week,target_slate,player_id,player_name,team,opponent,home_away,game_date,roster_status,years_exp,jersey_number,projection_source,prior_context,team_prior_attempts,team_prior_ypa,team_prior_yards,games_sample,normal_projected_attempts,projected_attempts,preseason_usage_source,preseason_usage_bucket,projected_ypa,projected_passing_yards,model_std,last_5_avg,last_10_avg,last_15_avg,sim_p10,sim_p25,sim_median,sim_p75,sim_p90,ladder_yards,probability_pct,grade
1,2026,PRE,0,2026 Hall of Fame Game,00-0041561,Carson Beck,ARI,CAR,home,2026-08-06T17:00:00-07:00,RES,0,19.0,TEAM_PRIOR_NO_NFL_HISTORY,TEAM_BLEND,31.5,6.83,215.0,0,31.5,18.0,AUTO_PRESEASON_USAGE,rookie,6.83,136.7,57.4,,,,62.7,97.7,136.4,175.3,210.2,100,73.7,HIGH
1,2026,PRE,0,2026 Hall of Fame Game,00-0041561,Carson Beck,ARI,CAR,home,2026-08-06T17:00:00-07:00,RES,0,19.0,TEAM_PRIOR_NO_NFL_HISTORY,TEAM_BLEND,31.5,6.83,215.0,0,31.5,18.0,AUTO_PRESEASON_USAGE,rookie,6.83,136.7,57.4,,,,62.7,97.7,136.4,175.3,210.2,110,67.8,SOLID
1,2026,PRE,0,2026 Hall of Fame Game,00-0041561,Carson Beck,ARI,CAR,home,2026-08-06T17:00:00-07:00,RES,0,19.0,TEAM_PRIOR_NO_NFL_HISTORY,TEAM_BLEND,31.5,6.83,215.0,0,31.5,18.0,AUTO_PRESEASON_USAGE,rookie,6.83,136.7,57.4,,,,62.7,97.7,136.4,175.3,210.2,120,61.4,SOLID
1,2026,PRE,0,2026 Hall of Fame Game,00-0041561,Carson Beck,ARI,CAR,home,2026-08-06T17:00:00-07:00,RES,0,19.0,TEAM_PRIOR_NO_NFL_HISTORY,TEAM_BLEND,31.5,6.83,215.0,0,31.5,18.0,AUTO_PRESEASON_USAGE,rookie,6.83,136.7,57.4,,,,62.7,97.7,136.4,175.3,210.2,130,54.5,LEAN
1,2026,PRE,0,2026 Hall of Fame Game,00-0041561,Carson Beck,ARI,CAR,home,2026-08-06T17:00:00-07:00,RES,0,19.0,TEAM_PRIOR_NO_NFL_HISTORY,TEAM_BLEND,31.5,6.83,215.0,0,31.5,18.0,AUTO_PRESEASON_USAGE,rookie,6.83,136.7,57.4,,,,62.7,97.7,136.4,175.3,210.2,140,47.5,COIN FLIP
1,2026,PRE,0,2026 Hall of Fame Game,00-0041561,Carson Beck,ARI,CAR,home,2026-08-06T17:00:00-07:00,RES,0,19.0,TEAM_PRIOR_NO_NFL_HISTORY,TEAM_BLEND,31.5,6.83,215.0,0,31.5,18.0,AUTO_PRESEASON_USAGE,rookie,6.83,136.7,57.4,,,,62.7,97.7,136.4,175.3,210.2,150,40.7,COIN FLIP
1,2026,PRE,0,2026 Hall of Fame Game,00-0041561,Carson Beck,ARI,CAR,home,2026-08-06T17:00:00-07:00,RES,0,19.0,TEAM_PRIOR_NO_NFL_HISTORY,TEAM_BLEND,31.5,6.83,215.0,0,31.5,18.0,AUTO_PRESEASON_USAGE,rookie,6.83,136.7,57.4,,,,62.7,97.7,136.4,175.3,210.2,160,34.0,LOW
1,2026,PRE,0,2026 Hall of Fame Game,00-0041561,Carson Beck,ARI,CAR,home,2026-08-06T17:00:00-07:00,RES,0,19.0,TEAM_PRIOR_NO_NFL_HISTORY,TEAM_BLEND,31.5,6.83,215.0,0,31.5,18.0,AUTO_PRESEASON_USAGE,rookie,6.83,136.7,57.4,,,,62.7,97.7,136.4,175.3,210.2,170,27.9,LOW
1,2026,PRE,0,2026 Hall of Fame Game,00-0041561,Carson Beck,ARI,CAR,home,2026-08-06T17:00:00-07:00,RES,0,19.0,TEAM_PRIOR_NO_NFL_HISTORY,TEAM_BLEND,31.5,6.83,215.0,0,31.5,18.0,AUTO_PRESEASON_USAGE,rookie,6.83,136.7,57.4,,,,62.7,97.7,136.4,175.3,210.2,180,22.4,VERY LOW
1,2026,PRE,0,2026 Hall of Fame Game,00-0041561,Carson Beck,ARI,CAR,home,2026-08-06T17:00:00-07:00,RES,0,19.0,TEAM_PRIOR_NO_NFL_HISTORY,TEAM_BLEND,31.5,6.83,215.0,0,31.5,18.0,AUTO_PRESEASON_USAGE,rookie,6.83,136.7,57.4,,,,62.7,97.7,136.4,175.3,210.2,190,17.6,VERY LOW
1,2026,PRE,0,2026 Hall of Fame Game,00-0041561,Carson Beck,ARI,CAR,home,2026-08-06T17:00:00-07:00,RES,0,19.0,TEAM_PRIOR_NO_NFL_HISTORY,TEAM_BLEND,31.5,6.83,215.0,0,31.5,18.0,AUTO_PRESEASON_USAGE,rookie,6.83,136.7,57.4,,,,62.7,97.7,136.4,175.3,210.2,200,13.5,VERY LOW
1,2026,PRE,0,2026 Hall of Fame Game,00-0041561,Carson Beck,ARI,CAR,home,2026-08-06T17:00:00-07:00,RES,0,19.0,TEAM_PRIOR_NO_NFL_HISTORY,TEAM_BLEND,31.5,6.83,215.0,0,31.5,18.0,AUTO_PRESEASON_USAGE,rookie,6.83,136.7,57.4,,,,62.7,97.7,136.4,175.3,210.2,210,10.1,VERY LOW
1,2026,PRE,0,2026 Hall of Fame Game,00-0041561,Carson Beck,ARI,CAR,home,2026-08-06T17:00:00-07:00,RES,0,19.0,TEAM_PRIOR_NO_NFL_HISTORY,TEAM_BLEND,31.5,6.83,215.0,0,31.5,18.0,AUTO_PRESEASON_USAGE,rookie,6.83,136.7,57.4,,,,62.7,97.7,136.4,175.3,210.2,220,7.4,VERY LOW
1,2026,PRE,0,2026 Hall of Fame Game,00-0041561,Carson Beck,ARI,CAR,home,2026-08-06T17:00:00-07:00,RES,0,19.0,TEAM_PRIOR_NO_NFL_HISTORY,TEAM_BLEND,31.5,6.83,215.0,0,31.5,18.0,AUTO_PRESEASON_USAGE,rookie,6.83,136.7,57.4,,,,62.7,97.7,136.4,175.3,210.2,230,5.2,VERY LOW
1,2026,PRE,0,2026 Hall of Fame Game,00-0041561,Carson Beck,ARI,CAR,home,2026-08-06T17:00:00-07:00,RES,0,19.0,TEAM_PRIOR_NO_NFL_HISTORY,TEAM_BLEND,31.5,6.83,215.0,0,31.5,18.0,AUTO_PRESEASON_USAGE,rookie,6.83,136.7,57.4,,,,62.7,97.7,136.4,175.3,210.2,240,3.6,VERY LOW
1,2026,PRE,0,2026 Hall of Fame Game,00-0041561,Carson Beck,ARI,CAR,home,2026-08-06T17:00:00-07:00,RES,0,19.0,TEAM_PRIOR_NO_NFL_HISTORY,TEAM_BLEND,31.5,6.83,215.0,0,31.5,18.0,AUTO_PRESEASON_USAGE,rookie,6.83,136.7,57.4,,,,62.7,97.7,136.4,175.3,210.2,250,2.5,VERY LOW
1,2026,PRE,0,2026 Hall of Fame Game,00-0041561,Carson Beck,ARI,CAR,home,2026-08-06T17:00:00-07:00,RES,0,19.0,TEAM_PRIOR_NO_NFL_HISTORY,TEAM_BLEND,31.5,6.83,215.0,0,31.5,18.0,AUTO_PRESEASON_USAGE,rookie,6.83,136.7,57.4,,,,62.7,97.7,136.4,175.3,210.2,260,1.6,VERY LOW
1,2026,PRE,0,2026 Hall of Fame Game,00-0041561,Carson Beck,ARI,CAR,home,2026-08-06T17:00:00-07:00,RES,0,19.0,TEAM_PRIOR_NO_NFL_HISTORY,TEAM_BLEND,31.5,6.83,215.0,0,31.5,18.0,AUTO_PRESEASON_USAGE,rookie,6.83,136.7,57.4,,,,62.7,97.7,136.4,175.3,210.2,270,1.0,VERY LOW
1,2026,PRE,0,2026 Hall of Fame Game,00-0041561,Carson Beck,ARI,CAR,home,2026-08-06T17:00:00-07:00,RES,0,19.0,TEAM_PRIOR_NO_NFL_HISTORY,TEAM_BLEND,31.5,6.83,215.0,0,31.5,18.0,AUTO_PRESEASON_USAGE,rookie,6.83,136.7,57.4,,,,62.7,97.7,136.4,175.3,210.2,280,0.6,VERY LOW
1,2026,PRE,0,2026 Hall of Fame Game,00-0041561,Carson Beck,ARI,CAR,home,2026-08-06T17:00:00-07:00,RES,0,19.0,TEAM_PRIOR_NO_NFL_HISTORY,TEAM_BLEND,31.5,6.83,215.0,0,31.5,18.0,AUTO_PRESEASON_USAGE,rookie,6.83,136.7,57.4,,,,62.7,97.7,136.4,175.3,210.2,290,0.4,VERY LOW
1,2026,PRE,0,2026 Hall of Fame Game,00-0041561,Carson Beck,ARI,CAR,home,2026-08-06T17:00:00-07:00,RES,0,19.0,TEAM_PRIOR_NO_NFL_HISTORY,TEAM_BLEND,31.5,6.83,215.0,0,31.5,18.0,AUTO_PRESEASON_USAGE,rookie,6.83,136.7,57.4,,,,62.7,97.7,136.4,175.3,210.2,300,0.2,VERY LOW
1,2026,PRE,0,2026 Hall of Fame Game,00-0041561,Carson Beck,ARI,CAR,home,2026-08-06T17:00:00-07:00,RES,0,19.0,TEAM_PRIOR_NO_NFL_HISTORY,TEAM_BLEND,31.5,6.83,215.0,0,31.5,18.0,AUTO_PRESEASON_USAGE,rookie,6.83,136.7,57.4,,,,62.7,97.7,136.4,175.3,210.2,310,0.1,VERY LOW
1,2026,PRE,0,2026 Hall of Fame Game,00-0041561,Carson Beck,ARI,CAR,home,2026-08-06T17:00:00-07:00,RES,0,19.0,TEAM_PRIOR_NO_NFL_HISTORY,TEAM_BLEND,31.5,6.83,215.0,0,31.5,18.0,AUTO_PRESEASON_USAGE,rookie,6.83,136.7,57.4,,,,62.7,97.7,136.4,175.3,210.2,320,0.1,VERY LOW
1,2026,PRE,0,2026 Hall of Fame Game,00-0041561,Carson Beck,ARI,CAR,home,2026-08-06T17:00:00-07:00,RES,0,19.0,TEAM_PRIOR_NO_NFL_HISTORY,TEAM_BLEND,31.5,6.83,215.0,0,31.5,18.0,AUTO_PRESEASON_USAGE,rookie,6.83,136.7,57.4,,,,62.7,97.7,136.4,175.3,210.2,330,0.0,VERY LOW
1,2026,PRE,0,2026 Hall of Fame Game,00-0041561,Carson Beck,ARI,CAR,home,2026-08-06T17:00:00-07:00,RES,0,19.0,TEAM_PRIOR_NO_NFL_HISTORY,TEAM_BLEND,31.5,6.83,215.0,0,31.5,18.0,AUTO_PRESEASON_USAGE,rookie,6.83,136.7,57.4,,,,62.7,97.7,136.4,175.3,210.2,340,0.0,VERY LOW
1,2026,PRE,0,2026 Hall of Fame Game,00-0041561,Carson Beck,ARI,CAR,home,2026-08-06T17:00:00-07:00,RES,0,19.0,TEAM_PRIOR_NO_NFL_HISTORY,TEAM_BLEND,31.5,6.83,215.0,0,31.5,18.0,AUTO_PRESEASON_USAGE,rookie,6.83,136.7,57.4,,,,62.7,97.7,136.4,175.3,210.2,350,0.0,VERY LOW
1,2026,PRE,0,2026 Hall of Fame Game,00-0041561,Carson Beck,ARI,CAR,home,2026-08-06T17:00:00-07:00,RES,0,19.0,TEAM_PRIOR_NO_NFL_HISTORY,TEAM_BLEND,31.5,6.83,215.0,0,31.5,18.0,AUTO_PRESEASON_USAGE,rookie,6.83,136.7,57.4,,,,62.7,97.7,136.4,175.3,210.2,360,0.0,VERY LOW
1,2026,PRE,0,2026 Hall of Fame Game,00-0041561,Carson Beck,ARI,CAR,home,2026-08-06T17:00:00-07:00,RES,0,19.0,TEAM_PRIOR_NO_NFL_HISTORY,TEAM_BLEND,31.5,6.83,215.0,0,31.5,18.0,AUTO_PRESEASON_USAGE,rookie,6.83,136.7,57.4,,,,62.7,97.7,136.4,175.3,210.2,370,0.0,VERY LOW
1,2026,PRE,0,2026 Hall of Fame Game,00-0041561,Carson Beck,ARI,CAR,home,2026-08-06T17:00:00-07:00,RES,0,19.0,TEAM_PRIOR_NO_NFL_HISTORY,TEAM_BLEND,31.5,6.83,215.0,0,31.5,18.0,AUTO_PRESEASON_USAGE,rookie,6.83,136.7,57.4,,,,62.7,97.7,136.4,175.3,210.2,380,0.0,VERY LOW
1,2026,PRE,0,2026 Hall of Fame Game,00-0041561,Carson Beck,ARI,CAR,home,2026-08-06T17:00:00-07:00,RES,0,19.0,TEAM_PRIOR_NO_NFL_HISTORY,TEAM_BLEND,31.5,6.83,215.0,0,31.5,18.0,AUTO_PRESEASON_USAGE,rookie,6.83,136.7,57.4,,,,62.7,97.7,136.4,175.3,210.2,390,0.0,VERY LOW
1,2026,PRE,0,2026 Hall of Fame Game,00-0041561,Carson Beck,ARI,CAR,home,2026-08-06T17:00:00-07:00,RES,0,19.0,TEAM_PRIOR_NO_NFL_HISTORY,TEAM_BLEND,31.5,6.83,215.0,0,31.5,18.0,AUTO_PRESEASON_USAGE,rookie,6.83,136.7,57.4,,,,62.7,97.7,136.4,175.3,210.2,400,0.0,VERY LOW
2,2026,PRE,0,2026 Hall of Fame Game,00-0041149,Haynes King,CAR,ARI,away,2026-08-06T17:00:00-07:00,ACT,0,16.0,TEAM_PRIOR_NO_NFL_HISTORY,TEAM_BLEND,29.5,6.6,195.7,0,29.5,18.0,AUTO_PRESEASON_USAGE,rookie,6.6,130.3,63.9,,,,49.0,87.6,130.4,173.4,212.3,100,68.5,SOLID
2,2026,PRE,0,2026 Hall of Fame Game,00-0041149,Haynes King,CAR,ARI,away,2026-08-06T17:00:00-07:00,ACT,0,16.0,TEAM_PRIOR_NO_NFL_HISTORY,TEAM_BLEND,29.5,6.6,195.7,0,29.5,18.0,AUTO_PRESEASON_USAGE,rookie,6.6,130.3,63.9,,,,49.0,87.6,130.4,173.4,212.3,110,62.6,SOLID
2,2026,PRE,0,2026 Hall of Fame Game,00-0041149,Haynes King,CAR,ARI,away,2026-08-06T17:00:00-07:00,ACT,0,16.0,TEAM_PRIOR_NO_NFL_HISTORY,TEAM_BLEND,29.5,6.6,195.7,0,29.5,18.0,AUTO_PRESEASON_USAGE,rookie,6.6,130.3,63.9,,,,49.0,87.6,130.4,173.4,212.3,120,56.5,LEAN
2,2026,PRE,0,2026 Hall of Fame Game,00-0041149,Haynes King,CAR,ARI,away,2026-08-06T17:00:00-07:00,ACT,0,16.0,TEAM_PRIOR_NO_NFL_HISTORY,TEAM_BLEND,29.5,6.6,195.7,0,29.5,18.0,AUTO_PRESEASON_USAGE,rookie,6.6,130.3,63.9,,,,49.0,87.6,130.4,173.4,212.3,130,50.2,LEAN
2,2026,PRE,0,2026 Hall of Fame Game,00-0041149,Haynes King,CAR,ARI,away,2026-08-06T17:00:00-07:00,ACT,0,16.0,TEAM_PRIOR_NO_NFL_HISTORY,TEAM_BLEND,29.5,6.6,195.7,0,29.5,18.0,AUTO_PRESEASON_USAGE,rookie,6.6,130.3,63.9,,,,49.0,87.6,130.4,173.4,212.3,140,44.0,COIN FLIP
2,2026,PRE,0,2026 Hall of Fame Game,00-0041149,Haynes King,CAR,ARI,away,2026-08-06T17:00:00-07:00,ACT,0,16.0,TEAM_PRIOR_NO_NFL_HISTORY,TEAM_BLEND,29.5,6.6,195.7,0,29.5,18.0,AUTO_PRESEASON_USAGE,rookie,6.6,130.3,63.9,,,,49.0,87.6,130.4,173.4,212.3,150,37.9,LOW
2,2026,PRE,0,2026 Hall of Fame Game,00-0041149,Haynes King,CAR,ARI,away,2026-08-06T17:00:00-07:00,ACT,0,16.0,TEAM_PRIOR_NO_NFL_HISTORY,TEAM_BLEND,29.5,6.6,195.7,0,29.5,18.0,AUTO_PRESEASON_USAGE,rookie,6.6,130.3,63.9,,,,49.0,87.6,130.4,173.4,212.3,160,32.1,LOW
2,2026,PRE,0,2026 Hall of Fame Game,00-0041149,Haynes King,CAR,ARI,away,2026-08-06T17:00:00-07:00,ACT,0,16.0,TEAM_PRIOR_NO_NFL_HISTORY,TEAM_BLEND,29.5,6.6,195.7,0,29.5,18.0,AUTO_PRESEASON_USAGE,rookie,6.6,130.3,63.9,,,,49.0,87.6,130.4,173.4,212.3,170,26.8,LOW
2,2026,PRE,0,2026 Hall of Fame Game,00-0041149,Haynes King,CAR,ARI,away,2026-08-06T17:00:00-07:00,ACT,0,16.0,TEAM_PRIOR_NO_NFL_HISTORY,TEAM_BLEND,29.5,6.6,195.7,0,29.5,18.0,AUTO_PRESEASON_USAGE,rookie,6.6,130.3,63.9,,,,49.0,87.6,130.4,173.4,212.3,180,21.8,VERY LOW
2,2026,PRE,0,2026 Hall of Fame Game,00-0041149,Haynes King,CAR,ARI,away,2026-08-06T17:00:00-07:00,ACT,0,16.0,TEAM_PRIOR_NO_NFL_HISTORY,TEAM_BLEND,29.5,6.6,195.7,0,29.5,18.0,AUTO_PRESEASON_USAGE,rookie,6.6,130.3,63.9,,,,49.0,87.6,130.4,173.4,212.3,190,17.5,VERY LOW
2,2026,PRE,0,2026 Hall of Fame Game,00-0041149,Haynes King,CAR,ARI,away,2026-08-06T17:00:00-07:00,ACT,0,16.0,TEAM_PRIOR_NO_NFL_HISTORY,TEAM_BLEND,29.5,6.6,195.7,0,29.5,18.0,AUTO_PRESEASON_USAGE,rookie,6.6,130.3,63.9,,,,49.0,87.6,130.4,173.4,212.3,200,13.7,VERY LOW
2,2026,PRE,0,2026 Hall of Fame Game,00-0041149,Haynes King,CAR,ARI,away,2026-08-06T17:00:00-07:00,ACT,0,16.0,TEAM_PRIOR_NO_NFL_HISTORY,TEAM_BLEND,29.5,6.6,195.7,0,29.5,18.0,AUTO_PRESEASON_USAGE,rookie,6.6,130.3,63.9,,,,49.0,87.6,130.4,173.4,212.3,210,10.6,VERY LOW
2,2026,PRE,0,2026 Hall of Fame Game,00-0041149,Haynes King,CAR,ARI,away,2026-08-06T17:00:00-07:00,ACT,0,16.0,TEAM_PRIOR_NO_NFL_HISTORY,TEAM_BLEND,29.5,6.6,195.7,0,29.5,18.0,AUTO_PRESEASON_USAGE,rookie,6.6,130.3,63.9,,,,49.0,87.6,130.4,173.4,212.3,220,8.1,VERY LOW
2,2026,PRE,0,2026 Hall of Fame Game,00-0041149,Haynes King,CAR,ARI,away,2026-08-06T17:00:00-07:00,ACT,0,16.0,TEAM_PRIOR_NO_NFL_HISTORY,TEAM_BLEND,29.5,6.6,195.7,0,29.5,18.0,AUTO_PRESEASON_USAGE,rookie,6.6,130.3,63.9,,,,49.0,87.6,130.4,173.4,212.3,230,6.0,VERY LOW
2,2026,PRE,0,2026 Hall of Fame Game,00-0041149,Haynes King,CAR,ARI,away,2026-08-06T17:00:00-07:00,ACT,0,16.0,TEAM_PRIOR_NO_NFL_HISTORY,TEAM_BLEND,29.5,6.6,195.7,0,29.5,18.0,AUTO_PRESEASON_USAGE,rookie,6.6,130.3,63.9,,,,49.0,87.6,130.4,173.4,212.3,240,4.3,VERY LOW
2,2026,PRE,0,2026 Hall of Fame Game,00-0041149,Haynes King,CAR,ARI,away,2026-08-06T17:00:00-07:00,ACT,0,16.0,TEAM_PRIOR_NO_NFL_HISTORY,TEAM_BLEND,29.5,6.6,195.7,0,29.5,18.0,AUTO_PRESEASON_USAGE,rookie,6.6,130.3,63.9,,,,49.0,87.6,130.4,173.4,212.3,250,3.0,VERY LOW
2,2026,PRE,0,2026 Hall of Fame Game,00-0041149,Haynes King,CAR,ARI,away,2026-08-06T17:00:00-07:00,ACT,0,16.0,TEAM_PRIOR_NO_NFL_HISTORY,TEAM_BLEND,29.5,6.6,195.7,0,29.5,18.0,AUTO_PRESEASON_USAGE,rookie,6.6,130.3,63.9,,,,49.0,87.6,130.4,173.4,212.3,260,2.1,VERY LOW
2,2026,PRE,0,2026 Hall of Fame Game,00-0041149,Haynes King,CAR,ARI,away,2026-08-06T17:00:00-07:00,ACT,0,16.0,TEAM_PRIOR_NO_NFL_HISTORY,TEAM_BLEND,29.5,6.6,195.7,0,29.5,18.0,AUTO_PRESEASON_USAGE,rookie,6.6,130.3,63.9,,,,49.0,87.6,130.4,173.4,212.3,270,1.4,VERY LOW
2,2026,PRE,0,2026 Hall of Fame Game,00-0041149,Haynes King,CAR,ARI,away,2026-08-06T17:00:00-07:00,ACT,0,16.0,TEAM_PRIOR_NO_NFL_HISTORY,TEAM_BLEND,29.5,6.6,195.7,0,29.5,18.0,AUTO_PRESEASON_USAGE,rookie,6.6,130.3,63.9,,,,49.0,87.6,130.4,173.4,212.3,280,1.0,VERY LOW
2,2026,PRE,0,2026 Hall of Fame Game,00-0041149,Haynes King,CAR,ARI,away,2026-08-06T17:00:00-07:00,ACT,0,16.0,TEAM_PRIOR_NO_NFL_HISTORY,TEAM_BLEND,29.5,6.6,195.7,0,29.5,18.0,AUTO_PRESEASON_USAGE,rookie,6.6,130.3,63.9,,,,49.0,87.6,130.4,173.4,212.3,290,0.6,VERY LOW
2,2026,PRE,0,2026 Hall of Fame Game,00-0041149,Haynes King,CAR,ARI,away,2026-08-06T17:00:00-07:00,ACT,0,16.0,TEAM_PRIOR_NO_NFL_HISTORY,TEAM_BLEND,29.5,6.6,195.7,0,29.5,18.0,AUTO_PRESEASON_USAGE,rookie,6.6,130.3,63.9,,,,49.0,87.6,130.4,173.4,212.3,300,0.4,VERY LOW
2,2026,PRE,0,2026 Hall of Fame Game,00-0041149,Haynes King,CAR,ARI,away,2026-08-06T17:00:00-07:00,ACT,0,16.0,TEAM_PRIOR_NO_NFL_HISTORY,TEAM_BLEND,29.5,6.6,195.7,0,29.5,18.0,AUTO_PRESEASON_USAGE,rookie,6.6,130.3,63.9,,,,49.0,87.6,130.4,173.4,212.3,310,0.2,VERY LOW
2,2026,PRE,0,2026 Hall of Fame Game,00-0041149,Haynes King,CAR,ARI,away,2026-08-06T17:00:00-07:00,ACT,0,16.0,TEAM_PRIOR_NO_NFL_HISTORY,TEAM_BLEND,29.5,6.6,195.7,0,29.5,18.0,AUTO_PRESEASON_USAGE,rookie,6.6,130.3,63.9,,,,49.0,87.6,130.4,173.4,212.3,320,0.1,VERY LOW
2,2026,PRE,0,2026 Hall of Fame Game,00-0041149,Haynes King,CAR,ARI,away,2026-08-06T17:00:00-07:00,ACT,0,16.0,TEAM_PRIOR_NO_NFL_HISTORY,TEAM_BLEND,29.5,6.6,195.7,0,29.5,18.0,AUTO_PRESEASON_USAGE,rookie,6.6,130.3,63.9,,,,49.0,87.6,130.4,173.4,212.3,330,0.1,VERY LOW
2,2026,PRE,0,2026 Hall of Fame Game,00-0041149,Haynes King,CAR,ARI,away,2026-08-06T17:00:00-07:00,ACT,0,16.0,TEAM_PRIOR_NO_NFL_HISTORY,TEAM_BLEND,29.5,6.6,195.7,0,29.5,18.0,AUTO_PRESEASON_USAGE,rookie,6.6,130.3,63.9,,,,49.0,87.6,130.4,173.4,212.3,340,0.1,VERY LOW
2,2026,PRE,0,2026 Hall of Fame Game,00-0041149,Haynes King,CAR,ARI,away,2026-08-06T17:00:00-07:00,ACT,0,16.0,TEAM_PRIOR_NO_NFL_HISTORY,TEAM_BLEND,29.5,6.6,195.7,0,29.5,18.0,AUTO_PRESEASON_USAGE,rookie,6.6,130.3,63.9,,,,49.0,87.6,130.4,173.4,212.3,350,0.0,VERY LOW
2,2026,PRE,0,2026 Hall of Fame Game,00-0041149,Haynes King,CAR,ARI,away,2026-08-06T17:00:00-07:00,ACT,0,16.0,TEAM_PRIOR_NO_NFL_HISTORY,TEAM_BLEND,29.5,6.6,195.7,0,29.5,18.0,AUTO_PRESEASON_USAGE,rookie,6.6,130.3,63.9,,,,49.0,87.6,130.4,173.4,212.3,360,0.0,VERY LOW
2,2026,PRE,0,2026 Hall of Fame Game,00-0041149,Haynes King,CAR,ARI,away,2026-08-06T17:00:00-07:00,ACT,0,16.0,TEAM_PRIOR_NO_NFL_HISTORY,TEAM_BLEND,29.5,6.6,195.7,0,29.5,18.0,AUTO_PRESEASON_USAGE,rookie,6.6,130.3,63.9,,,,49.0,87.6,130.4,173.4,212.3,370,0.0,VERY LOW
2,2026,PRE,0,2026 Hall of Fame Game,00-0041149,Haynes King,CAR,ARI,away,2026-08-06T17:00:00-07:00,ACT,0,16.0,TEAM_PRIOR_NO_NFL_HISTORY,TEAM_BLEND,29.5,6.6,195.7,0,29.5,18.0,AUTO_PRESEASON_USAGE,rookie,6.6,130.3,63.9,,,,49.0,87.6,130.4,173.4,212.3,380,0.0,VERY LOW
2,2026,PRE,0,2026 Hall of Fame Game,00-0041149,Haynes King,CAR,ARI,away,2026-08-06T17:00:00-07:00,ACT,0,16.0,TEAM_PRIOR_NO_NFL_HISTORY,TEAM_BLEND,29.5,6.6,195.7,0,29.5,18.0,AUTO_PRESEASON_USAGE,rookie,6.6,130.3,63.9,,,,49.0,87.6,130.4,173.4,212.3,390,0.0,VERY LOW
2,2026,PRE,0,2026 Hall of Fame Game,00-0041149,Haynes King,CAR,ARI,away,2026-08-06T17:00:00-07:00,ACT,0,16.0,TEAM_PRIOR_NO_NFL_HISTORY,TEAM_BLEND,29.5,6.6,195.7,0,29.5,18.0,AUTO_PRESEASON_USAGE,rookie,6.6,130.3,63.9,,,,49.0,87.6,130.4,173.4,212.3,400,0.0,VERY LOW
3,2026,PRE,0,2026 Hall of Fame Game,00-0039150,Bryce Young,CAR,ARI,away,2026-08-06T17:00:00-07:00,ACT,3,9.0,NFL_HISTORY,TEAM_BLEND,29.5,6.6,195.7,44,28.0,16.0,AUTO_PRESEASON_USAGE,young_backup,6.46,115.6,66.8,176.0,186.1,190.5,29.5,70.8,116.2,161.0,201.2,100,59.4,LEAN
3,2026,PRE,0,2026 Hall of Fame Game,00-0039150,Bryce Young,CAR,ARI,away,2026-08-06T17:00:00-07:00,ACT,3,9.0,NFL_HISTORY,TEAM_BLEND,29.5,6.6,195.7,44,28.0,16.0,AUTO_PRESEASON_USAGE,young_backup,6.46,115.6,66.8,176.0,186.1,190.5,29.5,70.8,116.2,161.0,201.2,110,53.6,LEAN
3,2026,PRE,0,2026 Hall of Fame Game,00-0039150,Bryce Young,CAR,ARI,away,2026-08-06T17:00:00-07:00,ACT,3,9.0,NFL_HISTORY,TEAM_BLEND,29.5,6.6,195.7,44,28.0,16.0,AUTO_PRESEASON_USAGE,young_backup,6.46,115.6,66.8,176.0,186.1,190.5,29.5,70.8,116.2,161.0,201.2,120,47.7,COIN FLIP
3,2026,PRE,0,2026 Hall of Fame Game,00-0039150,Bryce Young,CAR,ARI,away,2026-08-06T17:00:00-07:00,ACT,3,9.0,NFL_HISTORY,TEAM_BLEND,29.5,6.6,195.7,44,28.0,16.0,AUTO_PRESEASON_USAGE,young_backup,6.46,115.6,66.8,176.0,186.1,190.5,29.5,70.8,116.2,161.0,201.2,130,41.8,COIN FLIP
3,2026,PRE,0,2026 Hall of Fame Game,00-0039150,Bryce Young,CAR,ARI,away,2026-08-06T17:00:00-07:00,ACT,3,9.0,NFL_HISTORY,TEAM_BLEND,29.5,6.6,195.7,44,28.0,16.0,AUTO_PRESEASON_USAGE,young_backup,6.46,115.6,66.8,176.0,186.1,190.5,29.5,70.8,116.2,161.0,201.2,140,36.0,LOW
3,2026,PRE,0,2026 Hall of Fame Game,00-0039150,Bryce Young,CAR,ARI,away,2026-08-06T17:00:00-07:00,ACT,3,9.0,NFL_HISTORY,TEAM_BLEND,29.5,6.6,195.7,44,28.0,16.0,AUTO_PRESEASON_USAGE,young_backup,6.46,115.6,66.8,176.0,186.1,190.5,29.5,70.8,116.2,161.0,201.2,150,30.6,LOW
3,2026,PRE,0,2026 Hall of Fame Game,00-0039150,Bryce Young,CAR,ARI,away,2026-08-06T17:00:00-07:00,ACT,3,9.0,NFL_HISTORY,TEAM_BLEND,29.5,6.6,195.7,44,28.0,16.0,AUTO_PRESEASON_USAGE,young_backup,6.46,115.6,66.8,176.0,186.1,190.5,29.5,70.8,116.2,161.0,201.2,160,25.5,LOW
3,2026,PRE,0,2026 Hall of Fame Game,00-0039150,Bryce Young,CAR,ARI,away,2026-08-06T17:00:00-07:00,ACT,3,9.0,NFL_HISTORY,TEAM_BLEND,29.5,6.6,195.7,44,28.0,16.0,AUTO_PRESEASON_USAGE,young_backup,6.46,115.6,66.8,176.0,186.1,190.5,29.5,70.8,116.2,161.0,201.2,170,20.9,VERY LOW
3,2026,PRE,0,2026 Hall of Fame Game,00-0039150,Bryce Young,CAR,ARI,away,2026-08-06T17:00:00-07:00,ACT,3,9.0,NFL_HISTORY,TEAM_BLEND,29.5,6.6,195.7,44,28.0,16.0,AUTO_PRESEASON_USAGE,young_backup,6.46,115.6,66.8,176.0,186.1,190.5,29.5,70.8,116.2,161.0,201.2,180,16.9,VERY LOW
3,2026,PRE,0,2026 Hall of Fame Game,00-0039150,Bryce Young,CAR,ARI,away,2026-08-06T17:00:00-07:00,ACT,3,9.0,NFL_HISTORY,TEAM_BLEND,29.5,6.6,195.7,44,28.0,16.0,AUTO_PRESEASON_USAGE,young_backup,6.46,115.6,66.8,176.0,186.1,190.5,29.5,70.8,116.2,161.0,201.2,190,13.3,VERY LOW
3,2026,PRE,0,2026 Hall of Fame Game,00-0039150,Bryce Young,CAR,ARI,away,2026-08-06T17:00:00-07:00,ACT,3,9.0,NFL_HISTORY,TEAM_BLEND,29.5,6.6,195.7,44,28.0,16.0,AUTO_PRESEASON_USAGE,young_backup,6.46,115.6,66.8,176.0,186.1,190.5,29.5,70.8,116.2,161.0,201.2,200,10.3,VERY LOW
3,2026,PRE,0,2026 Hall of Fame Game,00-0039150,Bryce Young,CAR,ARI,away,2026-08-06T17:00:00-07:00,ACT,3,9.0,NFL_HISTORY,TEAM_BLEND,29.5,6.6,195.7,44,28.0,16.0,AUTO_PRESEASON_USAGE,young_backup,6.46,115.6,66.8,176.0,186.1,190.5,29.5,70.8,116.2,161.0,201.2,210,7.9,VERY LOW
3,2026,PRE,0,2026 Hall of Fame Game,00-0039150,Bryce Young,CAR,ARI,away,2026-08-06T17:00:00-07:00,ACT,3,9.0,NFL_HISTORY,TEAM_BLEND,29.5,6.6,195.7,44,28.0,16.0,AUTO_PRESEASON_USAGE,young_backup,6.46,115.6,66.8,176.0,186.1,190.5,29.5,70.8,116.2,161.0,201.2,220,5.9,VERY LOW
3,2026,PRE,0,2026 Hall of Fame Game,00-0039150,Bryce Young,CAR,ARI,away,2026-08-06T17:00:00-07:00,ACT,3,9.0,NFL_HISTORY,TEAM_BLEND,29.5,6.6,195.7,44,28.0,16.0,AUTO_PRESEASON_USAGE,young_backup,6.46,115.6,66.8,176.0,186.1,190.5,29.5,70.8,116.2,161.0,201.2,230,4.3,VERY LOW
3,2026,PRE,0,2026 Hall of Fame Game,00-0039150,Bryce Young,CAR,ARI,away,2026-08-06T17:00:00-07:00,ACT,3,9.0,NFL_HISTORY,TEAM_BLEND,29.5,6.6,195.7,44,28.0,16.0,AUTO_PRESEASON_USAGE,young_backup,6.46,115.6,66.8,176.0,186.1,190.5,29.5,70.8,116.2,161.0,201.2,240,3.1,VERY LOW
3,2026,PRE,0,2026 Hall of Fame Game,00-0039150,Bryce Young,CAR,ARI,away,2026-08-06T17:00:00-07:00,ACT,3,9.0,NFL_HISTORY,TEAM_BLEND,29.5,6.6,195.7,44,28.0,16.0,AUTO_PRESEASON_USAGE,young_backup,6.46,115.6,66.8,176.0,186.1,190.5,29.5,70.8,116.2,161.0,201.2,250,2.2,VERY LOW
3,2026,PRE,0,2026 Hall of Fame Game,00-0039150,Bryce Young,CAR,ARI,away,2026-08-06T17:00:00-07:00,ACT,3,9.0,NFL_HISTORY,TEAM_BLEND,29.5,6.6,195.7,44,28.0,16.0,AUTO_PRESEASON_USAGE,young_backup,6.46,115.6,66.8,176.0,186.1,190.5,29.5,70.8,116.2,161.0,201.2,260,1.5,VERY LOW
3,2026,PRE,0,2026 Hall of Fame Game,00-0039150,Bryce Young,CAR,ARI,away,2026-08-06T17:00:00-07:00,ACT,3,9.0,NFL_HISTORY,TEAM_BLEND,29.5,6.6,195.7,44,28.0,16.0,AUTO_PRESEASON_USAGE,young_backup,6.46,115.6,66.8,176.0,186.1,190.5,29.5,70.8,116.2,161.0,201.2,270,1.0,VERY LOW
3,2026,PRE,0,2026 Hall of Fame Game,00-0039150,Bryce Young,CAR,ARI,away,2026-08-06T17:00:00-07:00,ACT,3,9.0,NFL_HISTORY,TEAM_BLEND,29.5,6.6,195.7,44,28.0,16.0,AUTO_PRESEASON_USAGE,young_backup,6.46,115.6,66.8,176.0,186.1,190.5,29.5,70.8,116.2,161.0,201.2,280,0.7,VERY LOW
3,2026,PRE,0,2026 Hall of Fame Game,00-0039150,Bryce Young,CAR,ARI,away,2026-08-06T17:00:00-07:00,ACT,3,9.0,NFL_HISTORY,TEAM_BLEND,29.5,6.6,195.7,44,28.0,16.0,AUTO_PRESEASON_USAGE,young_backup,6.46,115.6,66.8,176.0,186.1,190.5,29.5,70.8,116.2,161.0,201.2,290,0.4,VERY LOW
3,2026,PRE,0,2026 Hall of Fame Game,00-0039150,Bryce Young,CAR,ARI,away,2026-08-06T17:00:00-07:00,ACT,3,9.0,NFL_HISTORY,TEAM_BLEND,29.5,6.6,195.7,44,28.0,16.0,AUTO_PRESEASON_USAGE,young_backup,6.46,115.6,66.8,176.0,186.1,190.5,29.5,70.8,116.2,161.0,201.2,300,0.3,VERY LOW
3,2026,PRE,0,2026 Hall of Fame Game,00-0039150,Bryce Young,CAR,ARI,away,2026-08-06T17:00:00-07:00,ACT,3,9.0,NFL_HISTORY,TEAM_BLEND,29.5,6.6,195.7,44,28.0,16.0,AUTO_PRESEASON_USAGE,young_backup,6.46,115.6,66.8,176.0,186.1,190.5,29.5,70.8,116.2,161.0,201.2,310,0.2,VERY LOW
3,2026,PRE,0,2026 Hall of Fame Game,00-0039150,Bryce Young,CAR,ARI,away,2026-08-06T17:00:00-07:00,ACT,3,9.0,NFL_HISTORY,TEAM_BLEND,29.5,6.6,195.7,44,28.0,16.0,AUTO_PRESEASON_USAGE,young_backup,6.46,115.6,66.8,176.0,186.1,190.5,29.5,70.8,116.2,161.0,201.2,320,0.1,VERY LOW
3,2026,PRE,0,2026 Hall of Fame Game,00-0039150,Bryce Young,CAR,ARI,away,2026-08-06T17:00:00-07:00,ACT,3,9.0,NFL_HISTORY,TEAM_BLEND,29.5,6.6,195.7,44,28.0,16.0,AUTO_PRESEASON_USAGE,young_backup,6.46,115.6,66.8,176.0,186.1,190.5,29.5,70.8,116.2,161.0,201.2,330,0.1,VERY LOW
3,2026,PRE,0,2026 Hall of Fame Game,00-0039150,Bryce Young,CAR,ARI,away,2026-08-06T17:00:00-07:00,ACT,3,9.0,NFL_HISTORY,TEAM_BLEND,29.5,6.6,195.7,44,28.0,16.0,AUTO_PRESEASON_USAGE,young_backup,6.46,115.6,66.8,176.0,186.1,190.5,29.5,70.8,116.2,161.0,201.2,340,0.0,VERY LOW
3,2026,PRE,0,2026 Hall of Fame Game,00-0039150,Bryce Young,CAR,ARI,away,2026-08-06T17:00:00-07:00,ACT,3,9.0,NFL_HISTORY,TEAM_BLEND,29.5,6.6,195.7,44,28.0,16.0,AUTO_PRESEASON_USAGE,young_backup,6.46,115.6,66.8,176.0,186.1,190.5,29.5,70.8,116.2,161.0,201.2,350,0.0,VERY LOW
3,2026,PRE,0,2026 Hall of Fame Game,00-0039150,Bryce Young,CAR,ARI,away,2026-08-06T17:00:00-07:00,ACT,3,9.0,NFL_HISTORY,TEAM_BLEND,29.5,6.6,195.7,44,28.0,16.0,AUTO_PRESEASON_USAGE,young_backup,6.46,115.6,66.8,176.0,186.1,190.5,29.5,70.8,116.2,161.0,201.2,360,0.0,VERY LOW
3,2026,PRE,0,2026 Hall of Fame Game,00-0039150,Bryce Young,CAR,ARI,away,2026-08-06T17:00:00-07:00,ACT,3,9.0,NFL_HISTORY,TEAM_BLEND,29.5,6.6,195.7,44,28.0,16.0,AUTO_PRESEASON_USAGE,young_backup,6.46,115.6,66.8,176.0,186.1,190.5,29.5,70.8,116.2,161.0,201.2,370,0.0,VERY LOW
3,2026,PRE,0,2026 Hall of Fame Game,00-0039150,Bryce Young,CAR,ARI,away,2026-08-06T17:00:00-07:00,ACT,3,9.0,NFL_HISTORY,TEAM_BLEND,29.5,6.6,195.7,44,28.0,16.0,AUTO_PRESEASON_USAGE,young_backup,6.46,115.6,66.8,176.0,186.1,190.5,29.5,70.8,116.2,161.0,201.2,380,0.0,VERY LOW
3,2026,PRE,0,2026 Hall of Fame Game,00-0039150,Bryce Young,CAR,ARI,away,2026-08-06T17:00:00-07:00,ACT,3,9.0,NFL_HISTORY,TEAM_BLEND,29.5,6.6,195.7,44,28.0,16.0,AUTO_PRESEASON_USAGE,young_backup,6.46,115.6,66.8,176.0,186.1,190.5,29.5,70.8,116.2,161.0,201.2,390,0.0,VERY LOW
3,2026,PRE,0,2026 Hall of Fame Game,00-0039150,Bryce Young,CAR,ARI,away,2026-08-06T17:00:00-07:00,ACT,3,9.0,NFL_HISTORY,TEAM_BLEND,29.5,6.6,195.7,44,28.0,16.0,AUTO_PRESEASON_USAGE,young_backup,6.46,115.6,66.8,176.0,186.1,190.5,29.5,70.8,116.2,161.0,201.2,400,0.0,VERY LOW
4,2026,PRE,0,2026 Hall of Fame Game,00-0038102,Kenny Pickett,CAR,ARI,away,2026-08-06T17:00:00-07:00,ACT,4,12.0,NFL_HISTORY,TEAM_BLEND,29.5,6.6,195.7,16,19.6,16.0,AUTO_PRESEASON_USAGE,young_backup,6.35,103.5,48.5,103.4,126.0,152.3,41.1,70.6,103.5,136.2,165.4,100,52.8,LEAN
4,2026,PRE,0,2026 Hall of Fame Game,00-0038102,Kenny Pickett,CAR,ARI,away,2026-08-06T17:00:00-07:00,ACT,4,12.0,NFL_HISTORY,TEAM_BLEND,29.5,6.6,195.7,16,19.6,16.0,AUTO_PRESEASON_USAGE,young_backup,6.35,103.5,48.5,103.4,126.0,152.3,41.1,70.6,103.5,136.2,165.4,110,44.7,COIN FLIP
4,2026,PRE,0,2026 Hall of Fame Game,00-0038102,Kenny Pickett,CAR,ARI,away,2026-08-06T17:00:00-07:00,ACT,4,12.0,NFL_HISTORY,TEAM_BLEND,29.5,6.6,195.7,16,19.6,16.0,AUTO_PRESEASON_USAGE,young_backup,6.35,103.5,48.5,103.4,126.0,152.3,41.1,70.6,103.5,136.2,165.4,120,36.7,LOW
4,2026,PRE,0,2026 Hall of Fame Game,00-0038102,Kenny Pickett,CAR,ARI,away,2026-08-06T17:00:00-07:00,ACT,4,12.0,NFL_HISTORY,TEAM_BLEND,29.5,6.6,195.7,16,19.6,16.0,AUTO_PRESEASON_USAGE,young_backup,6.35,103.5,48.5,103.4,126.0,152.3,41.1,70.6,103.5,136.2,165.4,130,29.1,LOW
4,2026,PRE,0,2026 Hall of Fame Game,00-0038102,Kenny Pickett,CAR,ARI,away,2026-08-06T17:00:00-07:00,ACT,4,12.0,NFL_HISTORY,TEAM_BLEND,29.5,6.6,195.7,16,19.6,16.0,AUTO_PRESEASON_USAGE,young_backup,6.35,103.5,48.5,103.4,126.0,152.3,41.1,70.6,103.5,136.2,165.4,140,22.5,VERY LOW
4,2026,PRE,0,2026 Hall of Fame Game,00-0038102,Kenny Pickett,CAR,ARI,away,2026-08-06T17:00:00-07:00,ACT,4,12.0,NFL_HISTORY,TEAM_BLEND,29.5,6.6,195.7,16,19.6,16.0,AUTO_PRESEASON_USAGE,young_backup,6.35,103.5,48.5,103.4,126.0,152.3,41.1,70.6,103.5,136.2,165.4,150,16.8,VERY LOW
4,2026,PRE,0,2026 Hall of Fame Game,00-0038102,Kenny Pickett,CAR,ARI,away,2026-08-06T17:00:00-07:00,ACT,4,12.0,NFL_HISTORY,TEAM_BLEND,29.5,6.6,195.7,16,19.6,16.0,AUTO_PRESEASON_USAGE,young_backup,6.35,103.5,48.5,103.4,126.0,152.3,41.1,70.6,103.5,136.2,165.4,160,12.1,VERY LOW
4,2026,PRE,0,2026 Hall of Fame Game,00-0038102,Kenny Pickett,CAR,ARI,away,2026-08-06T17:00:00-07:00,ACT,4,12.0,NFL_HISTORY,TEAM_BLEND,29.5,6.6,195.7,16,19.6,16.0,AUTO_PRESEASON_USAGE,young_backup,6.35,103.5,48.5,103.4,126.0,152.3,41.1,70.6,103.5,136.2,165.4,170,8.4,VERY LOW
4,2026,PRE,0,2026 Hall of Fame Game,00-0038102,Kenny Pickett,CAR,ARI,away,2026-08-06T17:00:00-07:00,ACT,4,12.0,NFL_HISTORY,TEAM_BLEND,29.5,6.6,195.7,16,19.6,16.0,AUTO_PRESEASON_USAGE,young_backup,6.35,103.5,48.5,103.4,126.0,152.3,41.1,70.6,103.5,136.2,165.4,180,5.6,VERY LOW
4,2026,PRE,0,2026 Hall of Fame Game,00-0038102,Kenny Pickett,CAR,ARI,away,2026-08-06T17:00:00-07:00,ACT,4,12.0,NFL_HISTORY,TEAM_BLEND,29.5,6.6,195.7,16,19.6,16.0,AUTO_PRESEASON_USAGE,young_backup,6.35,103.5,48.5,103.4,126.0,152.3,41.1,70.6,103.5,136.2,165.4,190,3.6,VERY LOW
4,2026,PRE,0,2026 Hall of Fame Game,00-0038102,Kenny Pickett,CAR,ARI,away,2026-08-06T17:00:00-07:00,ACT,4,12.0,NFL_HISTORY,TEAM_BLEND,29.5,6.6,195.7,16,19.6,16.0,AUTO_PRESEASON_USAGE,young_backup,6.35,103.5,48.5,103.4,126.0,152.3,41.1,70.6,103.5,136.2,165.4,200,2.3,VERY LOW
4,2026,PRE,0,2026 Hall of Fame Game,00-0038102,Kenny Pickett,CAR,ARI,away,2026-08-06T17:00:00-07:00,ACT,4,12.0,NFL_HISTORY,TEAM_BLEND,29.5,6.6,195.7,16,19.6,16.0,AUTO_PRESEASON_USAGE,young_backup,6.35,103.5,48.5,103.4,126.0,152.3,41.1,70.6,103.5,136.2,165.4,210,1.4,VERY LOW
4,2026,PRE,0,2026 Hall of Fame Game,00-0038102,Kenny Pickett,CAR,ARI,away,2026-08-06T17:00:00-07:00,ACT,4,12.0,NFL_HISTORY,TEAM_BLEND,29.5,6.6,195.7,16,19.6,16.0,AUTO_PRESEASON_USAGE,young_backup,6.35,103.5,48.5,103.4,126.0,152.3,41.1,70.6,103.5,136.2,165.4,220,0.8,VERY LOW
4,2026,PRE,0,2026 Hall of Fame Game,00-0038102,Kenny Pickett,CAR,ARI,away,2026-08-06T17:00:00-07:00,ACT,4,12.0,NFL_HISTORY,TEAM_BLEND,29.5,6.6,195.7,16,19.6,16.0,AUTO_PRESEASON_USAGE,young_backup,6.35,103.5,48.5,103.4,126.0,152.3,41.1,70.6,103.5,136.2,165.4,230,0.5,VERY LOW
4,2026,PRE,0,2026 Hall of Fame Game,00-0038102,Kenny Pickett,CAR,ARI,away,2026-08-06T17:00:00-07:00,ACT,4,12.0,NFL_HISTORY,TEAM_BLEND,29.5,6.6,195.7,16,19.6,16.0,AUTO_PRESEASON_USAGE,young_backup,6.35,103.5,48.5,103.4,126.0,152.3,41.1,70.6,103.5,136.2,165.4,240,0.2,VERY LOW
4,2026,PRE,0,2026 Hall of Fame Game,00-0038102,Kenny Pickett,CAR,ARI,away,2026-08-06T17:00:00-07:00,ACT,4,12.0,NFL_HISTORY,TEAM_BLEND,29.5,6.6,195.7,16,19.6,16.0,AUTO_PRESEASON_USAGE,young_backup,6.35,103.5,48.5,103.4,126.0,152.3,41.1,70.6,103.5,136.2,165.4,250,0.1,VERY LOW
4,2026,PRE,0,2026 Hall of Fame Game,00-0038102,Kenny Pickett,CAR,ARI,away,2026-08-06T17:00:00-07:00,ACT,4,12.0,NFL_HISTORY,TEAM_BLEND,29.5,6.6,195.7,16,19.6,16.0,AUTO_PRESEASON_USAGE,young_backup,6.35,103.5,48.5,103.4,126.0,152.3,41.1,70.6,103.5,136.2,165.4,260,0.1,VERY LOW
4,2026,PRE,0,2026 Hall of Fame Game,00-0038102,Kenny Pickett,CAR,ARI,away,2026-08-06T17:00:00-07:00,ACT,4,12.0,NFL_HISTORY,TEAM_BLEND,29.5,6.6,195.7,16,19.6,16.0,AUTO_PRESEASON_USAGE,young_backup,6.35,103.5,48.5,103.4,126.0,152.3,41.1,70.6,103.5,136.2,165.4,270,0.0,VERY LOW
4,2026,PRE,0,2026 Hall of Fame Game,00-0038102,Kenny Pickett,CAR,ARI,away,2026-08-06T17:00:00-07:00,ACT,4,12.0,NFL_HISTORY,TEAM_BLEND,29.5,6.6,195.7,16,19.6,16.0,AUTO_PRESEASON_USAGE,young_backup,6.35,103.5,48.5,103.4,126.0,152.3,41.1,70.6,103.5,136.2,165.4,280,0.0,VERY LOW
4,2026,PRE,0,2026 Hall of Fame Game,00-0038102,Kenny Pickett,CAR,ARI,away,2026-08-06T17:00:00-07:00,ACT,4,12.0,NFL_HISTORY,TEAM_BLEND,29.5,6.6,195.7,16,19.6,16.0,AUTO_PRESEASON_USAGE,young_backup,6.35,103.5,48.5,103.4,126.0,152.3,41.1,70.6,103.5,136.2,165.4,290,0.0,VERY LOW
4,2026,PRE,0,2026 Hall of Fame Game,00-0038102,Kenny Pickett,CAR,ARI,away,2026-08-06T17:00:00-07:00,ACT,4,12.0,NFL_HISTORY,TEAM_BLEND,29.5,6.6,195.7,16,19.6,16.0,AUTO_PRESEASON_USAGE,young_backup,6.35,103.5,48.5,103.4,126.0,152.3,41.1,70.6,103.5,136.2,165.4,300,0.0,VERY LOW
4,2026,PRE,0,2026 Hall of Fame Game,00-0038102,Kenny Pickett,CAR,ARI,away,2026-08-06T17:00:00-07:00,ACT,4,12.0,NFL_HISTORY,TEAM_BLEND,29.5,6.6,195.7,16,19.6,16.0,AUTO_PRESEASON_USAGE,young_backup,6.35,103.5,48.5,103.4,126.0,152.3,41.1,70.6,103.5,136.2,165.4,310,0.0,VERY LOW
4,2026,PRE,0,2026 Hall of Fame Game,00-0038102,Kenny Pickett,CAR,ARI,away,2026-08-06T17:00:00-07:00,ACT,4,12.0,NFL_HISTORY,TEAM_BLEND,29.5,6.6,195.7,16,19.6,16.0,AUTO_PRESEASON_USAGE,young_backup,6.35,103.5,48.5,103.4,126.0,152.3,41.1,70.6,103.5,136.2,165.4,320,0.0,VERY LOW
4,2026,PRE,0,2026 Hall of Fame Game,00-0038102,Kenny Pickett,CAR,ARI,away,2026-08-06T17:00:00-07:00,ACT,4,12.0,NFL_HISTORY,TEAM_BLEND,29.5,6.6,195.7,16,19.6,16.0,AUTO_PRESEASON_USAGE,young_backup,6.35,103.5,48.5,103.4,126.0,152.3,41.1,70.6,103.5,136.2,165.4,330,0.0,VERY LOW
4,2026,PRE,0,2026 Hall of Fame Game,00-0038102,Kenny Pickett,CAR,ARI,away,2026-08-06T17:00:00-07:00,ACT,4,12.0,NFL_HISTORY,TEAM_BLEND,29.5,6.6,195.7,16,19.6,16.0,AUTO_PRESEASON_USAGE,young_backup,6.35,103.5,48.5,103.4,126.0,152.3,41.1,70.6,103.5,136.2,165.4,340,0.0,VERY LOW
4,2026,PRE,0,2026 Hall of Fame Game,00-0038102,Kenny Pickett,CAR,ARI,away,2026-08-06T17:00:00-07:00,ACT,4,12.0,NFL_HISTORY,TEAM_BLEND,29.5,6.6,195.7,16,19.6,16.0,AUTO_PRESEASON_USAGE,young_backup,6.35,103.5,48.5,103.4,126.0,152.3,41.1,70.6,103.5,136.2,165.4,350,0.0,VERY LOW
4,2026,PRE,0,2026 Hall of Fame Game,00-0038102,Kenny Pickett,CAR,ARI,away,2026-08-06T17:00:00-07:00,ACT,4,12.0,NFL_HISTORY,TEAM_BLEND,29.5,6.6,195.7,16,19.6,16.0,AUTO_PRESEASON_USAGE,young_backup,6.35,103.5,48.5,103.4,126.0,152.3,41.1,70.6,103.5,136.2,165.4,360,0.0,VERY LOW
4,2026,PRE,0,2026 Hall of Fame Game,00-0038102,Kenny Pickett,CAR,ARI,away,2026-08-06T17:00:00-07:00,ACT,4,12.0,NFL_HISTORY,TEAM_BLEND,29.5,6.6,195.7,16,19.6,16.0,AUTO_PRESEASON_USAGE,young_backup,6.35,103.5,48.5,103.4,126.0,152.3,41.1,70.6,103.5,136.2,165.4,370,0.0,VERY LOW
4,2026,PRE,0,2026 Hall of Fame Game,00-0038102,Kenny Pickett,CAR,ARI,away,2026-08-06T17:00:00-07:00,ACT,4,12.0,NFL_HISTORY,TEAM_BLEND,29.5,6.6,195.7,16,19.6,16.0,AUTO_PRESEASON_USAGE,young_backup,6.35,103.5,48.5,103.4,126.0,152.3,41.1,70.6,103.5,136.2,165.4,380,0.0,VERY LOW
4,2026,PRE,0,2026 Hall of Fame Game,00-0038102,Kenny Pickett,CAR,ARI,away,2026-08-06T17:00:00-07:00,ACT,4,12.0,NFL_HISTORY,TEAM_BLEND,29.5,6.6,195.7,16,19.6,16.0,AUTO_PRESEASON_USAGE,young_backup,6.35,103.5,48.5,103.4,126.0,152.3,41.1,70.6,103.5,136.2,165.4,390,0.0,VERY LOW
4,2026,PRE,0,2026 Hall of Fame Game,00-0038102,Kenny Pickett,CAR,ARI,away,2026-08-06T17:00:00-07:00,ACT,4,12.0,NFL_HISTORY,TEAM_BLEND,29.5,6.6,195.7,16,19.6,16.0,AUTO_PRESEASON_USAGE,young_backup,6.35,103.5,48.5,103.4,126.0,152.3,41.1,70.6,103.5,136.2,165.4,400,0.0,VERY LOW
5,2026,PRE,0,2026 Hall of Fame Game,00-0035251,Will Grier,CAR,ARI,away,2026-08-06T17:00:00-07:00,ACT,7,14.0,TEAM_PRIOR_NO_NFL_HISTORY,TEAM_BLEND,29.5,6.6,195.7,0,29.5,13.0,AUTO_PRESEASON_USAGE,veteran_backup,6.6,102.2,54.3,,,,33.0,65.9,102.5,138.6,171.8,100,51.8,LEAN
5,2026,PRE,0,2026 Hall of Fame Game,00-0035251,Will Grier,CAR,ARI,away,2026-08-06T17:00:00-07:00,ACT,7,14.0,TEAM_PRIOR_NO_NFL_HISTORY,TEAM_BLEND,29.5,6.6,195.7,0,29.5,13.0,AUTO_PRESEASON_USAGE,veteran_backup,6.6,102.2,54.3,,,,33.0,65.9,102.5,138.6,171.8,110,44.5,COIN FLIP
5,2026,PRE,0,2026 Hall of Fame Game,00-0035251,Will Grier,CAR,ARI,away,2026-08-06T17:00:00-07:00,ACT,7,14.0,TEAM_PRIOR_NO_NFL_HISTORY,TEAM_BLEND,29.5,6.6,195.7,0,29.5,13.0,AUTO_PRESEASON_USAGE,veteran_backup,6.6,102.2,54.3,,,,33.0,65.9,102.5,138.6,171.8,120,37.2,LOW
5,2026,PRE,0,2026 Hall of Fame Game,00-0035251,Will Grier,CAR,ARI,away,2026-08-06T17:00:00-07:00,ACT,7,14.0,TEAM_PRIOR_NO_NFL_HISTORY,TEAM_BLEND,29.5,6.6,195.7,0,29.5,13.0,AUTO_PRESEASON_USAGE,veteran_backup,6.6,102.2,54.3,,,,33.0,65.9,102.5,138.6,171.8,130,30.4,LOW
5,2026,PRE,0,2026 Hall of Fame Game,00-0035251,Will Grier,CAR,ARI,away,2026-08-06T17:00:00-07:00,ACT,7,14.0,TEAM_PRIOR_NO_NFL_HISTORY,TEAM_BLEND,29.5,6.6,195.7,0,29.5,13.0,AUTO_PRESEASON_USAGE,veteran_backup,6.6,102.2,54.3,,,,33.0,65.9,102.5,138.6,171.8,140,24.2,VERY LOW
5,2026,PRE,0,2026 Hall of Fame Game,00-0035251,Will Grier,CAR,ARI,away,2026-08-06T17:00:00-07:00,ACT,7,14.0,TEAM_PRIOR_NO_NFL_HISTORY,TEAM_BLEND,29.5,6.6,195.7,0,29.5,13.0,AUTO_PRESEASON_USAGE,veteran_backup,6.6,102.2,54.3,,,,33.0,65.9,102.5,138.6,171.8,150,18.9,VERY LOW
5,2026,PRE,0,2026 Hall of Fame Game,00-0035251,Will Grier,CAR,ARI,away,2026-08-06T17:00:00-07:00,ACT,7,14.0,TEAM_PRIOR_NO_NFL_HISTORY,TEAM_BLEND,29.5,6.6,195.7,0,29.5,13.0,AUTO_PRESEASON_USAGE,veteran_backup,6.6,102.2,54.3,,,,33.0,65.9,102.5,138.6,171.8,160,14.3,VERY LOW
5,2026,PRE,0,2026 Hall of Fame Game,00-0035251,Will Grier,CAR,ARI,away,2026-08-06T17:00:00-07:00,ACT,7,14.0,TEAM_PRIOR_NO_NFL_HISTORY,TEAM_BLEND,29.5,6.6,195.7,0,29.5,13.0,AUTO_PRESEASON_USAGE,veteran_backup,6.6,102.2,54.3,,,,33.0,65.9,102.5,138.6,171.8,170,10.6,VERY LOW
5,2026,PRE,0,2026 Hall of Fame Game,00-0035251,Will Grier,CAR,ARI,away,2026-08-06T17:00:00-07:00,ACT,7,14.0,TEAM_PRIOR_NO_NFL_HISTORY,TEAM_BLEND,29.5,6.6,195.7,0,29.5,13.0,AUTO_PRESEASON_USAGE,veteran_backup,6.6,102.2,54.3,,,,33.0,65.9,102.5,138.6,171.8,180,7.5,VERY LOW
5,2026,PRE,0,2026 Hall of Fame Game,00-0035251,Will Grier,CAR,ARI,away,2026-08-06T17:00:00-07:00,ACT,7,14.0,TEAM_PRIOR_NO_NFL_HISTORY,TEAM_BLEND,29.5,6.6,195.7,0,29.5,13.0,AUTO_PRESEASON_USAGE,veteran_backup,6.6,102.2,54.3,,,,33.0,65.9,102.5,138.6,171.8,190,5.1,VERY LOW
5,2026,PRE,0,2026 Hall of Fame Game,00-0035251,Will Grier,CAR,ARI,away,2026-08-06T17:00:00-07:00,ACT,7,14.0,TEAM_PRIOR_NO_NFL_HISTORY,TEAM_BLEND,29.5,6.6,195.7,0,29.5,13.0,AUTO_PRESEASON_USAGE,veteran_backup,6.6,102.2,54.3,,,,33.0,65.9,102.5,138.6,171.8,200,3.5,VERY LOW
5,2026,PRE,0,2026 Hall of Fame Game,00-0035251,Will Grier,CAR,ARI,away,2026-08-06T17:00:00-07:00,ACT,7,14.0,TEAM_PRIOR_NO_NFL_HISTORY,TEAM_BLEND,29.5,6.6,195.7,0,29.5,13.0,AUTO_PRESEASON_USAGE,veteran_backup,6.6,102.2,54.3,,,,33.0,65.9,102.5,138.6,171.8,210,2.4,VERY LOW
5,2026,PRE,0,2026 Hall of Fame Game,00-0035251,Will Grier,CAR,ARI,away,2026-08-06T17:00:00-07:00,ACT,7,14.0,TEAM_PRIOR_NO_NFL_HISTORY,TEAM_BLEND,29.5,6.6,195.7,0,29.5,13.0,AUTO_PRESEASON_USAGE,veteran_backup,6.6,102.2,54.3,,,,33.0,65.9,102.5,138.6,171.8,220,1.5,VERY LOW
5,2026,PRE,0,2026 Hall of Fame Game,00-0035251,Will Grier,CAR,ARI,away,2026-08-06T17:00:00-07:00,ACT,7,14.0,TEAM_PRIOR_NO_NFL_HISTORY,TEAM_BLEND,29.5,6.6,195.7,0,29.5,13.0,AUTO_PRESEASON_USAGE,veteran_backup,6.6,102.2,54.3,,,,33.0,65.9,102.5,138.6,171.8,230,0.9,VERY LOW
5,2026,PRE,0,2026 Hall of Fame Game,00-0035251,Will Grier,CAR,ARI,away,2026-08-06T17:00:00-07:00,ACT,7,14.0,TEAM_PRIOR_NO_NFL_HISTORY,TEAM_BLEND,29.5,6.6,195.7,0,29.5,13.0,AUTO_PRESEASON_USAGE,veteran_backup,6.6,102.2,54.3,,,,33.0,65.9,102.5,138.6,171.8,240,0.5,VERY LOW
5,2026,PRE,0,2026 Hall of Fame Game,00-0035251,Will Grier,CAR,ARI,away,2026-08-06T17:00:00-07:00,ACT,7,14.0,TEAM_PRIOR_NO_NFL_HISTORY,TEAM_BLEND,29.5,6.6,195.7,0,29.5,13.0,AUTO_PRESEASON_USAGE,veteran_backup,6.6,102.2,54.3,,,,33.0,65.9,102.5,138.6,171.8,250,0.3,VERY LOW
5,2026,PRE,0,2026 Hall of Fame Game,00-0035251,Will Grier,CAR,ARI,away,2026-08-06T17:00:00-07:00,ACT,7,14.0,TEAM_PRIOR_NO_NFL_HISTORY,TEAM_BLEND,29.5,6.6,195.7,0,29.5,13.0,AUTO_PRESEASON_USAGE,veteran_backup,6.6,102.2,54.3,,,,33.0,65.9,102.5,138.6,171.8,260,0.2,VERY LOW
5,2026,PRE,0,2026 Hall of Fame Game,00-0035251,Will Grier,CAR,ARI,away,2026-08-06T17:00:00-07:00,ACT,7,14.0,TEAM_PRIOR_NO_NFL_HISTORY,TEAM_BLEND,29.5,6.6,195.7,0,29.5,13.0,AUTO_PRESEASON_USAGE,veteran_backup,6.6,102.2,54.3,,,,33.0,65.9,102.5,138.6,171.8,270,0.1,VERY LOW
5,2026,PRE,0,2026 Hall of Fame Game,00-0035251,Will Grier,CAR,ARI,away,2026-08-06T17:00:00-07:00,ACT,7,14.0,TEAM_PRIOR_NO_NFL_HISTORY,TEAM_BLEND,29.5,6.6,195.7,0,29.5,13.0,AUTO_PRESEASON_USAGE,veteran_backup,6.6,102.2,54.3,,,,33.0,65.9,102.5,138.6,171.8,280,0.1,VERY LOW
5,2026,PRE,0,2026 Hall of Fame Game,00-0035251,Will Grier,CAR,ARI,away,2026-08-06T17:00:00-07:00,ACT,7,14.0,TEAM_PRIOR_NO_NFL_HISTORY,TEAM_BLEND,29.5,6.6,195.7,0,29.5,13.0,AUTO_PRESEASON_USAGE,veteran_backup,6.6,102.2,54.3,,,,33.0,65.9,102.5,138.6,171.8,290,0.0,VERY LOW
5,2026,PRE,0,2026 Hall of Fame Game,00-0035251,Will Grier,CAR,ARI,away,2026-08-06T17:00:00-07:00,ACT,7,14.0,TEAM_PRIOR_NO_NFL_HISTORY,TEAM_BLEND,29.5,6.6,195.7,0,29.5,13.0,AUTO_PRESEASON_USAGE,veteran_backup,6.6,102.2,54.3,,,,33.0,65.9,102.5,138.6,171.8,300,0.0,VERY LOW
5,2026,PRE,0,2026 Hall of Fame Game,00-0035251,Will Grier,CAR,ARI,away,2026-08-06T17:00:00-07:00,ACT,7,14.0,TEAM_PRIOR_NO_NFL_HISTORY,TEAM_BLEND,29.5,6.6,195.7,0,29.5,13.0,AUTO_PRESEASON_USAGE,veteran_backup,6.6,102.2,54.3,,,,33.0,65.9,102.5,138.6,171.8,310,0.0,VERY LOW
5,2026,PRE,0,2026 Hall of Fame Game,00-0035251,Will Grier,CAR,ARI,away,2026-08-06T17:00:00-07:00,ACT,7,14.0,TEAM_PRIOR_NO_NFL_HISTORY,TEAM_BLEND,29.5,6.6,195.7,0,29.5,13.0,AUTO_PRESEASON_USAGE,veteran_backup,6.6,102.2,54.3,,,,33.0,65.9,102.5,138.6,171.8,320,0.0,VERY LOW
5,2026,PRE,0,2026 Hall of Fame Game,00-0035251,Will Grier,CAR,ARI,away,2026-08-06T17:00:00-07:00,ACT,7,14.0,TEAM_PRIOR_NO_NFL_HISTORY,TEAM_BLEND,29.5,6.6,195.7,0,29.5,13.0,AUTO_PRESEASON_USAGE,veteran_backup,6.6,102.2,54.3,,,,33.0,65.9,102.5,138.6,171.8,330,0.0,VERY LOW
5,2026,PRE,0,2026 Hall of Fame Game,00-0035251,Will Grier,CAR,ARI,away,2026-08-06T17:00:00-07:00,ACT,7,14.0,TEAM_PRIOR_NO_NFL_HISTORY,TEAM_BLEND,29.5,6.6,195.7,0,29.5,13.0,AUTO_PRESEASON_USAGE,veteran_backup,6.6,102.2,54.3,,,,33.0,65.9,102.5,138.6,171.8,340,0.0,VERY LOW
5,2026,PRE,0,2026 Hall of Fame Game,00-0035251,Will Grier,CAR,ARI,away,2026-08-06T17:00:00-07:00,ACT,7,14.0,TEAM_PRIOR_NO_NFL_HISTORY,TEAM_BLEND,29.5,6.6,195.7,0,29.5,13.0,AUTO_PRESEASON_USAGE,veteran_backup,6.6,102.2,54.3,,,,33.0,65.9,102.5,138.6,171.8,350,0.0,VERY LOW
5,2026,PRE,0,2026 Hall of Fame Game,00-0035251,Will Grier,CAR,ARI,away,2026-08-06T17:00:00-07:00,ACT,7,14.0,TEAM_PRIOR_NO_NFL_HISTORY,TEAM_BLEND,29.5,6.6,195.7,0,29.5,13.0,AUTO_PRESEASON_USAGE,veteran_backup,6.6,102.2,54.3,,,,33.0,65.9,102.5,138.6,171.8,360,0.0,VERY LOW
5,2026,PRE,0,2026 Hall of Fame Game,00-0035251,Will Grier,CAR,ARI,away,2026-08-06T17:00:00-07:00,ACT,7,14.0,TEAM_PRIOR_NO_NFL_HISTORY,TEAM_BLEND,29.5,6.6,195.7,0,29.5,13.0,AUTO_PRESEASON_USAGE,veteran_backup,6.6,102.2,54.3,,,,33.0,65.9,102.5,138.6,171.8,370,0.0,VERY LOW
5,2026,PRE,0,2026 Hall of Fame Game,00-0035251,Will Grier,CAR,ARI,away,2026-08-06T17:00:00-07:00,ACT,7,14.0,TEAM_PRIOR_NO_NFL_HISTORY,TEAM_BLEND,29.5,6.6,195.7,0,29.5,13.0,AUTO_PRESEASON_USAGE,veteran_backup,6.6,102.2,54.3,,,,33.0,65.9,102.5,138.6,171.8,380,0.0,VERY LOW
5,2026,PRE,0,2026 Hall of Fame Game,00-0035251,Will Grier,CAR,ARI,away,2026-08-06T17:00:00-07:00,ACT,7,14.0,TEAM_PRIOR_NO_NFL_HISTORY,TEAM_BLEND,29.5,6.6,195.7,0,29.5,13.0,AUTO_PRESEASON_USAGE,veteran_backup,6.6,102.2,54.3,,,,33.0,65.9,102.5,138.6,171.8,390,0.0,VERY LOW
5,2026,PRE,0,2026 Hall of Fame Game,00-0035251,Will Grier,CAR,ARI,away,2026-08-06T17:00:00-07:00,ACT,7,14.0,TEAM_PRIOR_NO_NFL_HISTORY,TEAM_BLEND,29.5,6.6,195.7,0,29.5,13.0,AUTO_PRESEASON_USAGE,veteran_backup,6.6,102.2,54.3,,,,33.0,65.9,102.5,138.6,171.8,400,0.0,VERY LOW
6,2026,PRE,0,2026 Hall of Fame Game,00-0033119,Jacoby Brissett,ARI,CAR,home,2026-08-06T17:00:00-07:00,ACT,10,7.0,NFL_HISTORY,TEAM_BLEND,31.5,6.83,215.0,20,37.8,9.0,AUTO_PRESEASON_USAGE,starter_like,6.74,87.6,28.7,235.6,276.7,255.1,50.9,68.1,87.4,106.9,124.3,100,33.0,LOW
6,2026,PRE,0,2026 Hall of Fame Game,00-0033119,Jacoby Brissett,ARI,CAR,home,2026-08-06T17:00:00-07:00,ACT,10,7.0,NFL_HISTORY,TEAM_BLEND,31.5,6.83,215.0,20,37.8,9.0,AUTO_PRESEASON_USAGE,starter_like,6.74,87.6,28.7,235.6,276.7,255.1,50.9,68.1,87.4,106.9,124.3,110,21.6,VERY LOW
6,2026,PRE,0,2026 Hall of Fame Game,00-0033119,Jacoby Brissett,ARI,CAR,home,2026-08-06T17:00:00-07:00,ACT,10,7.0,NFL_HISTORY,TEAM_BLEND,31.5,6.83,215.0,20,37.8,9.0,AUTO_PRESEASON_USAGE,starter_like,6.74,87.6,28.7,235.6,276.7,255.1,50.9,68.1,87.4,106.9,124.3,120,12.8,VERY LOW
6,2026,PRE,0,2026 Hall of Fame Game,00-0033119,Jacoby Brissett,ARI,CAR,home,2026-08-06T17:00:00-07:00,ACT,10,7.0,NFL_HISTORY,TEAM_BLEND,31.5,6.83,215.0,20,37.8,9.0,AUTO_PRESEASON_USAGE,starter_like,6.74,87.6,28.7,235.6,276.7,255.1,50.9,68.1,87.4,106.9,124.3,130,7.1,VERY LOW
6,2026,PRE,0,2026 Hall of Fame Game,00-0033119,Jacoby Brissett,ARI,CAR,home,2026-08-06T17:00:00-07:00,ACT,10,7.0,NFL_HISTORY,TEAM_BLEND,31.5,6.83,215.0,20,37.8,9.0,AUTO_PRESEASON_USAGE,starter_like,6.74,87.6,28.7,235.6,276.7,255.1,50.9,68.1,87.4,106.9,124.3,140,3.4,VERY LOW
6,2026,PRE,0,2026 Hall of Fame Game,00-0033119,Jacoby Brissett,ARI,CAR,home,2026-08-06T17:00:00-07:00,ACT,10,7.0,NFL_HISTORY,TEAM_BLEND,31.5,6.83,215.0,20,37.8,9.0,AUTO_PRESEASON_USAGE,starter_like,6.74,87.6,28.7,235.6,276.7,255.1,50.9,68.1,87.4,106.9,124.3,150,1.4,VERY LOW
6,2026,PRE,0,2026 Hall of Fame Game,00-0033119,Jacoby Brissett,ARI,CAR,home,2026-08-06T17:00:00-07:00,ACT,10,7.0,NFL_HISTORY,TEAM_BLEND,31.5,6.83,215.0,20,37.8,9.0,AUTO_PRESEASON_USAGE,starter_like,6.74,87.6,28.7,235.6,276.7,255.1,50.9,68.1,87.4,106.9,124.3,160,0.6,VERY LOW
6,2026,PRE,0,2026 Hall of Fame Game,00-0033119,Jacoby Brissett,ARI,CAR,home,2026-08-06T17:00:00-07:00,ACT,10,7.0,NFL_HISTORY,TEAM_BLEND,31.5,6.83,215.0,20,37.8,9.0,AUTO_PRESEASON_USAGE,starter_like,6.74,87.6,28.7,235.6,276.7,255.1,50.9,68.1,87.4,106.9,124.3,170,0.2,VERY LOW
6,2026,PRE,0,2026 Hall of Fame Game,00-0033119,Jacoby Brissett,ARI,CAR,home,2026-08-06T17:00:00-07:00,ACT,10,7.0,NFL_HISTORY,TEAM_BLEND,31.5,6.83,215.0,20,37.8,9.0,AUTO_PRESEASON_USAGE,starter_like,6.74,87.6,28.7,235.6,276.7,255.1,50.9,68.1,87.4,106.9,124.3,180,0.1,VERY LOW
6,2026,PRE,0,2026 Hall of Fame Game,00-0033119,Jacoby Brissett,ARI,CAR,home,2026-08-06T17:00:00-07:00,ACT,10,7.0,NFL_HISTORY,TEAM_BLEND,31.5,6.83,215.0,20,37.8,9.0,AUTO_PRESEASON_USAGE,starter_like,6.74,87.6,28.7,235.6,276.7,255.1,50.9,68.1,87.4,106.9,124.3,190,0.0,VERY LOW
6,2026,PRE,0,2026 Hall of Fame Game,00-0033119,Jacoby Brissett,ARI,CAR,home,2026-08-06T17:00:00-07:00,ACT,10,7.0,NFL_HISTORY,TEAM_BLEND,31.5,6.83,215.0,20,37.8,9.0,AUTO_PRESEASON_USAGE,starter_like,6.74,87.6,28.7,235.6,276.7,255.1,50.9,68.1,87.4,106.9,124.3,200,0.0,VERY LOW
6,2026,PRE,0,2026 Hall of Fame Game,00-0033119,Jacoby Brissett,ARI,CAR,home,2026-08-06T17:00:00-07:00,ACT,10,7.0,NFL_HISTORY,TEAM_BLEND,31.5,6.83,215.0,20,37.8,9.0,AUTO_PRESEASON_USAGE,starter_like,6.74,87.6,28.7,235.6,276.7,255.1,50.9,68.1,87.4,106.9,124.3,210,0.0,VERY LOW
6,2026,PRE,0,2026 Hall of Fame Game,00-0033119,Jacoby Brissett,ARI,CAR,home,2026-08-06T17:00:00-07:00,ACT,10,7.0,NFL_HISTORY,TEAM_BLEND,31.5,6.83,215.0,20,37.8,9.0,AUTO_PRESEASON_USAGE,starter_like,6.74,87.6,28.7,235.6,276.7,255.1,50.9,68.1,87.4,106.9,124.3,220,0.0,VERY LOW
6,2026,PRE,0,2026 Hall of Fame Game,00-0033119,Jacoby Brissett,ARI,CAR,home,2026-08-06T17:00:00-07:00,ACT,10,7.0,NFL_HISTORY,TEAM_BLEND,31.5,6.83,215.0,20,37.8,9.0,AUTO_PRESEASON_USAGE,starter_like,6.74,87.6,28.7,235.6,276.7,255.1,50.9,68.1,87.4,106.9,124.3,230,0.0,VERY LOW
6,2026,PRE,0,2026 Hall of Fame Game,00-0033119,Jacoby Brissett,ARI,CAR,home,2026-08-06T17:00:00-07:00,ACT,10,7.0,NFL_HISTORY,TEAM_BLEND,31.5,6.83,215.0,20,37.8,9.0,AUTO_PRESEASON_USAGE,starter_like,6.74,87.6,28.7,235.6,276.7,255.1,50.9,68.1,87.4,106.9,124.3,240,0.0,VERY LOW
6,2026,PRE,0,2026 Hall of Fame Game,00-0033119,Jacoby Brissett,ARI,CAR,home,2026-08-06T17:00:00-07:00,ACT,10,7.0,NFL_HISTORY,TEAM_BLEND,31.5,6.83,215.0,20,37.8,9.0,AUTO_PRESEASON_USAGE,starter_like,6.74,87.6,28.7,235.6,276.7,255.1,50.9,68.1,87.4,106.9,124.3,250,0.0,VERY LOW
6,2026,PRE,0,2026 Hall of Fame Game,00-0033119,Jacoby Brissett,ARI,CAR,home,2026-08-06T17:00:00-07:00,ACT,10,7.0,NFL_HISTORY,TEAM_BLEND,31.5,6.83,215.0,20,37.8,9.0,AUTO_PRESEASON_USAGE,starter_like,6.74,87.6,28.7,235.6,276.7,255.1,50.9,68.1,87.4,106.9,124.3,260,0.0,VERY LOW
6,2026,PRE,0,2026 Hall of Fame Game,00-0033119,Jacoby Brissett,ARI,CAR,home,2026-08-06T17:00:00-07:00,ACT,10,7.0,NFL_HISTORY,TEAM_BLEND,31.5,6.83,215.0,20,37.8,9.0,AUTO_PRESEASON_USAGE,starter_like,6.74,87.6,28.7,235.6,276.7,255.1,50.9,68.1,87.4,106.9,124.3,270,0.0,VERY LOW
6,2026,PRE,0,2026 Hall of Fame Game,00-0033119,Jacoby Brissett,ARI,CAR,home,2026-08-06T17:00:00-07:00,ACT,10,7.0,NFL_HISTORY,TEAM_BLEND,31.5,6.83,215.0,20,37.8,9.0,AUTO_PRESEASON_USAGE,starter_like,6.74,87.6,28.7,235.6,276.7,255.1,50.9,68.1,87.4,106.9,124.3,280,0.0,VERY LOW
6,2026,PRE,0,2026 Hall of Fame Game,00-0033119,Jacoby Brissett,ARI,CAR,home,2026-08-06T17:00:00-07:00,ACT,10,7.0,NFL_HISTORY,TEAM_BLEND,31.5,6.83,215.0,20,37.8,9.0,AUTO_PRESEASON_USAGE,starter_like,6.74,87.6,28.7,235.6,276.7,255.1,50.9,68.1,87.4,106.9,124.3,290,0.0,VERY LOW
6,2026,PRE,0,2026 Hall of Fame Game,00-0033119,Jacoby Brissett,ARI,CAR,home,2026-08-06T17:00:00-07:00,ACT,10,7.0,NFL_HISTORY,TEAM_BLEND,31.5,6.83,215.0,20,37.8,9.0,AUTO_PRESEASON_USAGE,starter_like,6.74,87.6,28.7,235.6,276.7,255.1,50.9,68.1,87.4,106.9,124.3,300,0.0,VERY LOW
6,2026,PRE,0,2026 Hall of Fame Game,00-0033119,Jacoby Brissett,ARI,CAR,home,2026-08-06T17:00:00-07:00,ACT,10,7.0,NFL_HISTORY,TEAM_BLEND,31.5,6.83,215.0,20,37.8,9.0,AUTO_PRESEASON_USAGE,starter_like,6.74,87.6,28.7,235.6,276.7,255.1,50.9,68.1,87.4,106.9,124.3,310,0.0,VERY LOW
6,2026,PRE,0,2026 Hall of Fame Game,00-0033119,Jacoby Brissett,ARI,CAR,home,2026-08-06T17:00:00-07:00,ACT,10,7.0,NFL_HISTORY,TEAM_BLEND,31.5,6.83,215.0,20,37.8,9.0,AUTO_PRESEASON_USAGE,starter_like,6.74,87.6,28.7,235.6,276.7,255.1,50.9,68.1,87.4,106.9,124.3,320,0.0,VERY LOW
6,2026,PRE,0,2026 Hall of Fame Game,00-0033119,Jacoby Brissett,ARI,CAR,home,2026-08-06T17:00:00-07:00,ACT,10,7.0,NFL_HISTORY,TEAM_BLEND,31.5,6.83,215.0,20,37.8,9.0,AUTO_PRESEASON_USAGE,starter_like,6.74,87.6,28.7,235.6,276.7,255.1,50.9,68.1,87.4,106.9,124.3,330,0.0,VERY LOW
6,2026,PRE,0,2026 Hall of Fame Game,00-0033119,Jacoby Brissett,ARI,CAR,home,2026-08-06T17:00:00-07:00,ACT,10,7.0,NFL_HISTORY,TEAM_BLEND,31.5,6.83,215.0,20,37.8,9.0,AUTO_PRESEASON_USAGE,starter_like,6.74,87.6,28.7,235.6,276.7,255.1,50.9,68.1,87.4,106.9,124.3,340,0.0,VERY LOW
6,2026,PRE,0,2026 Hall of Fame Game,00-0033119,Jacoby Brissett,ARI,CAR,home,2026-08-06T17:00:00-07:00,ACT,10,7.0,NFL_HISTORY,TEAM_BLEND,31.5,6.83,215.0,20,37.8,9.0,AUTO_PRESEASON_USAGE,starter_like,6.74,87.6,28.7,235.6,276.7,255.1,50.9,68.1,87.4,106.9,124.3,350,0.0,VERY LOW
6,2026,PRE,0,2026 Hall of Fame Game,00-0033119,Jacoby Brissett,ARI,CAR,home,2026-08-06T17:00:00-07:00,ACT,10,7.0,NFL_HISTORY,TEAM_BLEND,31.5,6.83,215.0,20,37.8,9.0,AUTO_PRESEASON_USAGE,starter_like,6.74,87.6,28.7,235.6,276.7,255.1,50.9,68.1,87.4,106.9,124.3,360,0.0,VERY LOW
6,2026,PRE,0,2026 Hall of Fame Game,00-0033119,Jacoby Brissett,ARI,CAR,home,2026-08-06T17:00:00-07:00,ACT,10,7.0,NFL_HISTORY,TEAM_BLEND,31.5,6.83,215.0,20,37.8,9.0,AUTO_PRESEASON_USAGE,starter_like,6.74,87.6,28.7,235.6,276.7,255.1,50.9,68.1,87.4,106.9,124.3,370,0.0,VERY LOW
6,2026,PRE,0,2026 Hall of Fame Game,00-0033119,Jacoby Brissett,ARI,CAR,home,2026-08-06T17:00:00-07:00,ACT,10,7.0,NFL_HISTORY,TEAM_BLEND,31.5,6.83,215.0,20,37.8,9.0,AUTO_PRESEASON_USAGE,starter_like,6.74,87.6,28.7,235.6,276.7,255.1,50.9,68.1,87.4,106.9,124.3,380,0.0,VERY LOW
6,2026,PRE,0,2026 Hall of Fame Game,00-0033119,Jacoby Brissett,ARI,CAR,home,2026-08-06T17:00:00-07:00,ACT,10,7.0,NFL_HISTORY,TEAM_BLEND,31.5,6.83,215.0,20,37.8,9.0,AUTO_PRESEASON_USAGE,starter_like,6.74,87.6,28.7,235.6,276.7,255.1,50.9,68.1,87.4,106.9,124.3,390,0.0,VERY LOW
6,2026,PRE,0,2026 Hall of Fame Game,00-0033119,Jacoby Brissett,ARI,CAR,home,2026-08-06T17:00:00-07:00,ACT,10,7.0,NFL_HISTORY,TEAM_BLEND,31.5,6.83,215.0,20,37.8,9.0,AUTO_PRESEASON_USAGE,starter_like,6.74,87.6,28.7,235.6,276.7,255.1,50.9,68.1,87.4,106.9,124.3,400,0.0,VERY LOW
7,2026,PRE,0,2026 Hall of Fame Game,00-0039577,Kedon Slovis,ARI,CAR,home,2026-08-06T17:00:00-07:00,ACT,2,12.0,TEAM_PRIOR_NO_NFL_HISTORY,TEAM_BLEND,31.5,6.83,215.0,0,31.5,9.0,AUTO_PRESEASON_USAGE,starter_like,6.83,84.5,40.6,,,,32.3,57.2,84.5,111.6,136.4,100,35.1,LOW
7,2026,PRE,0,2026 Hall of Fame Game,00-0039577,Kedon Slovis,ARI,CAR,home,2026-08-06T17:00:00-07:00,ACT,2,12.0,TEAM_PRIOR_NO_NFL_HISTORY,TEAM_BLEND,31.5,6.83,215.0,0,31.5,9.0,AUTO_PRESEASON_USAGE,starter_like,6.83,84.5,40.6,,,,32.3,57.2,84.5,111.6,136.4,110,26.3,LOW
7,2026,PRE,0,2026 Hall of Fame Game,00-0039577,Kedon Slovis,ARI,CAR,home,2026-08-06T17:00:00-07:00,ACT,2,12.0,TEAM_PRIOR_NO_NFL_HISTORY,TEAM_BLEND,31.5,6.83,215.0,0,31.5,9.0,AUTO_PRESEASON_USAGE,starter_like,6.83,84.5,40.6,,,,32.3,57.2,84.5,111.6,136.4,120,19.0,VERY LOW
7,2026,PRE,0,2026 Hall of Fame Game,00-0039577,Kedon Slovis,ARI,CAR,home,2026-08-06T17:00:00-07:00,ACT,2,12.0,TEAM_PRIOR_NO_NFL_HISTORY,TEAM_BLEND,31.5,6.83,215.0,0,31.5,9.0,AUTO_PRESEASON_USAGE,starter_like,6.83,84.5,40.6,,,,32.3,57.2,84.5,111.6,136.4,130,13.1,VERY LOW
7,2026,PRE,0,2026 Hall of Fame Game,00-0039577,Kedon Slovis,ARI,CAR,home,2026-08-06T17:00:00-07:00,ACT,2,12.0,TEAM_PRIOR_NO_NFL_HISTORY,TEAM_BLEND,31.5,6.83,215.0,0,31.5,9.0,AUTO_PRESEASON_USAGE,starter_like,6.83,84.5,40.6,,,,32.3,57.2,84.5,111.6,136.4,140,8.6,VERY LOW
7,2026,PRE,0,2026 Hall of Fame Game,00-0039577,Kedon Slovis,ARI,CAR,home,2026-08-06T17:00:00-07:00,ACT,2,12.0,TEAM_PRIOR_NO_NFL_HISTORY,TEAM_BLEND,31.5,6.83,215.0,0,31.5,9.0,AUTO_PRESEASON_USAGE,starter_like,6.83,84.5,40.6,,,,32.3,57.2,84.5,111.6,136.4,150,5.3,VERY LOW
7,2026,PRE,0,2026 Hall of Fame Game,00-0039577,Kedon Slovis,ARI,CAR,home,2026-08-06T17:00:00-07:00,ACT,2,12.0,TEAM_PRIOR_NO_NFL_HISTORY,TEAM_BLEND,31.5,6.83,215.0,0,31.5,9.0,AUTO_PRESEASON_USAGE,starter_like,6.83,84.5,40.6,,,,32.3,57.2,84.5,111.6,136.4,160,3.1,VERY LOW
7,2026,PRE,0,2026 Hall of Fame Game,00-0039577,Kedon Slovis,ARI,CAR,home,2026-08-06T17:00:00-07:00,ACT,2,12.0,TEAM_PRIOR_NO_NFL_HISTORY,TEAM_BLEND,31.5,6.83,215.0,0,31.5,9.0,AUTO_PRESEASON_USAGE,starter_like,6.83,84.5,40.6,,,,32.3,57.2,84.5,111.6,136.4,170,1.7,VERY LOW
7,2026,PRE,0,2026 Hall of Fame Game,00-0039577,Kedon Slovis,ARI,CAR,home,2026-08-06T17:00:00-07:00,ACT,2,12.0,TEAM_PRIOR_NO_NFL_HISTORY,TEAM_BLEND,31.5,6.83,215.0,0,31.5,9.0,AUTO_PRESEASON_USAGE,starter_like,6.83,84.5,40.6,,,,32.3,57.2,84.5,111.6,136.4,180,0.9,VERY LOW
7,2026,PRE,0,2026 Hall of Fame Game,00-0039577,Kedon Slovis,ARI,CAR,home,2026-08-06T17:00:00-07:00,ACT,2,12.0,TEAM_PRIOR_NO_NFL_HISTORY,TEAM_BLEND,31.5,6.83,215.0,0,31.5,9.0,AUTO_PRESEASON_USAGE,starter_like,6.83,84.5,40.6,,,,32.3,57.2,84.5,111.6,136.4,190,0.5,VERY LOW
7,2026,PRE,0,2026 Hall of Fame Game,00-0039577,Kedon Slovis,ARI,CAR,home,2026-08-06T17:00:00-07:00,ACT,2,12.0,TEAM_PRIOR_NO_NFL_HISTORY,TEAM_BLEND,31.5,6.83,215.0,0,31.5,9.0,AUTO_PRESEASON_USAGE,starter_like,6.83,84.5,40.6,,,,32.3,57.2,84.5,111.6,136.4,200,0.2,VERY LOW
7,2026,PRE,0,2026 Hall of Fame Game,00-0039577,Kedon Slovis,ARI,CAR,home,2026-08-06T17:00:00-07:00,ACT,2,12.0,TEAM_PRIOR_NO_NFL_HISTORY,TEAM_BLEND,31.5,6.83,215.0,0,31.5,9.0,AUTO_PRESEASON_USAGE,starter_like,6.83,84.5,40.6,,,,32.3,57.2,84.5,111.6,136.4,210,0.1,VERY LOW
7,2026,PRE,0,2026 Hall of Fame Game,00-0039577,Kedon Slovis,ARI,CAR,home,2026-08-06T17:00:00-07:00,ACT,2,12.0,TEAM_PRIOR_NO_NFL_HISTORY,TEAM_BLEND,31.5,6.83,215.0,0,31.5,9.0,AUTO_PRESEASON_USAGE,starter_like,6.83,84.5,40.6,,,,32.3,57.2,84.5,111.6,136.4,220,0.0,VERY LOW
7,2026,PRE,0,2026 Hall of Fame Game,00-0039577,Kedon Slovis,ARI,CAR,home,2026-08-06T17:00:00-07:00,ACT,2,12.0,TEAM_PRIOR_NO_NFL_HISTORY,TEAM_BLEND,31.5,6.83,215.0,0,31.5,9.0,AUTO_PRESEASON_USAGE,starter_like,6.83,84.5,40.6,,,,32.3,57.2,84.5,111.6,136.4,230,0.0,VERY LOW
7,2026,PRE,0,2026 Hall of Fame Game,00-0039577,Kedon Slovis,ARI,CAR,home,2026-08-06T17:00:00-07:00,ACT,2,12.0,TEAM_PRIOR_NO_NFL_HISTORY,TEAM_BLEND,31.5,6.83,215.0,0,31.5,9.0,AUTO_PRESEASON_USAGE,starter_like,6.83,84.5,40.6,,,,32.3,57.2,84.5,111.6,136.4,240,0.0,VERY LOW
7,2026,PRE,0,2026 Hall of Fame Game,00-0039577,Kedon Slovis,ARI,CAR,home,2026-08-06T17:00:00-07:00,ACT,2,12.0,TEAM_PRIOR_NO_NFL_HISTORY,TEAM_BLEND,31.5,6.83,215.0,0,31.5,9.0,AUTO_PRESEASON_USAGE,starter_like,6.83,84.5,40.6,,,,32.3,57.2,84.5,111.6,136.4,250,0.0,VERY LOW
7,2026,PRE,0,2026 Hall of Fame Game,00-0039577,Kedon Slovis,ARI,CAR,home,2026-08-06T17:00:00-07:00,ACT,2,12.0,TEAM_PRIOR_NO_NFL_HISTORY,TEAM_BLEND,31.5,6.83,215.0,0,31.5,9.0,AUTO_PRESEASON_USAGE,starter_like,6.83,84.5,40.6,,,,32.3,57.2,84.5,111.6,136.4,260,0.0,VERY LOW
7,2026,PRE,0,2026 Hall of Fame Game,00-0039577,Kedon Slovis,ARI,CAR,home,2026-08-06T17:00:00-07:00,ACT,2,12.0,TEAM_PRIOR_NO_NFL_HISTORY,TEAM_BLEND,31.5,6.83,215.0,0,31.5,9.0,AUTO_PRESEASON_USAGE,starter_like,6.83,84.5,40.6,,,,32.3,57.2,84.5,111.6,136.4,270,0.0,VERY LOW
7,2026,PRE,0,2026 Hall of Fame Game,00-0039577,Kedon Slovis,ARI,CAR,home,2026-08-06T17:00:00-07:00,ACT,2,12.0,TEAM_PRIOR_NO_NFL_HISTORY,TEAM_BLEND,31.5,6.83,215.0,0,31.5,9.0,AUTO_PRESEASON_USAGE,starter_like,6.83,84.5,40.6,,,,32.3,57.2,84.5,111.6,136.4,280,0.0,VERY LOW
7,2026,PRE,0,2026 Hall of Fame Game,00-0039577,Kedon Slovis,ARI,CAR,home,2026-08-06T17:00:00-07:00,ACT,2,12.0,TEAM_PRIOR_NO_NFL_HISTORY,TEAM_BLEND,31.5,6.83,215.0,0,31.5,9.0,AUTO_PRESEASON_USAGE,starter_like,6.83,84.5,40.6,,,,32.3,57.2,84.5,111.6,136.4,290,0.0,VERY LOW
7,2026,PRE,0,2026 Hall of Fame Game,00-0039577,Kedon Slovis,ARI,CAR,home,2026-08-06T17:00:00-07:00,ACT,2,12.0,TEAM_PRIOR_NO_NFL_HISTORY,TEAM_BLEND,31.5,6.83,215.0,0,31.5,9.0,AUTO_PRESEASON_USAGE,starter_like,6.83,84.5,40.6,,,,32.3,57.2,84.5,111.6,136.4,300,0.0,VERY LOW
7,2026,PRE,0,2026 Hall of Fame Game,00-0039577,Kedon Slovis,ARI,CAR,home,2026-08-06T17:00:00-07:00,ACT,2,12.0,TEAM_PRIOR_NO_NFL_HISTORY,TEAM_BLEND,31.5,6.83,215.0,0,31.5,9.0,AUTO_PRESEASON_USAGE,starter_like,6.83,84.5,40.6,,,,32.3,57.2,84.5,111.6,136.4,310,0.0,VERY LOW
7,2026,PRE,0,2026 Hall of Fame Game,00-0039577,Kedon Slovis,ARI,CAR,home,2026-08-06T17:00:00-07:00,ACT,2,12.0,TEAM_PRIOR_NO_NFL_HISTORY,TEAM_BLEND,31.5,6.83,215.0,0,31.5,9.0,AUTO_PRESEASON_USAGE,starter_like,6.83,84.5,40.6,,,,32.3,57.2,84.5,111.6,136.4,320,0.0,VERY LOW
7,2026,PRE,0,2026 Hall of Fame Game,00-0039577,Kedon Slovis,ARI,CAR,home,2026-08-06T17:00:00-07:00,ACT,2,12.0,TEAM_PRIOR_NO_NFL_HISTORY,TEAM_BLEND,31.5,6.83,215.0,0,31.5,9.0,AUTO_PRESEASON_USAGE,starter_like,6.83,84.5,40.6,,,,32.3,57.2,84.5,111.6,136.4,330,0.0,VERY LOW
7,2026,PRE,0,2026 Hall of Fame Game,00-0039577,Kedon Slovis,ARI,CAR,home,2026-08-06T17:00:00-07:00,ACT,2,12.0,TEAM_PRIOR_NO_NFL_HISTORY,TEAM_BLEND,31.5,6.83,215.0,0,31.5,9.0,AUTO_PRESEASON_USAGE,starter_like,6.83,84.5,40.6,,,,32.3,57.2,84.5,111.6,136.4,340,0.0,VERY LOW
7,2026,PRE,0,2026 Hall of Fame Game,00-0039577,Kedon Slovis,ARI,CAR,home,2026-08-06T17:00:00-07:00,ACT,2,12.0,TEAM_PRIOR_NO_NFL_HISTORY,TEAM_BLEND,31.5,6.83,215.0,0,31.5,9.0,AUTO_PRESEASON_USAGE,starter_like,6.83,84.5,40.6,,,,32.3,57.2,84.5,111.6,136.4,350,0.0,VERY LOW
7,2026,PRE,0,2026 Hall of Fame Game,00-0039577,Kedon Slovis,ARI,CAR,home,2026-08-06T17:00:00-07:00,ACT,2,12.0,TEAM_PRIOR_NO_NFL_HISTORY,TEAM_BLEND,31.5,6.83,215.0,0,31.5,9.0,AUTO_PRESEASON_USAGE,starter_like,6.83,84.5,40.6,,,,32.3,57.2,84.5,111.6,136.4,360,0.0,VERY LOW
7,2026,PRE,0,2026 Hall of Fame Game,00-0039577,Kedon Slovis,ARI,CAR,home,2026-08-06T17:00:00-07:00,ACT,2,12.0,TEAM_PRIOR_NO_NFL_HISTORY,TEAM_BLEND,31.5,6.83,215.0,0,31.5,9.0,AUTO_PRESEASON_USAGE,starter_like,6.83,84.5,40.6,,,,32.3,57.2,84.5,111.6,136.4,370,0.0,VERY LOW
7,2026,PRE,0,2026 Hall of Fame Game,00-0039577,Kedon Slovis,ARI,CAR,home,2026-08-06T17:00:00-07:00,ACT,2,12.0,TEAM_PRIOR_NO_NFL_HISTORY,TEAM_BLEND,31.5,6.83,215.0,0,31.5,9.0,AUTO_PRESEASON_USAGE,starter_like,6.83,84.5,40.6,,,,32.3,57.2,84.5,111.6,136.4,380,0.0,VERY LOW
7,2026,PRE,0,2026 Hall of Fame Game,00-0039577,Kedon Slovis,ARI,CAR,home,2026-08-06T17:00:00-07:00,ACT,2,12.0,TEAM_PRIOR_NO_NFL_HISTORY,TEAM_BLEND,31.5,6.83,215.0,0,31.5,9.0,AUTO_PRESEASON_USAGE,starter_like,6.83,84.5,40.6,,,,32.3,57.2,84.5,111.6,136.4,390,0.0,VERY LOW
7,2026,PRE,0,2026 Hall of Fame Game,00-0039577,Kedon Slovis,ARI,CAR,home,2026-08-06T17:00:00-07:00,ACT,2,12.0,TEAM_PRIOR_NO_NFL_HISTORY,TEAM_BLEND,31.5,6.83,215.0,0,31.5,9.0,AUTO_PRESEASON_USAGE,starter_like,6.83,84.5,40.6,,,,32.3,57.2,84.5,111.6,136.4,400,0.0,VERY LOW
8,2026,PRE,0,2026 Hall of Fame Game,00-0035289,Gardner Minshew,ARI,CAR,home,2026-08-06T17:00:00-07:00,ACT,7,15.0,NFL_HISTORY,TEAM_BLEND,31.5,6.83,215.0,26,24.8,13.0,AUTO_PRESEASON_USAGE,veteran_backup,5.08,78.2,60.9,172.0,177.1,187.3,0.4,37.1,78.2,119.8,156.8,100,36.0,LOW
8,2026,PRE,0,2026 Hall of Fame Game,00-0035289,Gardner Minshew,ARI,CAR,home,2026-08-06T17:00:00-07:00,ACT,7,15.0,NFL_HISTORY,TEAM_BLEND,31.5,6.83,215.0,26,24.8,13.0,AUTO_PRESEASON_USAGE,veteran_backup,5.08,78.2,60.9,172.0,177.1,187.3,0.4,37.1,78.2,119.8,156.8,110,30.2,LOW
8,2026,PRE,0,2026 Hall of Fame Game,00-0035289,Gardner Minshew,ARI,CAR,home,2026-08-06T17:00:00-07:00,ACT,7,15.0,NFL_HISTORY,TEAM_BLEND,31.5,6.83,215.0,26,24.8,13.0,AUTO_PRESEASON_USAGE,veteran_backup,5.08,78.2,60.9,172.0,177.1,187.3,0.4,37.1,78.2,119.8,156.8,120,24.9,VERY LOW
8,2026,PRE,0,2026 Hall of Fame Game,00-0035289,Gardner Minshew,ARI,CAR,home,2026-08-06T17:00:00-07:00,ACT,7,15.0,NFL_HISTORY,TEAM_BLEND,31.5,6.83,215.0,26,24.8,13.0,AUTO_PRESEASON_USAGE,veteran_backup,5.08,78.2,60.9,172.0,177.1,187.3,0.4,37.1,78.2,119.8,156.8,130,19.9,VERY LOW
8,2026,PRE,0,2026 Hall of Fame Game,00-0035289,Gardner Minshew,ARI,CAR,home,2026-08-06T17:00:00-07:00,ACT,7,15.0,NFL_HISTORY,TEAM_BLEND,31.5,6.83,215.0,26,24.8,13.0,AUTO_PRESEASON_USAGE,veteran_backup,5.08,78.2,60.9,172.0,177.1,187.3,0.4,37.1,78.2,119.8,156.8,140,15.7,VERY LOW
8,2026,PRE,0,2026 Hall of Fame Game,00-0035289,Gardner Minshew,ARI,CAR,home,2026-08-06T17:00:00-07:00,ACT,7,15.0,NFL_HISTORY,TEAM_BLEND,31.5,6.83,215.0,26,24.8,13.0,AUTO_PRESEASON_USAGE,veteran_backup,5.08,78.2,60.9,172.0,177.1,187.3,0.4,37.1,78.2,119.8,156.8,150,12.1,VERY LOW
8,2026,PRE,0,2026 Hall of Fame Game,00-0035289,Gardner Minshew,ARI,CAR,home,2026-08-06T17:00:00-07:00,ACT,7,15.0,NFL_HISTORY,TEAM_BLEND,31.5,6.83,215.0,26,24.8,13.0,AUTO_PRESEASON_USAGE,veteran_backup,5.08,78.2,60.9,172.0,177.1,187.3,0.4,37.1,78.2,119.8,156.8,160,9.1,VERY LOW
8,2026,PRE,0,2026 Hall of Fame Game,00-0035289,Gardner Minshew,ARI,CAR,home,2026-08-06T17:00:00-07:00,ACT,7,15.0,NFL_HISTORY,TEAM_BLEND,31.5,6.83,215.0,26,24.8,13.0,AUTO_PRESEASON_USAGE,veteran_backup,5.08,78.2,60.9,172.0,177.1,187.3,0.4,37.1,78.2,119.8,156.8,170,6.7,VERY LOW
8,2026,PRE,0,2026 Hall of Fame Game,00-0035289,Gardner Minshew,ARI,CAR,home,2026-08-06T17:00:00-07:00,ACT,7,15.0,NFL_HISTORY,TEAM_BLEND,31.5,6.83,215.0,26,24.8,13.0,AUTO_PRESEASON_USAGE,veteran_backup,5.08,78.2,60.9,172.0,177.1,187.3,0.4,37.1,78.2,119.8,156.8,180,4.8,VERY LOW
8,2026,PRE,0,2026 Hall of Fame Game,00-0035289,Gardner Minshew,ARI,CAR,home,2026-08-06T17:00:00-07:00,ACT,7,15.0,NFL_HISTORY,TEAM_BLEND,31.5,6.83,215.0,26,24.8,13.0,AUTO_PRESEASON_USAGE,veteran_backup,5.08,78.2,60.9,172.0,177.1,187.3,0.4,37.1,78.2,119.8,156.8,190,3.4,VERY LOW
8,2026,PRE,0,2026 Hall of Fame Game,00-0035289,Gardner Minshew,ARI,CAR,home,2026-08-06T17:00:00-07:00,ACT,7,15.0,NFL_HISTORY,TEAM_BLEND,31.5,6.83,215.0,26,24.8,13.0,AUTO_PRESEASON_USAGE,veteran_backup,5.08,78.2,60.9,172.0,177.1,187.3,0.4,37.1,78.2,119.8,156.8,200,2.3,VERY LOW
8,2026,PRE,0,2026 Hall of Fame Game,00-0035289,Gardner Minshew,ARI,CAR,home,2026-08-06T17:00:00-07:00,ACT,7,15.0,NFL_HISTORY,TEAM_BLEND,31.5,6.83,215.0,26,24.8,13.0,AUTO_PRESEASON_USAGE,veteran_backup,5.08,78.2,60.9,172.0,177.1,187.3,0.4,37.1,78.2,119.8,156.8,210,1.6,VERY LOW
8,2026,PRE,0,2026 Hall of Fame Game,00-0035289,Gardner Minshew,ARI,CAR,home,2026-08-06T17:00:00-07:00,ACT,7,15.0,NFL_HISTORY,TEAM_BLEND,31.5,6.83,215.0,26,24.8,13.0,AUTO_PRESEASON_USAGE,veteran_backup,5.08,78.2,60.9,172.0,177.1,187.3,0.4,37.1,78.2,119.8,156.8,220,1.0,VERY LOW
8,2026,PRE,0,2026 Hall of Fame Game,00-0035289,Gardner Minshew,ARI,CAR,home,2026-08-06T17:00:00-07:00,ACT,7,15.0,NFL_HISTORY,TEAM_BLEND,31.5,6.83,215.0,26,24.8,13.0,AUTO_PRESEASON_USAGE,veteran_backup,5.08,78.2,60.9,172.0,177.1,187.3,0.4,37.1,78.2,119.8,156.8,230,0.7,VERY LOW
8,2026,PRE,0,2026 Hall of Fame Game,00-0035289,Gardner Minshew,ARI,CAR,home,2026-08-06T17:00:00-07:00,ACT,7,15.0,NFL_HISTORY,TEAM_BLEND,31.5,6.83,215.0,26,24.8,13.0,AUTO_PRESEASON_USAGE,veteran_backup,5.08,78.2,60.9,172.0,177.1,187.3,0.4,37.1,78.2,119.8,156.8,240,0.4,VERY LOW
8,2026,PRE,0,2026 Hall of Fame Game,00-0035289,Gardner Minshew,ARI,CAR,home,2026-08-06T17:00:00-07:00,ACT,7,15.0,NFL_HISTORY,TEAM_BLEND,31.5,6.83,215.0,26,24.8,13.0,AUTO_PRESEASON_USAGE,veteran_backup,5.08,78.2,60.9,172.0,177.1,187.3,0.4,37.1,78.2,119.8,156.8,250,0.3,VERY LOW
8,2026,PRE,0,2026 Hall of Fame Game,00-0035289,Gardner Minshew,ARI,CAR,home,2026-08-06T17:00:00-07:00,ACT,7,15.0,NFL_HISTORY,TEAM_BLEND,31.5,6.83,215.0,26,24.8,13.0,AUTO_PRESEASON_USAGE,veteran_backup,5.08,78.2,60.9,172.0,177.1,187.3,0.4,37.1,78.2,119.8,156.8,260,0.2,VERY LOW
8,2026,PRE,0,2026 Hall of Fame Game,00-0035289,Gardner Minshew,ARI,CAR,home,2026-08-06T17:00:00-07:00,ACT,7,15.0,NFL_HISTORY,TEAM_BLEND,31.5,6.83,215.0,26,24.8,13.0,AUTO_PRESEASON_USAGE,veteran_backup,5.08,78.2,60.9,172.0,177.1,187.3,0.4,37.1,78.2,119.8,156.8,270,0.1,VERY LOW
8,2026,PRE,0,2026 Hall of Fame Game,00-0035289,Gardner Minshew,ARI,CAR,home,2026-08-06T17:00:00-07:00,ACT,7,15.0,NFL_HISTORY,TEAM_BLEND,31.5,6.83,215.0,26,24.8,13.0,AUTO_PRESEASON_USAGE,veteran_backup,5.08,78.2,60.9,172.0,177.1,187.3,0.4,37.1,78.2,119.8,156.8,280,0.0,VERY LOW
8,2026,PRE,0,2026 Hall of Fame Game,00-0035289,Gardner Minshew,ARI,CAR,home,2026-08-06T17:00:00-07:00,ACT,7,15.0,NFL_HISTORY,TEAM_BLEND,31.5,6.83,215.0,26,24.8,13.0,AUTO_PRESEASON_USAGE,veteran_backup,5.08,78.2,60.9,172.0,177.1,187.3,0.4,37.1,78.2,119.8,156.8,290,0.0,VERY LOW
8,2026,PRE,0,2026 Hall of Fame Game,00-0035289,Gardner Minshew,ARI,CAR,home,2026-08-06T17:00:00-07:00,ACT,7,15.0,NFL_HISTORY,TEAM_BLEND,31.5,6.83,215.0,26,24.8,13.0,AUTO_PRESEASON_USAGE,veteran_backup,5.08,78.2,60.9,172.0,177.1,187.3,0.4,37.1,78.2,119.8,156.8,300,0.0,VERY LOW
8,2026,PRE,0,2026 Hall of Fame Game,00-0035289,Gardner Minshew,ARI,CAR,home,2026-08-06T17:00:00-07:00,ACT,7,15.0,NFL_HISTORY,TEAM_BLEND,31.5,6.83,215.0,26,24.8,13.0,AUTO_PRESEASON_USAGE,veteran_backup,5.08,78.2,60.9,172.0,177.1,187.3,0.4,37.1,78.2,119.8,156.8,310,0.0,VERY LOW
8,2026,PRE,0,2026 Hall of Fame Game,00-0035289,Gardner Minshew,ARI,CAR,home,2026-08-06T17:00:00-07:00,ACT,7,15.0,NFL_HISTORY,TEAM_BLEND,31.5,6.83,215.0,26,24.8,13.0,AUTO_PRESEASON_USAGE,veteran_backup,5.08,78.2,60.9,172.0,177.1,187.3,0.4,37.1,78.2,119.8,156.8,320,0.0,VERY LOW
8,2026,PRE,0,2026 Hall of Fame Game,00-0035289,Gardner Minshew,ARI,CAR,home,2026-08-06T17:00:00-07:00,ACT,7,15.0,NFL_HISTORY,TEAM_BLEND,31.5,6.83,215.0,26,24.8,13.0,AUTO_PRESEASON_USAGE,veteran_backup,5.08,78.2,60.9,172.0,177.1,187.3,0.4,37.1,78.2,119.8,156.8,330,0.0,VERY LOW
8,2026,PRE,0,2026 Hall of Fame Game,00-0035289,Gardner Minshew,ARI,CAR,home,2026-08-06T17:00:00-07:00,ACT,7,15.0,NFL_HISTORY,TEAM_BLEND,31.5,6.83,215.0,26,24.8,13.0,AUTO_PRESEASON_USAGE,veteran_backup,5.08,78.2,60.9,172.0,177.1,187.3,0.4,37.1,78.2,119.8,156.8,340,0.0,VERY LOW
8,2026,PRE,0,2026 Hall of Fame Game,00-0035289,Gardner Minshew,ARI,CAR,home,2026-08-06T17:00:00-07:00,ACT,7,15.0,NFL_HISTORY,TEAM_BLEND,31.5,6.83,215.0,26,24.8,13.0,AUTO_PRESEASON_USAGE,veteran_backup,5.08,78.2,60.9,172.0,177.1,187.3,0.4,37.1,78.2,119.8,156.8,350,0.0,VERY LOW
8,2026,PRE,0,2026 Hall of Fame Game,00-0035289,Gardner Minshew,ARI,CAR,home,2026-08-06T17:00:00-07:00,ACT,7,15.0,NFL_HISTORY,TEAM_BLEND,31.5,6.83,215.0,26,24.8,13.0,AUTO_PRESEASON_USAGE,veteran_backup,5.08,78.2,60.9,172.0,177.1,187.3,0.4,37.1,78.2,119.8,156.8,360,0.0,VERY LOW
8,2026,PRE,0,2026 Hall of Fame Game,00-0035289,Gardner Minshew,ARI,CAR,home,2026-08-06T17:00:00-07:00,ACT,7,15.0,NFL_HISTORY,TEAM_BLEND,31.5,6.83,215.0,26,24.8,13.0,AUTO_PRESEASON_USAGE,veteran_backup,5.08,78.2,60.9,172.0,177.1,187.3,0.4,37.1,78.2,119.8,156.8,370,0.0,VERY LOW
8,2026,PRE,0,2026 Hall of Fame Game,00-0035289,Gardner Minshew,ARI,CAR,home,2026-08-06T17:00:00-07:00,ACT,7,15.0,NFL_HISTORY,TEAM_BLEND,31.5,6.83,215.0,26,24.8,13.0,AUTO_PRESEASON_USAGE,veteran_backup,5.08,78.2,60.9,172.0,177.1,187.3,0.4,37.1,78.2,119.8,156.8,380,0.0,VERY LOW
8,2026,PRE,0,2026 Hall of Fame Game,00-0035289,Gardner Minshew,ARI,CAR,home,2026-08-06T17:00:00-07:00,ACT,7,15.0,NFL_HISTORY,TEAM_BLEND,31.5,6.83,215.0,26,24.8,13.0,AUTO_PRESEASON_USAGE,veteran_backup,5.08,78.2,60.9,172.0,177.1,187.3,0.4,37.1,78.2,119.8,156.8,390,0.0,VERY LOW
8,2026,PRE,0,2026 Hall of Fame Game,00-0035289,Gardner Minshew,ARI,CAR,home,2026-08-06T17:00:00-07:00,ACT,7,15.0,NFL_HISTORY,TEAM_BLEND,31.5,6.83,215.0,26,24.8,13.0,AUTO_PRESEASON_USAGE,veteran_backup,5.08,78.2,60.9,172.0,177.1,187.3,0.4,37.1,78.2,119.8,156.8,400,0.0,VERY LOW
