rank,model_season,season_type,target_week,target_slate,player_id,player_name,team,roster_status,years_exp,jersey_number,headshot_url,prior_context,team_prior_attempts,team_prior_ypa,team_prior_yards,games_sample,data_through_season,last_5_avg,last_10_avg,last_15_avg,season_avg,prior_season_avg,last_5_attempts,last_10_attempts,season_attempts,last_5_ypa,last_10_ypa,season_ypa,normal_attempts,projected_ypa,baseline_yards,player_std,projection_source,normal_projected_attempts,projected_attempts,preseason_usage_source,preseason_usage_bucket,projected_passing_yards,model_std,sim_p10,sim_p25,sim_median,sim_p75,sim_p90,prob_100_plus,grade_100_plus,prob_110_plus,grade_110_plus,prob_120_plus,grade_120_plus,prob_130_plus,grade_130_plus,prob_140_plus,grade_140_plus,prob_150_plus,grade_150_plus,prob_160_plus,grade_160_plus,prob_170_plus,grade_170_plus,prob_180_plus,grade_180_plus,prob_190_plus,grade_190_plus,prob_200_plus,grade_200_plus,prob_210_plus,grade_210_plus,prob_220_plus,grade_220_plus,prob_230_plus,grade_230_plus,prob_240_plus,grade_240_plus,prob_250_plus,grade_250_plus,prob_260_plus,grade_260_plus,prob_270_plus,grade_270_plus,prob_280_plus,grade_280_plus,prob_290_plus,grade_290_plus,prob_300_plus,grade_300_plus,prob_310_plus,grade_310_plus,prob_320_plus,grade_320_plus,prob_330_plus,grade_330_plus,prob_340_plus,grade_340_plus,prob_350_plus,grade_350_plus,prob_360_plus,grade_360_plus,prob_370_plus,grade_370_plus,prob_380_plus,grade_380_plus,prob_390_plus,grade_390_plus,prob_400_plus,grade_400_plus,opponent,home_away,game_id,game_date,game_name
1,2026,PRE,1,Preseason Week 1,00-0038128,Malik Willis,MIA,ACT,4,2.0,"https://static.www.nfl.com/image/upload/f_auto,q_auto/league/hsnetccy7bquili3gcqq",TEAM_BLEND,29.2,6.82,200.4,5,2025.0,173.8,173.8,173.8,204.5,153.3,15.6,15.6,16.0,10.9,10.9,12.36,17.0,10.5,176.9,81.21847759202528,NFL_HISTORY,17.0,18.0,AUTO_PRESEASON_USAGE,young_backup,187.2,82.4,83.1,132.3,187.6,242.9,293.1,85.7,VERY HIGH,82.9,VERY HIGH,79.6,HIGH,75.9,HIGH,71.8,HIGH,67.7,SOLID,63.1,SOLID,58.5,LEAN,53.6,LEAN,48.7,COIN FLIP,43.9,COIN FLIP,39.2,LOW,34.6,LOW,30.2,LOW,26.1,LOW,22.4,VERY LOW,18.9,VERY LOW,15.9,VERY LOW,13.1,VERY LOW,10.7,VERY LOW,8.5,VERY LOW,6.8,VERY LOW,5.4,VERY LOW,4.2,VERY LOW,3.2,VERY LOW,2.4,VERY LOW,1.8,VERY LOW,1.4,VERY LOW,1.0,VERY LOW,0.7,VERY LOW,0.5,VERY LOW,WAS,away,2026_PRE_W1_MIA_WAS,,MIA at WAS
2,2026,PRE,1,Preseason Week 1,00-0039851,Drake Maye,NE,ACT,2,10.0,"https://static.www.nfl.com/image/upload/f_auto,q_auto/league/oyap81gtzcvnfmripis1",TEAM_BLEND,29.5,7.26,212.2,28,2025.0,252.8,265.0,258.5,258.5,204.8,27.4,29.0,28.9,9.45,9.33,9.27,28.3,9.12,249.7,66.29900016615508,NFL_HISTORY,28.3,18.0,AUTO_PRESEASON_USAGE,young_backup,177.0,52.6,109.5,141.3,177.0,212.3,244.5,92.8,ELITE,89.8,VERY HIGH,85.9,VERY HIGH,81.4,VERY HIGH,75.8,HIGH,69.4,SOLID,62.7,SOLID,55.2,LEAN,47.7,COIN FLIP,40.2,COIN FLIP,33.0,LOW,26.5,LOW,20.6,VERY LOW,15.8,VERY LOW,11.6,VERY LOW,8.3,VERY LOW,5.7,VERY LOW,3.8,VERY LOW,2.4,VERY LOW,1.5,VERY LOW,1.0,VERY LOW,0.6,VERY LOW,0.3,VERY LOW,0.2,VERY LOW,0.1,VERY LOW,0.1,VERY LOW,0.0,VERY LOW,0.0,VERY LOW,0.0,VERY LOW,0.0,VERY LOW,0.0,VERY LOW,IND,home,2026_PRE_W1_IND_NE,,IND at NE
3,2026,PRE,1,Preseason Week 1,00-0041453,Luke Altmyer,DET,ACT,0,2.0,"https://static.www.nfl.com/image/upload/f_auto,q_auto/league/eriopmdwcfjude1cptvi",TEAM_BLEND,30.5,7.32,224.1,0,,,,,,,,,,,,,30.5,7.32,224.1,73.82865275455694,TEAM_PRIOR_NO_NFL_HISTORY,30.5,20.0,AUTO_PRESEASON_USAGE,rookie,158.1,66.9,72.1,112.5,157.9,203.1,243.7,80.6,VERY HIGH,76.2,HIGH,71.4,HIGH,66.1,SOLID,60.4,SOLID,54.6,LEAN,48.8,COIN FLIP,42.9,COIN FLIP,37.1,LOW,31.6,LOW,26.5,LOW,21.9,VERY LOW,17.8,VERY LOW,14.2,VERY LOW,11.1,VERY LOW,8.5,VERY LOW,6.5,VERY LOW,4.7,VERY LOW,3.4,VERY LOW,2.5,VERY LOW,1.7,VERY LOW,1.1,VERY LOW,0.8,VERY LOW,0.5,VERY LOW,0.4,VERY LOW,0.2,VERY LOW,0.1,VERY LOW,0.1,VERY LOW,0.0,VERY LOW,0.0,VERY LOW,0.0,VERY LOW,CIN,away,2026_PRE_W1_DET_CIN,,DET at CIN
4,2026,PRE,1,Preseason Week 1,00-0041123,Behren Morton,NE,ACT,0,,"https://static.www.nfl.com/image/upload/f_auto,q_auto/league/st5s1urflg14hwvx8uzl",TEAM_BLEND,29.5,7.26,212.2,0,,,,,,,,,,,,,29.5,7.26,212.2,65.03672819925738,TEAM_PRIOR_NO_NFL_HISTORY,29.5,20.0,AUTO_PRESEASON_USAGE,rookie,155.3,60.0,78.1,114.6,154.9,195.5,231.2,82.1,VERY HIGH,77.4,HIGH,72.1,HIGH,66.2,SOLID,59.9,LEAN,53.2,LEAN,46.5,COIN FLIP,40.0,COIN FLIP,33.9,LOW,28.0,LOW,22.7,VERY LOW,18.0,VERY LOW,13.8,VERY LOW,10.4,VERY LOW,7.7,VERY LOW,5.6,VERY LOW,3.9,VERY LOW,2.7,VERY LOW,1.8,VERY LOW,1.2,VERY LOW,0.8,VERY LOW,0.5,VERY LOW,0.4,VERY LOW,0.2,VERY LOW,0.1,VERY LOW,0.1,VERY LOW,0.0,VERY LOW,0.0,VERY LOW,0.0,VERY LOW,0.0,VERY LOW,0.0,VERY LOW,IND,home,2026_PRE_W1_IND_NE,,IND at NE
5,2026,PRE,1,Preseason Week 1,00-0040942,Kyron Drones,GB,ACT,0,13.0,"https://static.www.nfl.com/image/upload/f_auto,q_auto/league/qlvry48nzkxeiqlwv55z",TEAM_BLEND,28.0,7.26,201.2,0,,,,,,,,,,,,,28.0,7.26,201.2,72.53875558920684,TEAM_PRIOR_NO_NFL_HISTORY,28.0,20.0,AUTO_PRESEASON_USAGE,rookie,153.5,68.7,65.4,107.8,153.9,200.2,242.2,78.3,HIGH,74.0,HIGH,69.1,SOLID,63.7,SOLID,58.1,LEAN,52.3,LEAN,46.5,COIN FLIP,40.8,COIN FLIP,35.1,LOW,29.8,LOW,25.1,LOW,20.7,VERY LOW,16.8,VERY LOW,13.5,VERY LOW,10.6,VERY LOW,8.1,VERY LOW,6.2,VERY LOW,4.7,VERY LOW,3.4,VERY LOW,2.4,VERY LOW,1.7,VERY LOW,1.2,VERY LOW,0.8,VERY LOW,0.5,VERY LOW,0.3,VERY LOW,0.2,VERY LOW,0.1,VERY LOW,0.1,VERY LOW,0.1,VERY LOW,0.0,VERY LOW,0.0,VERY LOW,PIT,away,2026_PRE_W1_GB_PIT,,GB at PIT
6,2026,PRE,1,Preseason Week 1,00-0040985,Diego Pavia,BAL,ACT,0,,,TEAM_BLEND,27.1,7.29,194.5,0,,,,,,,,,,,,,27.1,7.29,194.5,70.3512454731327,TEAM_PRIOR_NO_NFL_HISTORY,27.1,20.0,AUTO_PRESEASON_USAGE,rookie,153.1,67.7,66.1,107.5,152.9,198.7,239.5,78.3,HIGH,73.8,HIGH,68.8,SOLID,63.4,SOLID,57.6,LEAN,51.7,LEAN,45.8,COIN FLIP,40.2,COIN FLIP,34.7,LOW,29.3,LOW,24.4,VERY LOW,20.0,VERY LOW,16.0,VERY LOW,12.7,VERY LOW,9.9,VERY LOW,7.6,VERY LOW,5.6,VERY LOW,4.1,VERY LOW,3.0,VERY LOW,2.2,VERY LOW,1.5,VERY LOW,1.0,VERY LOW,0.7,VERY LOW,0.5,VERY LOW,0.3,VERY LOW,0.2,VERY LOW,0.1,VERY LOW,0.1,VERY LOW,0.0,VERY LOW,0.0,VERY LOW,0.0,VERY LOW,PHI,home,2026_PRE_W1_PHI_BAL,,PHI at BAL
7,2026,PRE,1,Preseason Week 1,00-0040981,Joe Fagnano,BAL,ACT,0,,"https://static.www.nfl.com/image/upload/f_auto,q_auto/league/p8uqfsnpx153mn3gjtd3",TEAM_BLEND,27.1,7.29,194.5,0,,,,,,,,,,,,,27.1,7.29,194.5,70.3512454731327,TEAM_PRIOR_NO_NFL_HISTORY,27.1,20.0,AUTO_PRESEASON_USAGE,rookie,153.1,67.7,66.4,107.2,153.0,198.6,239.3,78.2,HIGH,73.7,HIGH,68.7,SOLID,63.4,SOLID,57.6,LEAN,51.7,LEAN,45.9,COIN FLIP,40.0,LOW,34.4,LOW,29.1,LOW,24.3,VERY LOW,20.0,VERY LOW,16.1,VERY LOW,12.7,VERY LOW,9.8,VERY LOW,7.5,VERY LOW,5.6,VERY LOW,4.1,VERY LOW,2.9,VERY LOW,2.1,VERY LOW,1.4,VERY LOW,1.0,VERY LOW,0.6,VERY LOW,0.4,VERY LOW,0.3,VERY LOW,0.2,VERY LOW,0.1,VERY LOW,0.1,VERY LOW,0.0,VERY LOW,0.0,VERY LOW,0.0,VERY LOW,PHI,home,2026_PRE_W1_PHI_BAL,,PHI at BAL
8,2026,PRE,1,Preseason Week 1,00-0041414,Matthew Caldwell,LAR,ACT,0,2.0,,TEAM_BLEND,30.9,7.06,220.0,0,,,,,,,,,,,,,30.9,7.06,220.0,73.7471664111962,TEAM_PRIOR_NO_NFL_HISTORY,30.9,20.0,AUTO_PRESEASON_USAGE,rookie,152.9,66.4,68.2,108.0,152.7,197.7,238.1,78.7,HIGH,74.0,HIGH,68.9,SOLID,63.4,SOLID,57.6,LEAN,51.6,LEAN,45.6,COIN FLIP,39.8,LOW,34.3,LOW,28.8,LOW,23.9,VERY LOW,19.5,VERY LOW,15.6,VERY LOW,12.3,VERY LOW,9.5,VERY LOW,7.2,VERY LOW,5.3,VERY LOW,3.9,VERY LOW,2.8,VERY LOW,1.9,VERY LOW,1.3,VERY LOW,0.9,VERY LOW,0.6,VERY LOW,0.4,VERY LOW,0.3,VERY LOW,0.1,VERY LOW,0.1,VERY LOW,0.1,VERY LOW,0.0,VERY LOW,0.0,VERY LOW,0.0,VERY LOW,KC,away,2026_PRE_W1_LAR_KC,,LAR at KC
9,2026,PRE,1,Preseason Week 1,00-0041568,Ty Simpson,LAR,RES,0,15.0,,TEAM_BLEND,30.9,7.06,220.0,0,,,,,,,,,,,,,30.9,7.06,220.0,73.7471664111962,TEAM_PRIOR_NO_NFL_HISTORY,30.9,20.0,AUTO_PRESEASON_USAGE,rookie,152.9,66.4,68.1,108.2,153.1,197.9,238.2,78.8,HIGH,74.1,HIGH,69.1,SOLID,63.6,SOLID,57.7,LEAN,51.8,LEAN,45.9,COIN FLIP,40.0,COIN FLIP,34.4,LOW,29.0,LOW,24.0,VERY LOW,19.6,VERY LOW,15.7,VERY LOW,12.4,VERY LOW,9.5,VERY LOW,7.2,VERY LOW,5.3,VERY LOW,3.8,VERY LOW,2.8,VERY LOW,1.9,VERY LOW,1.3,VERY LOW,0.9,VERY LOW,0.6,VERY LOW,0.4,VERY LOW,0.2,VERY LOW,0.1,VERY LOW,0.1,VERY LOW,0.1,VERY LOW,0.0,VERY LOW,0.0,VERY LOW,0.0,VERY LOW,KC,away,2026_PRE_W1_LAR_KC,,LAR at KC
10,2026,PRE,1,Preseason Week 1,00-0040891,Cole Payton,PHI,ACT,0,,,TEAM_BLEND,28.3,7.09,198.5,0,,,,,,,,,,,,,28.3,7.09,198.5,68.46606606835736,TEAM_PRIOR_NO_NFL_HISTORY,28.3,20.0,AUTO_PRESEASON_USAGE,rookie,150.4,64.5,67.9,107.0,150.9,194.1,233.2,78.4,HIGH,73.5,HIGH,68.1,SOLID,62.5,SOLID,56.6,LEAN,50.6,LEAN,44.4,COIN FLIP,38.4,LOW,32.5,LOW,27.0,LOW,22.1,VERY LOW,17.9,VERY LOW,14.1,VERY LOW,10.9,VERY LOW,8.3,VERY LOW,6.1,VERY LOW,4.5,VERY LOW,3.2,VERY LOW,2.2,VERY LOW,1.5,VERY LOW,1.0,VERY LOW,0.7,VERY LOW,0.4,VERY LOW,0.3,VERY LOW,0.2,VERY LOW,0.1,VERY LOW,0.1,VERY LOW,0.0,VERY LOW,0.0,VERY LOW,0.0,VERY LOW,0.0,VERY LOW,BAL,away,2026_PRE_W1_PHI_BAL,,PHI at BAL
11,2026,PRE,1,Preseason Week 1,00-0041251,Jalon Daniels,TB,ACT,0,10.0,"https://static.www.nfl.com/image/upload/f_auto,q_auto/league/hwhfl6i5drktwjvslfpn",TEAM_BLEND,30.3,6.93,211.4,0,,,,,,,,,,,,,30.3,6.93,211.4,76.75703374112926,TEAM_PRIOR_NO_NFL_HISTORY,30.3,20.0,AUTO_PRESEASON_USAGE,rookie,149.5,69.8,59.9,102.4,149.5,196.8,239.6,76.1,HIGH,71.4,HIGH,66.6,SOLID,61.1,SOLID,55.5,LEAN,49.7,COIN FLIP,44.0,COIN FLIP,38.4,LOW,33.0,LOW,28.1,LOW,23.6,VERY LOW,19.4,VERY LOW,15.8,VERY LOW,12.6,VERY LOW,9.9,VERY LOW,7.7,VERY LOW,5.8,VERY LOW,4.3,VERY LOW,3.1,VERY LOW,2.2,VERY LOW,1.6,VERY LOW,1.1,VERY LOW,0.7,VERY LOW,0.5,VERY LOW,0.3,VERY LOW,0.2,VERY LOW,0.1,VERY LOW,0.1,VERY LOW,0.1,VERY LOW,0.0,VERY LOW,0.0,VERY LOW,NYJ,away,2026_PRE_W1_TB_NYJ,,TB at NYJ
12,2026,PRE,1,Preseason Week 1,00-0041561,Carson Beck,ARI,RES,0,19.0,,TEAM_BLEND,31.5,6.83,215.0,0,,,,,,,,,,,,,31.5,6.83,215.0,67.84229878654799,TEAM_PRIOR_NO_NFL_HISTORY,31.5,20.0,AUTO_PRESEASON_USAGE,rookie,148.3,60.5,70.4,107.6,148.3,189.0,226.3,78.7,HIGH,73.7,HIGH,68.1,SOLID,61.9,SOLID,55.4,LEAN,48.9,COIN FLIP,42.4,COIN FLIP,36.1,LOW,29.9,LOW,24.5,VERY LOW,19.8,VERY LOW,15.6,VERY LOW,11.9,VERY LOW,9.0,VERY LOW,6.6,VERY LOW,4.7,VERY LOW,3.3,VERY LOW,2.2,VERY LOW,1.5,VERY LOW,1.0,VERY LOW,0.6,VERY LOW,0.4,VERY LOW,0.2,VERY LOW,0.1,VERY LOW,0.1,VERY LOW,0.1,VERY LOW,0.0,VERY LOW,0.0,VERY LOW,0.0,VERY LOW,0.0,VERY LOW,0.0,VERY LOW,LV,away,2026_PRE_W1_ARI_LV,,ARI at LV
13,2026,PRE,1,Preseason Week 1,00-0041194,Jack Strand,ATL,ACT,0,18.0,"https://static.www.nfl.com/image/upload/f_auto,q_auto/league/oadw9h9otuauaiv1vxvz",TEAM_BLEND,29.6,6.91,205.1,0,,,,,,,,,,,,,29.6,6.91,205.1,70.84972775572558,TEAM_PRIOR_NO_NFL_HISTORY,29.6,20.0,AUTO_PRESEASON_USAGE,rookie,148.2,65.2,64.7,104.6,148.2,192.0,232.1,77.2,HIGH,72.3,HIGH,66.7,SOLID,61.1,SOLID,55.1,LEAN,48.9,COIN FLIP,42.7,COIN FLIP,36.8,LOW,31.2,LOW,26.0,LOW,21.3,VERY LOW,17.2,VERY LOW,13.6,VERY LOW,10.6,VERY LOW,8.0,VERY LOW,5.9,VERY LOW,4.3,VERY LOW,3.0,VERY LOW,2.1,VERY LOW,1.4,VERY LOW,0.9,VERY LOW,0.6,VERY LOW,0.4,VERY LOW,0.3,VERY LOW,0.2,VERY LOW,0.1,VERY LOW,0.1,VERY LOW,0.0,VERY LOW,0.0,VERY LOW,0.0,VERY LOW,0.0,VERY LOW,DEN,home,2026_PRE_W1_DEN_ATL,,DEN at ATL
14,2026,PRE,1,Preseason Week 1,00-0041203,Joey Aguilar,JAX,ACT,0,17.0,"https://static.www.nfl.com/image/upload/f_auto,q_auto/league/ftafwh4qrzhpxp8kq0ca",TEAM_BLEND,29.9,6.86,205.6,0,,,,,,,,,,,,,29.9,6.86,205.6,67.62900909900132,TEAM_PRIOR_NO_NFL_HISTORY,29.9,20.0,AUTO_PRESEASON_USAGE,rookie,147.4,61.9,68.3,105.7,147.1,188.9,227.0,77.9,HIGH,72.7,HIGH,67.1,SOLID,61.0,SOLID,54.7,LEAN,48.1,COIN FLIP,41.8,COIN FLIP,35.5,LOW,29.8,LOW,24.4,VERY LOW,19.7,VERY LOW,15.5,VERY LOW,12.0,VERY LOW,9.1,VERY LOW,6.7,VERY LOW,4.9,VERY LOW,3.4,VERY LOW,2.4,VERY LOW,1.6,VERY LOW,1.1,VERY LOW,0.7,VERY LOW,0.4,VERY LOW,0.2,VERY LOW,0.2,VERY LOW,0.1,VERY LOW,0.0,VERY LOW,0.0,VERY LOW,0.0,VERY LOW,0.0,VERY LOW,0.0,VERY LOW,0.0,VERY LOW,NO,away,2026_PRE_W1_JAX_NO,,JAX at NO
15,2026,PRE,1,Preseason Week 1,00-0041565,Drew Allar,PIT,RES,0,16.0,,TEAM_BLEND,29.5,6.83,201.6,0,,,,,,,,,,,,,29.5,6.83,201.6,68.74960730582022,TEAM_PRIOR_NO_NFL_HISTORY,29.5,20.0,AUTO_PRESEASON_USAGE,rookie,146.4,63.4,65.1,103.8,146.5,189.2,227.9,76.8,HIGH,71.8,HIGH,66.4,SOLID,60.5,SOLID,54.2,LEAN,47.8,COIN FLIP,41.6,COIN FLIP,35.5,LOW,29.8,LOW,24.6,VERY LOW,19.9,VERY LOW,15.8,VERY LOW,12.3,VERY LOW,9.4,VERY LOW,7.0,VERY LOW,5.0,VERY LOW,3.6,VERY LOW,2.5,VERY LOW,1.7,VERY LOW,1.2,VERY LOW,0.8,VERY LOW,0.5,VERY LOW,0.3,VERY LOW,0.2,VERY LOW,0.1,VERY LOW,0.1,VERY LOW,0.0,VERY LOW,0.0,VERY LOW,0.0,VERY LOW,0.0,VERY LOW,0.0,VERY LOW,GB,home,2026_PRE_W1_GB_PIT,,GB at PIT
16,2026,PRE,1,Preseason Week 1,00-0041156,Mark Gronowski,MIA,ACT,0,16.0,"https://static.www.nfl.com/image/upload/f_auto,q_auto/league/yqbrulccgmwxaboyy3dx",TEAM_BLEND,29.2,6.82,200.4,0,,,,,,,,,,,,,29.2,6.82,200.4,73.3078371167153,TEAM_PRIOR_NO_NFL_HISTORY,29.2,20.0,AUTO_PRESEASON_USAGE,rookie,146.1,67.9,58.8,100.5,145.9,191.5,232.8,75.2,HIGH,70.3,HIGH,65.0,SOLID,59.3,LEAN,53.5,LEAN,47.5,COIN FLIP,41.8,COIN FLIP,36.1,LOW,30.7,LOW,25.7,LOW,21.2,VERY LOW,17.2,VERY LOW,13.8,VERY LOW,10.8,VERY LOW,8.2,VERY LOW,6.3,VERY LOW,4.7,VERY LOW,3.4,VERY LOW,2.4,VERY LOW,1.7,VERY LOW,1.2,VERY LOW,0.8,VERY LOW,0.6,VERY LOW,0.3,VERY LOW,0.2,VERY LOW,0.1,VERY LOW,0.1,VERY LOW,0.1,VERY LOW,0.0,VERY LOW,0.0,VERY LOW,0.0,VERY LOW,WAS,away,2026_PRE_W1_MIA_WAS,,MIA at WAS
17,2026,PRE,1,Preseason Week 1,00-0041117,Athan Kaliakmanis,WAS,ACT,0,16.0,"https://static.www.nfl.com/image/upload/f_auto,q_auto/league/ahtbv63jyg8ampmyrxn9",TEAM_BLEND,28.2,6.88,194.2,0,,,,,,,,,,,,,28.2,6.88,194.2,70.19315581302358,TEAM_PRIOR_NO_NFL_HISTORY,28.2,20.0,AUTO_PRESEASON_USAGE,rookie,146.0,66.2,61.4,101.4,146.2,190.8,230.9,75.7,HIGH,70.7,HIGH,65.3,SOLID,59.5,LEAN,53.6,LEAN,47.7,COIN FLIP,41.7,COIN FLIP,35.8,LOW,30.5,LOW,25.4,LOW,20.9,VERY LOW,16.8,VERY LOW,13.3,VERY LOW,10.2,VERY LOW,7.8,VERY LOW,5.9,VERY LOW,4.2,VERY LOW,3.1,VERY LOW,2.2,VERY LOW,1.5,VERY LOW,1.0,VERY LOW,0.7,VERY LOW,0.4,VERY LOW,0.3,VERY LOW,0.2,VERY LOW,0.1,VERY LOW,0.1,VERY LOW,0.0,VERY LOW,0.0,VERY LOW,0.0,VERY LOW,0.0,VERY LOW,MIA,home,2026_PRE_W1_MIA_WAS,,MIA at WAS
18,2026,PRE,1,Preseason Week 1,00-0041172,Miller Moss,CHI,ACT,0,,"https://static.www.nfl.com/image/upload/f_auto,q_auto/league/p86kdskm2q45zetkrx03",TEAM_BLEND,30.5,6.76,206.8,0,,,,,,,,,,,,,30.5,6.76,206.8,67.7388097714107,TEAM_PRIOR_NO_NFL_HISTORY,30.5,20.0,AUTO_PRESEASON_USAGE,rookie,146.0,61.4,67.5,104.9,145.9,187.4,225.0,77.4,HIGH,72.2,HIGH,66.4,SOLID,60.2,SOLID,53.8,LEAN,47.3,COIN FLIP,41.0,COIN FLIP,34.8,LOW,29.0,LOW,23.8,VERY LOW,18.9,VERY LOW,14.9,VERY LOW,11.5,VERY LOW,8.6,VERY LOW,6.3,VERY LOW,4.5,VERY LOW,3.2,VERY LOW,2.2,VERY LOW,1.5,VERY LOW,1.0,VERY LOW,0.6,VERY LOW,0.4,VERY LOW,0.2,VERY LOW,0.2,VERY LOW,0.1,VERY LOW,0.0,VERY LOW,0.0,VERY LOW,0.0,VERY LOW,0.0,VERY LOW,0.0,VERY LOW,0.0,VERY LOW,CLE,home,2026_PRE_W1_CLE_CHI,,CLE at CHI
19,2026,PRE,1,Preseason Week 1,00-0034796,Lamar Jackson,BAL,ACT,8,8.0,"https://static.www.nfl.com/image/upload/f_auto,q_auto/league/cruqs6qpbykh7a2whd7p",TEAM_BLEND,27.1,7.29,194.5,46,2025.0,190.8,182.7,195.6,196.1,245.4,21.4,22.7,23.2,9.95,8.64,8.91,22.6,9.06,198.9,52.86009001439921,NFL_HISTORY,22.6,15.0,AUTO_PRESEASON_USAGE,veteran_backup,145.3,46.6,85.7,114.2,145.6,177.2,205.6,83.6,VERY HIGH,77.8,HIGH,70.9,HIGH,63.1,SOLID,54.8,LEAN,46.3,COIN FLIP,38.0,LOW,30.1,LOW,23.1,VERY LOW,17.1,VERY LOW,12.3,VERY LOW,8.4,VERY LOW,5.6,VERY LOW,3.6,VERY LOW,2.2,VERY LOW,1.3,VERY LOW,0.7,VERY LOW,0.4,VERY LOW,0.2,VERY LOW,0.1,VERY LOW,0.0,VERY LOW,0.0,VERY LOW,0.0,VERY LOW,0.0,VERY LOW,0.0,VERY LOW,0.0,VERY LOW,0.0,VERY LOW,0.0,VERY LOW,0.0,VERY LOW,0.0,VERY LOW,0.0,VERY LOW,PHI,home,2026_PRE_W1_PHI_BAL,,PHI at BAL
20,2026,PRE,1,Preseason Week 1,00-0039152,Will Levis,TEN,ACT,3,8.0,"https://static.www.nfl.com/image/upload/f_auto,q_auto/league/n7usvaleeuqvwomo68kf",TEAM_BLEND,29.6,6.68,196.5,19,2024.0,184.4,193.9,200.1,187.8,224.0,24.4,26.5,27.0,8.05,7.54,7.22,26.0,7.57,194.5,69.37677437286725,NFL_HISTORY,26.0,18.0,AUTO_PRESEASON_USAGE,young_backup,145.0,57.5,71.3,106.0,145.2,184.4,219.0,78.2,HIGH,72.8,HIGH,66.9,SOLID,60.3,SOLID,53.7,LEAN,46.7,COIN FLIP,39.9,LOW,33.4,LOW,27.4,LOW,21.9,VERY LOW,17.2,VERY LOW,13.1,VERY LOW,9.7,VERY LOW,7.1,VERY LOW,5.0,VERY LOW,3.5,VERY LOW,2.3,VERY LOW,1.6,VERY LOW,1.0,VERY LOW,0.6,VERY LOW,0.4,VERY LOW,0.2,VERY LOW,0.1,VERY LOW,0.1,VERY LOW,0.0,VERY LOW,0.0,VERY LOW,0.0,VERY LOW,0.0,VERY LOW,0.0,VERY LOW,0.0,VERY LOW,0.0,VERY LOW,SF,away,2026_PRE_W1_TEN_SF,,TEN at SF
21,2026,PRE,1,Preseason Week 1,00-0039163,C.J. Stroud,HOU,ACT,3,7.0,"https://static.www.nfl.com/image/upload/f_auto,q_auto/league/tt4zrtxlhifaljhj0rn7",TEAM_BLEND,29.7,6.74,200.6,45,2025.0,212.6,220.9,215.1,217.2,229.8,29.2,30.6,30.2,7.38,7.46,7.42,29.8,7.33,218.0,52.70732331180857,NFL_HISTORY,29.8,18.0,AUTO_PRESEASON_USAGE,young_backup,144.9,44.2,88.0,115.0,144.6,174.6,201.6,84.5,VERY HIGH,78.4,HIGH,71.3,HIGH,63.1,SOLID,54.1,LEAN,45.2,COIN FLIP,36.4,LOW,28.4,LOW,21.4,VERY LOW,15.3,VERY LOW,10.6,VERY LOW,7.0,VERY LOW,4.5,VERY LOW,2.7,VERY LOW,1.6,VERY LOW,0.9,VERY LOW,0.5,VERY LOW,0.2,VERY LOW,0.1,VERY LOW,0.1,VERY LOW,0.0,VERY LOW,0.0,VERY LOW,0.0,VERY LOW,0.0,VERY LOW,0.0,VERY LOW,0.0,VERY LOW,0.0,VERY LOW,0.0,VERY LOW,0.0,VERY LOW,0.0,VERY LOW,0.0,VERY LOW,LAC,home,2026_PRE_W1_LAC_HOU,,LAC at HOU
22,2026,PRE,1,Preseason Week 1,00-0040906,Garrett Nussmeier,KC,ACT,0,,"https://static.www.nfl.com/image/upload/f_auto,q_auto/league/uyidfkzfhuqaks3pmdeo",TEAM_BLEND,30.5,6.63,205.2,0,,,,,,,,,,,,,30.5,6.63,205.2,76.608431349728,TEAM_PRIOR_NO_NFL_HISTORY,30.5,20.0,AUTO_PRESEASON_USAGE,rookie,143.5,69.5,54.7,96.6,143.8,189.8,232.3,73.4,HIGH,68.6,SOLID,63.4,SOLID,57.9,LEAN,52.2,LEAN,46.5,COIN FLIP,40.7,COIN FLIP,35.1,LOW,29.8,LOW,24.9,VERY LOW,20.5,VERY LOW,16.8,VERY LOW,13.5,VERY LOW,10.6,VERY LOW,8.2,VERY LOW,6.2,VERY LOW,4.6,VERY LOW,3.4,VERY LOW,2.4,VERY LOW,1.7,VERY LOW,1.1,VERY LOW,0.8,VERY LOW,0.5,VERY LOW,0.3,VERY LOW,0.2,VERY LOW,0.2,VERY LOW,0.1,VERY LOW,0.1,VERY LOW,0.0,VERY LOW,0.0,VERY LOW,0.0,VERY LOW,LAR,home,2026_PRE_W1_LAR_KC,,LAR at KC
23,2026,PRE,1,Preseason Week 1,00-0040673,Jalen Milroe,SEA,ACT,1,6.0,"https://static.www.nfl.com/image/upload/f_auto,q_auto/league/gmucibahkrfu9xowwiio",TEAM_BLEND,29.1,7.24,209.5,0,,,,,,,,,,,,,29.1,7.24,209.5,71.14862695425265,TEAM_PRIOR_NO_NFL_HISTORY,29.1,18.0,AUTO_PRESEASON_USAGE,young_backup,142.2,62.7,62.1,99.8,142.2,184.5,221.6,74.9,HIGH,69.6,SOLID,63.9,SOLID,57.7,LEAN,51.4,LEAN,45.1,COIN FLIP,38.8,LOW,32.8,LOW,27.4,LOW,22.2,VERY LOW,17.7,VERY LOW,13.8,VERY LOW,10.4,VERY LOW,7.9,VERY LOW,5.7,VERY LOW,4.1,VERY LOW,2.9,VERY LOW,2.0,VERY LOW,1.3,VERY LOW,0.9,VERY LOW,0.6,VERY LOW,0.4,VERY LOW,0.2,VERY LOW,0.1,VERY LOW,0.1,VERY LOW,0.0,VERY LOW,0.0,VERY LOW,0.0,VERY LOW,0.0,VERY LOW,0.0,VERY LOW,0.0,VERY LOW,DAL,home,2026_PRE_W1_DAL_SEA,,DAL at SEA
24,2026,PRE,1,Preseason Week 1,00-0041562,Fernando Mendoza,LV,RES,0,15.0,,TEAM_BLEND,28.9,6.65,193.2,0,,,,,,,,,,,,,28.9,6.65,193.2,75.64967657933504,TEAM_PRIOR_NO_NFL_HISTORY,28.9,20.0,AUTO_PRESEASON_USAGE,rookie,142.1,70.5,51.6,95.3,142.3,190.1,232.9,72.8,HIGH,67.8,SOLID,62.5,SOLID,57.0,LEAN,51.3,LEAN,45.7,COIN FLIP,40.0,COIN FLIP,34.7,LOW,29.7,LOW,25.1,LOW,20.7,VERY LOW,16.9,VERY LOW,13.5,VERY LOW,10.8,VERY LOW,8.3,VERY LOW,6.3,VERY LOW,4.8,VERY LOW,3.5,VERY LOW,2.6,VERY LOW,1.8,VERY LOW,1.3,VERY LOW,0.9,VERY LOW,0.6,VERY LOW,0.4,VERY LOW,0.3,VERY LOW,0.2,VERY LOW,0.1,VERY LOW,0.1,VERY LOW,0.0,VERY LOW,0.0,VERY LOW,0.0,VERY LOW,ARI,home,2026_PRE_W1_ARI_LV,,ARI at LV
25,2026,PRE,1,Preseason Week 1,00-0040996,Jacob Clark,LV,ACT,0,16.0,"https://static.www.nfl.com/image/upload/f_auto,q_auto/league/zw2yzeb5jhowboogfpki",TEAM_BLEND,28.9,6.65,193.2,0,,,,,,,,,,,,,28.9,6.65,193.2,75.64967657933504,TEAM_PRIOR_NO_NFL_HISTORY,28.9,20.0,AUTO_PRESEASON_USAGE,rookie,142.1,70.5,51.9,94.3,141.7,189.1,231.6,72.4,HIGH,67.3,SOLID,62.1,SOLID,56.6,LEAN,51.0,LEAN,45.3,COIN FLIP,39.8,LOW,34.4,LOW,29.3,LOW,24.6,VERY LOW,20.3,VERY LOW,16.5,VERY LOW,13.2,VERY LOW,10.4,VERY LOW,8.0,VERY LOW,6.1,VERY LOW,4.6,VERY LOW,3.4,VERY LOW,2.5,VERY LOW,1.7,VERY LOW,1.2,VERY LOW,0.8,VERY LOW,0.6,VERY LOW,0.4,VERY LOW,0.2,VERY LOW,0.1,VERY LOW,0.1,VERY LOW,0.1,VERY LOW,0.0,VERY LOW,0.0,VERY LOW,0.0,VERY LOW,ARI,home,2026_PRE_W1_ARI_LV,,ARI at LV
26,2026,PRE,1,Preseason Week 1,00-0033319,Nick Mullens,JAX,ACT,9,14.0,"https://static.www.nfl.com/image/upload/f_auto,q_auto/league/xrpcaavzkqoq1ybqthgm",TEAM_BLEND,29.9,6.86,205.6,5,2023.0,261.2,261.2,261.2,261.2,,29.6,29.6,29.6,8.22,8.22,8.22,29.6,8.06,261.2,154.98128919324424,NFL_HISTORY,29.6,15.0,AUTO_PRESEASON_USAGE,veteran_backup,141.9,98.5,15.2,75.5,142.1,208.2,268.2,66.5,SOLID,62.6,SOLID,58.8,LEAN,54.8,LEAN,50.8,LEAN,46.8,COIN FLIP,42.7,COIN FLIP,38.7,LOW,34.9,LOW,31.2,LOW,27.7,LOW,24.5,VERY LOW,21.5,VERY LOW,18.5,VERY LOW,16.0,VERY LOW,13.6,VERY LOW,11.5,VERY LOW,9.7,VERY LOW,8.0,VERY LOW,6.6,VERY LOW,5.4,VERY LOW,4.4,VERY LOW,3.4,VERY LOW,2.7,VERY LOW,2.2,VERY LOW,1.7,VERY LOW,1.3,VERY LOW,1.0,VERY LOW,0.8,VERY LOW,0.6,VERY LOW,0.4,VERY LOW,NO,away,2026_PRE_W1_JAX_NO,,JAX at NO
27,2026,PRE,1,Preseason Week 1,00-0041149,Haynes King,CAR,ACT,0,16.0,"https://static.www.nfl.com/image/upload/f_auto,q_auto/league/qcloyq4ahyh0hfzo6i0i",TEAM_BLEND,29.5,6.6,195.7,0,,,,,,,,,,,,,29.5,6.6,195.7,73.01381465694534,TEAM_PRIOR_NO_NFL_HISTORY,29.5,20.0,AUTO_PRESEASON_USAGE,rookie,141.5,67.3,55.2,96.6,141.5,187.2,228.3,73.3,HIGH,68.1,SOLID,62.6,SOLID,56.9,LEAN,50.9,LEAN,45.0,COIN FLIP,39.3,LOW,33.7,LOW,28.5,LOW,23.8,VERY LOW,19.5,VERY LOW,15.7,VERY LOW,12.4,VERY LOW,9.6,VERY LOW,7.3,VERY LOW,5.5,VERY LOW,4.1,VERY LOW,2.9,VERY LOW,2.0,VERY LOW,1.4,VERY LOW,1.0,VERY LOW,0.6,VERY LOW,0.4,VERY LOW,0.3,VERY LOW,0.2,VERY LOW,0.1,VERY LOW,0.1,VERY LOW,0.0,VERY LOW,0.0,VERY LOW,0.0,VERY LOW,0.0,VERY LOW,BUF,away,2026_PRE_W1_CAR_BUF,,CAR at BUF
28,2026,PRE,1,Preseason Week 1,00-0040014,Kyle McCord,GB,ACT,1,18.0,"https://static.www.nfl.com/image/upload/f_auto,q_auto/league/hkbbhsm1fmmkfn87rdyl",TEAM_BLEND,28.0,7.26,201.2,0,,,,,,,,,,,,,28.0,7.26,201.2,72.53875558920684,TEAM_PRIOR_NO_NFL_HISTORY,28.0,18.0,AUTO_PRESEASON_USAGE,young_backup,141.2,65.2,57.9,96.8,140.8,185.4,224.7,73.5,HIGH,68.3,SOLID,62.6,SOLID,56.6,LEAN,50.5,LEAN,44.5,COIN FLIP,38.7,LOW,33.0,LOW,27.8,LOW,22.9,VERY LOW,18.4,VERY LOW,14.6,VERY LOW,11.3,VERY LOW,8.7,VERY LOW,6.5,VERY LOW,4.7,VERY LOW,3.4,VERY LOW,2.3,VERY LOW,1.6,VERY LOW,1.1,VERY LOW,0.7,VERY LOW,0.5,VERY LOW,0.3,VERY LOW,0.2,VERY LOW,0.1,VERY LOW,0.1,VERY LOW,0.0,VERY LOW,0.0,VERY LOW,0.0,VERY LOW,0.0,VERY LOW,0.0,VERY LOW,PIT,away,2026_PRE_W1_GB_PIT,,GB at PIT
29,2026,PRE,1,Preseason Week 1,00-0041092,Taylen Green,CLE,ACT,0,15.0,,TEAM_BLEND,30.4,6.42,196.0,0,,,,,,,,,,,,,30.4,6.42,196.0,81.42517894021634,TEAM_PRIOR_NO_NFL_HISTORY,30.4,20.0,AUTO_PRESEASON_USAGE,rookie,138.5,74.0,43.6,88.4,138.5,188.5,233.1,69.8,SOLID,64.9,SOLID,59.9,LEAN,54.7,LEAN,49.2,COIN FLIP,43.8,COIN FLIP,38.7,LOW,33.5,LOW,28.8,LOW,24.3,VERY LOW,20.3,VERY LOW,16.7,VERY LOW,13.5,VERY LOW,10.8,VERY LOW,8.4,VERY LOW,6.5,VERY LOW,5.0,VERY LOW,3.8,VERY LOW,2.8,VERY LOW,2.0,VERY LOW,1.5,VERY LOW,1.0,VERY LOW,0.7,VERY LOW,0.5,VERY LOW,0.3,VERY LOW,0.2,VERY LOW,0.1,VERY LOW,0.1,VERY LOW,0.1,VERY LOW,0.0,VERY LOW,0.0,VERY LOW,CHI,away,2026_PRE_W1_CLE_CHI,,CLE at CHI
30,2026,PRE,1,Preseason Week 1,00-0041056,Cade Klubnik,NYJ,ACT,0,10.0,"https://static.www.nfl.com/image/upload/f_auto,q_auto/league/sqsxavkryojbysy4kq85",TEAM_BLEND,28.6,6.47,188.0,0,,,,,,,,,,,,,28.6,6.47,188.0,74.90700657764373,TEAM_PRIOR_NO_NFL_HISTORY,28.6,20.0,AUTO_PRESEASON_USAGE,rookie,138.2,70.1,49.0,91.1,138.2,185.5,227.9,70.7,HIGH,65.5,SOLID,60.2,SOLID,54.6,LEAN,49.0,COIN FLIP,43.4,COIN FLIP,37.7,LOW,32.5,LOW,27.6,LOW,23.0,VERY LOW,18.8,VERY LOW,15.2,VERY LOW,12.1,VERY LOW,9.5,VERY LOW,7.4,VERY LOW,5.6,VERY LOW,4.1,VERY LOW,3.0,VERY LOW,2.1,VERY LOW,1.5,VERY LOW,1.0,VERY LOW,0.7,VERY LOW,0.4,VERY LOW,0.3,VERY LOW,0.2,VERY LOW,0.1,VERY LOW,0.1,VERY LOW,0.0,VERY LOW,0.0,VERY LOW,0.0,VERY LOW,0.0,VERY LOW,TB,home,2026_PRE_W1_TB_NYJ,,TB at NYJ
31,2026,PRE,1,Preseason Week 1,00-0040464,DJ Uiagalelei,LAC,ACT,1,7.0,"https://static.www.nfl.com/image/upload/f_auto,q_auto/league/e8mdfuh7skuez3kdmm4r",TEAM_BLEND,30.0,6.98,209.8,0,,,,,,,,,,,,,30.0,6.98,209.8,74.76524452996912,TEAM_PRIOR_NO_NFL_HISTORY,30.0,18.0,AUTO_PRESEASON_USAGE,young_backup,138.2,64.9,54.6,94.2,137.9,181.6,221.8,72.2,HIGH,66.8,SOLID,60.9,SOLID,54.9,LEAN,48.7,COIN FLIP,42.4,COIN FLIP,36.6,LOW,31.0,LOW,25.8,LOW,21.1,VERY LOW,17.1,VERY LOW,13.6,VERY LOW,10.5,VERY LOW,8.0,VERY LOW,5.9,VERY LOW,4.3,VERY LOW,3.1,VERY LOW,2.1,VERY LOW,1.5,VERY LOW,1.0,VERY LOW,0.7,VERY LOW,0.5,VERY LOW,0.3,VERY LOW,0.2,VERY LOW,0.1,VERY LOW,0.1,VERY LOW,0.0,VERY LOW,0.0,VERY LOW,0.0,VERY LOW,0.0,VERY LOW,0.0,VERY LOW,HOU,away,2026_PRE_W1_LAC_HOU,,LAC at HOU
32,2026,PRE,1,Preseason Week 1,00-0034869,Sam Darnold,SEA,ACT,8,14.0,"https://static.www.nfl.com/image/upload/f_auto,q_auto/league/s5t8m6bhedjwwtfw3ild",TEAM_BLEND,29.1,7.24,209.5,36,2025.0,227.0,229.4,240.2,238.1,254.1,30.6,28.5,28.1,7.37,8.61,8.87,29.4,8.01,235.1,59.92849595566856,NFL_HISTORY,29.4,15.0,AUTO_PRESEASON_USAGE,veteran_backup,137.4,44.8,79.9,107.0,137.5,167.9,194.8,79.7,HIGH,72.8,HIGH,65.0,SOLID,56.6,LEAN,47.7,COIN FLIP,39.0,LOW,30.9,LOW,23.5,VERY LOW,17.3,VERY LOW,12.1,VERY LOW,8.1,VERY LOW,5.2,VERY LOW,3.2,VERY LOW,1.9,VERY LOW,1.1,VERY LOW,0.6,VERY LOW,0.4,VERY LOW,0.2,VERY LOW,0.1,VERY LOW,0.0,VERY LOW,0.0,VERY LOW,0.0,VERY LOW,0.0,VERY LOW,0.0,VERY LOW,0.0,VERY LOW,0.0,VERY LOW,0.0,VERY LOW,0.0,VERY LOW,0.0,VERY LOW,0.0,VERY LOW,0.0,VERY LOW,DAL,home,2026_PRE_W1_DAL_SEA,,DAL at SEA
33,2026,PRE,1,Preseason Week 1,00-0039534,Carter Bradley,JAX,ACT,2,10.0,"https://static.www.nfl.com/image/upload/f_auto,q_auto/league/kw2ogega4ojum3hyecya",TEAM_BLEND,29.9,6.86,205.6,0,,,,,,,,,,,,,29.9,6.86,205.6,67.62900909900132,TEAM_PRIOR_NO_NFL_HISTORY,29.9,18.0,AUTO_PRESEASON_USAGE,young_backup,135.7,58.7,60.2,96.1,135.7,175.2,210.9,72.8,HIGH,66.8,SOLID,60.4,SOLID,53.8,LEAN,47.0,COIN FLIP,40.3,COIN FLIP,33.9,LOW,27.8,LOW,22.5,VERY LOW,17.7,VERY LOW,13.6,VERY LOW,10.3,VERY LOW,7.5,VERY LOW,5.3,VERY LOW,3.7,VERY LOW,2.5,VERY LOW,1.8,VERY LOW,1.1,VERY LOW,0.7,VERY LOW,0.4,VERY LOW,0.3,VERY LOW,0.2,VERY LOW,0.1,VERY LOW,0.0,VERY LOW,0.0,VERY LOW,0.0,VERY LOW,0.0,VERY LOW,0.0,VERY LOW,0.0,VERY LOW,0.0,VERY LOW,0.0,VERY LOW,NO,away,2026_PRE_W1_JAX_NO,,JAX at NO
34,2026,PRE,1,Preseason Week 1,00-0039164,Anthony Richardson,IND,ACT,3,5.0,"https://static.www.nfl.com/image/upload/f_auto,q_auto/league/wrddeyklfcgk9qybgofq",TEAM_BLEND,29.9,6.94,207.5,14,2024.0,171.2,174.3,165.7,174.3,144.2,26.2,26.0,26.0,7.24,7.25,7.25,26.5,7.21,167.8,54.03968425367596,NFL_HISTORY,26.5,18.0,AUTO_PRESEASON_USAGE,young_backup,135.5,47.9,74.2,103.4,135.6,168.0,196.8,77.2,HIGH,70.4,HIGH,62.7,SOLID,54.6,LEAN,46.4,COIN FLIP,38.1,LOW,30.4,LOW,23.7,VERY LOW,17.6,VERY LOW,12.7,VERY LOW,8.9,VERY LOW,6.0,VERY LOW,3.9,VERY LOW,2.4,VERY LOW,1.4,VERY LOW,0.9,VERY LOW,0.5,VERY LOW,0.3,VERY LOW,0.1,VERY LOW,0.1,VERY LOW,0.0,VERY LOW,0.0,VERY LOW,0.0,VERY LOW,0.0,VERY LOW,0.0,VERY LOW,0.0,VERY LOW,0.0,VERY LOW,0.0,VERY LOW,0.0,VERY LOW,0.0,VERY LOW,0.0,VERY LOW,NE,away,2026_PRE_W1_IND_NE,,IND at NE
35,2026,PRE,1,Preseason Week 1,00-0040203,Will Howard,PIT,ACT,1,18.0,"https://static.www.nfl.com/image/upload/f_auto,q_auto/league/nao2wr6j5irfvk43ssgy",TEAM_BLEND,29.5,6.83,201.6,0,,,,,,,,,,,,,29.5,6.83,201.6,68.74960730582022,TEAM_PRIOR_NO_NFL_HISTORY,29.5,18.0,AUTO_PRESEASON_USAGE,young_backup,134.8,60.1,58.2,94.6,135.0,175.6,211.7,72.0,HIGH,66.0,SOLID,59.8,LEAN,53.3,LEAN,46.8,COIN FLIP,40.3,COIN FLIP,34.0,LOW,28.0,LOW,22.8,VERY LOW,18.1,VERY LOW,13.9,VERY LOW,10.5,VERY LOW,7.8,VERY LOW,5.6,VERY LOW,3.9,VERY LOW,2.7,VERY LOW,1.8,VERY LOW,1.2,VERY LOW,0.8,VERY LOW,0.5,VERY LOW,0.3,VERY LOW,0.2,VERY LOW,0.1,VERY LOW,0.1,VERY LOW,0.0,VERY LOW,0.0,VERY LOW,0.0,VERY LOW,0.0,VERY LOW,0.0,VERY LOW,0.0,VERY LOW,0.0,VERY LOW,GB,home,2026_PRE_W1_GB_PIT,,GB at PIT
36,2026,PRE,1,Preseason Week 1,00-0040222,Cam Miller,MIA,ACT,1,15.0,"https://static.www.nfl.com/image/upload/f_auto,q_auto/league/kzi3uhytwrzsdjgi8vel",TEAM_BLEND,29.2,6.82,200.4,0,,,,,,,,,,,,,29.2,6.82,200.4,73.3078371167153,TEAM_PRIOR_NO_NFL_HISTORY,29.2,18.0,AUTO_PRESEASON_USAGE,young_backup,134.5,64.5,52.5,91.3,134.5,178.1,216.9,70.6,HIGH,64.9,SOLID,59.0,LEAN,52.8,LEAN,46.5,COIN FLIP,40.5,COIN FLIP,34.7,LOW,29.1,LOW,24.0,VERY LOW,19.4,VERY LOW,15.4,VERY LOW,12.0,VERY LOW,9.2,VERY LOW,6.9,VERY LOW,5.0,VERY LOW,3.6,VERY LOW,2.5,VERY LOW,1.7,VERY LOW,1.2,VERY LOW,0.7,VERY LOW,0.5,VERY LOW,0.3,VERY LOW,0.2,VERY LOW,0.1,VERY LOW,0.1,VERY LOW,0.0,VERY LOW,0.0,VERY LOW,0.0,VERY LOW,0.0,VERY LOW,0.0,VERY LOW,0.0,VERY LOW,WAS,away,2026_PRE_W1_MIA_WAS,,MIA at WAS
37,2026,PRE,1,Preseason Week 1,00-0039677,Sam Hartman,WAS,ACT,2,15.0,"https://static.www.nfl.com/image/upload/f_auto,q_auto/league/mj9bvcyihsspmkwcbral",TEAM_BLEND,28.2,6.88,194.2,0,,,,,,,,,,,,,28.2,6.88,194.2,70.19315581302358,TEAM_PRIOR_NO_NFL_HISTORY,28.2,18.0,AUTO_PRESEASON_USAGE,young_backup,134.3,62.8,54.3,92.5,134.6,177.3,215.5,70.9,HIGH,65.1,SOLID,59.2,LEAN,52.9,LEAN,46.6,COIN FLIP,40.4,COIN FLIP,34.4,LOW,28.8,LOW,23.7,VERY LOW,19.1,VERY LOW,15.0,VERY LOW,11.6,VERY LOW,8.8,VERY LOW,6.6,VERY LOW,4.8,VERY LOW,3.4,VERY LOW,2.4,VERY LOW,1.6,VERY LOW,1.1,VERY LOW,0.7,VERY LOW,0.4,VERY LOW,0.2,VERY LOW,0.2,VERY LOW,0.1,VERY LOW,0.0,VERY LOW,0.0,VERY LOW,0.0,VERY LOW,0.0,VERY LOW,0.0,VERY LOW,0.0,VERY LOW,0.0,VERY LOW,MIA,home,2026_PRE_W1_MIA_WAS,,MIA at WAS
38,2026,PRE,1,Preseason Week 1,00-0040234,Quinn Ewers,MIA,ACT,1,14.0,"https://static.www.nfl.com/image/upload/f_auto,q_auto/league/wikumn4ijbsxyuhtv1vz",TEAM_BLEND,29.2,6.82,200.4,4,2025.0,155.5,155.5,155.5,155.5,,20.8,20.8,20.8,7.27,7.27,7.27,21.6,7.21,155.5,85.71464285639881,NFL_HISTORY,21.6,18.0,AUTO_PRESEASON_USAGE,young_backup,133.7,78.4,33.0,80.8,133.6,186.5,234.4,66.5,SOLID,61.7,SOLID,56.8,LEAN,51.8,LEAN,46.7,COIN FLIP,41.6,COIN FLIP,36.7,LOW,32.0,LOW,27.6,LOW,23.6,VERY LOW,19.8,VERY LOW,16.5,VERY LOW,13.6,VERY LOW,11.0,VERY LOW,8.8,VERY LOW,6.8,VERY LOW,5.3,VERY LOW,4.0,VERY LOW,3.0,VERY LOW,2.2,VERY LOW,1.7,VERY LOW,1.2,VERY LOW,0.9,VERY LOW,0.6,VERY LOW,0.4,VERY LOW,0.3,VERY LOW,0.2,VERY LOW,0.1,VERY LOW,0.1,VERY LOW,0.1,VERY LOW,0.0,VERY LOW,WAS,away,2026_PRE_W1_MIA_WAS,,MIA at WAS
39,2026,PRE,1,Preseason Week 1,00-0039923,J.J. McCarthy,MIN,ACT,2,9.0,"https://static.www.nfl.com/image/upload/f_auto,q_auto/league/omybnfokapjw6jwb5dd3",TEAM_BLEND,28.9,6.87,199.7,10,2025.0,158.0,163.2,163.2,163.2,,20.6,24.3,24.3,7.54,6.87,6.87,23.1,7.14,161.1,56.77470568527008,NFL_HISTORY,23.1,18.0,AUTO_PRESEASON_USAGE,young_backup,133.3,54.7,62.8,96.3,133.3,169.9,203.6,72.8,HIGH,66.5,SOLID,59.6,LEAN,52.4,LEAN,45.0,COIN FLIP,37.8,LOW,31.1,LOW,25.0,VERY LOW,19.6,VERY LOW,15.1,VERY LOW,11.2,VERY LOW,8.1,VERY LOW,5.7,VERY LOW,4.0,VERY LOW,2.7,VERY LOW,1.7,VERY LOW,1.0,VERY LOW,0.7,VERY LOW,0.4,VERY LOW,0.2,VERY LOW,0.1,VERY LOW,0.1,VERY LOW,0.0,VERY LOW,0.0,VERY LOW,0.0,VERY LOW,0.0,VERY LOW,0.0,VERY LOW,0.0,VERY LOW,0.0,VERY LOW,0.0,VERY LOW,0.0,VERY LOW,NYG,away,2026_PRE_W1_MIN_NYG,,MIN at NYG
40,2026,PRE,1,Preseason Week 1,00-0040211,Graham Mertz,HOU,ACT,1,18.0,"https://static.www.nfl.com/image/upload/f_auto,q_auto/league/dkzhjatulzdzzvf5rpm3",TEAM_BLEND,29.7,6.74,200.6,0,,,,,,,,,,,,,29.7,6.74,200.6,69.37214936962758,TEAM_PRIOR_NO_NFL_HISTORY,29.7,18.0,AUTO_PRESEASON_USAGE,young_backup,133.2,60.5,55.9,92.5,133.6,174.3,211.4,70.8,HIGH,65.1,SOLID,58.8,LEAN,52.4,LEAN,45.8,COIN FLIP,39.4,LOW,33.2,LOW,27.3,LOW,22.1,VERY LOW,17.6,VERY LOW,13.7,VERY LOW,10.4,VERY LOW,7.8,VERY LOW,5.6,VERY LOW,4.0,VERY LOW,2.7,VERY LOW,1.8,VERY LOW,1.2,VERY LOW,0.7,VERY LOW,0.5,VERY LOW,0.3,VERY LOW,0.2,VERY LOW,0.1,VERY LOW,0.1,VERY LOW,0.0,VERY LOW,0.0,VERY LOW,0.0,VERY LOW,0.0,VERY LOW,0.0,VERY LOW,0.0,VERY LOW,0.0,VERY LOW,LAC,home,2026_PRE_W1_LAC_HOU,,LAC at HOU
41,2026,PRE,1,Preseason Week 1,00-0038550,Hendon Hooker,TEN,ACT,3,16.0,"https://static.www.nfl.com/image/upload/f_auto,q_auto/league/bdky2q0tndjhtrgo2fgt",TEAM_BLEND,29.6,6.68,196.5,0,,,,,,,,,,,,,29.6,6.68,196.5,68.28192337549851,TEAM_PRIOR_NO_NFL_HISTORY,29.6,18.0,AUTO_PRESEASON_USAGE,young_backup,131.7,59.6,55.5,91.5,131.5,172.0,207.7,70.4,HIGH,64.2,SOLID,57.7,LEAN,51.0,LEAN,44.4,COIN FLIP,37.9,LOW,31.7,LOW,26.1,LOW,20.9,VERY LOW,16.4,VERY LOW,12.4,VERY LOW,9.4,VERY LOW,6.9,VERY LOW,4.9,VERY LOW,3.4,VERY LOW,2.3,VERY LOW,1.5,VERY LOW,1.0,VERY LOW,0.6,VERY LOW,0.4,VERY LOW,0.2,VERY LOW,0.1,VERY LOW,0.1,VERY LOW,0.0,VERY LOW,0.0,VERY LOW,0.0,VERY LOW,0.0,VERY LOW,0.0,VERY LOW,0.0,VERY LOW,0.0,VERY LOW,0.0,VERY LOW,SF,away,2026_PRE_W1_TEN_SF,,TEN at SF
42,2026,PRE,1,Preseason Week 1,00-0039910,Jayden Daniels,WAS,ACT,2,5.0,"https://static.www.nfl.com/image/upload/f_auto,q_auto/league/vrdweg39v1ay4zoc0lgp",TEAM_BLEND,28.2,6.88,194.2,23,2025.0,165.8,178.5,192.3,180.3,222.6,23.2,27.5,26.9,6.99,6.36,6.78,25.5,6.76,182.4,63.236504698114615,NFL_HISTORY,25.5,18.0,AUTO_PRESEASON_USAGE,young_backup,130.8,54.6,60.7,94.3,131.1,168.0,201.0,71.6,HIGH,65.2,SOLID,58.0,LEAN,50.8,LEAN,43.6,COIN FLIP,36.5,LOW,30.0,LOW,23.9,VERY LOW,18.6,VERY LOW,14.0,VERY LOW,10.3,VERY LOW,7.4,VERY LOW,5.1,VERY LOW,3.4,VERY LOW,2.2,VERY LOW,1.4,VERY LOW,0.9,VERY LOW,0.5,VERY LOW,0.3,VERY LOW,0.2,VERY LOW,0.1,VERY LOW,0.1,VERY LOW,0.0,VERY LOW,0.0,VERY LOW,0.0,VERY LOW,0.0,VERY LOW,0.0,VERY LOW,0.0,VERY LOW,0.0,VERY LOW,0.0,VERY LOW,0.0,VERY LOW,MIA,home,2026_PRE_W1_MIA_WAS,,MIA at WAS
43,2026,PRE,1,Preseason Week 1,00-0034857,Josh Allen,BUF,ACT,8,17.0,"https://static.www.nfl.com/image/upload/f_auto,q_auto/league/servs1fpsynfxep4rz2z",TEAM_BLEND,29.1,7.09,208.5,49,2025.0,191.8,227.1,218.3,229.2,233.2,26.6,28.2,28.8,7.11,8.03,7.93,27.7,7.53,215.2,67.87908643150404,NFL_HISTORY,27.7,15.0,AUTO_PRESEASON_USAGE,veteran_backup,128.3,51.3,62.9,94.0,128.5,162.7,193.9,71.1,HIGH,64.1,SOLID,56.5,LEAN,48.7,COIN FLIP,40.9,COIN FLIP,33.4,LOW,26.7,LOW,20.7,VERY LOW,15.6,VERY LOW,11.4,VERY LOW,8.1,VERY LOW,5.5,VERY LOW,3.6,VERY LOW,2.4,VERY LOW,1.5,VERY LOW,0.9,VERY LOW,0.5,VERY LOW,0.3,VERY LOW,0.1,VERY LOW,0.1,VERY LOW,0.0,VERY LOW,0.0,VERY LOW,0.0,VERY LOW,0.0,VERY LOW,0.0,VERY LOW,0.0,VERY LOW,0.0,VERY LOW,0.0,VERY LOW,0.0,VERY LOW,0.0,VERY LOW,0.0,VERY LOW,CAR,home,2026_PRE_W1_CAR_BUF,,CAR at BUF
44,2026,PRE,1,Preseason Week 1,00-0032268,Marcus Mariota,WAS,ACT,11,8.0,"https://static.www.nfl.com/image/upload/f_auto,q_auto/league/b9ribxqudeehvmjlw0va",TEAM_BLEND,28.2,6.88,194.2,12,2025.0,205.2,182.6,181.6,185.0,183.0,27.0,24.1,24.8,8.11,7.85,7.73,25.9,7.81,190.9,68.00483760466776,NFL_HISTORY,25.9,15.0,AUTO_PRESEASON_USAGE,veteran_backup,128.2,52.1,61.5,92.8,128.2,163.5,194.8,70.5,HIGH,63.6,SOLID,56.3,LEAN,48.6,COIN FLIP,41.0,COIN FLIP,33.8,LOW,27.2,LOW,21.2,VERY LOW,16.0,VERY LOW,11.8,VERY LOW,8.3,VERY LOW,5.8,VERY LOW,3.8,VERY LOW,2.5,VERY LOW,1.6,VERY LOW,1.0,VERY LOW,0.6,VERY LOW,0.3,VERY LOW,0.2,VERY LOW,0.1,VERY LOW,0.0,VERY LOW,0.0,VERY LOW,0.0,VERY LOW,0.0,VERY LOW,0.0,VERY LOW,0.0,VERY LOW,0.0,VERY LOW,0.0,VERY LOW,0.0,VERY LOW,0.0,VERY LOW,0.0,VERY LOW,MIA,home,2026_PRE_W1_MIA_WAS,,MIA at WAS
45,2026,PRE,1,Preseason Week 1,00-0036355,Justin Herbert,LAC,ACT,6,10.0,"https://static.www.nfl.com/image/upload/f_auto,q_auto/league/s1oelyaroiaalgilbeqk",TEAM_BLEND,30.0,6.98,209.8,46,2025.0,207.2,223.4,227.3,232.9,227.6,27.2,29.6,32.0,7.57,7.44,7.29,29.0,7.4,220.7,79.06689127793621,NFL_HISTORY,29.0,15.0,AUTO_PRESEASON_USAGE,veteran_backup,127.5,56.1,55.3,89.5,127.5,165.6,199.5,68.7,SOLID,62.2,SOLID,55.4,LEAN,48.2,COIN FLIP,41.3,COIN FLIP,34.5,LOW,28.3,LOW,22.6,VERY LOW,17.5,VERY LOW,13.3,VERY LOW,9.8,VERY LOW,7.1,VERY LOW,5.0,VERY LOW,3.4,VERY LOW,2.2,VERY LOW,1.5,VERY LOW,0.9,VERY LOW,0.6,VERY LOW,0.3,VERY LOW,0.2,VERY LOW,0.1,VERY LOW,0.1,VERY LOW,0.0,VERY LOW,0.0,VERY LOW,0.0,VERY LOW,0.0,VERY LOW,0.0,VERY LOW,0.0,VERY LOW,0.0,VERY LOW,0.0,VERY LOW,0.0,VERY LOW,HOU,away,2026_PRE_W1_LAC_HOU,,LAC at HOU
46,2026,PRE,1,Preseason Week 1,00-0039150,Bryce Young,CAR,ACT,3,9.0,"https://static.www.nfl.com/image/upload/f_auto,q_auto/league/qy1lfhlzhiacsyzzm1j7",TEAM_BLEND,29.5,6.6,195.7,44,2025.0,176.0,186.1,190.5,188.2,195.8,27.0,27.9,29.9,6.58,6.43,6.2,28.0,6.46,184.9,93.45765412520761,NFL_HISTORY,28.0,18.0,AUTO_PRESEASON_USAGE,young_backup,126.6,70.8,35.8,78.7,126.5,174.2,217.4,64.7,SOLID,59.3,LEAN,53.7,LEAN,48.1,COIN FLIP,42.5,COIN FLIP,37.0,LOW,31.8,LOW,27.0,LOW,22.4,VERY LOW,18.5,VERY LOW,14.9,VERY LOW,11.9,VERY LOW,9.4,VERY LOW,7.2,VERY LOW,5.4,VERY LOW,4.0,VERY LOW,3.0,VERY LOW,2.1,VERY LOW,1.5,VERY LOW,1.1,VERY LOW,0.7,VERY LOW,0.5,VERY LOW,0.3,VERY LOW,0.2,VERY LOW,0.1,VERY LOW,0.1,VERY LOW,0.1,VERY LOW,0.0,VERY LOW,0.0,VERY LOW,0.0,VERY LOW,0.0,VERY LOW,BUF,away,2026_PRE_W1_CAR_BUF,,CAR at BUF
47,2026,PRE,1,Preseason Week 1,00-0040668,Shedeur Sanders,CLE,ACT,1,2.0,"https://static.www.nfl.com/image/upload/f_auto,q_auto/league/joe08hz6to2madpko8zl",TEAM_BLEND,30.4,6.42,196.0,8,2025.0,199.0,175.0,175.0,175.0,,30.2,26.5,26.5,6.45,6.45,6.45,28.6,6.45,184.9,93.24922847020817,NFL_HISTORY,28.6,18.0,AUTO_PRESEASON_USAGE,young_backup,126.4,71.7,34.7,78.5,126.4,174.6,218.4,64.7,SOLID,59.3,LEAN,53.7,LEAN,48.1,COIN FLIP,42.4,COIN FLIP,37.1,LOW,31.9,LOW,27.1,LOW,22.8,VERY LOW,18.7,VERY LOW,15.2,VERY LOW,12.3,VERY LOW,9.6,VERY LOW,7.4,VERY LOW,5.6,VERY LOW,4.2,VERY LOW,3.1,VERY LOW,2.2,VERY LOW,1.6,VERY LOW,1.1,VERY LOW,0.7,VERY LOW,0.5,VERY LOW,0.3,VERY LOW,0.2,VERY LOW,0.1,VERY LOW,0.1,VERY LOW,0.1,VERY LOW,0.0,VERY LOW,0.0,VERY LOW,0.0,VERY LOW,0.0,VERY LOW,CHI,away,2026_PRE_W1_CLE_CHI,,CLE at CHI
48,2026,PRE,1,Preseason Week 1,00-0036264,Jordan Love,GB,ACT,6,10.0,"https://static.www.nfl.com/image/upload/f_auto,q_auto/league/uneiwen9drvci9ahuebp",TEAM_BLEND,28.0,7.26,201.2,47,2025.0,192.0,212.2,225.4,225.4,225.9,25.8,29.2,29.3,7.32,7.2,7.67,27.6,7.36,211.1,79.27656418999861,NFL_HISTORY,27.6,15.0,AUTO_PRESEASON_USAGE,veteran_backup,125.5,57.2,52.1,86.8,125.3,163.7,198.9,67.0,SOLID,60.6,SOLID,53.7,LEAN,46.7,COIN FLIP,39.8,LOW,33.2,LOW,27.1,LOW,21.7,VERY LOW,16.9,VERY LOW,13.0,VERY LOW,9.7,VERY LOW,7.0,VERY LOW,5.0,VERY LOW,3.4,VERY LOW,2.3,VERY LOW,1.5,VERY LOW,0.9,VERY LOW,0.6,VERY LOW,0.3,VERY LOW,0.2,VERY LOW,0.1,VERY LOW,0.1,VERY LOW,0.0,VERY LOW,0.0,VERY LOW,0.0,VERY LOW,0.0,VERY LOW,0.0,VERY LOW,0.0,VERY LOW,0.0,VERY LOW,0.0,VERY LOW,0.0,VERY LOW,PIT,away,2026_PRE_W1_GB_PIT,,GB at PIT
49,2026,PRE,1,Preseason Week 1,00-0039398,Joe Milton III,DAL,ACT,2,10.0,"https://static.www.nfl.com/image/upload/f_auto,q_auto/league/tsj9lobse1gxzanf39dt",TEAM_BLEND,30.7,6.8,210.8,2,2025.0,157.0,157.0,157.0,73.0,241.0,21.0,21.0,13.0,6.96,6.96,5.62,20.5,6.65,152.8,118.79393923933998,LIMITED_NFL_HISTORY,20.5,18.0,AUTO_PRESEASON_USAGE,young_backup,124.6,109.5,0.0,49.5,124.1,197.5,264.0,58.6,LEAN,55.1,LEAN,51.4,LEAN,47.8,COIN FLIP,44.1,COIN FLIP,40.5,COIN FLIP,37.0,LOW,33.6,LOW,30.4,LOW,27.2,LOW,24.3,VERY LOW,21.5,VERY LOW,19.0,VERY LOW,16.5,VERY LOW,14.4,VERY LOW,12.4,VERY LOW,10.7,VERY LOW,9.1,VERY LOW,7.8,VERY LOW,6.5,VERY LOW,5.4,VERY LOW,4.5,VERY LOW,3.6,VERY LOW,3.0,VERY LOW,2.4,VERY LOW,1.9,VERY LOW,1.5,VERY LOW,1.2,VERY LOW,1.0,VERY LOW,0.7,VERY LOW,0.6,VERY LOW,SEA,away,2026_PRE_W1_DAL_SEA,,DAL at SEA
50,2026,PRE,1,Preseason Week 1,00-0040691,Jaxson Dart,NYG,ACT,1,6.0,"https://static.www.nfl.com/image/upload/f_auto,q_auto/league/n6uymxssgiicjmxkzxoc",TEAM_BLEND,29.3,6.62,196.3,12,2025.0,171.0,195.9,189.3,189.3,,27.0,27.9,28.2,5.85,6.78,6.53,27.7,6.34,183.3,74.96669476064694,NFL_HISTORY,27.7,18.0,AUTO_PRESEASON_USAGE,young_backup,124.5,60.9,46.4,83.6,124.4,165.5,202.4,65.7,SOLID,59.4,LEAN,52.9,LEAN,46.3,COIN FLIP,40.0,LOW,33.7,LOW,28.0,LOW,22.7,VERY LOW,18.0,VERY LOW,14.0,VERY LOW,10.7,VERY LOW,7.9,VERY LOW,5.8,VERY LOW,4.1,VERY LOW,2.8,VERY LOW,1.9,VERY LOW,1.3,VERY LOW,0.8,VERY LOW,0.5,VERY LOW,0.3,VERY LOW,0.2,VERY LOW,0.1,VERY LOW,0.1,VERY LOW,0.0,VERY LOW,0.0,VERY LOW,0.0,VERY LOW,0.0,VERY LOW,0.0,VERY LOW,0.0,VERY LOW,0.0,VERY LOW,0.0,VERY LOW,MIN,home,2026_PRE_W1_MIN_NYG,,MIN at NYG
51,2026,PRE,1,Preseason Week 1,00-0036212,Tua Tagovailoa,ATL,ACT,6,1.0,"https://static.www.nfl.com/image/upload/f_auto,q_auto/league/ktqj3s5vofexl2dwrrp4",TEAM_BLEND,29.6,6.91,205.1,42,2025.0,176.2,190.8,191.7,190.0,260.6,22.6,27.0,27.4,7.74,7.1,6.94,25.4,7.29,196.1,54.624062911464975,NFL_HISTORY,25.4,15.0,AUTO_PRESEASON_USAGE,veteran_backup,122.4,45.1,64.6,92.2,122.8,153.1,180.5,69.2,SOLID,61.1,SOLID,52.5,LEAN,43.6,COIN FLIP,35.0,LOW,27.2,LOW,20.4,VERY LOW,14.7,VERY LOW,10.2,VERY LOW,6.8,VERY LOW,4.3,VERY LOW,2.6,VERY LOW,1.6,VERY LOW,0.9,VERY LOW,0.5,VERY LOW,0.2,VERY LOW,0.1,VERY LOW,0.1,VERY LOW,0.0,VERY LOW,0.0,VERY LOW,0.0,VERY LOW,0.0,VERY LOW,0.0,VERY LOW,0.0,VERY LOW,0.0,VERY LOW,0.0,VERY LOW,0.0,VERY LOW,0.0,VERY LOW,0.0,VERY LOW,0.0,VERY LOW,0.0,VERY LOW,DEN,home,2026_PRE_W1_DEN_ATL,,DEN at ATL
52,2026,PRE,1,Preseason Week 1,00-0036389,Jalen Hurts,PHI,ACT,6,1.0,"https://static.www.nfl.com/image/upload/f_auto,q_auto/league/c47i9v6gmokkun9cat9s",TEAM_BLEND,28.3,7.09,198.5,47,2025.0,188.0,205.2,204.8,201.5,206.6,29.2,28.2,28.4,6.93,7.71,7.29,28.7,7.24,198.6,62.37746915382416,NFL_HISTORY,28.7,15.0,AUTO_PRESEASON_USAGE,veteran_backup,122.1,46.2,62.7,90.9,121.9,152.9,181.0,68.2,SOLID,60.2,SOLID,51.6,LEAN,42.9,COIN FLIP,34.6,LOW,27.0,LOW,20.5,VERY LOW,14.9,VERY LOW,10.4,VERY LOW,7.0,VERY LOW,4.5,VERY LOW,2.8,VERY LOW,1.6,VERY LOW,1.0,VERY LOW,0.5,VERY LOW,0.3,VERY LOW,0.1,VERY LOW,0.1,VERY LOW,0.0,VERY LOW,0.0,VERY LOW,0.0,VERY LOW,0.0,VERY LOW,0.0,VERY LOW,0.0,VERY LOW,0.0,VERY LOW,0.0,VERY LOW,0.0,VERY LOW,0.0,VERY LOW,0.0,VERY LOW,0.0,VERY LOW,0.0,VERY LOW,BAL,away,2026_PRE_W1_PHI_BAL,,PHI at BAL
53,2026,PRE,1,Preseason Week 1,00-0034577,Kyle Allen,BUF,ACT,8,11.0,"https://static.www.nfl.com/image/upload/f_auto,q_auto/league/vq3aw57yyjtydur0divt",TEAM_BLEND,29.1,7.09,208.5,0,,,,,,,,,,,,,29.1,7.09,208.5,74.83796907649861,TEAM_PRIOR_NO_NFL_HISTORY,29.1,15.0,AUTO_PRESEASON_USAGE,veteran_backup,121.6,60.1,44.8,81.4,121.6,162.3,199.1,64.1,SOLID,57.7,LEAN,51.1,LEAN,44.4,COIN FLIP,38.1,LOW,31.9,LOW,26.3,LOW,21.2,VERY LOW,16.7,VERY LOW,12.9,VERY LOW,9.7,VERY LOW,7.1,VERY LOW,5.1,VERY LOW,3.6,VERY LOW,2.5,VERY LOW,1.6,VERY LOW,1.1,VERY LOW,0.7,VERY LOW,0.4,VERY LOW,0.3,VERY LOW,0.1,VERY LOW,0.1,VERY LOW,0.0,VERY LOW,0.0,VERY LOW,0.0,VERY LOW,0.0,VERY LOW,0.0,VERY LOW,0.0,VERY LOW,0.0,VERY LOW,0.0,VERY LOW,0.0,VERY LOW,CAR,home,2026_PRE_W1_CAR_BUF,,CAR at BUF
54,2026,PRE,1,Preseason Week 1,00-0038416,Tyson Bagent,CHI,ACT,3,17.0,"https://static.www.nfl.com/image/upload/f_auto,q_auto/league/kfwnayxjfnbfs3sm5a21",TEAM_BLEND,30.5,6.76,206.8,5,2023.0,171.8,171.8,171.8,171.8,,28.6,28.6,28.6,6.01,6.01,6.01,28.8,6.1,171.8,59.21317420979895,NFL_HISTORY,28.8,18.0,AUTO_PRESEASON_USAGE,young_backup,119.0,50.4,54.5,85.0,119.0,153.1,183.7,64.7,SOLID,57.0,LEAN,49.2,COIN FLIP,41.4,COIN FLIP,34.0,LOW,26.9,LOW,20.8,VERY LOW,15.6,VERY LOW,11.4,VERY LOW,8.0,VERY LOW,5.4,VERY LOW,3.5,VERY LOW,2.3,VERY LOW,1.4,VERY LOW,0.8,VERY LOW,0.5,VERY LOW,0.3,VERY LOW,0.1,VERY LOW,0.1,VERY LOW,0.0,VERY LOW,0.0,VERY LOW,0.0,VERY LOW,0.0,VERY LOW,0.0,VERY LOW,0.0,VERY LOW,0.0,VERY LOW,0.0,VERY LOW,0.0,VERY LOW,0.0,VERY LOW,0.0,VERY LOW,0.0,VERY LOW,CLE,home,2026_PRE_W1_CLE_CHI,,CLE at CHI
55,2026,PRE,1,Preseason Week 1,00-0026498,Matthew Stafford,LAR,ACT,17,9.0,"https://static.www.nfl.com/image/upload/f_auto,q_auto/league/svxl2pk2cuqf26zrhii4",TEAM_BLEND,30.9,7.06,220.0,48,2025.0,326.8,284.1,277.6,276.9,235.1,39.2,35.5,35.1,8.33,7.93,7.8,36.6,7.95,289.6,84.91829389759904,NFL_HISTORY,36.6,11.0,AUTO_PRESEASON_USAGE,starter_like,117.8,45.0,60.0,87.4,117.8,148.2,175.3,65.3,SOLID,56.8,LEAN,48.1,COIN FLIP,39.4,LOW,31.1,LOW,23.7,VERY LOW,17.3,VERY LOW,12.2,VERY LOW,8.2,VERY LOW,5.3,VERY LOW,3.3,VERY LOW,2.0,VERY LOW,1.1,VERY LOW,0.6,VERY LOW,0.3,VERY LOW,0.2,VERY LOW,0.1,VERY LOW,0.0,VERY LOW,0.0,VERY LOW,0.0,VERY LOW,0.0,VERY LOW,0.0,VERY LOW,0.0,VERY LOW,0.0,VERY LOW,0.0,VERY LOW,0.0,VERY LOW,0.0,VERY LOW,0.0,VERY LOW,0.0,VERY LOW,0.0,VERY LOW,0.0,VERY LOW,KC,away,2026_PRE_W1_LAR_KC,,LAR at KC
56,2026,PRE,1,Preseason Week 1,00-0033869,Mitchell Trubisky,TEN,ACT,9,10.0,"https://static.www.nfl.com/image/upload/f_auto,q_auto/league/fw9ec0v5pn3sorobytpb",TEAM_BLEND,29.6,6.68,196.5,6,2025.0,167.2,162.3,162.3,259.0,101.0,25.0,25.3,29.0,6.68,6.42,8.93,26.3,7.11,174.2,59.91747440450945,NFL_HISTORY,26.3,15.0,AUTO_PRESEASON_USAGE,veteran_backup,116.7,48.7,54.3,83.9,116.8,149.7,179.6,63.4,SOLID,55.5,LEAN,47.3,COIN FLIP,39.3,LOW,31.7,LOW,24.8,VERY LOW,18.7,VERY LOW,13.9,VERY LOW,9.8,VERY LOW,6.7,VERY LOW,4.3,VERY LOW,2.8,VERY LOW,1.7,VERY LOW,1.0,VERY LOW,0.6,VERY LOW,0.3,VERY LOW,0.2,VERY LOW,0.1,VERY LOW,0.0,VERY LOW,0.0,VERY LOW,0.0,VERY LOW,0.0,VERY LOW,0.0,VERY LOW,0.0,VERY LOW,0.0,VERY LOW,0.0,VERY LOW,0.0,VERY LOW,0.0,VERY LOW,0.0,VERY LOW,0.0,VERY LOW,0.0,VERY LOW,SF,away,2026_PRE_W1_TEN_SF,,TEN at SF
57,2026,PRE,1,Preseason Week 1,00-0033106,Jared Goff,DET,ACT,10,16.0,"https://static.www.nfl.com/image/upload/f_auto,q_auto/league/yggfwr4ak4po9byj0qor",TEAM_BLEND,30.5,7.32,224.1,51,2025.0,307.8,293.3,267.0,268.5,272.3,40.0,37.5,34.0,7.75,7.95,8.07,37.3,7.82,287.6,57.85076309335684,NFL_HISTORY,37.3,11.0,AUTO_PRESEASON_USAGE,starter_like,116.3,33.6,73.3,93.7,116.4,139.1,159.2,68.8,SOLID,57.6,LEAN,45.7,COIN FLIP,34.3,LOW,24.1,VERY LOW,16.0,VERY LOW,9.6,VERY LOW,5.5,VERY LOW,2.9,VERY LOW,1.4,VERY LOW,0.6,VERY LOW,0.3,VERY LOW,0.1,VERY LOW,0.0,VERY LOW,0.0,VERY LOW,0.0,VERY LOW,0.0,VERY LOW,0.0,VERY LOW,0.0,VERY LOW,0.0,VERY LOW,0.0,VERY LOW,0.0,VERY LOW,0.0,VERY LOW,0.0,VERY LOW,0.0,VERY LOW,0.0,VERY LOW,0.0,VERY LOW,0.0,VERY LOW,0.0,VERY LOW,0.0,VERY LOW,0.0,VERY LOW,CIN,away,2026_PRE_W1_DET_CIN,,DET at CIN
58,2026,PRE,1,Preseason Week 1,00-0030565,Geno Smith,NYJ,ACT,13,7.0,"https://static.www.nfl.com/image/upload/f_auto,q_auto/league/tqy0933vz5yogwlefb1s",TEAM_BLEND,28.6,6.47,188.0,47,2025.0,188.6,184.9,201.7,201.7,254.1,27.8,28.5,29.9,6.84,6.44,6.74,28.4,6.67,201.6,70.50750408880482,NFL_HISTORY,28.4,15.0,AUTO_PRESEASON_USAGE,veteran_backup,115.3,52.0,48.5,80.2,115.5,150.6,181.9,61.8,SOLID,54.3,LEAN,46.5,COIN FLIP,39.0,LOW,31.8,LOW,25.3,LOW,19.6,VERY LOW,14.7,VERY LOW,10.7,VERY LOW,7.5,VERY LOW,5.1,VERY LOW,3.4,VERY LOW,2.2,VERY LOW,1.4,VERY LOW,0.9,VERY LOW,0.5,VERY LOW,0.3,VERY LOW,0.2,VERY LOW,0.1,VERY LOW,0.0,VERY LOW,0.0,VERY LOW,0.0,VERY LOW,0.0,VERY LOW,0.0,VERY LOW,0.0,VERY LOW,0.0,VERY LOW,0.0,VERY LOW,0.0,VERY LOW,0.0,VERY LOW,0.0,VERY LOW,0.0,VERY LOW,TB,home,2026_PRE_W1_TB_NYJ,,TB at NYJ
59,2026,PRE,1,Preseason Week 1,00-0038102,Kenny Pickett,CAR,ACT,4,12.0,"https://static.www.nfl.com/image/upload/f_auto,q_auto/league/nfdzmyfr8eup5uuojjdw",TEAM_BLEND,29.5,6.6,195.7,16,2025.0,103.4,126.0,152.3,80.5,143.0,17.0,21.5,18.0,6.77,6.15,5.69,19.6,6.35,114.2,47.37187203251847,NFL_HISTORY,19.6,18.0,AUTO_PRESEASON_USAGE,young_backup,114.3,51.5,48.4,79.7,114.3,148.8,179.9,61.0,SOLID,53.4,LEAN,45.6,COIN FLIP,38.0,LOW,30.7,LOW,24.2,VERY LOW,18.5,VERY LOW,13.8,VERY LOW,9.9,VERY LOW,7.0,VERY LOW,4.8,VERY LOW,3.1,VERY LOW,2.0,VERY LOW,1.2,VERY LOW,0.7,VERY LOW,0.4,VERY LOW,0.2,VERY LOW,0.1,VERY LOW,0.1,VERY LOW,0.0,VERY LOW,0.0,VERY LOW,0.0,VERY LOW,0.0,VERY LOW,0.0,VERY LOW,0.0,VERY LOW,0.0,VERY LOW,0.0,VERY LOW,0.0,VERY LOW,0.0,VERY LOW,0.0,VERY LOW,0.0,VERY LOW,BUF,away,2026_PRE_W1_CAR_BUF,,CAR at BUF
60,2026,PRE,1,Preseason Week 1,00-0038579,Aidan O'Connell,LV,ACT,3,12.0,"https://static.www.nfl.com/image/upload/f_auto,q_auto/league/bcejxo7ofgk5pszhup12",TEAM_BLEND,28.9,6.65,193.2,21,2025.0,183.8,171.4,182.5,102.0,179.1,29.6,26.5,22.0,6.02,6.22,4.64,27.3,5.84,164.1,86.44975980833954,NFL_HISTORY,27.3,18.0,AUTO_PRESEASON_USAGE,young_backup,114.0,68.0,26.9,68.1,114.4,160.3,200.7,58.3,LEAN,52.5,LEAN,46.7,COIN FLIP,41.0,COIN FLIP,35.3,LOW,30.1,LOW,25.2,LOW,20.6,VERY LOW,16.5,VERY LOW,13.1,VERY LOW,10.2,VERY LOW,7.9,VERY LOW,5.9,VERY LOW,4.4,VERY LOW,3.2,VERY LOW,2.2,VERY LOW,1.5,VERY LOW,1.0,VERY LOW,0.7,VERY LOW,0.5,VERY LOW,0.3,VERY LOW,0.2,VERY LOW,0.1,VERY LOW,0.1,VERY LOW,0.0,VERY LOW,0.0,VERY LOW,0.0,VERY LOW,0.0,VERY LOW,0.0,VERY LOW,0.0,VERY LOW,0.0,VERY LOW,ARI,home,2026_PRE_W1_ARI_LV,,ARI at LV
61,2026,PRE,1,Preseason Week 1,00-0038108,Bailey Zappe,NYJ,ACT,4,11.0,"https://static.www.nfl.com/image/upload/f_auto,q_auto/league/bdiiarfqwhyvsmmxtvg5",TEAM_BLEND,28.6,6.47,188.0,10,2024.0,180.6,141.7,141.7,170.0,138.6,30.2,23.6,31.0,6.0,5.69,5.48,28.4,5.86,160.5,73.48792165693702,NFL_HISTORY,28.4,18.0,AUTO_PRESEASON_USAGE,young_backup,113.8,58.8,38.2,74.1,113.6,153.4,188.9,59.2,LEAN,52.5,LEAN,45.7,COIN FLIP,39.1,LOW,32.8,LOW,26.9,LOW,21.5,VERY LOW,16.8,VERY LOW,12.9,VERY LOW,9.7,VERY LOW,7.0,VERY LOW,5.0,VERY LOW,3.5,VERY LOW,2.4,VERY LOW,1.5,VERY LOW,1.0,VERY LOW,0.6,VERY LOW,0.4,VERY LOW,0.2,VERY LOW,0.1,VERY LOW,0.1,VERY LOW,0.0,VERY LOW,0.0,VERY LOW,0.0,VERY LOW,0.0,VERY LOW,0.0,VERY LOW,0.0,VERY LOW,0.0,VERY LOW,0.0,VERY LOW,0.0,VERY LOW,0.0,VERY LOW,TB,home,2026_PRE_W1_TB_NYJ,,TB at NYJ
62,2026,PRE,1,Preseason Week 1,00-0035251,Will Grier,CAR,ACT,7,14.0,"https://static.www.nfl.com/image/upload/f_auto,q_auto/league/c8cmoyu2wemjpl6ctk9g",TEAM_BLEND,29.5,6.6,195.7,0,,,,,,,,,,,,,29.5,6.6,195.7,73.01381465694534,TEAM_PRIOR_NO_NFL_HISTORY,29.5,15.0,AUTO_PRESEASON_USAGE,veteran_backup,113.5,58.3,38.2,73.4,113.0,152.3,188.1,58.8,LEAN,52.1,LEAN,45.3,COIN FLIP,38.6,LOW,32.3,LOW,26.3,LOW,21.0,VERY LOW,16.4,VERY LOW,12.7,VERY LOW,9.5,VERY LOW,6.9,VERY LOW,4.9,VERY LOW,3.4,VERY LOW,2.3,VERY LOW,1.5,VERY LOW,0.9,VERY LOW,0.6,VERY LOW,0.3,VERY LOW,0.2,VERY LOW,0.1,VERY LOW,0.1,VERY LOW,0.0,VERY LOW,0.0,VERY LOW,0.0,VERY LOW,0.0,VERY LOW,0.0,VERY LOW,0.0,VERY LOW,0.0,VERY LOW,0.0,VERY LOW,0.0,VERY LOW,0.0,VERY LOW,BUF,away,2026_PRE_W1_CAR_BUF,,CAR at BUF
63,2026,PRE,1,Preseason Week 1,00-0034771,Mason Rudolph,PIT,ACT,8,2.0,"https://static.www.nfl.com/image/upload/f_auto,q_auto/league/vaeklpqoesk72mlloora",TEAM_BLEND,29.5,6.83,201.6,13,2025.0,162.6,182.8,195.7,149.0,191.2,24.2,27.5,23.5,6.97,6.76,6.73,25.5,6.85,171.5,61.50559510722684,NFL_HISTORY,25.5,15.0,AUTO_PRESEASON_USAGE,veteran_backup,113.0,48.6,50.9,80.3,112.8,145.6,175.0,60.5,SOLID,52.3,LEAN,44.2,COIN FLIP,36.2,LOW,28.9,LOW,22.2,VERY LOW,16.5,VERY LOW,11.8,VERY LOW,8.3,VERY LOW,5.6,VERY LOW,3.7,VERY LOW,2.3,VERY LOW,1.4,VERY LOW,0.8,VERY LOW,0.4,VERY LOW,0.2,VERY LOW,0.1,VERY LOW,0.1,VERY LOW,0.0,VERY LOW,0.0,VERY LOW,0.0,VERY LOW,0.0,VERY LOW,0.0,VERY LOW,0.0,VERY LOW,0.0,VERY LOW,0.0,VERY LOW,0.0,VERY LOW,0.0,VERY LOW,0.0,VERY LOW,0.0,VERY LOW,0.0,VERY LOW,GB,home,2026_PRE_W1_GB_PIT,,GB at PIT
64,2026,PRE,1,Preseason Week 1,00-0038476,Tommy DeVito,NE,ACT,3,16.0,"https://static.www.nfl.com/image/upload/f_auto,q_auto/league/iazdkuygt4kb7j6dgygi",TEAM_BLEND,29.5,7.26,212.2,9,2024.0,129.4,149.4,149.4,128.5,155.4,23.0,23.7,22.0,5.5,6.28,5.66,23.6,5.95,139.1,68.40447563612601,NFL_HISTORY,23.6,18.0,AUTO_PRESEASON_USAGE,young_backup,112.0,58.9,36.6,72.2,111.9,151.6,187.0,57.9,LEAN,51.3,LEAN,44.6,COIN FLIP,37.9,LOW,31.5,LOW,25.9,LOW,20.6,VERY LOW,16.0,VERY LOW,12.3,VERY LOW,9.1,VERY LOW,6.7,VERY LOW,4.8,VERY LOW,3.3,VERY LOW,2.2,VERY LOW,1.5,VERY LOW,0.9,VERY LOW,0.6,VERY LOW,0.3,VERY LOW,0.2,VERY LOW,0.1,VERY LOW,0.1,VERY LOW,0.0,VERY LOW,0.0,VERY LOW,0.0,VERY LOW,0.0,VERY LOW,0.0,VERY LOW,0.0,VERY LOW,0.0,VERY LOW,0.0,VERY LOW,0.0,VERY LOW,0.0,VERY LOW,IND,home,2026_PRE_W1_IND_NE,,IND at NE
65,2026,PRE,1,Preseason Week 1,00-0031503,Jameis Winston,NYG,ACT,11,19.0,"https://static.www.nfl.com/image/upload/f_auto,q_auto/league/vwikoroqsyf8iemlrohb",TEAM_BLEND,29.3,6.62,196.3,12,2025.0,284.4,267.2,241.2,283.5,263.1,37.8,36.0,32.5,7.34,7.27,8.55,35.5,7.5,273.3,132.0960651382685,NFL_HISTORY,35.5,11.0,AUTO_PRESEASON_USAGE,starter_like,111.1,65.9,26.5,66.7,110.8,155.7,195.7,56.6,LEAN,50.5,LEAN,44.6,COIN FLIP,38.7,LOW,33.0,LOW,27.8,LOW,23.0,VERY LOW,18.6,VERY LOW,14.9,VERY LOW,11.6,VERY LOW,8.9,VERY LOW,6.7,VERY LOW,5.0,VERY LOW,3.6,VERY LOW,2.5,VERY LOW,1.7,VERY LOW,1.2,VERY LOW,0.8,VERY LOW,0.5,VERY LOW,0.3,VERY LOW,0.2,VERY LOW,0.1,VERY LOW,0.1,VERY LOW,0.0,VERY LOW,0.0,VERY LOW,0.0,VERY LOW,0.0,VERY LOW,0.0,VERY LOW,0.0,VERY LOW,0.0,VERY LOW,0.0,VERY LOW,MIN,home,2026_PRE_W1_MIN_NYG,,MIN at NYG
66,2026,PRE,1,Preseason Week 1,00-0027973,Andy Dalton,PHI,ACT,15,14.0,"https://static.www.nfl.com/image/upload/f_auto,q_auto/league/nyjb97rajdqckaxsoniv",TEAM_BLEND,28.3,7.09,198.5,7,2025.0,169.0,217.9,217.9,175.0,197.8,29.2,34.4,24.0,5.86,6.3,7.29,29.6,6.44,189.2,77.95477614842123,NFL_HISTORY,29.6,15.0,AUTO_PRESEASON_USAGE,veteran_backup,110.5,56.0,38.3,73.0,111.0,148.5,182.3,57.7,LEAN,50.7,LEAN,43.6,COIN FLIP,36.7,LOW,30.1,LOW,24.1,VERY LOW,19.0,VERY LOW,14.4,VERY LOW,10.7,VERY LOW,7.8,VERY LOW,5.5,VERY LOW,3.8,VERY LOW,2.5,VERY LOW,1.6,VERY LOW,1.0,VERY LOW,0.6,VERY LOW,0.3,VERY LOW,0.2,VERY LOW,0.1,VERY LOW,0.1,VERY LOW,0.0,VERY LOW,0.0,VERY LOW,0.0,VERY LOW,0.0,VERY LOW,0.0,VERY LOW,0.0,VERY LOW,0.0,VERY LOW,0.0,VERY LOW,0.0,VERY LOW,0.0,VERY LOW,0.0,VERY LOW,BAL,away,2026_PRE_W1_PHI_BAL,,PHI at BAL
67,2026,PRE,1,Preseason Week 1,00-0040743,Tyler Shough,NO,ACT,1,6.0,"https://static.www.nfl.com/image/upload/f_auto,q_auto/league/wsrkib8qgwtb2t2ugaru",TEAM_BLEND,29.6,6.82,201.0,10,2025.0,263.2,238.4,238.4,238.4,,32.6,32.5,32.5,8.34,7.57,7.57,32.3,7.79,248.6,70.01199140775086,NFL_HISTORY,32.3,11.0,AUTO_PRESEASON_USAGE,starter_like,110.1,40.6,58.0,82.7,110.2,137.5,162.6,59.9,LEAN,50.2,LEAN,40.5,COIN FLIP,31.1,LOW,23.1,VERY LOW,16.5,VERY LOW,11.2,VERY LOW,7.1,VERY LOW,4.3,VERY LOW,2.5,VERY LOW,1.4,VERY LOW,0.7,VERY LOW,0.4,VERY LOW,0.2,VERY LOW,0.1,VERY LOW,0.0,VERY LOW,0.0,VERY LOW,0.0,VERY LOW,0.0,VERY LOW,0.0,VERY LOW,0.0,VERY LOW,0.0,VERY LOW,0.0,VERY LOW,0.0,VERY LOW,0.0,VERY LOW,0.0,VERY LOW,0.0,VERY LOW,0.0,VERY LOW,0.0,VERY LOW,0.0,VERY LOW,0.0,VERY LOW,JAX,home,2026_PRE_W1_JAX_NO,,JAX at NO
68,2026,PRE,1,Preseason Week 1,00-0033077,Dak Prescott,DAL,ACT,10,4.0,"https://static.www.nfl.com/image/upload/f_auto,q_auto/league/blixemm3s9sa4gmqk5yn",TEAM_BLEND,30.7,6.8,210.8,42,2025.0,258.2,267.1,266.9,267.8,247.2,32.6,34.1,35.3,7.71,7.72,7.56,33.3,7.57,261.1,92.77721959812442,NFL_HISTORY,33.3,11.0,AUTO_PRESEASON_USAGE,starter_like,109.9,51.0,45.0,75.6,109.9,144.3,175.4,57.7,LEAN,49.9,COIN FLIP,42.1,COIN FLIP,34.7,LOW,27.8,LOW,21.6,VERY LOW,16.4,VERY LOW,12.0,VERY LOW,8.6,VERY LOW,5.9,VERY LOW,3.9,VERY LOW,2.6,VERY LOW,1.6,VERY LOW,0.9,VERY LOW,0.6,VERY LOW,0.3,VERY LOW,0.2,VERY LOW,0.1,VERY LOW,0.0,VERY LOW,0.0,VERY LOW,0.0,VERY LOW,0.0,VERY LOW,0.0,VERY LOW,0.0,VERY LOW,0.0,VERY LOW,0.0,VERY LOW,0.0,VERY LOW,0.0,VERY LOW,0.0,VERY LOW,0.0,VERY LOW,0.0,VERY LOW,SEA,away,2026_PRE_W1_DAL_SEA,,DAL at SEA
69,2026,PRE,1,Preseason Week 1,00-0036971,Trevor Lawrence,JAX,ACT,5,16.0,"https://static.www.nfl.com/image/upload/f_auto,q_auto/league/d75srntioly7fq0z8vip",TEAM_BLEND,29.9,6.86,205.6,43,2025.0,274.2,238.7,237.2,235.7,204.5,33.0,30.1,32.9,8.36,7.91,7.27,31.9,7.82,245.2,44.9261910134389,NFL_HISTORY,31.9,11.0,AUTO_PRESEASON_USAGE,starter_like,109.9,29.7,71.7,89.8,110.1,129.9,147.9,63.1,SOLID,50.1,LEAN,36.8,LOW,24.9,VERY LOW,15.6,VERY LOW,8.8,VERY LOW,4.5,VERY LOW,2.1,VERY LOW,0.9,VERY LOW,0.3,VERY LOW,0.1,VERY LOW,0.0,VERY LOW,0.0,VERY LOW,0.0,VERY LOW,0.0,VERY LOW,0.0,VERY LOW,0.0,VERY LOW,0.0,VERY LOW,0.0,VERY LOW,0.0,VERY LOW,0.0,VERY LOW,0.0,VERY LOW,0.0,VERY LOW,0.0,VERY LOW,0.0,VERY LOW,0.0,VERY LOW,0.0,VERY LOW,0.0,VERY LOW,0.0,VERY LOW,0.0,VERY LOW,0.0,VERY LOW,NO,away,2026_PRE_W1_JAX_NO,,JAX at NO
70,2026,PRE,1,Preseason Week 1,00-0035710,Daniel Jones,IND,ACT,7,17.0,"https://static.www.nfl.com/image/upload/f_auto,q_auto/league/nhuiypfjzpkisxllinyv",TEAM_BLEND,29.9,6.94,207.5,28,2025.0,250.2,245.3,244.6,253.4,207.0,32.6,31.4,31.4,7.86,7.92,8.16,31.8,7.83,242.8,53.869345324666604,NFL_HISTORY,31.8,11.0,AUTO_PRESEASON_USAGE,starter_like,109.7,34.1,66.0,86.7,109.5,132.9,153.3,61.1,SOLID,49.5,COIN FLIP,38.1,LOW,27.7,LOW,18.7,VERY LOW,11.9,VERY LOW,7.0,VERY LOW,3.9,VERY LOW,1.9,VERY LOW,0.9,VERY LOW,0.4,VERY LOW,0.2,VERY LOW,0.1,VERY LOW,0.0,VERY LOW,0.0,VERY LOW,0.0,VERY LOW,0.0,VERY LOW,0.0,VERY LOW,0.0,VERY LOW,0.0,VERY LOW,0.0,VERY LOW,0.0,VERY LOW,0.0,VERY LOW,0.0,VERY LOW,0.0,VERY LOW,0.0,VERY LOW,0.0,VERY LOW,0.0,VERY LOW,0.0,VERY LOW,0.0,VERY LOW,0.0,VERY LOW,NE,away,2026_PRE_W1_IND_NE,,IND at NE
71,2026,PRE,1,Preseason Week 1,00-0037834,Brock Purdy,SF,ACT,4,13.0,"https://static.www.nfl.com/image/upload/f_auto,q_auto/league/xykdxnvxpf9pobxvkjfj",TEAM_BLEND,30.4,7.1,217.1,40,2025.0,237.6,254.4,238.5,240.8,257.6,30.6,31.9,31.6,7.64,7.87,7.55,31.1,7.62,244.7,79.48218087976373,NFL_HISTORY,31.1,11.0,AUTO_PRESEASON_USAGE,starter_like,107.9,46.2,48.9,76.7,107.8,139.4,167.5,56.8,LEAN,48.1,COIN FLIP,39.7,LOW,31.8,LOW,24.6,VERY LOW,18.2,VERY LOW,13.1,VERY LOW,9.1,VERY LOW,6.0,VERY LOW,3.8,VERY LOW,2.3,VERY LOW,1.4,VERY LOW,0.8,VERY LOW,0.5,VERY LOW,0.2,VERY LOW,0.1,VERY LOW,0.1,VERY LOW,0.0,VERY LOW,0.0,VERY LOW,0.0,VERY LOW,0.0,VERY LOW,0.0,VERY LOW,0.0,VERY LOW,0.0,VERY LOW,0.0,VERY LOW,0.0,VERY LOW,0.0,VERY LOW,0.0,VERY LOW,0.0,VERY LOW,0.0,VERY LOW,0.0,VERY LOW,TEN,home,2026_PRE_W1_TEN_SF,,TEN at SF
72,2026,PRE,1,Preseason Week 1,00-0040704,Dillon Gabriel,CLE,ACT,1,8.0,"https://static.www.nfl.com/image/upload/f_auto,q_auto/league/szpyvusef9jvoctbnkbk",TEAM_BLEND,30.4,6.42,196.0,6,2025.0,145.6,153.0,153.0,153.0,,29.4,30.0,30.0,5.43,5.49,5.49,29.8,5.58,150.0,55.42150744945434,NFL_HISTORY,29.8,18.0,AUTO_PRESEASON_USAGE,young_backup,107.8,50.1,43.3,73.6,107.5,141.5,172.4,55.8,LEAN,48.1,COIN FLIP,40.3,COIN FLIP,32.9,LOW,26.0,LOW,19.9,VERY LOW,15.0,VERY LOW,10.8,VERY LOW,7.5,VERY LOW,5.1,VERY LOW,3.3,VERY LOW,2.1,VERY LOW,1.3,VERY LOW,0.8,VERY LOW,0.4,VERY LOW,0.2,VERY LOW,0.1,VERY LOW,0.1,VERY LOW,0.0,VERY LOW,0.0,VERY LOW,0.0,VERY LOW,0.0,VERY LOW,0.0,VERY LOW,0.0,VERY LOW,0.0,VERY LOW,0.0,VERY LOW,0.0,VERY LOW,0.0,VERY LOW,0.0,VERY LOW,0.0,VERY LOW,0.0,VERY LOW,CHI,away,2026_PRE_W1_CLE_CHI,,CLE at CHI
73,2026,PRE,1,Preseason Week 1,00-0036442,Joe Burrow,CIN,ACT,6,9.0,"https://static.www.nfl.com/image/upload/f_auto,q_auto/league/gnnvcgui1cijybukk2w7",TEAM_BLEND,31.9,6.81,219.1,35,2025.0,271.8,249.8,270.3,226.1,289.3,35.4,35.4,32.4,7.84,7.01,6.95,34.5,7.3,260.7,73.34170801918566,NFL_HISTORY,34.5,11.0,AUTO_PRESEASON_USAGE,starter_like,107.4,42.0,53.7,79.0,107.4,135.7,161.4,57.1,LEAN,47.4,COIN FLIP,38.0,LOW,29.5,LOW,21.8,VERY LOW,15.6,VERY LOW,10.6,VERY LOW,6.9,VERY LOW,4.3,VERY LOW,2.5,VERY LOW,1.4,VERY LOW,0.7,VERY LOW,0.4,VERY LOW,0.2,VERY LOW,0.1,VERY LOW,0.0,VERY LOW,0.0,VERY LOW,0.0,VERY LOW,0.0,VERY LOW,0.0,VERY LOW,0.0,VERY LOW,0.0,VERY LOW,0.0,VERY LOW,0.0,VERY LOW,0.0,VERY LOW,0.0,VERY LOW,0.0,VERY LOW,0.0,VERY LOW,0.0,VERY LOW,0.0,VERY LOW,0.0,VERY LOW,DET,home,2026_PRE_W1_DET_CIN,,DET at CIN
74,2026,PRE,1,Preseason Week 1,00-0036972,Mac Jones,SF,ACT,5,10.0,"https://static.www.nfl.com/image/upload/f_auto,q_auto/league/v5sg1z9qvdpjeapblndz",TEAM_BLEND,30.4,7.1,217.1,28,2025.0,249.2,255.0,245.6,268.9,185.1,32.0,34.3,36.1,7.75,7.47,7.48,33.2,7.54,244.3,73.71521822280535,NFL_HISTORY,33.2,11.0,AUTO_PRESEASON_USAGE,starter_like,107.1,42.2,52.8,78.4,107.1,135.4,161.1,56.7,LEAN,47.3,COIN FLIP,38.1,LOW,29.3,LOW,21.6,VERY LOW,15.3,VERY LOW,10.5,VERY LOW,6.8,VERY LOW,4.1,VERY LOW,2.4,VERY LOW,1.3,VERY LOW,0.7,VERY LOW,0.4,VERY LOW,0.2,VERY LOW,0.1,VERY LOW,0.0,VERY LOW,0.0,VERY LOW,0.0,VERY LOW,0.0,VERY LOW,0.0,VERY LOW,0.0,VERY LOW,0.0,VERY LOW,0.0,VERY LOW,0.0,VERY LOW,0.0,VERY LOW,0.0,VERY LOW,0.0,VERY LOW,0.0,VERY LOW,0.0,VERY LOW,0.0,VERY LOW,0.0,VERY LOW,TEN,home,2026_PRE_W1_TEN_SF,,TEN at SF
75,2026,PRE,1,Preseason Week 1,00-0035264,Jarrett Stidham,DEN,ACT,7,8.0,"https://static.www.nfl.com/image/upload/f_auto,q_auto/league/hlq7q7zkusdhmudwbodl",TEAM_BLEND,31.1,6.78,210.9,2,2023.0,248.0,248.0,248.0,248.0,,33.0,33.0,33.0,7.5,7.5,7.5,32.8,7.41,248.0,33.94112549695428,LIMITED_NFL_HISTORY,32.8,11.0,AUTO_PRESEASON_USAGE,starter_like,106.5,26.5,72.3,88.6,106.7,124.5,140.5,59.8,LEAN,45.1,COIN FLIP,30.8,LOW,18.9,VERY LOW,10.3,VERY LOW,5.0,VERY LOW,2.2,VERY LOW,0.8,VERY LOW,0.3,VERY LOW,0.1,VERY LOW,0.0,VERY LOW,0.0,VERY LOW,0.0,VERY LOW,0.0,VERY LOW,0.0,VERY LOW,0.0,VERY LOW,0.0,VERY LOW,0.0,VERY LOW,0.0,VERY LOW,0.0,VERY LOW,0.0,VERY LOW,0.0,VERY LOW,0.0,VERY LOW,0.0,VERY LOW,0.0,VERY LOW,0.0,VERY LOW,0.0,VERY LOW,0.0,VERY LOW,0.0,VERY LOW,0.0,VERY LOW,0.0,VERY LOW,ATL,away,2026_PRE_W1_DEN_ATL,,DEN at ATL
76,2026,PRE,1,Preseason Week 1,00-0037327,Skylar Thompson,BAL,ACT,4,17.0,"https://static.www.nfl.com/image/upload/f_auto,q_auto/league/kjzk0fsbhfjrt0kffh46",TEAM_BLEND,27.1,7.29,194.5,2,2024.0,93.5,93.5,93.5,93.5,,16.5,16.5,16.5,5.67,5.67,5.67,17.6,5.87,93.5,19.091883092036785,LIMITED_NFL_HISTORY,17.6,18.0,AUTO_PRESEASON_USAGE,young_backup,103.8,34.5,59.8,80.5,103.8,127.1,148.1,54.3,LEAN,43.0,COIN FLIP,32.0,LOW,22.5,VERY LOW,14.8,VERY LOW,9.0,VERY LOW,5.2,VERY LOW,2.8,VERY LOW,1.4,VERY LOW,0.6,VERY LOW,0.2,VERY LOW,0.1,VERY LOW,0.0,VERY LOW,0.0,VERY LOW,0.0,VERY LOW,0.0,VERY LOW,0.0,VERY LOW,0.0,VERY LOW,0.0,VERY LOW,0.0,VERY LOW,0.0,VERY LOW,0.0,VERY LOW,0.0,VERY LOW,0.0,VERY LOW,0.0,VERY LOW,0.0,VERY LOW,0.0,VERY LOW,0.0,VERY LOW,0.0,VERY LOW,0.0,VERY LOW,0.0,VERY LOW,PHI,home,2026_PRE_W1_PHI_BAL,,PHI at BAL
77,2026,PRE,1,Preseason Week 1,00-0033537,Deshaun Watson,CLE,ACT,9,4.0,"https://static.www.nfl.com/image/private/f_auto,q_auto/league/otfs2docj6eahaebo5xn",TEAM_BLEND,30.4,6.42,196.0,12,2024.0,158.6,186.9,188.2,164.0,222.0,27.4,31.3,30.9,6.02,6.16,5.62,29.4,6.02,177.8,37.564471173060504,NFL_HISTORY,29.4,15.0,AUTO_PRESEASON_USAGE,veteran_backup,103.4,34.7,59.0,79.9,103.3,126.6,147.9,53.7,LEAN,42.3,COIN FLIP,31.4,LOW,22.1,VERY LOW,14.6,VERY LOW,8.9,VERY LOW,5.1,VERY LOW,2.8,VERY LOW,1.4,VERY LOW,0.7,VERY LOW,0.3,VERY LOW,0.1,VERY LOW,0.0,VERY LOW,0.0,VERY LOW,0.0,VERY LOW,0.0,VERY LOW,0.0,VERY LOW,0.0,VERY LOW,0.0,VERY LOW,0.0,VERY LOW,0.0,VERY LOW,0.0,VERY LOW,0.0,VERY LOW,0.0,VERY LOW,0.0,VERY LOW,0.0,VERY LOW,0.0,VERY LOW,0.0,VERY LOW,0.0,VERY LOW,0.0,VERY LOW,0.0,VERY LOW,CHI,away,2026_PRE_W1_CLE_CHI,,CLE at CHI
78,2026,PRE,1,Preseason Week 1,00-0039917,Michael Penix Jr.,ATL,ACT,2,9.0,"https://static.www.nfl.com/image/upload/f_auto,q_auto/league/azvyjzp2sa8cnljbp3i7",TEAM_BLEND,29.6,6.91,205.1,12,2025.0,212.8,229.4,226.6,220.2,245.7,30.2,31.4,30.7,7.48,7.59,7.53,30.5,7.45,223.9,52.499521226529794,NFL_HISTORY,30.5,11.0,AUTO_PRESEASON_USAGE,starter_like,103.2,34.3,59.5,80.2,103.2,126.3,146.9,53.7,LEAN,42.0,COIN FLIP,31.1,LOW,21.7,VERY LOW,14.1,VERY LOW,8.5,VERY LOW,4.8,VERY LOW,2.6,VERY LOW,1.2,VERY LOW,0.5,VERY LOW,0.2,VERY LOW,0.1,VERY LOW,0.0,VERY LOW,0.0,VERY LOW,0.0,VERY LOW,0.0,VERY LOW,0.0,VERY LOW,0.0,VERY LOW,0.0,VERY LOW,0.0,VERY LOW,0.0,VERY LOW,0.0,VERY LOW,0.0,VERY LOW,0.0,VERY LOW,0.0,VERY LOW,0.0,VERY LOW,0.0,VERY LOW,0.0,VERY LOW,0.0,VERY LOW,0.0,VERY LOW,0.0,VERY LOW,DEN,home,2026_PRE_W1_DEN_ATL,,DEN at ATL
79,2026,PRE,1,Preseason Week 1,00-0033873,Patrick Mahomes,KC,ACT,9,15.0,"https://static.www.nfl.com/image/upload/f_auto,q_auto/league/iireqbn32cpg9fn4sfy7",TEAM_BLEND,30.5,6.63,205.2,46,2025.0,247.6,264.8,260.5,256.2,245.5,37.2,36.0,35.9,6.61,7.37,7.15,36.0,6.93,253.7,62.13703558380061,NFL_HISTORY,36.0,11.0,AUTO_PRESEASON_USAGE,starter_like,102.9,36.4,56.0,78.0,102.8,127.4,149.1,53.1,LEAN,42.2,COIN FLIP,31.9,LOW,22.7,VERY LOW,15.2,VERY LOW,9.6,VERY LOW,5.8,VERY LOW,3.2,VERY LOW,1.7,VERY LOW,0.8,VERY LOW,0.4,VERY LOW,0.2,VERY LOW,0.1,VERY LOW,0.0,VERY LOW,0.0,VERY LOW,0.0,VERY LOW,0.0,VERY LOW,0.0,VERY LOW,0.0,VERY LOW,0.0,VERY LOW,0.0,VERY LOW,0.0,VERY LOW,0.0,VERY LOW,0.0,VERY LOW,0.0,VERY LOW,0.0,VERY LOW,0.0,VERY LOW,0.0,VERY LOW,0.0,VERY LOW,0.0,VERY LOW,0.0,VERY LOW,LAR,home,2026_PRE_W1_LAR_KC,,LAR at KC
80,2026,PRE,1,Preseason Week 1,00-0026300,Josh Johnson,CIN,ACT,18,11.0,"https://static.www.nfl.com/image/upload/f_auto,q_auto/league/ibuhbuhomisj4t8vvhay",TEAM_BLEND,31.9,6.81,219.1,3,2025.0,124.0,124.0,124.0,124.0,,18.0,18.0,18.0,6.45,6.45,6.45,19.4,6.49,124.0,77.73673520286275,LIMITED_NFL_HISTORY,19.4,15.0,AUTO_PRESEASON_USAGE,veteran_backup,101.4,73.9,6.9,51.5,101.3,151.8,196.7,50.7,LEAN,45.4,COIN FLIP,40.1,COIN FLIP,34.9,LOW,30.1,LOW,25.7,LOW,21.5,VERY LOW,17.7,VERY LOW,14.5,VERY LOW,11.6,VERY LOW,9.2,VERY LOW,7.2,VERY LOW,5.5,VERY LOW,4.2,VERY LOW,3.1,VERY LOW,2.2,VERY LOW,1.6,VERY LOW,1.2,VERY LOW,0.8,VERY LOW,0.6,VERY LOW,0.4,VERY LOW,0.3,VERY LOW,0.2,VERY LOW,0.1,VERY LOW,0.1,VERY LOW,0.0,VERY LOW,0.0,VERY LOW,0.0,VERY LOW,0.0,VERY LOW,0.0,VERY LOW,0.0,VERY LOW,DET,home,2026_PRE_W1_DET_CIN,,DET at CIN
81,2026,PRE,1,Preseason Week 1,00-0028118,Tyrod Taylor,GB,ACT,15,6.0,"https://static.www.nfl.com/image/upload/f_auto,q_auto/league/nqpyumxuo0e9sitk0a0o",TEAM_BLEND,28.0,7.26,201.2,13,2025.0,154.6,164.1,169.7,154.6,59.5,26.0,24.1,26.0,5.89,6.52,5.89,25.7,6.22,143.7,78.82632350781726,NFL_HISTORY,25.7,15.0,AUTO_PRESEASON_USAGE,veteran_backup,100.9,59.0,25.0,61.2,100.9,140.4,176.4,50.6,LEAN,43.8,COIN FLIP,37.2,LOW,31.0,LOW,25.2,LOW,20.2,VERY LOW,15.8,VERY LOW,12.1,VERY LOW,9.0,VERY LOW,6.5,VERY LOW,4.6,VERY LOW,3.2,VERY LOW,2.2,VERY LOW,1.4,VERY LOW,0.9,VERY LOW,0.6,VERY LOW,0.4,VERY LOW,0.2,VERY LOW,0.1,VERY LOW,0.1,VERY LOW,0.0,VERY LOW,0.0,VERY LOW,0.0,VERY LOW,0.0,VERY LOW,0.0,VERY LOW,0.0,VERY LOW,0.0,VERY LOW,0.0,VERY LOW,0.0,VERY LOW,0.0,VERY LOW,0.0,VERY LOW,PIT,away,2026_PRE_W1_GB_PIT,,GB at PIT
82,2026,PRE,1,Preseason Week 1,00-0035993,Tyler Huntley,BAL,ACT,6,5.0,"https://static.www.nfl.com/image/upload/f_auto,q_auto/league/zqrzxwprqfsh4t4aa8lk",TEAM_BLEND,27.1,7.29,194.5,10,2025.0,130.6,140.1,140.1,106.5,165.8,21.6,22.8,16.8,6.07,6.16,6.21,21.6,6.27,133.9,65.37383502127553,NFL_HISTORY,21.6,15.0,AUTO_PRESEASON_USAGE,veteran_backup,100.0,55.5,29.0,62.6,99.9,137.8,171.3,50.0,COIN FLIP,43.0,COIN FLIP,36.1,LOW,29.7,LOW,23.7,VERY LOW,18.5,VERY LOW,14.2,VERY LOW,10.4,VERY LOW,7.5,VERY LOW,5.2,VERY LOW,3.6,VERY LOW,2.4,VERY LOW,1.5,VERY LOW,0.9,VERY LOW,0.6,VERY LOW,0.3,VERY LOW,0.2,VERY LOW,0.1,VERY LOW,0.1,VERY LOW,0.0,VERY LOW,0.0,VERY LOW,0.0,VERY LOW,0.0,VERY LOW,0.0,VERY LOW,0.0,VERY LOW,0.0,VERY LOW,0.0,VERY LOW,0.0,VERY LOW,0.0,VERY LOW,0.0,VERY LOW,0.0,VERY LOW,PHI,home,2026_PRE_W1_PHI_BAL,,PHI at BAL
83,2026,PRE,1,Preseason Week 1,00-0039918,Caleb Williams,CHI,ACT,2,18.0,"https://static.www.nfl.com/image/upload/f_auto,q_auto/league/h4qs11kutwiw7whekmyt",TEAM_BLEND,30.5,6.76,206.8,34,2025.0,244.0,230.6,235.0,231.9,208.3,34.4,34.5,33.4,7.12,6.71,7.01,33.9,6.94,232.6,50.86837693073554,NFL_HISTORY,33.9,11.0,AUTO_PRESEASON_USAGE,starter_like,99.8,31.4,59.7,78.8,99.9,121.1,140.1,49.9,COIN FLIP,37.3,LOW,26.1,LOW,16.8,VERY LOW,10.1,VERY LOW,5.6,VERY LOW,2.8,VERY LOW,1.3,VERY LOW,0.5,VERY LOW,0.2,VERY LOW,0.1,VERY LOW,0.0,VERY LOW,0.0,VERY LOW,0.0,VERY LOW,0.0,VERY LOW,0.0,VERY LOW,0.0,VERY LOW,0.0,VERY LOW,0.0,VERY LOW,0.0,VERY LOW,0.0,VERY LOW,0.0,VERY LOW,0.0,VERY LOW,0.0,VERY LOW,0.0,VERY LOW,0.0,VERY LOW,0.0,VERY LOW,0.0,VERY LOW,0.0,VERY LOW,0.0,VERY LOW,0.0,VERY LOW,CLE,home,2026_PRE_W1_CLE_CHI,,CLE at CHI
84,2026,PRE,1,Preseason Week 1,00-0033119,Jacoby Brissett,ARI,ACT,10,7.0,"https://static.www.nfl.com/image/upload/f_auto,q_auto/league/rdxowm5dvpbb8p3aazbc",TEAM_BLEND,31.5,6.83,215.0,20,2025.0,235.6,276.7,255.1,280.5,138.0,36.6,40.4,40.3,6.5,6.87,6.98,37.8,6.74,240.1,55.814564748011584,NFL_HISTORY,37.8,11.0,AUTO_PRESEASON_USAGE,starter_like,99.1,31.7,58.3,77.5,99.1,120.5,139.9,48.8,COIN FLIP,36.5,LOW,25.5,LOW,16.7,VERY LOW,9.9,VERY LOW,5.5,VERY LOW,2.8,VERY LOW,1.3,VERY LOW,0.5,VERY LOW,0.2,VERY LOW,0.1,VERY LOW,0.0,VERY LOW,0.0,VERY LOW,0.0,VERY LOW,0.0,VERY LOW,0.0,VERY LOW,0.0,VERY LOW,0.0,VERY LOW,0.0,VERY LOW,0.0,VERY LOW,0.0,VERY LOW,0.0,VERY LOW,0.0,VERY LOW,0.0,VERY LOW,0.0,VERY LOW,0.0,VERY LOW,0.0,VERY LOW,0.0,VERY LOW,0.0,VERY LOW,0.0,VERY LOW,0.0,VERY LOW,LV,away,2026_PRE_W1_ARI_LV,,ARI at LV
85,2026,PRE,1,Preseason Week 1,00-0038658,Adrian Martinez,SF,ACT,3,4.0,"https://static.www.nfl.com/image/upload/f_auto,q_auto/league/uxqlgiljk3wecurnynmg",TEAM_BLEND,30.4,7.1,217.1,0,,,,,,,,,,,,,30.4,7.1,217.1,72.31052430647836,TEAM_PRIOR_NO_NFL_HISTORY,30.4,11.0,AUTO_PRESEASON_USAGE,starter_like,99.0,48.7,36.4,65.9,99.1,131.7,161.3,49.3,COIN FLIP,41.2,COIN FLIP,33.4,LOW,26.1,LOW,20.0,VERY LOW,14.8,VERY LOW,10.5,VERY LOW,7.2,VERY LOW,4.8,VERY LOW,3.1,VERY LOW,2.0,VERY LOW,1.2,VERY LOW,0.7,VERY LOW,0.4,VERY LOW,0.2,VERY LOW,0.1,VERY LOW,0.1,VERY LOW,0.0,VERY LOW,0.0,VERY LOW,0.0,VERY LOW,0.0,VERY LOW,0.0,VERY LOW,0.0,VERY LOW,0.0,VERY LOW,0.0,VERY LOW,0.0,VERY LOW,0.0,VERY LOW,0.0,VERY LOW,0.0,VERY LOW,0.0,VERY LOW,0.0,VERY LOW,TEN,home,2026_PRE_W1_TEN_SF,,TEN at SF
86,2026,PRE,1,Preseason Week 1,00-0040589,Kurtis Rourke,SF,ACT,1,14.0,"https://static.www.nfl.com/image/upload/f_auto,q_auto/league/my8ws9pavzbxxfulajzd",TEAM_BLEND,30.4,7.1,217.1,0,,,,,,,,,,,,,30.4,7.1,217.1,72.31052430647836,TEAM_PRIOR_NO_NFL_HISTORY,30.4,11.0,AUTO_PRESEASON_USAGE,starter_like,99.0,48.7,36.5,66.1,98.9,131.6,161.0,49.1,COIN FLIP,41.1,COIN FLIP,33.2,LOW,26.1,LOW,19.8,VERY LOW,14.6,VERY LOW,10.3,VERY LOW,7.1,VERY LOW,4.6,VERY LOW,3.0,VERY LOW,1.8,VERY LOW,1.1,VERY LOW,0.6,VERY LOW,0.4,VERY LOW,0.2,VERY LOW,0.1,VERY LOW,0.0,VERY LOW,0.0,VERY LOW,0.0,VERY LOW,0.0,VERY LOW,0.0,VERY LOW,0.0,VERY LOW,0.0,VERY LOW,0.0,VERY LOW,0.0,VERY LOW,0.0,VERY LOW,0.0,VERY LOW,0.0,VERY LOW,0.0,VERY LOW,0.0,VERY LOW,0.0,VERY LOW,TEN,home,2026_PRE_W1_TEN_SF,,TEN at SF
87,2026,PRE,1,Preseason Week 1,00-0039107,Stetson Bennett,LAR,ACT,3,13.0,"https://static.www.nfl.com/image/upload/f_auto,q_auto/league/yfjtnuglgawtwebozxzq",TEAM_BLEND,30.9,7.06,220.0,0,,,,,,,,,,,,,30.9,7.06,220.0,73.7471664111962,TEAM_PRIOR_NO_NFL_HISTORY,30.9,11.0,AUTO_PRESEASON_USAGE,starter_like,99.0,49.3,35.6,65.6,98.8,132.0,161.9,49.1,COIN FLIP,41.0,COIN FLIP,33.4,LOW,26.4,LOW,20.2,VERY LOW,14.9,VERY LOW,10.7,VERY LOW,7.5,VERY LOW,5.0,VERY LOW,3.2,VERY LOW,2.0,VERY LOW,1.2,VERY LOW,0.7,VERY LOW,0.4,VERY LOW,0.2,VERY LOW,0.1,VERY LOW,0.1,VERY LOW,0.0,VERY LOW,0.0,VERY LOW,0.0,VERY LOW,0.0,VERY LOW,0.0,VERY LOW,0.0,VERY LOW,0.0,VERY LOW,0.0,VERY LOW,0.0,VERY LOW,0.0,VERY LOW,0.0,VERY LOW,0.0,VERY LOW,0.0,VERY LOW,0.0,VERY LOW,KC,away,2026_PRE_W1_LAR_KC,,LAR at KC
88,2026,PRE,1,Preseason Week 1,00-0026158,Joe Flacco,CIN,ACT,18,16.0,"https://static.www.nfl.com/image/upload/f_auto,q_auto/league/vbqptn8emdlbeaz1kvmx",TEAM_BLEND,31.9,6.81,219.1,22,2025.0,283.4,245.1,245.7,245.1,251.6,41.0,41.0,41.0,6.75,5.88,5.88,40.1,6.34,259.5,104.08212744389199,NFL_HISTORY,40.1,11.0,AUTO_PRESEASON_USAGE,starter_like,98.2,51.1,33.1,64.0,98.4,132.4,163.6,48.8,COIN FLIP,41.0,COIN FLIP,33.4,LOW,26.6,LOW,20.5,VERY LOW,15.5,VERY LOW,11.3,VERY LOW,7.9,VERY LOW,5.3,VERY LOW,3.6,VERY LOW,2.3,VERY LOW,1.4,VERY LOW,0.8,VERY LOW,0.5,VERY LOW,0.3,VERY LOW,0.1,VERY LOW,0.1,VERY LOW,0.0,VERY LOW,0.0,VERY LOW,0.0,VERY LOW,0.0,VERY LOW,0.0,VERY LOW,0.0,VERY LOW,0.0,VERY LOW,0.0,VERY LOW,0.0,VERY LOW,0.0,VERY LOW,0.0,VERY LOW,0.0,VERY LOW,0.0,VERY LOW,0.0,VERY LOW,DET,home,2026_PRE_W1_DET_CIN,,DET at CIN
89,2026,PRE,1,Preseason Week 1,00-0032950,Carson Wentz,MIN,ACT,10,11.0,"https://static.www.nfl.com/image/upload/f_auto,q_auto/league/ot6wu9gw3cgcdb2cx6is",TEAM_BLEND,28.9,6.87,199.7,7,2025.0,243.2,211.0,211.0,243.2,98.0,33.8,30.0,33.8,7.2,6.93,7.2,32.3,7.09,211.8,90.12834192976635,NFL_HISTORY,32.3,11.0,AUTO_PRESEASON_USAGE,starter_like,98.0,52.8,30.5,62.8,98.0,133.7,165.4,48.5,COIN FLIP,41.1,COIN FLIP,33.9,LOW,27.2,LOW,21.4,VERY LOW,16.3,VERY LOW,12.0,VERY LOW,8.6,VERY LOW,6.0,VERY LOW,4.1,VERY LOW,2.7,VERY LOW,1.7,VERY LOW,1.0,VERY LOW,0.6,VERY LOW,0.3,VERY LOW,0.2,VERY LOW,0.1,VERY LOW,0.0,VERY LOW,0.0,VERY LOW,0.0,VERY LOW,0.0,VERY LOW,0.0,VERY LOW,0.0,VERY LOW,0.0,VERY LOW,0.0,VERY LOW,0.0,VERY LOW,0.0,VERY LOW,0.0,VERY LOW,0.0,VERY LOW,0.0,VERY LOW,0.0,VERY LOW,NYG,away,2026_PRE_W1_MIN_NYG,,MIN at NYG
90,2026,PRE,1,Preseason Week 1,00-0038400,Tanner McKee,PHI,ACT,3,16.0,"https://static.www.nfl.com/image/upload/f_auto,q_auto/league/oveivzhzv13jrfvkp8zg",TEAM_BLEND,28.3,7.09,198.5,2,2025.0,255.0,255.0,255.0,241.0,269.0,40.5,40.5,40.0,6.29,6.29,6.03,39.2,6.33,254.3,19.79898987322333,LIMITED_NFL_HISTORY,39.2,11.0,AUTO_PRESEASON_USAGE,starter_like,97.3,25.0,65.1,80.3,97.3,114.2,129.3,45.8,COIN FLIP,30.7,LOW,18.2,VERY LOW,9.5,VERY LOW,4.4,VERY LOW,1.7,VERY LOW,0.6,VERY LOW,0.2,VERY LOW,0.0,VERY LOW,0.0,VERY LOW,0.0,VERY LOW,0.0,VERY LOW,0.0,VERY LOW,0.0,VERY LOW,0.0,VERY LOW,0.0,VERY LOW,0.0,VERY LOW,0.0,VERY LOW,0.0,VERY LOW,0.0,VERY LOW,0.0,VERY LOW,0.0,VERY LOW,0.0,VERY LOW,0.0,VERY LOW,0.0,VERY LOW,0.0,VERY LOW,0.0,VERY LOW,0.0,VERY LOW,0.0,VERY LOW,0.0,VERY LOW,0.0,VERY LOW,BAL,away,2026_PRE_W1_PHI_BAL,,PHI at BAL
91,2026,PRE,1,Preseason Week 1,00-0039732,Bo Nix,DEN,ACT,2,10.0,"https://static.www.nfl.com/image/upload/f_auto,q_auto/league/igirshmrr6lqtxcpxsea",TEAM_BLEND,31.1,6.78,210.9,34,2025.0,237.8,237.5,236.6,231.2,222.1,36.0,35.6,36.0,6.57,6.65,6.43,35.4,6.59,233.9,78.13607844907571,NFL_HISTORY,35.4,11.0,AUTO_PRESEASON_USAGE,starter_like,96.7,42.1,42.6,68.4,96.7,125.1,150.6,46.9,COIN FLIP,37.5,LOW,29.0,LOW,21.4,VERY LOW,15.2,VERY LOW,10.3,VERY LOW,6.6,VERY LOW,4.1,VERY LOW,2.4,VERY LOW,1.4,VERY LOW,0.7,VERY LOW,0.4,VERY LOW,0.2,VERY LOW,0.1,VERY LOW,0.0,VERY LOW,0.0,VERY LOW,0.0,VERY LOW,0.0,VERY LOW,0.0,VERY LOW,0.0,VERY LOW,0.0,VERY LOW,0.0,VERY LOW,0.0,VERY LOW,0.0,VERY LOW,0.0,VERY LOW,0.0,VERY LOW,0.0,VERY LOW,0.0,VERY LOW,0.0,VERY LOW,0.0,VERY LOW,0.0,VERY LOW,ATL,away,2026_PRE_W1_DEN_ATL,,DEN at ATL
92,2026,PRE,1,Preseason Week 1,00-0040415,Connor Bazelak,TB,ACT,1,16.0,"https://static.www.nfl.com/image/upload/f_auto,q_auto/league/bac9zwjhpy5rbcr6zrug",TEAM_BLEND,30.3,6.93,211.4,0,,,,,,,,,,,,,30.3,6.93,211.4,76.75703374112926,TEAM_PRIOR_NO_NFL_HISTORY,30.3,11.0,AUTO_PRESEASON_USAGE,starter_like,96.5,51.8,30.4,61.2,96.3,131.0,162.8,47.2,COIN FLIP,39.6,LOW,32.4,LOW,25.6,LOW,19.8,VERY LOW,14.9,VERY LOW,11.0,VERY LOW,7.9,VERY LOW,5.3,VERY LOW,3.5,VERY LOW,2.3,VERY LOW,1.4,VERY LOW,0.8,VERY LOW,0.5,VERY LOW,0.3,VERY LOW,0.2,VERY LOW,0.1,VERY LOW,0.0,VERY LOW,0.0,VERY LOW,0.0,VERY LOW,0.0,VERY LOW,0.0,VERY LOW,0.0,VERY LOW,0.0,VERY LOW,0.0,VERY LOW,0.0,VERY LOW,0.0,VERY LOW,0.0,VERY LOW,0.0,VERY LOW,0.0,VERY LOW,0.0,VERY LOW,NYJ,away,2026_PRE_W1_TB_NYJ,,TB at NYJ
93,2026,PRE,1,Preseason Week 1,00-0038391,Sean Clifford,CIN,ACT,3,4.0,"https://static.www.nfl.com/image/upload/f_auto,q_auto/league/aox0jnclewicjmdydbmq",TEAM_BLEND,31.9,6.81,219.1,0,,,,,,,,,,,,,31.9,6.81,219.1,77.8580738998541,TEAM_PRIOR_NO_NFL_HISTORY,31.9,11.0,AUTO_PRESEASON_USAGE,starter_like,96.5,51.2,31.0,61.8,96.4,131.0,161.7,47.2,COIN FLIP,39.6,LOW,32.4,LOW,25.7,LOW,19.7,VERY LOW,14.6,VERY LOW,10.6,VERY LOW,7.4,VERY LOW,5.0,VERY LOW,3.3,VERY LOW,2.1,VERY LOW,1.2,VERY LOW,0.8,VERY LOW,0.4,VERY LOW,0.2,VERY LOW,0.1,VERY LOW,0.1,VERY LOW,0.0,VERY LOW,0.0,VERY LOW,0.0,VERY LOW,0.0,VERY LOW,0.0,VERY LOW,0.0,VERY LOW,0.0,VERY LOW,0.0,VERY LOW,0.0,VERY LOW,0.0,VERY LOW,0.0,VERY LOW,0.0,VERY LOW,0.0,VERY LOW,0.0,VERY LOW,DET,home,2026_PRE_W1_DET_CIN,,DET at CIN
94,2026,PRE,1,Preseason Week 1,00-0035282,Easton Stick,IND,ACT,7,4.0,"https://static.www.nfl.com/image/upload/f_auto,q_auto/league/xnf9udjxld0xenf4zagy",TEAM_BLEND,29.9,6.94,207.5,5,2023.0,225.8,225.8,225.8,225.8,,34.8,34.8,34.8,6.66,6.66,6.66,34.3,6.69,225.8,32.980297148449104,NFL_HISTORY,34.3,11.0,AUTO_PRESEASON_USAGE,starter_like,96.4,25.0,64.4,79.8,96.4,113.3,128.5,44.3,COIN FLIP,29.5,LOW,17.4,VERY LOW,9.0,VERY LOW,4.1,VERY LOW,1.6,VERY LOW,0.5,VERY LOW,0.1,VERY LOW,0.0,VERY LOW,0.0,VERY LOW,0.0,VERY LOW,0.0,VERY LOW,0.0,VERY LOW,0.0,VERY LOW,0.0,VERY LOW,0.0,VERY LOW,0.0,VERY LOW,0.0,VERY LOW,0.0,VERY LOW,0.0,VERY LOW,0.0,VERY LOW,0.0,VERY LOW,0.0,VERY LOW,0.0,VERY LOW,0.0,VERY LOW,0.0,VERY LOW,0.0,VERY LOW,0.0,VERY LOW,0.0,VERY LOW,0.0,VERY LOW,0.0,VERY LOW,NE,away,2026_PRE_W1_IND_NE,,IND at NE
95,2026,PRE,1,Preseason Week 1,00-0034855,Baker Mayfield,TB,ACT,8,6.0,"https://static.www.nfl.com/image/upload/f_auto,q_auto/league/i2uufyghiphx4oihgucm",TEAM_BLEND,30.3,6.93,211.4,51,2025.0,218.6,192.6,220.7,217.2,264.7,31.2,29.8,31.9,6.98,6.28,6.83,30.9,6.76,220.3,88.81745737748746,NFL_HISTORY,30.9,11.0,AUTO_PRESEASON_USAGE,starter_like,96.2,51.2,30.7,61.8,96.2,130.6,161.9,47.1,COIN FLIP,39.3,LOW,32.1,LOW,25.3,LOW,19.6,VERY LOW,14.7,VERY LOW,10.7,VERY LOW,7.5,VERY LOW,5.1,VERY LOW,3.3,VERY LOW,2.1,VERY LOW,1.3,VERY LOW,0.7,VERY LOW,0.4,VERY LOW,0.2,VERY LOW,0.1,VERY LOW,0.1,VERY LOW,0.0,VERY LOW,0.0,VERY LOW,0.0,VERY LOW,0.0,VERY LOW,0.0,VERY LOW,0.0,VERY LOW,0.0,VERY LOW,0.0,VERY LOW,0.0,VERY LOW,0.0,VERY LOW,0.0,VERY LOW,0.0,VERY LOW,0.0,VERY LOW,0.0,VERY LOW,NYJ,away,2026_PRE_W1_TB_NYJ,,TB at NYJ
96,2026,PRE,1,Preseason Week 1,00-0039577,Kedon Slovis,ARI,ACT,2,12.0,"https://static.www.nfl.com/image/upload/f_auto,q_auto/league/nyfoex8q88tq9fatpleo",TEAM_BLEND,31.5,6.83,215.0,0,,,,,,,,,,,,,31.5,6.83,215.0,67.84229878654799,TEAM_PRIOR_NO_NFL_HISTORY,31.5,11.0,AUTO_PRESEASON_USAGE,starter_like,96.1,44.9,39.1,66.0,96.5,126.5,153.3,46.9,COIN FLIP,38.1,LOW,29.9,LOW,22.6,VERY LOW,16.4,VERY LOW,11.3,VERY LOW,7.6,VERY LOW,4.9,VERY LOW,3.0,VERY LOW,1.8,VERY LOW,1.0,VERY LOW,0.5,VERY LOW,0.3,VERY LOW,0.1,VERY LOW,0.1,VERY LOW,0.0,VERY LOW,0.0,VERY LOW,0.0,VERY LOW,0.0,VERY LOW,0.0,VERY LOW,0.0,VERY LOW,0.0,VERY LOW,0.0,VERY LOW,0.0,VERY LOW,0.0,VERY LOW,0.0,VERY LOW,0.0,VERY LOW,0.0,VERY LOW,0.0,VERY LOW,0.0,VERY LOW,0.0,VERY LOW,LV,away,2026_PRE_W1_ARI_LV,,ARI at LV
97,2026,PRE,1,Preseason Week 1,00-0023459,Aaron Rodgers,PIT,ACT,21,8.0,"https://static.www.nfl.com/image/upload/f_auto,q_auto/league/dypvakakxhccxs67tb0y",TEAM_BLEND,29.5,6.83,201.6,33,2025.0,247.2,205.2,205.2,207.6,229.2,37.6,32.6,31.1,6.74,6.41,6.79,34.3,6.67,224.0,57.002767585606556,NFL_HISTORY,34.3,11.0,AUTO_PRESEASON_USAGE,starter_like,96.0,34.0,52.6,73.0,95.8,118.8,139.4,45.1,COIN FLIP,33.7,LOW,23.8,VERY LOW,15.7,VERY LOW,9.7,VERY LOW,5.7,VERY LOW,3.0,VERY LOW,1.4,VERY LOW,0.7,VERY LOW,0.3,VERY LOW,0.1,VERY LOW,0.0,VERY LOW,0.0,VERY LOW,0.0,VERY LOW,0.0,VERY LOW,0.0,VERY LOW,0.0,VERY LOW,0.0,VERY LOW,0.0,VERY LOW,0.0,VERY LOW,0.0,VERY LOW,0.0,VERY LOW,0.0,VERY LOW,0.0,VERY LOW,0.0,VERY LOW,0.0,VERY LOW,0.0,VERY LOW,0.0,VERY LOW,0.0,VERY LOW,0.0,VERY LOW,0.0,VERY LOW,GB,home,2026_PRE_W1_GB_PIT,,GB at PIT
98,2026,PRE,1,Preseason Week 1,00-0036898,Davis Mills,HOU,ACT,5,10.0,"https://static.www.nfl.com/image/upload/f_auto,q_auto/league/v3bofeusytvkogvqichy",TEAM_BLEND,29.7,6.74,200.6,8,2025.0,178.4,156.0,156.0,178.4,103.5,31.0,27.6,31.0,5.37,5.49,5.37,30.0,5.56,160.4,97.63568483910285,NFL_HISTORY,30.0,15.0,AUTO_PRESEASON_USAGE,veteran_backup,95.0,64.1,12.9,51.7,94.7,138.0,177.1,46.8,COIN FLIP,40.5,COIN FLIP,34.5,LOW,29.1,LOW,24.0,VERY LOW,19.4,VERY LOW,15.3,VERY LOW,12.0,VERY LOW,9.3,VERY LOW,6.9,VERY LOW,5.1,VERY LOW,3.6,VERY LOW,2.6,VERY LOW,1.8,VERY LOW,1.2,VERY LOW,0.8,VERY LOW,0.5,VERY LOW,0.3,VERY LOW,0.2,VERY LOW,0.1,VERY LOW,0.1,VERY LOW,0.0,VERY LOW,0.0,VERY LOW,0.0,VERY LOW,0.0,VERY LOW,0.0,VERY LOW,0.0,VERY LOW,0.0,VERY LOW,0.0,VERY LOW,0.0,VERY LOW,0.0,VERY LOW,LAC,home,2026_PRE_W1_LAC_HOU,,LAC at HOU
99,2026,PRE,1,Preseason Week 1,00-0036879,Sam Ehlinger,DEN,ACT,5,4.0,"https://static.www.nfl.com/image/upload/f_auto,q_auto/league/ntaqj7ts4bvck59gqecf",TEAM_BLEND,31.1,6.78,210.9,0,,,,,,,,,,,,,31.1,6.78,210.9,67.93773543174798,TEAM_PRIOR_NO_NFL_HISTORY,31.1,11.0,AUTO_PRESEASON_USAGE,starter_like,95.0,45.3,37.3,64.9,95.1,125.8,153.2,45.7,COIN FLIP,37.2,LOW,29.2,LOW,22.2,VERY LOW,16.2,VERY LOW,11.3,VERY LOW,7.6,VERY LOW,4.9,VERY LOW,3.0,VERY LOW,1.8,VERY LOW,1.0,VERY LOW,0.5,VERY LOW,0.3,VERY LOW,0.1,VERY LOW,0.1,VERY LOW,0.0,VERY LOW,0.0,VERY LOW,0.0,VERY LOW,0.0,VERY LOW,0.0,VERY LOW,0.0,VERY LOW,0.0,VERY LOW,0.0,VERY LOW,0.0,VERY LOW,0.0,VERY LOW,0.0,VERY LOW,0.0,VERY LOW,0.0,VERY LOW,0.0,VERY LOW,0.0,VERY LOW,0.0,VERY LOW,ATL,away,2026_PRE_W1_DEN_ATL,,DEN at ATL
100,2026,PRE,1,Preseason Week 1,00-0036679,Shane Buechele,BUF,ACT,5,6.0,"https://static.www.nfl.com/image/upload/f_auto,q_auto/league/f8debemuxxzrosthavuu",TEAM_BLEND,29.1,7.09,208.5,1,2025.0,88.0,88.0,88.0,88.0,,14.0,14.0,14.0,6.29,6.29,6.29,15.5,6.38,88.0,74.83796907649861,LIMITED_NFL_HISTORY,15.5,15.0,AUTO_PRESEASON_USAGE,veteran_backup,94.6,79.5,0.0,41.3,94.7,148.0,196.8,47.3,COIN FLIP,42.4,COIN FLIP,37.5,LOW,32.8,LOW,28.3,LOW,24.2,VERY LOW,20.5,VERY LOW,17.2,VERY LOW,14.2,VERY LOW,11.6,VERY LOW,9.3,VERY LOW,7.3,VERY LOW,5.7,VERY LOW,4.5,VERY LOW,3.4,VERY LOW,2.5,VERY LOW,1.9,VERY LOW,1.4,VERY LOW,1.0,VERY LOW,0.7,VERY LOW,0.5,VERY LOW,0.3,VERY LOW,0.2,VERY LOW,0.2,VERY LOW,0.1,VERY LOW,0.1,VERY LOW,0.0,VERY LOW,0.0,VERY LOW,0.0,VERY LOW,0.0,VERY LOW,0.0,VERY LOW,CAR,home,2026_PRE_W1_CAR_BUF,,CAR at BUF
101,2026,PRE,1,Preseason Week 1,00-0040206,Riley Leonard,IND,ACT,1,15.0,"https://static.www.nfl.com/image/upload/f_auto,q_auto/league/vzdcrhp4p5kjmuhn7yay",TEAM_BLEND,29.9,6.94,207.5,2,2025.0,207.5,207.5,207.5,207.5,,31.5,31.5,31.5,6.47,6.47,6.47,31.3,6.53,207.5,88.38834764831844,LIMITED_NFL_HISTORY,31.3,11.0,AUTO_PRESEASON_USAGE,starter_like,92.1,53.6,24.1,56.2,92.0,128.2,160.9,44.0,COIN FLIP,36.9,LOW,30.1,LOW,24.0,VERY LOW,18.6,VERY LOW,14.0,VERY LOW,10.3,VERY LOW,7.4,VERY LOW,5.1,VERY LOW,3.4,VERY LOW,2.3,VERY LOW,1.4,VERY LOW,0.9,VERY LOW,0.5,VERY LOW,0.3,VERY LOW,0.2,VERY LOW,0.1,VERY LOW,0.0,VERY LOW,0.0,VERY LOW,0.0,VERY LOW,0.0,VERY LOW,0.0,VERY LOW,0.0,VERY LOW,0.0,VERY LOW,0.0,VERY LOW,0.0,VERY LOW,0.0,VERY LOW,0.0,VERY LOW,0.0,VERY LOW,0.0,VERY LOW,0.0,VERY LOW,NE,away,2026_PRE_W1_IND_NE,,IND at NE
102,2026,PRE,1,Preseason Week 1,00-0040494,Max Brosmer,MIN,ACT,1,12.0,"https://static.www.nfl.com/image/upload/f_auto,q_auto/league/sp7hya1uwgvty3grdnjq",TEAM_BLEND,28.9,6.87,199.7,4,2025.0,71.5,71.5,71.5,71.5,,15.8,15.8,15.8,5.07,5.07,5.07,17.1,5.29,71.5,36.42801120017397,NFL_HISTORY,17.1,18.0,AUTO_PRESEASON_USAGE,young_backup,91.6,48.5,29.5,59.1,91.8,124.1,153.4,43.2,COIN FLIP,35.2,LOW,27.9,LOW,21.2,VERY LOW,15.7,VERY LOW,11.3,VERY LOW,7.8,VERY LOW,5.2,VERY LOW,3.3,VERY LOW,2.1,VERY LOW,1.2,VERY LOW,0.7,VERY LOW,0.4,VERY LOW,0.2,VERY LOW,0.1,VERY LOW,0.1,VERY LOW,0.0,VERY LOW,0.0,VERY LOW,0.0,VERY LOW,0.0,VERY LOW,0.0,VERY LOW,0.0,VERY LOW,0.0,VERY LOW,0.0,VERY LOW,0.0,VERY LOW,0.0,VERY LOW,0.0,VERY LOW,0.0,VERY LOW,0.0,VERY LOW,0.0,VERY LOW,0.0,VERY LOW,NYG,away,2026_PRE_W1_MIN_NYG,,MIN at NYG
103,2026,PRE,1,Preseason Week 1,00-0035100,Jake Browning,TB,ACT,7,5.0,"https://static.www.nfl.com/image/upload/f_auto,q_auto/league/kzyh6yum2w3c6xrkndla",TEAM_BLEND,30.3,6.93,211.4,12,2025.0,182.6,239.8,224.4,189.2,,29.6,32.6,31.0,6.1,7.32,6.0,30.7,6.5,202.5,72.37499807160103,NFL_HISTORY,30.7,11.0,AUTO_PRESEASON_USAGE,starter_like,91.1,44.0,35.0,61.6,91.1,120.8,147.8,42.1,COIN FLIP,33.4,LOW,25.5,LOW,19.0,VERY LOW,13.5,VERY LOW,9.2,VERY LOW,5.9,VERY LOW,3.7,VERY LOW,2.2,VERY LOW,1.3,VERY LOW,0.7,VERY LOW,0.4,VERY LOW,0.2,VERY LOW,0.1,VERY LOW,0.0,VERY LOW,0.0,VERY LOW,0.0,VERY LOW,0.0,VERY LOW,0.0,VERY LOW,0.0,VERY LOW,0.0,VERY LOW,0.0,VERY LOW,0.0,VERY LOW,0.0,VERY LOW,0.0,VERY LOW,0.0,VERY LOW,0.0,VERY LOW,0.0,VERY LOW,0.0,VERY LOW,0.0,VERY LOW,0.0,VERY LOW,NYJ,away,2026_PRE_W1_TB_NYJ,,TB at NYJ
104,2026,PRE,1,Preseason Week 1,00-0035704,Drew Lock,SEA,ACT,7,2.0,"https://static.www.nfl.com/image/upload/f_auto,q_auto/league/e0xz0hu8s0lpbwlr0bzj",TEAM_BLEND,29.1,7.24,209.5,8,2024.0,212.4,193.1,193.1,178.0,238.5,34.4,30.5,30.0,6.75,6.19,5.75,32.0,6.44,203.7,84.02786820020978,NFL_HISTORY,32.0,11.0,AUTO_PRESEASON_USAGE,starter_like,90.8,47.4,30.2,58.8,91.0,122.8,151.7,42.4,COIN FLIP,34.4,LOW,27.0,LOW,20.5,VERY LOW,15.0,VERY LOW,10.7,VERY LOW,7.2,VERY LOW,4.8,VERY LOW,3.0,VERY LOW,1.8,VERY LOW,1.0,VERY LOW,0.6,VERY LOW,0.3,VERY LOW,0.2,VERY LOW,0.1,VERY LOW,0.1,VERY LOW,0.0,VERY LOW,0.0,VERY LOW,0.0,VERY LOW,0.0,VERY LOW,0.0,VERY LOW,0.0,VERY LOW,0.0,VERY LOW,0.0,VERY LOW,0.0,VERY LOW,0.0,VERY LOW,0.0,VERY LOW,0.0,VERY LOW,0.0,VERY LOW,0.0,VERY LOW,0.0,VERY LOW,DAL,home,2026_PRE_W1_DAL_SEA,,DAL at SEA
105,2026,PRE,1,Preseason Week 1,00-0039376,Spencer Rattler,NO,ACT,2,2.0,"https://static.www.nfl.com/image/upload/f_auto,q_auto/league/uridusydmg6brwrmpmq6",TEAM_BLEND,29.6,6.82,201.0,15,2025.0,189.4,204.4,193.5,198.2,188.1,27.4,33.4,32.0,6.88,6.25,6.34,30.1,6.59,194.4,45.48824801715299,NFL_HISTORY,30.1,11.0,AUTO_PRESEASON_USAGE,starter_like,90.8,30.9,51.0,70.0,90.8,111.9,130.5,38.5,LOW,26.9,LOW,17.3,VERY LOW,10.3,VERY LOW,5.5,VERY LOW,2.8,VERY LOW,1.2,VERY LOW,0.5,VERY LOW,0.2,VERY LOW,0.0,VERY LOW,0.0,VERY LOW,0.0,VERY LOW,0.0,VERY LOW,0.0,VERY LOW,0.0,VERY LOW,0.0,VERY LOW,0.0,VERY LOW,0.0,VERY LOW,0.0,VERY LOW,0.0,VERY LOW,0.0,VERY LOW,0.0,VERY LOW,0.0,VERY LOW,0.0,VERY LOW,0.0,VERY LOW,0.0,VERY LOW,0.0,VERY LOW,0.0,VERY LOW,0.0,VERY LOW,0.0,VERY LOW,0.0,VERY LOW,JAX,home,2026_PRE_W1_JAX_NO,,JAX at NO
106,2026,PRE,1,Preseason Week 1,00-0035228,Kyler Murray,MIN,ACT,7,1.0,"https://static.www.nfl.com/image/upload/f_auto,q_auto/league/flezsremqighwuiyu77f",TEAM_BLEND,28.9,6.87,199.7,30,2025.0,192.4,221.0,232.1,192.4,226.5,32.2,34.4,32.2,6.19,6.51,6.19,32.5,6.36,207.2,38.290570835239706,NFL_HISTORY,32.5,11.0,AUTO_PRESEASON_USAGE,starter_like,90.5,28.0,54.9,71.7,90.6,109.4,126.4,36.7,LOW,24.3,VERY LOW,14.6,VERY LOW,8.0,VERY LOW,3.9,VERY LOW,1.7,VERY LOW,0.7,VERY LOW,0.2,VERY LOW,0.1,VERY LOW,0.0,VERY LOW,0.0,VERY LOW,0.0,VERY LOW,0.0,VERY LOW,0.0,VERY LOW,0.0,VERY LOW,0.0,VERY LOW,0.0,VERY LOW,0.0,VERY LOW,0.0,VERY LOW,0.0,VERY LOW,0.0,VERY LOW,0.0,VERY LOW,0.0,VERY LOW,0.0,VERY LOW,0.0,VERY LOW,0.0,VERY LOW,0.0,VERY LOW,0.0,VERY LOW,0.0,VERY LOW,0.0,VERY LOW,0.0,VERY LOW,NYG,away,2026_PRE_W1_MIN_NYG,,MIN at NYG
107,2026,PRE,1,Preseason Week 1,00-0029604,Kirk Cousins,LV,ACT,14,8.0,"https://static.www.nfl.com/image/upload/f_auto,q_auto/league/hmdqr7gju0dciapvdjcv",TEAM_BLEND,28.9,6.65,193.2,31,2025.0,207.6,180.4,206.3,188.0,250.6,32.2,27.9,29.1,6.29,6.28,6.24,30.2,6.32,204.6,89.79142068762833,NFL_HISTORY,30.2,11.0,AUTO_PRESEASON_USAGE,starter_like,89.8,52.1,22.7,54.4,89.5,124.8,156.5,42.0,COIN FLIP,34.6,LOW,27.9,LOW,21.9,VERY LOW,16.7,VERY LOW,12.4,VERY LOW,8.9,VERY LOW,6.2,VERY LOW,4.2,VERY LOW,2.8,VERY LOW,1.7,VERY LOW,1.1,VERY LOW,0.6,VERY LOW,0.3,VERY LOW,0.2,VERY LOW,0.1,VERY LOW,0.1,VERY LOW,0.0,VERY LOW,0.0,VERY LOW,0.0,VERY LOW,0.0,VERY LOW,0.0,VERY LOW,0.0,VERY LOW,0.0,VERY LOW,0.0,VERY LOW,0.0,VERY LOW,0.0,VERY LOW,0.0,VERY LOW,0.0,VERY LOW,0.0,VERY LOW,0.0,VERY LOW,ARI,home,2026_PRE_W1_ARI_LV,,ARI at LV
108,2026,PRE,1,Preseason Week 1,00-0037077,Sam Howell,DAL,ACT,4,16.0,"https://static.www.nfl.com/image/upload/f_auto,q_auto/league/umfyh2tmtggjep6nt44c",TEAM_BLEND,30.7,6.8,210.8,18,2024.0,100.8,182.4,219.9,24.0,232.1,23.4,31.8,14.0,3.98,5.22,1.71,24.7,4.5,133.4,90.09615748806861,NFL_HISTORY,24.7,18.0,AUTO_PRESEASON_USAGE,young_backup,88.9,74.0,0.0,38.3,88.5,138.7,184.0,43.7,COIN FLIP,38.7,LOW,33.5,LOW,28.7,LOW,24.4,VERY LOW,20.4,VERY LOW,16.8,VERY LOW,13.8,VERY LOW,11.0,VERY LOW,8.6,VERY LOW,6.6,VERY LOW,5.0,VERY LOW,3.8,VERY LOW,2.8,VERY LOW,2.0,VERY LOW,1.5,VERY LOW,1.0,VERY LOW,0.7,VERY LOW,0.5,VERY LOW,0.3,VERY LOW,0.2,VERY LOW,0.2,VERY LOW,0.1,VERY LOW,0.1,VERY LOW,0.0,VERY LOW,0.0,VERY LOW,0.0,VERY LOW,0.0,VERY LOW,0.0,VERY LOW,0.0,VERY LOW,0.0,VERY LOW,SEA,away,2026_PRE_W1_DAL_SEA,,DAL at SEA
109,2026,PRE,1,Preseason Week 1,00-0036945,Justin Fields,KC,ACT,5,7.0,"https://static.www.nfl.com/image/upload/f_auto,q_auto/league/fbteankooq2c33yquq2j",TEAM_BLEND,30.5,6.63,205.2,28,2025.0,101.0,140.4,157.7,139.9,184.3,19.6,22.8,22.7,4.7,5.64,5.6,22.1,5.38,134.8,93.00889810731441,NFL_HISTORY,22.1,15.0,AUTO_PRESEASON_USAGE,veteran_backup,88.8,73.2,0.0,39.3,88.5,138.0,182.4,43.7,COIN FLIP,38.3,LOW,33.3,LOW,28.5,LOW,24.1,VERY LOW,20.0,VERY LOW,16.4,VERY LOW,13.3,VERY LOW,10.6,VERY LOW,8.4,VERY LOW,6.5,VERY LOW,4.9,VERY LOW,3.6,VERY LOW,2.7,VERY LOW,1.9,VERY LOW,1.4,VERY LOW,1.0,VERY LOW,0.7,VERY LOW,0.5,VERY LOW,0.3,VERY LOW,0.2,VERY LOW,0.1,VERY LOW,0.1,VERY LOW,0.1,VERY LOW,0.0,VERY LOW,0.0,VERY LOW,0.0,VERY LOW,0.0,VERY LOW,0.0,VERY LOW,0.0,VERY LOW,0.0,VERY LOW,LAR,home,2026_PRE_W1_LAR_KC,,LAR at KC
110,2026,PRE,1,Preseason Week 1,00-0028986,Case Keenum,CHI,ACT,14,11.0,"https://static.www.nfl.com/image/upload/f_auto,q_auto/league/weixhyzal4ntsyszyepu",TEAM_BLEND,30.5,6.76,206.8,2,2023.0,145.5,145.5,145.5,145.5,,26.5,26.5,26.5,5.0,5.0,5.0,26.9,5.22,145.5,118.08683245815342,LIMITED_NFL_HISTORY,26.9,15.0,AUTO_PRESEASON_USAGE,veteran_backup,88.3,85.1,0.0,31.5,88.5,145.7,197.6,44.6,COIN FLIP,40.0,LOW,35.5,LOW,31.2,LOW,27.2,LOW,23.4,VERY LOW,19.9,VERY LOW,16.8,VERY LOW,14.0,VERY LOW,11.6,VERY LOW,9.5,VERY LOW,7.7,VERY LOW,6.2,VERY LOW,4.8,VERY LOW,3.7,VERY LOW,2.9,VERY LOW,2.2,VERY LOW,1.6,VERY LOW,1.2,VERY LOW,0.9,VERY LOW,0.6,VERY LOW,0.4,VERY LOW,0.3,VERY LOW,0.2,VERY LOW,0.1,VERY LOW,0.1,VERY LOW,0.1,VERY LOW,0.0,VERY LOW,0.0,VERY LOW,0.0,VERY LOW,0.0,VERY LOW,CLE,home,2026_PRE_W1_CLE_CHI,,CLE at CHI
111,2026,PRE,1,Preseason Week 1,00-0037013,Zach Wilson,NO,ACT,5,4.0,"https://static.www.nfl.com/image/upload/f_auto,q_auto/league/i17xpbsar7evcypbhtel",TEAM_BLEND,29.6,6.82,201.0,13,2025.0,140.6,183.6,177.2,32.0,,21.8,29.2,8.0,5.37,5.85,4.0,22.1,5.37,129.5,112.05137596825276,NFL_HISTORY,22.1,15.0,AUTO_PRESEASON_USAGE,veteran_backup,87.9,83.2,0.0,31.3,87.4,143.6,195.2,43.8,COIN FLIP,39.1,LOW,34.5,LOW,30.3,LOW,26.3,LOW,22.7,VERY LOW,19.2,VERY LOW,16.2,VERY LOW,13.5,VERY LOW,11.0,VERY LOW,9.0,VERY LOW,7.3,VERY LOW,5.8,VERY LOW,4.5,VERY LOW,3.5,VERY LOW,2.7,VERY LOW,2.0,VERY LOW,1.5,VERY LOW,1.2,VERY LOW,0.8,VERY LOW,0.6,VERY LOW,0.4,VERY LOW,0.3,VERY LOW,0.2,VERY LOW,0.1,VERY LOW,0.1,VERY LOW,0.0,VERY LOW,0.0,VERY LOW,0.0,VERY LOW,0.0,VERY LOW,0.0,VERY LOW,JAX,home,2026_PRE_W1_JAX_NO,,JAX at NO
112,2026,PRE,1,Preseason Week 1,00-0035289,Gardner Minshew,ARI,ACT,7,15.0,"https://static.www.nfl.com/image/upload/f_auto,q_auto/league/lggwtoj1m0jxxiawtzpw",TEAM_BLEND,31.5,6.83,215.0,26,2025.0,172.0,177.1,187.3,15.0,201.3,28.0,28.1,8.0,5.63,6.11,1.88,24.8,5.08,147.5,89.47943900658017,NFL_HISTORY,24.8,15.0,AUTO_PRESEASON_USAGE,veteran_backup,86.8,65.4,2.8,42.5,86.7,131.0,170.3,42.0,COIN FLIP,36.1,LOW,30.5,LOW,25.5,LOW,20.7,VERY LOW,16.7,VERY LOW,13.1,VERY LOW,10.1,VERY LOW,7.6,VERY LOW,5.7,VERY LOW,4.1,VERY LOW,2.9,VERY LOW,2.1,VERY LOW,1.4,VERY LOW,1.0,VERY LOW,0.6,VERY LOW,0.4,VERY LOW,0.2,VERY LOW,0.2,VERY LOW,0.1,VERY LOW,0.1,VERY LOW,0.0,VERY LOW,0.0,VERY LOW,0.0,VERY LOW,0.0,VERY LOW,0.0,VERY LOW,0.0,VERY LOW,0.0,VERY LOW,0.0,VERY LOW,0.0,VERY LOW,0.0,VERY LOW,LV,away,2026_PRE_W1_ARI_LV,,ARI at LV
113,2026,PRE,1,Preseason Week 1,00-0037012,Trey Lance,LAC,ACT,5,5.0,"https://static.www.nfl.com/image/upload/f_auto,q_auto/league/gu6ewpdscaswlet6pbq0",TEAM_BLEND,30.0,6.98,209.8,3,2025.0,139.0,139.0,139.0,86.5,244.0,28.7,28.7,26.0,4.96,4.96,3.86,28.3,4.96,144.2,96.82679711583316,LIMITED_NFL_HISTORY,28.3,15.0,AUTO_PRESEASON_USAGE,veteran_backup,84.9,71.8,0.0,36.1,84.4,133.0,176.8,41.4,COIN FLIP,36.1,LOW,30.9,LOW,26.3,LOW,22.1,VERY LOW,18.2,VERY LOW,14.7,VERY LOW,11.8,VERY LOW,9.2,VERY LOW,7.1,VERY LOW,5.4,VERY LOW,4.0,VERY LOW,3.0,VERY LOW,2.1,VERY LOW,1.5,VERY LOW,1.0,VERY LOW,0.7,VERY LOW,0.5,VERY LOW,0.3,VERY LOW,0.2,VERY LOW,0.1,VERY LOW,0.1,VERY LOW,0.0,VERY LOW,0.0,VERY LOW,0.0,VERY LOW,0.0,VERY LOW,0.0,VERY LOW,0.0,VERY LOW,0.0,VERY LOW,0.0,VERY LOW,0.0,VERY LOW,HOU,away,2026_PRE_W1_LAC_HOU,,LAC at HOU
114,2026,PRE,1,Preseason Week 1,00-0040676,Cam Ward,TEN,ACT,1,1.0,"https://static.www.nfl.com/image/upload/f_auto,q_auto/league/viadutkbvligsopnd2qn",TEAM_BLEND,29.6,6.68,196.5,16,2025.0,181.4,201.6,200.3,194.8,,32.6,33.5,33.6,5.63,6.07,5.79,32.7,5.91,191.5,56.007550650128955,NFL_HISTORY,32.7,11.0,AUTO_PRESEASON_USAGE,starter_like,84.0,34.3,39.9,60.8,84.0,107.2,127.8,32.1,LOW,22.4,VERY LOW,14.7,VERY LOW,8.9,VERY LOW,5.1,VERY LOW,2.7,VERY LOW,1.4,VERY LOW,0.6,VERY LOW,0.3,VERY LOW,0.1,VERY LOW,0.0,VERY LOW,0.0,VERY LOW,0.0,VERY LOW,0.0,VERY LOW,0.0,VERY LOW,0.0,VERY LOW,0.0,VERY LOW,0.0,VERY LOW,0.0,VERY LOW,0.0,VERY LOW,0.0,VERY LOW,0.0,VERY LOW,0.0,VERY LOW,0.0,VERY LOW,0.0,VERY LOW,0.0,VERY LOW,0.0,VERY LOW,0.0,VERY LOW,0.0,VERY LOW,0.0,VERY LOW,0.0,VERY LOW,SF,away,2026_PRE_W1_TEN_SF,,TEN at SF
115,2026,PRE,1,Preseason Week 1,00-0037324,Chris Oladokun,KC,ACT,4,19.0,"https://static.www.nfl.com/image/upload/f_auto,q_auto/league/qnyw1gqkqfll2lxppzlv",TEAM_BLEND,30.5,6.63,205.2,3,2025.0,78.3,78.3,78.3,78.3,,18.3,18.3,18.3,4.45,4.45,4.45,19.6,4.71,78.3,28.571547618799606,LIMITED_NFL_HISTORY,19.6,18.0,AUTO_PRESEASON_USAGE,young_backup,83.8,42.1,30.3,55.6,83.9,112.3,137.6,35.0,LOW,26.7,LOW,19.5,VERY LOW,13.6,VERY LOW,9.0,VERY LOW,5.8,VERY LOW,3.5,VERY LOW,2.0,VERY LOW,1.2,VERY LOW,0.6,VERY LOW,0.3,VERY LOW,0.1,VERY LOW,0.1,VERY LOW,0.0,VERY LOW,0.0,VERY LOW,0.0,VERY LOW,0.0,VERY LOW,0.0,VERY LOW,0.0,VERY LOW,0.0,VERY LOW,0.0,VERY LOW,0.0,VERY LOW,0.0,VERY LOW,0.0,VERY LOW,0.0,VERY LOW,0.0,VERY LOW,0.0,VERY LOW,0.0,VERY LOW,0.0,VERY LOW,0.0,VERY LOW,0.0,VERY LOW,LAR,home,2026_PRE_W1_LAR_KC,,LAR at KC
116,2026,PRE,1,Preseason Week 1,00-0032434,Brandon Allen,NYG,ACT,10,12.0,"https://static.www.nfl.com/image/upload/f_auto,q_auto/league/cz7oluypd7ahkdrr8net",TEAM_BLEND,29.3,6.62,196.3,2,2025.0,135.5,135.5,135.5,72.0,199.0,29.5,29.5,30.0,4.63,4.63,2.4,29.6,4.5,132.3,89.80256121069155,LIMITED_NFL_HISTORY,29.6,15.0,AUTO_PRESEASON_USAGE,veteran_backup,77.2,66.7,0.0,32.4,77.2,121.9,162.7,36.7,LOW,31.1,LOW,25.9,LOW,21.3,VERY LOW,17.3,VERY LOW,13.8,VERY LOW,10.7,VERY LOW,8.2,VERY LOW,6.1,VERY LOW,4.4,VERY LOW,3.2,VERY LOW,2.3,VERY LOW,1.6,VERY LOW,1.1,VERY LOW,0.7,VERY LOW,0.5,VERY LOW,0.3,VERY LOW,0.2,VERY LOW,0.1,VERY LOW,0.1,VERY LOW,0.0,VERY LOW,0.0,VERY LOW,0.0,VERY LOW,0.0,VERY LOW,0.0,VERY LOW,0.0,VERY LOW,0.0,VERY LOW,0.0,VERY LOW,0.0,VERY LOW,0.0,VERY LOW,0.0,VERY LOW,MIN,home,2026_PRE_W1_MIN_NYG,,MIN at NYG
117,2026,PRE,1,Preseason Week 1,00-0040398,Brady Cook,NYJ,ACT,1,4.0,"https://static.www.nfl.com/image/upload/f_auto,q_auto/league/h8dnpq2fikpgnrnfiapx",TEAM_BLEND,28.6,6.47,188.0,5,2025.0,147.8,147.8,147.8,147.8,,30.6,30.6,30.6,4.69,4.69,4.69,30.4,4.91,147.8,50.91365239304679,NFL_HISTORY,30.4,11.0,AUTO_PRESEASON_USAGE,starter_like,68.1,35.6,22.5,44.0,68.1,92.0,113.7,18.5,VERY LOW,12.0,VERY LOW,7.3,VERY LOW,4.1,VERY LOW,2.2,VERY LOW,1.0,VERY LOW,0.5,VERY LOW,0.2,VERY LOW,0.1,VERY LOW,0.0,VERY LOW,0.0,VERY LOW,0.0,VERY LOW,0.0,VERY LOW,0.0,VERY LOW,0.0,VERY LOW,0.0,VERY LOW,0.0,VERY LOW,0.0,VERY LOW,0.0,VERY LOW,0.0,VERY LOW,0.0,VERY LOW,0.0,VERY LOW,0.0,VERY LOW,0.0,VERY LOW,0.0,VERY LOW,0.0,VERY LOW,0.0,VERY LOW,0.0,VERY LOW,0.0,VERY LOW,0.0,VERY LOW,0.0,VERY LOW,TB,home,2026_PRE_W1_TB_NYJ,,TB at NYJ
118,2026,PRE,1,Preseason Week 1,00-0032156,Trevor Siemian,ATL,ACT,11,13.0,"https://static.www.nfl.com/image/private/f_auto,q_auto/league/vmksfbms9zefxezf39sb",TEAM_BLEND,29.6,6.91,205.1,5,2023.0,144.8,144.8,144.8,144.8,,30.6,30.6,30.6,4.61,4.61,4.61,30.5,4.88,144.8,89.06570608264438,NFL_HISTORY,30.5,11.0,AUTO_PRESEASON_USAGE,starter_like,67.4,52.8,0.0,31.7,67.5,103.2,135.3,26.9,LOW,21.0,VERY LOW,16.1,VERY LOW,11.9,VERY LOW,8.5,VERY LOW,5.9,VERY LOW,4.0,VERY LOW,2.6,VERY LOW,1.7,VERY LOW,1.0,VERY LOW,0.6,VERY LOW,0.3,VERY LOW,0.2,VERY LOW,0.1,VERY LOW,0.1,VERY LOW,0.0,VERY LOW,0.0,VERY LOW,0.0,VERY LOW,0.0,VERY LOW,0.0,VERY LOW,0.0,VERY LOW,0.0,VERY LOW,0.0,VERY LOW,0.0,VERY LOW,0.0,VERY LOW,0.0,VERY LOW,0.0,VERY LOW,0.0,VERY LOW,0.0,VERY LOW,0.0,VERY LOW,0.0,VERY LOW,DEN,home,2026_PRE_W1_DEN_ATL,,DEN at ATL
119,2026,PRE,1,Preseason Week 1,00-0031237,Teddy Bridgewater,DET,ACT,12,5.0,"https://static.www.nfl.com/image/upload/f_auto,q_auto/league/wggyfg1dgyiwcgxafoen",TEAM_BLEND,30.5,7.32,224.1,1,2025.0,62.0,62.0,62.0,62.0,,15.0,15.0,15.0,4.13,4.13,4.13,16.6,4.52,62.0,73.82865275455694,LIMITED_NFL_HISTORY,16.6,15.0,AUTO_PRESEASON_USAGE,veteran_backup,66.9,75.9,0.0,15.9,67.3,118.1,164.2,33.2,LOW,28.5,LOW,24.2,VERY LOW,20.3,VERY LOW,16.8,VERY LOW,13.6,VERY LOW,11.0,VERY LOW,8.7,VERY LOW,6.8,VERY LOW,5.2,VERY LOW,4.0,VERY LOW,2.9,VERY LOW,2.2,VERY LOW,1.6,VERY LOW,1.1,VERY LOW,0.8,VERY LOW,0.6,VERY LOW,0.4,VERY LOW,0.3,VERY LOW,0.2,VERY LOW,0.1,VERY LOW,0.1,VERY LOW,0.0,VERY LOW,0.0,VERY LOW,0.0,VERY LOW,0.0,VERY LOW,0.0,VERY LOW,0.0,VERY LOW,0.0,VERY LOW,0.0,VERY LOW,0.0,VERY LOW,CIN,away,2026_PRE_W1_DET_CIN,,DET at CIN
