player_id,player_name,team,opponent,position,season,season_type,week,ladder_line,probability,probability_grade,projected_rushing_yards,model_version
00-0033589,David Moore,CAR,ARI,WR,2026,PRE,0,0.0,100.0,ELITE,14.514,NFL_RUSHING_YARDS_V1
00-0033589,David Moore,CAR,ARI,WR,2026,PRE,0,5.0,81.98,ELITE,14.514,NFL_RUSHING_YARDS_V1
00-0033589,David Moore,CAR,ARI,WR,2026,PRE,0,10.0,66.25,ELITE,14.514,NFL_RUSHING_YARDS_V1
00-0033589,David Moore,CAR,ARI,WR,2026,PRE,0,15.0,46.6,ELITE,14.514,NFL_RUSHING_YARDS_V1
00-0033589,David Moore,CAR,ARI,WR,2026,PRE,0,20.0,27.85,ELITE,14.514,NFL_RUSHING_YARDS_V1
00-0033589,David Moore,CAR,ARI,WR,2026,PRE,0,25.0,13.95,ELITE,14.514,NFL_RUSHING_YARDS_V1
00-0033589,David Moore,CAR,ARI,WR,2026,PRE,0,30.0,5.74,ELITE,14.514,NFL_RUSHING_YARDS_V1
00-0033589,David Moore,CAR,ARI,WR,2026,PRE,0,35.0,1.86,ELITE,14.514,NFL_RUSHING_YARDS_V1
00-0033589,David Moore,CAR,ARI,WR,2026,PRE,0,40.0,0.48,COIN FLIP,14.514,NFL_RUSHING_YARDS_V1
00-0033589,David Moore,CAR,ARI,WR,2026,PRE,0,45.0,0.1,VERY LOW,14.514,NFL_RUSHING_YARDS_V1
00-0033589,David Moore,CAR,ARI,WR,2026,PRE,0,50.0,0.02,VERY LOW,14.514,NFL_RUSHING_YARDS_V1
00-0033589,David Moore,CAR,ARI,WR,2026,PRE,0,55.0,0.01,VERY LOW,14.514,NFL_RUSHING_YARDS_V1
00-0033589,David Moore,CAR,ARI,WR,2026,PRE,0,60.0,0.0,VERY LOW,14.514,NFL_RUSHING_YARDS_V1
00-0033589,David Moore,CAR,ARI,WR,2026,PRE,0,65.0,0.0,VERY LOW,14.514,NFL_RUSHING_YARDS_V1
00-0033589,David Moore,CAR,ARI,WR,2026,PRE,0,70.0,0.0,VERY LOW,14.514,NFL_RUSHING_YARDS_V1
00-0033589,David Moore,CAR,ARI,WR,2026,PRE,0,75.0,0.0,VERY LOW,14.514,NFL_RUSHING_YARDS_V1
00-0033589,David Moore,CAR,ARI,WR,2026,PRE,0,80.0,0.0,VERY LOW,14.514,NFL_RUSHING_YARDS_V1
00-0033589,David Moore,CAR,ARI,WR,2026,PRE,0,85.0,0.0,VERY LOW,14.514,NFL_RUSHING_YARDS_V1
00-0033589,David Moore,CAR,ARI,WR,2026,PRE,0,90.0,0.0,VERY LOW,14.514,NFL_RUSHING_YARDS_V1
00-0033589,David Moore,CAR,ARI,WR,2026,PRE,0,95.0,0.0,VERY LOW,14.514,NFL_RUSHING_YARDS_V1
00-0033589,David Moore,CAR,ARI,WR,2026,PRE,0,100.0,0.0,VERY LOW,14.514,NFL_RUSHING_YARDS_V1
00-0033589,David Moore,CAR,ARI,WR,2026,PRE,0,105.0,0.0,VERY LOW,14.514,NFL_RUSHING_YARDS_V1
00-0033589,David Moore,CAR,ARI,WR,2026,PRE,0,110.0,0.0,VERY LOW,14.514,NFL_RUSHING_YARDS_V1
00-0033589,David Moore,CAR,ARI,WR,2026,PRE,0,115.0,0.0,VERY LOW,14.514,NFL_RUSHING_YARDS_V1
00-0033589,David Moore,CAR,ARI,WR,2026,PRE,0,120.0,0.0,VERY LOW,14.514,NFL_RUSHING_YARDS_V1
00-0033589,David Moore,CAR,ARI,WR,2026,PRE,0,125.0,0.0,VERY LOW,14.514,NFL_RUSHING_YARDS_V1
00-0033589,David Moore,CAR,ARI,WR,2026,PRE,0,130.0,0.0,VERY LOW,14.514,NFL_RUSHING_YARDS_V1
00-0033589,David Moore,CAR,ARI,WR,2026,PRE,0,135.0,0.0,VERY LOW,14.514,NFL_RUSHING_YARDS_V1
00-0033589,David Moore,CAR,ARI,WR,2026,PRE,0,140.0,0.0,VERY LOW,14.514,NFL_RUSHING_YARDS_V1
00-0033589,David Moore,CAR,ARI,WR,2026,PRE,0,145.0,0.0,VERY LOW,14.514,NFL_RUSHING_YARDS_V1
00-0033589,David Moore,CAR,ARI,WR,2026,PRE,0,150.0,0.0,VERY LOW,14.514,NFL_RUSHING_YARDS_V1
00-0033589,David Moore,CAR,ARI,WR,2026,PRE,0,155.0,0.0,VERY LOW,14.514,NFL_RUSHING_YARDS_V1
00-0033589,David Moore,CAR,ARI,WR,2026,PRE,0,160.0,0.0,VERY LOW,14.514,NFL_RUSHING_YARDS_V1
00-0033589,David Moore,CAR,ARI,WR,2026,PRE,0,165.0,0.0,VERY LOW,14.514,NFL_RUSHING_YARDS_V1
00-0033589,David Moore,CAR,ARI,WR,2026,PRE,0,170.0,0.0,VERY LOW,14.514,NFL_RUSHING_YARDS_V1
00-0033589,David Moore,CAR,ARI,WR,2026,PRE,0,175.0,0.0,VERY LOW,14.514,NFL_RUSHING_YARDS_V1
00-0033589,David Moore,CAR,ARI,WR,2026,PRE,0,180.0,0.0,VERY LOW,14.514,NFL_RUSHING_YARDS_V1
00-0033589,David Moore,CAR,ARI,WR,2026,PRE,0,185.0,0.0,VERY LOW,14.514,NFL_RUSHING_YARDS_V1
00-0033589,David Moore,CAR,ARI,WR,2026,PRE,0,190.0,0.0,VERY LOW,14.514,NFL_RUSHING_YARDS_V1
00-0033589,David Moore,CAR,ARI,WR,2026,PRE,0,195.0,0.0,VERY LOW,14.514,NFL_RUSHING_YARDS_V1
00-0033589,David Moore,CAR,ARI,WR,2026,PRE,0,200.0,0.0,VERY LOW,14.514,NFL_RUSHING_YARDS_V1
00-0035251,Will Grier,CAR,ARI,QB,2026,PRE,0,0.0,100.0,ELITE,17.849,NFL_RUSHING_YARDS_V1
00-0035251,Will Grier,CAR,ARI,QB,2026,PRE,0,5.0,72.35,ELITE,17.849,NFL_RUSHING_YARDS_V1
00-0035251,Will Grier,CAR,ARI,QB,2026,PRE,0,10.0,62.77,ELITE,17.849,NFL_RUSHING_YARDS_V1
00-0035251,Will Grier,CAR,ARI,QB,2026,PRE,0,15.0,52.1,ELITE,17.849,NFL_RUSHING_YARDS_V1
00-0035251,Will Grier,CAR,ARI,QB,2026,PRE,0,20.0,41.3,ELITE,17.849,NFL_RUSHING_YARDS_V1
00-0035251,Will Grier,CAR,ARI,QB,2026,PRE,0,25.0,30.93,ELITE,17.849,NFL_RUSHING_YARDS_V1
00-0035251,Will Grier,CAR,ARI,QB,2026,PRE,0,30.0,21.94,ELITE,17.849,NFL_RUSHING_YARDS_V1
00-0035251,Will Grier,CAR,ARI,QB,2026,PRE,0,35.0,14.73,ELITE,17.849,NFL_RUSHING_YARDS_V1
00-0035251,Will Grier,CAR,ARI,QB,2026,PRE,0,40.0,9.33,ELITE,17.849,NFL_RUSHING_YARDS_V1
00-0035251,Will Grier,CAR,ARI,QB,2026,PRE,0,45.0,5.62,ELITE,17.849,NFL_RUSHING_YARDS_V1
00-0035251,Will Grier,CAR,ARI,QB,2026,PRE,0,50.0,3.14,ELITE,17.849,NFL_RUSHING_YARDS_V1
00-0035251,Will Grier,CAR,ARI,QB,2026,PRE,0,55.0,1.66,ELITE,17.849,NFL_RUSHING_YARDS_V1
00-0035251,Will Grier,CAR,ARI,QB,2026,PRE,0,60.0,0.81,VERY HIGH,17.849,NFL_RUSHING_YARDS_V1
00-0035251,Will Grier,CAR,ARI,QB,2026,PRE,0,65.0,0.37,LOW,17.849,NFL_RUSHING_YARDS_V1
00-0035251,Will Grier,CAR,ARI,QB,2026,PRE,0,70.0,0.16,VERY LOW,17.849,NFL_RUSHING_YARDS_V1
00-0035251,Will Grier,CAR,ARI,QB,2026,PRE,0,75.0,0.07,VERY LOW,17.849,NFL_RUSHING_YARDS_V1
00-0035251,Will Grier,CAR,ARI,QB,2026,PRE,0,80.0,0.02,VERY LOW,17.849,NFL_RUSHING_YARDS_V1
00-0035251,Will Grier,CAR,ARI,QB,2026,PRE,0,85.0,0.01,VERY LOW,17.849,NFL_RUSHING_YARDS_V1
00-0035251,Will Grier,CAR,ARI,QB,2026,PRE,0,90.0,0.0,VERY LOW,17.849,NFL_RUSHING_YARDS_V1
00-0035251,Will Grier,CAR,ARI,QB,2026,PRE,0,95.0,0.0,VERY LOW,17.849,NFL_RUSHING_YARDS_V1
00-0035251,Will Grier,CAR,ARI,QB,2026,PRE,0,100.0,0.0,VERY LOW,17.849,NFL_RUSHING_YARDS_V1
00-0035251,Will Grier,CAR,ARI,QB,2026,PRE,0,105.0,0.0,VERY LOW,17.849,NFL_RUSHING_YARDS_V1
00-0035251,Will Grier,CAR,ARI,QB,2026,PRE,0,110.0,0.0,VERY LOW,17.849,NFL_RUSHING_YARDS_V1
00-0035251,Will Grier,CAR,ARI,QB,2026,PRE,0,115.0,0.0,VERY LOW,17.849,NFL_RUSHING_YARDS_V1
00-0035251,Will Grier,CAR,ARI,QB,2026,PRE,0,120.0,0.0,VERY LOW,17.849,NFL_RUSHING_YARDS_V1
00-0035251,Will Grier,CAR,ARI,QB,2026,PRE,0,125.0,0.0,VERY LOW,17.849,NFL_RUSHING_YARDS_V1
00-0035251,Will Grier,CAR,ARI,QB,2026,PRE,0,130.0,0.0,VERY LOW,17.849,NFL_RUSHING_YARDS_V1
00-0035251,Will Grier,CAR,ARI,QB,2026,PRE,0,135.0,0.0,VERY LOW,17.849,NFL_RUSHING_YARDS_V1
00-0035251,Will Grier,CAR,ARI,QB,2026,PRE,0,140.0,0.0,VERY LOW,17.849,NFL_RUSHING_YARDS_V1
00-0035251,Will Grier,CAR,ARI,QB,2026,PRE,0,145.0,0.0,VERY LOW,17.849,NFL_RUSHING_YARDS_V1
00-0035251,Will Grier,CAR,ARI,QB,2026,PRE,0,150.0,0.0,VERY LOW,17.849,NFL_RUSHING_YARDS_V1
00-0035251,Will Grier,CAR,ARI,QB,2026,PRE,0,155.0,0.0,VERY LOW,17.849,NFL_RUSHING_YARDS_V1
00-0035251,Will Grier,CAR,ARI,QB,2026,PRE,0,160.0,0.0,VERY LOW,17.849,NFL_RUSHING_YARDS_V1
00-0035251,Will Grier,CAR,ARI,QB,2026,PRE,0,165.0,0.0,VERY LOW,17.849,NFL_RUSHING_YARDS_V1
00-0035251,Will Grier,CAR,ARI,QB,2026,PRE,0,170.0,0.0,VERY LOW,17.849,NFL_RUSHING_YARDS_V1
00-0035251,Will Grier,CAR,ARI,QB,2026,PRE,0,175.0,0.0,VERY LOW,17.849,NFL_RUSHING_YARDS_V1
00-0035251,Will Grier,CAR,ARI,QB,2026,PRE,0,180.0,0.0,VERY LOW,17.849,NFL_RUSHING_YARDS_V1
00-0035251,Will Grier,CAR,ARI,QB,2026,PRE,0,185.0,0.0,VERY LOW,17.849,NFL_RUSHING_YARDS_V1
00-0035251,Will Grier,CAR,ARI,QB,2026,PRE,0,190.0,0.0,VERY LOW,17.849,NFL_RUSHING_YARDS_V1
00-0035251,Will Grier,CAR,ARI,QB,2026,PRE,0,195.0,0.0,VERY LOW,17.849,NFL_RUSHING_YARDS_V1
00-0035251,Will Grier,CAR,ARI,QB,2026,PRE,0,200.0,0.0,VERY LOW,17.849,NFL_RUSHING_YARDS_V1
00-0035976,Dan Chisena,CAR,ARI,WR,2026,PRE,0,0.0,100.0,ELITE,18.498,NFL_RUSHING_YARDS_V1
00-0035976,Dan Chisena,CAR,ARI,WR,2026,PRE,0,5.0,73.77,ELITE,18.498,NFL_RUSHING_YARDS_V1
00-0035976,Dan Chisena,CAR,ARI,WR,2026,PRE,0,10.0,64.1,ELITE,18.498,NFL_RUSHING_YARDS_V1
00-0035976,Dan Chisena,CAR,ARI,WR,2026,PRE,0,15.0,53.6,ELITE,18.498,NFL_RUSHING_YARDS_V1
00-0035976,Dan Chisena,CAR,ARI,WR,2026,PRE,0,20.0,42.8,ELITE,18.498,NFL_RUSHING_YARDS_V1
00-0035976,Dan Chisena,CAR,ARI,WR,2026,PRE,0,25.0,32.49,ELITE,18.498,NFL_RUSHING_YARDS_V1
00-0035976,Dan Chisena,CAR,ARI,WR,2026,PRE,0,30.0,23.39,ELITE,18.498,NFL_RUSHING_YARDS_V1
00-0035976,Dan Chisena,CAR,ARI,WR,2026,PRE,0,35.0,16.0,ELITE,18.498,NFL_RUSHING_YARDS_V1
00-0035976,Dan Chisena,CAR,ARI,WR,2026,PRE,0,40.0,10.25,ELITE,18.498,NFL_RUSHING_YARDS_V1
00-0035976,Dan Chisena,CAR,ARI,WR,2026,PRE,0,45.0,6.13,ELITE,18.498,NFL_RUSHING_YARDS_V1
00-0035976,Dan Chisena,CAR,ARI,WR,2026,PRE,0,50.0,3.52,ELITE,18.498,NFL_RUSHING_YARDS_V1
00-0035976,Dan Chisena,CAR,ARI,WR,2026,PRE,0,55.0,1.91,ELITE,18.498,NFL_RUSHING_YARDS_V1
00-0035976,Dan Chisena,CAR,ARI,WR,2026,PRE,0,60.0,0.94,ELITE,18.498,NFL_RUSHING_YARDS_V1
00-0035976,Dan Chisena,CAR,ARI,WR,2026,PRE,0,65.0,0.43,COIN FLIP,18.498,NFL_RUSHING_YARDS_V1
00-0035976,Dan Chisena,CAR,ARI,WR,2026,PRE,0,70.0,0.19,VERY LOW,18.498,NFL_RUSHING_YARDS_V1
00-0035976,Dan Chisena,CAR,ARI,WR,2026,PRE,0,75.0,0.07,VERY LOW,18.498,NFL_RUSHING_YARDS_V1
00-0035976,Dan Chisena,CAR,ARI,WR,2026,PRE,0,80.0,0.03,VERY LOW,18.498,NFL_RUSHING_YARDS_V1
00-0035976,Dan Chisena,CAR,ARI,WR,2026,PRE,0,85.0,0.0,VERY LOW,18.498,NFL_RUSHING_YARDS_V1
00-0035976,Dan Chisena,CAR,ARI,WR,2026,PRE,0,90.0,0.0,VERY LOW,18.498,NFL_RUSHING_YARDS_V1
00-0035976,Dan Chisena,CAR,ARI,WR,2026,PRE,0,95.0,0.0,VERY LOW,18.498,NFL_RUSHING_YARDS_V1
00-0035976,Dan Chisena,CAR,ARI,WR,2026,PRE,0,100.0,0.0,VERY LOW,18.498,NFL_RUSHING_YARDS_V1
00-0035976,Dan Chisena,CAR,ARI,WR,2026,PRE,0,105.0,0.0,VERY LOW,18.498,NFL_RUSHING_YARDS_V1
00-0035976,Dan Chisena,CAR,ARI,WR,2026,PRE,0,110.0,0.0,VERY LOW,18.498,NFL_RUSHING_YARDS_V1
00-0035976,Dan Chisena,CAR,ARI,WR,2026,PRE,0,115.0,0.0,VERY LOW,18.498,NFL_RUSHING_YARDS_V1
00-0035976,Dan Chisena,CAR,ARI,WR,2026,PRE,0,120.0,0.0,VERY LOW,18.498,NFL_RUSHING_YARDS_V1
00-0035976,Dan Chisena,CAR,ARI,WR,2026,PRE,0,125.0,0.0,VERY LOW,18.498,NFL_RUSHING_YARDS_V1
00-0035976,Dan Chisena,CAR,ARI,WR,2026,PRE,0,130.0,0.0,VERY LOW,18.498,NFL_RUSHING_YARDS_V1
00-0035976,Dan Chisena,CAR,ARI,WR,2026,PRE,0,135.0,0.0,VERY LOW,18.498,NFL_RUSHING_YARDS_V1
00-0035976,Dan Chisena,CAR,ARI,WR,2026,PRE,0,140.0,0.0,VERY LOW,18.498,NFL_RUSHING_YARDS_V1
00-0035976,Dan Chisena,CAR,ARI,WR,2026,PRE,0,145.0,0.0,VERY LOW,18.498,NFL_RUSHING_YARDS_V1
00-0035976,Dan Chisena,CAR,ARI,WR,2026,PRE,0,150.0,0.0,VERY LOW,18.498,NFL_RUSHING_YARDS_V1
00-0035976,Dan Chisena,CAR,ARI,WR,2026,PRE,0,155.0,0.0,VERY LOW,18.498,NFL_RUSHING_YARDS_V1
00-0035976,Dan Chisena,CAR,ARI,WR,2026,PRE,0,160.0,0.0,VERY LOW,18.498,NFL_RUSHING_YARDS_V1
00-0035976,Dan Chisena,CAR,ARI,WR,2026,PRE,0,165.0,0.0,VERY LOW,18.498,NFL_RUSHING_YARDS_V1
00-0035976,Dan Chisena,CAR,ARI,WR,2026,PRE,0,170.0,0.0,VERY LOW,18.498,NFL_RUSHING_YARDS_V1
00-0035976,Dan Chisena,CAR,ARI,WR,2026,PRE,0,175.0,0.0,VERY LOW,18.498,NFL_RUSHING_YARDS_V1
00-0035976,Dan Chisena,CAR,ARI,WR,2026,PRE,0,180.0,0.0,VERY LOW,18.498,NFL_RUSHING_YARDS_V1
00-0035976,Dan Chisena,CAR,ARI,WR,2026,PRE,0,185.0,0.0,VERY LOW,18.498,NFL_RUSHING_YARDS_V1
00-0035976,Dan Chisena,CAR,ARI,WR,2026,PRE,0,190.0,0.0,VERY LOW,18.498,NFL_RUSHING_YARDS_V1
00-0035976,Dan Chisena,CAR,ARI,WR,2026,PRE,0,195.0,0.0,VERY LOW,18.498,NFL_RUSHING_YARDS_V1
00-0035976,Dan Chisena,CAR,ARI,WR,2026,PRE,0,200.0,0.0,VERY LOW,18.498,NFL_RUSHING_YARDS_V1
00-0036265,AJ Dillon,CAR,ARI,RB,2026,PRE,0,0.0,100.0,ELITE,16.576,NFL_RUSHING_YARDS_V1
00-0036265,AJ Dillon,CAR,ARI,RB,2026,PRE,0,5.0,56.55,ELITE,16.576,NFL_RUSHING_YARDS_V1
00-0036265,AJ Dillon,CAR,ARI,RB,2026,PRE,0,10.0,49.41,ELITE,16.576,NFL_RUSHING_YARDS_V1
00-0036265,AJ Dillon,CAR,ARI,RB,2026,PRE,0,15.0,42.33,ELITE,16.576,NFL_RUSHING_YARDS_V1
00-0036265,AJ Dillon,CAR,ARI,RB,2026,PRE,0,20.0,35.56,ELITE,16.576,NFL_RUSHING_YARDS_V1
00-0036265,AJ Dillon,CAR,ARI,RB,2026,PRE,0,25.0,29.17,ELITE,16.576,NFL_RUSHING_YARDS_V1
00-0036265,AJ Dillon,CAR,ARI,RB,2026,PRE,0,30.0,23.23,ELITE,16.576,NFL_RUSHING_YARDS_V1
00-0036265,AJ Dillon,CAR,ARI,RB,2026,PRE,0,35.0,18.04,ELITE,16.576,NFL_RUSHING_YARDS_V1
00-0036265,AJ Dillon,CAR,ARI,RB,2026,PRE,0,40.0,13.72,ELITE,16.576,NFL_RUSHING_YARDS_V1
00-0036265,AJ Dillon,CAR,ARI,RB,2026,PRE,0,45.0,10.14,ELITE,16.576,NFL_RUSHING_YARDS_V1
00-0036265,AJ Dillon,CAR,ARI,RB,2026,PRE,0,50.0,7.35,ELITE,16.576,NFL_RUSHING_YARDS_V1
00-0036265,AJ Dillon,CAR,ARI,RB,2026,PRE,0,55.0,5.2,ELITE,16.576,NFL_RUSHING_YARDS_V1
00-0036265,AJ Dillon,CAR,ARI,RB,2026,PRE,0,60.0,3.57,ELITE,16.576,NFL_RUSHING_YARDS_V1
00-0036265,AJ Dillon,CAR,ARI,RB,2026,PRE,0,65.0,2.35,ELITE,16.576,NFL_RUSHING_YARDS_V1
00-0036265,AJ Dillon,CAR,ARI,RB,2026,PRE,0,70.0,1.51,ELITE,16.576,NFL_RUSHING_YARDS_V1
00-0036265,AJ Dillon,CAR,ARI,RB,2026,PRE,0,75.0,0.93,ELITE,16.576,NFL_RUSHING_YARDS_V1
00-0036265,AJ Dillon,CAR,ARI,RB,2026,PRE,0,80.0,0.57,LEAN,16.576,NFL_RUSHING_YARDS_V1
00-0036265,AJ Dillon,CAR,ARI,RB,2026,PRE,0,85.0,0.32,LOW,16.576,NFL_RUSHING_YARDS_V1
00-0036265,AJ Dillon,CAR,ARI,RB,2026,PRE,0,90.0,0.18,VERY LOW,16.576,NFL_RUSHING_YARDS_V1
00-0036265,AJ Dillon,CAR,ARI,RB,2026,PRE,0,95.0,0.1,VERY LOW,16.576,NFL_RUSHING_YARDS_V1
00-0036265,AJ Dillon,CAR,ARI,RB,2026,PRE,0,100.0,0.05,VERY LOW,16.576,NFL_RUSHING_YARDS_V1
00-0036265,AJ Dillon,CAR,ARI,RB,2026,PRE,0,105.0,0.03,VERY LOW,16.576,NFL_RUSHING_YARDS_V1
00-0036265,AJ Dillon,CAR,ARI,RB,2026,PRE,0,110.0,0.01,VERY LOW,16.576,NFL_RUSHING_YARDS_V1
00-0036265,AJ Dillon,CAR,ARI,RB,2026,PRE,0,115.0,0.01,VERY LOW,16.576,NFL_RUSHING_YARDS_V1
00-0036265,AJ Dillon,CAR,ARI,RB,2026,PRE,0,120.0,0.0,VERY LOW,16.576,NFL_RUSHING_YARDS_V1
00-0036265,AJ Dillon,CAR,ARI,RB,2026,PRE,0,125.0,0.0,VERY LOW,16.576,NFL_RUSHING_YARDS_V1
00-0036265,AJ Dillon,CAR,ARI,RB,2026,PRE,0,130.0,0.0,VERY LOW,16.576,NFL_RUSHING_YARDS_V1
00-0036265,AJ Dillon,CAR,ARI,RB,2026,PRE,0,135.0,0.0,VERY LOW,16.576,NFL_RUSHING_YARDS_V1
00-0036265,AJ Dillon,CAR,ARI,RB,2026,PRE,0,140.0,0.0,VERY LOW,16.576,NFL_RUSHING_YARDS_V1
00-0036265,AJ Dillon,CAR,ARI,RB,2026,PRE,0,145.0,0.0,VERY LOW,16.576,NFL_RUSHING_YARDS_V1
00-0036265,AJ Dillon,CAR,ARI,RB,2026,PRE,0,150.0,0.0,VERY LOW,16.576,NFL_RUSHING_YARDS_V1
00-0036265,AJ Dillon,CAR,ARI,RB,2026,PRE,0,155.0,0.0,VERY LOW,16.576,NFL_RUSHING_YARDS_V1
00-0036265,AJ Dillon,CAR,ARI,RB,2026,PRE,0,160.0,0.0,VERY LOW,16.576,NFL_RUSHING_YARDS_V1
00-0036265,AJ Dillon,CAR,ARI,RB,2026,PRE,0,165.0,0.0,VERY LOW,16.576,NFL_RUSHING_YARDS_V1
00-0036265,AJ Dillon,CAR,ARI,RB,2026,PRE,0,170.0,0.0,VERY LOW,16.576,NFL_RUSHING_YARDS_V1
00-0036265,AJ Dillon,CAR,ARI,RB,2026,PRE,0,175.0,0.0,VERY LOW,16.576,NFL_RUSHING_YARDS_V1
00-0036265,AJ Dillon,CAR,ARI,RB,2026,PRE,0,180.0,0.0,VERY LOW,16.576,NFL_RUSHING_YARDS_V1
00-0036265,AJ Dillon,CAR,ARI,RB,2026,PRE,0,185.0,0.0,VERY LOW,16.576,NFL_RUSHING_YARDS_V1
00-0036265,AJ Dillon,CAR,ARI,RB,2026,PRE,0,190.0,0.0,VERY LOW,16.576,NFL_RUSHING_YARDS_V1
00-0036265,AJ Dillon,CAR,ARI,RB,2026,PRE,0,195.0,0.0,VERY LOW,16.576,NFL_RUSHING_YARDS_V1
00-0036265,AJ Dillon,CAR,ARI,RB,2026,PRE,0,200.0,0.0,VERY LOW,16.576,NFL_RUSHING_YARDS_V1
00-0036555,Chuba Hubbard,CAR,ARI,RB,2026,PRE,0,0.0,100.0,ELITE,28.504,NFL_RUSHING_YARDS_V1
00-0036555,Chuba Hubbard,CAR,ARI,RB,2026,PRE,0,5.0,64.75,ELITE,28.504,NFL_RUSHING_YARDS_V1
00-0036555,Chuba Hubbard,CAR,ARI,RB,2026,PRE,0,10.0,60.09,ELITE,28.504,NFL_RUSHING_YARDS_V1
00-0036555,Chuba Hubbard,CAR,ARI,RB,2026,PRE,0,15.0,55.13,ELITE,28.504,NFL_RUSHING_YARDS_V1
00-0036555,Chuba Hubbard,CAR,ARI,RB,2026,PRE,0,20.0,50.32,ELITE,28.504,NFL_RUSHING_YARDS_V1
00-0036555,Chuba Hubbard,CAR,ARI,RB,2026,PRE,0,25.0,45.61,ELITE,28.504,NFL_RUSHING_YARDS_V1
00-0036555,Chuba Hubbard,CAR,ARI,RB,2026,PRE,0,30.0,40.79,ELITE,28.504,NFL_RUSHING_YARDS_V1
00-0036555,Chuba Hubbard,CAR,ARI,RB,2026,PRE,0,35.0,36.03,ELITE,28.504,NFL_RUSHING_YARDS_V1
00-0036555,Chuba Hubbard,CAR,ARI,RB,2026,PRE,0,40.0,31.65,ELITE,28.504,NFL_RUSHING_YARDS_V1
00-0036555,Chuba Hubbard,CAR,ARI,RB,2026,PRE,0,45.0,27.4,ELITE,28.504,NFL_RUSHING_YARDS_V1
00-0036555,Chuba Hubbard,CAR,ARI,RB,2026,PRE,0,50.0,23.46,ELITE,28.504,NFL_RUSHING_YARDS_V1
00-0036555,Chuba Hubbard,CAR,ARI,RB,2026,PRE,0,55.0,19.85,ELITE,28.504,NFL_RUSHING_YARDS_V1
00-0036555,Chuba Hubbard,CAR,ARI,RB,2026,PRE,0,60.0,16.59,ELITE,28.504,NFL_RUSHING_YARDS_V1
00-0036555,Chuba Hubbard,CAR,ARI,RB,2026,PRE,0,65.0,13.76,ELITE,28.504,NFL_RUSHING_YARDS_V1
00-0036555,Chuba Hubbard,CAR,ARI,RB,2026,PRE,0,70.0,11.27,ELITE,28.504,NFL_RUSHING_YARDS_V1
00-0036555,Chuba Hubbard,CAR,ARI,RB,2026,PRE,0,75.0,9.07,ELITE,28.504,NFL_RUSHING_YARDS_V1
00-0036555,Chuba Hubbard,CAR,ARI,RB,2026,PRE,0,80.0,7.2,ELITE,28.504,NFL_RUSHING_YARDS_V1
00-0036555,Chuba Hubbard,CAR,ARI,RB,2026,PRE,0,85.0,5.64,ELITE,28.504,NFL_RUSHING_YARDS_V1
00-0036555,Chuba Hubbard,CAR,ARI,RB,2026,PRE,0,90.0,4.37,ELITE,28.504,NFL_RUSHING_YARDS_V1
00-0036555,Chuba Hubbard,CAR,ARI,RB,2026,PRE,0,95.0,3.35,ELITE,28.504,NFL_RUSHING_YARDS_V1
00-0036555,Chuba Hubbard,CAR,ARI,RB,2026,PRE,0,100.0,2.57,ELITE,28.504,NFL_RUSHING_YARDS_V1
00-0036555,Chuba Hubbard,CAR,ARI,RB,2026,PRE,0,105.0,1.88,ELITE,28.504,NFL_RUSHING_YARDS_V1
00-0036555,Chuba Hubbard,CAR,ARI,RB,2026,PRE,0,110.0,1.42,ELITE,28.504,NFL_RUSHING_YARDS_V1
00-0036555,Chuba Hubbard,CAR,ARI,RB,2026,PRE,0,115.0,1.03,ELITE,28.504,NFL_RUSHING_YARDS_V1
00-0036555,Chuba Hubbard,CAR,ARI,RB,2026,PRE,0,120.0,0.73,HIGH,28.504,NFL_RUSHING_YARDS_V1
00-0036555,Chuba Hubbard,CAR,ARI,RB,2026,PRE,0,125.0,0.52,LEAN,28.504,NFL_RUSHING_YARDS_V1
00-0036555,Chuba Hubbard,CAR,ARI,RB,2026,PRE,0,130.0,0.36,LOW,28.504,NFL_RUSHING_YARDS_V1
00-0036555,Chuba Hubbard,CAR,ARI,RB,2026,PRE,0,135.0,0.26,LOW,28.504,NFL_RUSHING_YARDS_V1
00-0036555,Chuba Hubbard,CAR,ARI,RB,2026,PRE,0,140.0,0.19,VERY LOW,28.504,NFL_RUSHING_YARDS_V1
00-0036555,Chuba Hubbard,CAR,ARI,RB,2026,PRE,0,145.0,0.14,VERY LOW,28.504,NFL_RUSHING_YARDS_V1
00-0036555,Chuba Hubbard,CAR,ARI,RB,2026,PRE,0,150.0,0.09,VERY LOW,28.504,NFL_RUSHING_YARDS_V1
00-0036555,Chuba Hubbard,CAR,ARI,RB,2026,PRE,0,155.0,0.06,VERY LOW,28.504,NFL_RUSHING_YARDS_V1
00-0036555,Chuba Hubbard,CAR,ARI,RB,2026,PRE,0,160.0,0.03,VERY LOW,28.504,NFL_RUSHING_YARDS_V1
00-0036555,Chuba Hubbard,CAR,ARI,RB,2026,PRE,0,165.0,0.02,VERY LOW,28.504,NFL_RUSHING_YARDS_V1
00-0036555,Chuba Hubbard,CAR,ARI,RB,2026,PRE,0,170.0,0.01,VERY LOW,28.504,NFL_RUSHING_YARDS_V1
00-0036555,Chuba Hubbard,CAR,ARI,RB,2026,PRE,0,175.0,0.01,VERY LOW,28.504,NFL_RUSHING_YARDS_V1
00-0036555,Chuba Hubbard,CAR,ARI,RB,2026,PRE,0,180.0,0.0,VERY LOW,28.504,NFL_RUSHING_YARDS_V1
00-0036555,Chuba Hubbard,CAR,ARI,RB,2026,PRE,0,185.0,0.0,VERY LOW,28.504,NFL_RUSHING_YARDS_V1
00-0036555,Chuba Hubbard,CAR,ARI,RB,2026,PRE,0,190.0,0.0,VERY LOW,28.504,NFL_RUSHING_YARDS_V1
00-0036555,Chuba Hubbard,CAR,ARI,RB,2026,PRE,0,195.0,0.0,VERY LOW,28.504,NFL_RUSHING_YARDS_V1
00-0036555,Chuba Hubbard,CAR,ARI,RB,2026,PRE,0,200.0,0.0,VERY LOW,28.504,NFL_RUSHING_YARDS_V1
00-0037614,John Metchie III,CAR,ARI,WR,2026,PRE,0,0.0,100.0,ELITE,10.901,NFL_RUSHING_YARDS_V1
00-0037614,John Metchie III,CAR,ARI,WR,2026,PRE,0,5.0,82.17,ELITE,10.901,NFL_RUSHING_YARDS_V1
00-0037614,John Metchie III,CAR,ARI,WR,2026,PRE,0,10.0,54.85,ELITE,10.901,NFL_RUSHING_YARDS_V1
00-0037614,John Metchie III,CAR,ARI,WR,2026,PRE,0,15.0,25.25,ELITE,10.901,NFL_RUSHING_YARDS_V1
00-0037614,John Metchie III,CAR,ARI,WR,2026,PRE,0,20.0,7.18,ELITE,10.901,NFL_RUSHING_YARDS_V1
00-0037614,John Metchie III,CAR,ARI,WR,2026,PRE,0,25.0,1.22,ELITE,10.901,NFL_RUSHING_YARDS_V1
00-0037614,John Metchie III,CAR,ARI,WR,2026,PRE,0,30.0,0.11,VERY LOW,10.901,NFL_RUSHING_YARDS_V1
00-0037614,John Metchie III,CAR,ARI,WR,2026,PRE,0,35.0,0.01,VERY LOW,10.901,NFL_RUSHING_YARDS_V1
00-0037614,John Metchie III,CAR,ARI,WR,2026,PRE,0,40.0,0.0,VERY LOW,10.901,NFL_RUSHING_YARDS_V1
00-0037614,John Metchie III,CAR,ARI,WR,2026,PRE,0,45.0,0.0,VERY LOW,10.901,NFL_RUSHING_YARDS_V1
00-0037614,John Metchie III,CAR,ARI,WR,2026,PRE,0,50.0,0.0,VERY LOW,10.901,NFL_RUSHING_YARDS_V1
00-0037614,John Metchie III,CAR,ARI,WR,2026,PRE,0,55.0,0.0,VERY LOW,10.901,NFL_RUSHING_YARDS_V1
00-0037614,John Metchie III,CAR,ARI,WR,2026,PRE,0,60.0,0.0,VERY LOW,10.901,NFL_RUSHING_YARDS_V1
00-0037614,John Metchie III,CAR,ARI,WR,2026,PRE,0,65.0,0.0,VERY LOW,10.901,NFL_RUSHING_YARDS_V1
00-0037614,John Metchie III,CAR,ARI,WR,2026,PRE,0,70.0,0.0,VERY LOW,10.901,NFL_RUSHING_YARDS_V1
00-0037614,John Metchie III,CAR,ARI,WR,2026,PRE,0,75.0,0.0,VERY LOW,10.901,NFL_RUSHING_YARDS_V1
00-0037614,John Metchie III,CAR,ARI,WR,2026,PRE,0,80.0,0.0,VERY LOW,10.901,NFL_RUSHING_YARDS_V1
00-0037614,John Metchie III,CAR,ARI,WR,2026,PRE,0,85.0,0.0,VERY LOW,10.901,NFL_RUSHING_YARDS_V1
00-0037614,John Metchie III,CAR,ARI,WR,2026,PRE,0,90.0,0.0,VERY LOW,10.901,NFL_RUSHING_YARDS_V1
00-0037614,John Metchie III,CAR,ARI,WR,2026,PRE,0,95.0,0.0,VERY LOW,10.901,NFL_RUSHING_YARDS_V1
00-0037614,John Metchie III,CAR,ARI,WR,2026,PRE,0,100.0,0.0,VERY LOW,10.901,NFL_RUSHING_YARDS_V1
00-0037614,John Metchie III,CAR,ARI,WR,2026,PRE,0,105.0,0.0,VERY LOW,10.901,NFL_RUSHING_YARDS_V1
00-0037614,John Metchie III,CAR,ARI,WR,2026,PRE,0,110.0,0.0,VERY LOW,10.901,NFL_RUSHING_YARDS_V1
00-0037614,John Metchie III,CAR,ARI,WR,2026,PRE,0,115.0,0.0,VERY LOW,10.901,NFL_RUSHING_YARDS_V1
00-0037614,John Metchie III,CAR,ARI,WR,2026,PRE,0,120.0,0.0,VERY LOW,10.901,NFL_RUSHING_YARDS_V1
00-0037614,John Metchie III,CAR,ARI,WR,2026,PRE,0,125.0,0.0,VERY LOW,10.901,NFL_RUSHING_YARDS_V1
00-0037614,John Metchie III,CAR,ARI,WR,2026,PRE,0,130.0,0.0,VERY LOW,10.901,NFL_RUSHING_YARDS_V1
00-0037614,John Metchie III,CAR,ARI,WR,2026,PRE,0,135.0,0.0,VERY LOW,10.901,NFL_RUSHING_YARDS_V1
00-0037614,John Metchie III,CAR,ARI,WR,2026,PRE,0,140.0,0.0,VERY LOW,10.901,NFL_RUSHING_YARDS_V1
00-0037614,John Metchie III,CAR,ARI,WR,2026,PRE,0,145.0,0.0,VERY LOW,10.901,NFL_RUSHING_YARDS_V1
00-0037614,John Metchie III,CAR,ARI,WR,2026,PRE,0,150.0,0.0,VERY LOW,10.901,NFL_RUSHING_YARDS_V1
00-0037614,John Metchie III,CAR,ARI,WR,2026,PRE,0,155.0,0.0,VERY LOW,10.901,NFL_RUSHING_YARDS_V1
00-0037614,John Metchie III,CAR,ARI,WR,2026,PRE,0,160.0,0.0,VERY LOW,10.901,NFL_RUSHING_YARDS_V1
00-0037614,John Metchie III,CAR,ARI,WR,2026,PRE,0,165.0,0.0,VERY LOW,10.901,NFL_RUSHING_YARDS_V1
00-0037614,John Metchie III,CAR,ARI,WR,2026,PRE,0,170.0,0.0,VERY LOW,10.901,NFL_RUSHING_YARDS_V1
00-0037614,John Metchie III,CAR,ARI,WR,2026,PRE,0,175.0,0.0,VERY LOW,10.901,NFL_RUSHING_YARDS_V1
00-0037614,John Metchie III,CAR,ARI,WR,2026,PRE,0,180.0,0.0,VERY LOW,10.901,NFL_RUSHING_YARDS_V1
00-0037614,John Metchie III,CAR,ARI,WR,2026,PRE,0,185.0,0.0,VERY LOW,10.901,NFL_RUSHING_YARDS_V1
00-0037614,John Metchie III,CAR,ARI,WR,2026,PRE,0,190.0,0.0,VERY LOW,10.901,NFL_RUSHING_YARDS_V1
00-0037614,John Metchie III,CAR,ARI,WR,2026,PRE,0,195.0,0.0,VERY LOW,10.901,NFL_RUSHING_YARDS_V1
00-0037614,John Metchie III,CAR,ARI,WR,2026,PRE,0,200.0,0.0,VERY LOW,10.901,NFL_RUSHING_YARDS_V1
00-0038102,Kenny Pickett,CAR,ARI,QB,2026,PRE,0,0.0,100.0,ELITE,4.279,NFL_RUSHING_YARDS_V1
00-0038102,Kenny Pickett,CAR,ARI,QB,2026,PRE,0,5.0,36.31,ELITE,4.279,NFL_RUSHING_YARDS_V1
00-0038102,Kenny Pickett,CAR,ARI,QB,2026,PRE,0,10.0,14.65,ELITE,4.279,NFL_RUSHING_YARDS_V1
00-0038102,Kenny Pickett,CAR,ARI,QB,2026,PRE,0,15.0,3.99,ELITE,4.279,NFL_RUSHING_YARDS_V1
00-0038102,Kenny Pickett,CAR,ARI,QB,2026,PRE,0,20.0,0.71,HIGH,4.279,NFL_RUSHING_YARDS_V1
00-0038102,Kenny Pickett,CAR,ARI,QB,2026,PRE,0,25.0,0.08,VERY LOW,4.279,NFL_RUSHING_YARDS_V1
00-0038102,Kenny Pickett,CAR,ARI,QB,2026,PRE,0,30.0,0.0,VERY LOW,4.279,NFL_RUSHING_YARDS_V1
00-0038102,Kenny Pickett,CAR,ARI,QB,2026,PRE,0,35.0,0.0,VERY LOW,4.279,NFL_RUSHING_YARDS_V1
00-0038102,Kenny Pickett,CAR,ARI,QB,2026,PRE,0,40.0,0.0,VERY LOW,4.279,NFL_RUSHING_YARDS_V1
00-0038102,Kenny Pickett,CAR,ARI,QB,2026,PRE,0,45.0,0.0,VERY LOW,4.279,NFL_RUSHING_YARDS_V1
00-0038102,Kenny Pickett,CAR,ARI,QB,2026,PRE,0,50.0,0.0,VERY LOW,4.279,NFL_RUSHING_YARDS_V1
00-0038102,Kenny Pickett,CAR,ARI,QB,2026,PRE,0,55.0,0.0,VERY LOW,4.279,NFL_RUSHING_YARDS_V1
00-0038102,Kenny Pickett,CAR,ARI,QB,2026,PRE,0,60.0,0.0,VERY LOW,4.279,NFL_RUSHING_YARDS_V1
00-0038102,Kenny Pickett,CAR,ARI,QB,2026,PRE,0,65.0,0.0,VERY LOW,4.279,NFL_RUSHING_YARDS_V1
00-0038102,Kenny Pickett,CAR,ARI,QB,2026,PRE,0,70.0,0.0,VERY LOW,4.279,NFL_RUSHING_YARDS_V1
00-0038102,Kenny Pickett,CAR,ARI,QB,2026,PRE,0,75.0,0.0,VERY LOW,4.279,NFL_RUSHING_YARDS_V1
00-0038102,Kenny Pickett,CAR,ARI,QB,2026,PRE,0,80.0,0.0,VERY LOW,4.279,NFL_RUSHING_YARDS_V1
00-0038102,Kenny Pickett,CAR,ARI,QB,2026,PRE,0,85.0,0.0,VERY LOW,4.279,NFL_RUSHING_YARDS_V1
00-0038102,Kenny Pickett,CAR,ARI,QB,2026,PRE,0,90.0,0.0,VERY LOW,4.279,NFL_RUSHING_YARDS_V1
00-0038102,Kenny Pickett,CAR,ARI,QB,2026,PRE,0,95.0,0.0,VERY LOW,4.279,NFL_RUSHING_YARDS_V1
00-0038102,Kenny Pickett,CAR,ARI,QB,2026,PRE,0,100.0,0.0,VERY LOW,4.279,NFL_RUSHING_YARDS_V1
00-0038102,Kenny Pickett,CAR,ARI,QB,2026,PRE,0,105.0,0.0,VERY LOW,4.279,NFL_RUSHING_YARDS_V1
00-0038102,Kenny Pickett,CAR,ARI,QB,2026,PRE,0,110.0,0.0,VERY LOW,4.279,NFL_RUSHING_YARDS_V1
00-0038102,Kenny Pickett,CAR,ARI,QB,2026,PRE,0,115.0,0.0,VERY LOW,4.279,NFL_RUSHING_YARDS_V1
00-0038102,Kenny Pickett,CAR,ARI,QB,2026,PRE,0,120.0,0.0,VERY LOW,4.279,NFL_RUSHING_YARDS_V1
00-0038102,Kenny Pickett,CAR,ARI,QB,2026,PRE,0,125.0,0.0,VERY LOW,4.279,NFL_RUSHING_YARDS_V1
00-0038102,Kenny Pickett,CAR,ARI,QB,2026,PRE,0,130.0,0.0,VERY LOW,4.279,NFL_RUSHING_YARDS_V1
00-0038102,Kenny Pickett,CAR,ARI,QB,2026,PRE,0,135.0,0.0,VERY LOW,4.279,NFL_RUSHING_YARDS_V1
00-0038102,Kenny Pickett,CAR,ARI,QB,2026,PRE,0,140.0,0.0,VERY LOW,4.279,NFL_RUSHING_YARDS_V1
00-0038102,Kenny Pickett,CAR,ARI,QB,2026,PRE,0,145.0,0.0,VERY LOW,4.279,NFL_RUSHING_YARDS_V1
00-0038102,Kenny Pickett,CAR,ARI,QB,2026,PRE,0,150.0,0.0,VERY LOW,4.279,NFL_RUSHING_YARDS_V1
00-0038102,Kenny Pickett,CAR,ARI,QB,2026,PRE,0,155.0,0.0,VERY LOW,4.279,NFL_RUSHING_YARDS_V1
00-0038102,Kenny Pickett,CAR,ARI,QB,2026,PRE,0,160.0,0.0,VERY LOW,4.279,NFL_RUSHING_YARDS_V1
00-0038102,Kenny Pickett,CAR,ARI,QB,2026,PRE,0,165.0,0.0,VERY LOW,4.279,NFL_RUSHING_YARDS_V1
00-0038102,Kenny Pickett,CAR,ARI,QB,2026,PRE,0,170.0,0.0,VERY LOW,4.279,NFL_RUSHING_YARDS_V1
00-0038102,Kenny Pickett,CAR,ARI,QB,2026,PRE,0,175.0,0.0,VERY LOW,4.279,NFL_RUSHING_YARDS_V1
00-0038102,Kenny Pickett,CAR,ARI,QB,2026,PRE,0,180.0,0.0,VERY LOW,4.279,NFL_RUSHING_YARDS_V1
00-0038102,Kenny Pickett,CAR,ARI,QB,2026,PRE,0,185.0,0.0,VERY LOW,4.279,NFL_RUSHING_YARDS_V1
00-0038102,Kenny Pickett,CAR,ARI,QB,2026,PRE,0,190.0,0.0,VERY LOW,4.279,NFL_RUSHING_YARDS_V1
00-0038102,Kenny Pickett,CAR,ARI,QB,2026,PRE,0,195.0,0.0,VERY LOW,4.279,NFL_RUSHING_YARDS_V1
00-0038102,Kenny Pickett,CAR,ARI,QB,2026,PRE,0,200.0,0.0,VERY LOW,4.279,NFL_RUSHING_YARDS_V1
00-0038840,Brycen Tremayne,CAR,ARI,WR,2026,PRE,0,0.0,100.0,ELITE,18.539,NFL_RUSHING_YARDS_V1
00-0038840,Brycen Tremayne,CAR,ARI,WR,2026,PRE,0,5.0,73.84,ELITE,18.539,NFL_RUSHING_YARDS_V1
00-0038840,Brycen Tremayne,CAR,ARI,WR,2026,PRE,0,10.0,64.28,ELITE,18.539,NFL_RUSHING_YARDS_V1
00-0038840,Brycen Tremayne,CAR,ARI,WR,2026,PRE,0,15.0,53.7,ELITE,18.539,NFL_RUSHING_YARDS_V1
00-0038840,Brycen Tremayne,CAR,ARI,WR,2026,PRE,0,20.0,42.98,ELITE,18.539,NFL_RUSHING_YARDS_V1
00-0038840,Brycen Tremayne,CAR,ARI,WR,2026,PRE,0,25.0,32.68,ELITE,18.539,NFL_RUSHING_YARDS_V1
00-0038840,Brycen Tremayne,CAR,ARI,WR,2026,PRE,0,30.0,23.48,ELITE,18.539,NFL_RUSHING_YARDS_V1
00-0038840,Brycen Tremayne,CAR,ARI,WR,2026,PRE,0,35.0,15.89,ELITE,18.539,NFL_RUSHING_YARDS_V1
00-0038840,Brycen Tremayne,CAR,ARI,WR,2026,PRE,0,40.0,10.23,ELITE,18.539,NFL_RUSHING_YARDS_V1
00-0038840,Brycen Tremayne,CAR,ARI,WR,2026,PRE,0,45.0,6.14,ELITE,18.539,NFL_RUSHING_YARDS_V1
00-0038840,Brycen Tremayne,CAR,ARI,WR,2026,PRE,0,50.0,3.56,ELITE,18.539,NFL_RUSHING_YARDS_V1
00-0038840,Brycen Tremayne,CAR,ARI,WR,2026,PRE,0,55.0,1.86,ELITE,18.539,NFL_RUSHING_YARDS_V1
00-0038840,Brycen Tremayne,CAR,ARI,WR,2026,PRE,0,60.0,0.91,ELITE,18.539,NFL_RUSHING_YARDS_V1
00-0038840,Brycen Tremayne,CAR,ARI,WR,2026,PRE,0,65.0,0.44,COIN FLIP,18.539,NFL_RUSHING_YARDS_V1
00-0038840,Brycen Tremayne,CAR,ARI,WR,2026,PRE,0,70.0,0.19,VERY LOW,18.539,NFL_RUSHING_YARDS_V1
00-0038840,Brycen Tremayne,CAR,ARI,WR,2026,PRE,0,75.0,0.07,VERY LOW,18.539,NFL_RUSHING_YARDS_V1
00-0038840,Brycen Tremayne,CAR,ARI,WR,2026,PRE,0,80.0,0.02,VERY LOW,18.539,NFL_RUSHING_YARDS_V1
00-0038840,Brycen Tremayne,CAR,ARI,WR,2026,PRE,0,85.0,0.01,VERY LOW,18.539,NFL_RUSHING_YARDS_V1
00-0038840,Brycen Tremayne,CAR,ARI,WR,2026,PRE,0,90.0,0.0,VERY LOW,18.539,NFL_RUSHING_YARDS_V1
00-0038840,Brycen Tremayne,CAR,ARI,WR,2026,PRE,0,95.0,0.0,VERY LOW,18.539,NFL_RUSHING_YARDS_V1
00-0038840,Brycen Tremayne,CAR,ARI,WR,2026,PRE,0,100.0,0.0,VERY LOW,18.539,NFL_RUSHING_YARDS_V1
00-0038840,Brycen Tremayne,CAR,ARI,WR,2026,PRE,0,105.0,0.0,VERY LOW,18.539,NFL_RUSHING_YARDS_V1
00-0038840,Brycen Tremayne,CAR,ARI,WR,2026,PRE,0,110.0,0.0,VERY LOW,18.539,NFL_RUSHING_YARDS_V1
00-0038840,Brycen Tremayne,CAR,ARI,WR,2026,PRE,0,115.0,0.0,VERY LOW,18.539,NFL_RUSHING_YARDS_V1
00-0038840,Brycen Tremayne,CAR,ARI,WR,2026,PRE,0,120.0,0.0,VERY LOW,18.539,NFL_RUSHING_YARDS_V1
00-0038840,Brycen Tremayne,CAR,ARI,WR,2026,PRE,0,125.0,0.0,VERY LOW,18.539,NFL_RUSHING_YARDS_V1
00-0038840,Brycen Tremayne,CAR,ARI,WR,2026,PRE,0,130.0,0.0,VERY LOW,18.539,NFL_RUSHING_YARDS_V1
00-0038840,Brycen Tremayne,CAR,ARI,WR,2026,PRE,0,135.0,0.0,VERY LOW,18.539,NFL_RUSHING_YARDS_V1
00-0038840,Brycen Tremayne,CAR,ARI,WR,2026,PRE,0,140.0,0.0,VERY LOW,18.539,NFL_RUSHING_YARDS_V1
00-0038840,Brycen Tremayne,CAR,ARI,WR,2026,PRE,0,145.0,0.0,VERY LOW,18.539,NFL_RUSHING_YARDS_V1
00-0038840,Brycen Tremayne,CAR,ARI,WR,2026,PRE,0,150.0,0.0,VERY LOW,18.539,NFL_RUSHING_YARDS_V1
00-0038840,Brycen Tremayne,CAR,ARI,WR,2026,PRE,0,155.0,0.0,VERY LOW,18.539,NFL_RUSHING_YARDS_V1
00-0038840,Brycen Tremayne,CAR,ARI,WR,2026,PRE,0,160.0,0.0,VERY LOW,18.539,NFL_RUSHING_YARDS_V1
00-0038840,Brycen Tremayne,CAR,ARI,WR,2026,PRE,0,165.0,0.0,VERY LOW,18.539,NFL_RUSHING_YARDS_V1
00-0038840,Brycen Tremayne,CAR,ARI,WR,2026,PRE,0,170.0,0.0,VERY LOW,18.539,NFL_RUSHING_YARDS_V1
00-0038840,Brycen Tremayne,CAR,ARI,WR,2026,PRE,0,175.0,0.0,VERY LOW,18.539,NFL_RUSHING_YARDS_V1
00-0038840,Brycen Tremayne,CAR,ARI,WR,2026,PRE,0,180.0,0.0,VERY LOW,18.539,NFL_RUSHING_YARDS_V1
00-0038840,Brycen Tremayne,CAR,ARI,WR,2026,PRE,0,185.0,0.0,VERY LOW,18.539,NFL_RUSHING_YARDS_V1
00-0038840,Brycen Tremayne,CAR,ARI,WR,2026,PRE,0,190.0,0.0,VERY LOW,18.539,NFL_RUSHING_YARDS_V1
00-0038840,Brycen Tremayne,CAR,ARI,WR,2026,PRE,0,195.0,0.0,VERY LOW,18.539,NFL_RUSHING_YARDS_V1
00-0038840,Brycen Tremayne,CAR,ARI,WR,2026,PRE,0,200.0,0.0,VERY LOW,18.539,NFL_RUSHING_YARDS_V1
00-0039150,Bryce Young,CAR,ARI,QB,2026,PRE,0,0.0,100.0,ELITE,13.976,NFL_RUSHING_YARDS_V1
00-0039150,Bryce Young,CAR,ARI,QB,2026,PRE,0,5.0,57.92,ELITE,13.976,NFL_RUSHING_YARDS_V1
00-0039150,Bryce Young,CAR,ARI,QB,2026,PRE,0,10.0,48.64,ELITE,13.976,NFL_RUSHING_YARDS_V1
00-0039150,Bryce Young,CAR,ARI,QB,2026,PRE,0,15.0,39.41,ELITE,13.976,NFL_RUSHING_YARDS_V1
00-0039150,Bryce Young,CAR,ARI,QB,2026,PRE,0,20.0,30.75,ELITE,13.976,NFL_RUSHING_YARDS_V1
00-0039150,Bryce Young,CAR,ARI,QB,2026,PRE,0,25.0,23.2,ELITE,13.976,NFL_RUSHING_YARDS_V1
00-0039150,Bryce Young,CAR,ARI,QB,2026,PRE,0,30.0,16.63,ELITE,13.976,NFL_RUSHING_YARDS_V1
00-0039150,Bryce Young,CAR,ARI,QB,2026,PRE,0,35.0,11.43,ELITE,13.976,NFL_RUSHING_YARDS_V1
00-0039150,Bryce Young,CAR,ARI,QB,2026,PRE,0,40.0,7.63,ELITE,13.976,NFL_RUSHING_YARDS_V1
00-0039150,Bryce Young,CAR,ARI,QB,2026,PRE,0,45.0,4.8,ELITE,13.976,NFL_RUSHING_YARDS_V1
00-0039150,Bryce Young,CAR,ARI,QB,2026,PRE,0,50.0,2.89,ELITE,13.976,NFL_RUSHING_YARDS_V1
00-0039150,Bryce Young,CAR,ARI,QB,2026,PRE,0,55.0,1.7,ELITE,13.976,NFL_RUSHING_YARDS_V1
00-0039150,Bryce Young,CAR,ARI,QB,2026,PRE,0,60.0,0.9,ELITE,13.976,NFL_RUSHING_YARDS_V1
00-0039150,Bryce Young,CAR,ARI,QB,2026,PRE,0,65.0,0.49,COIN FLIP,13.976,NFL_RUSHING_YARDS_V1
00-0039150,Bryce Young,CAR,ARI,QB,2026,PRE,0,70.0,0.24,VERY LOW,13.976,NFL_RUSHING_YARDS_V1
00-0039150,Bryce Young,CAR,ARI,QB,2026,PRE,0,75.0,0.1,VERY LOW,13.976,NFL_RUSHING_YARDS_V1
00-0039150,Bryce Young,CAR,ARI,QB,2026,PRE,0,80.0,0.06,VERY LOW,13.976,NFL_RUSHING_YARDS_V1
00-0039150,Bryce Young,CAR,ARI,QB,2026,PRE,0,85.0,0.02,VERY LOW,13.976,NFL_RUSHING_YARDS_V1
00-0039150,Bryce Young,CAR,ARI,QB,2026,PRE,0,90.0,0.01,VERY LOW,13.976,NFL_RUSHING_YARDS_V1
00-0039150,Bryce Young,CAR,ARI,QB,2026,PRE,0,95.0,0.0,VERY LOW,13.976,NFL_RUSHING_YARDS_V1
00-0039150,Bryce Young,CAR,ARI,QB,2026,PRE,0,100.0,0.0,VERY LOW,13.976,NFL_RUSHING_YARDS_V1
00-0039150,Bryce Young,CAR,ARI,QB,2026,PRE,0,105.0,0.0,VERY LOW,13.976,NFL_RUSHING_YARDS_V1
00-0039150,Bryce Young,CAR,ARI,QB,2026,PRE,0,110.0,0.0,VERY LOW,13.976,NFL_RUSHING_YARDS_V1
00-0039150,Bryce Young,CAR,ARI,QB,2026,PRE,0,115.0,0.0,VERY LOW,13.976,NFL_RUSHING_YARDS_V1
00-0039150,Bryce Young,CAR,ARI,QB,2026,PRE,0,120.0,0.0,VERY LOW,13.976,NFL_RUSHING_YARDS_V1
00-0039150,Bryce Young,CAR,ARI,QB,2026,PRE,0,125.0,0.0,VERY LOW,13.976,NFL_RUSHING_YARDS_V1
00-0039150,Bryce Young,CAR,ARI,QB,2026,PRE,0,130.0,0.0,VERY LOW,13.976,NFL_RUSHING_YARDS_V1
00-0039150,Bryce Young,CAR,ARI,QB,2026,PRE,0,135.0,0.0,VERY LOW,13.976,NFL_RUSHING_YARDS_V1
00-0039150,Bryce Young,CAR,ARI,QB,2026,PRE,0,140.0,0.0,VERY LOW,13.976,NFL_RUSHING_YARDS_V1
00-0039150,Bryce Young,CAR,ARI,QB,2026,PRE,0,145.0,0.0,VERY LOW,13.976,NFL_RUSHING_YARDS_V1
00-0039150,Bryce Young,CAR,ARI,QB,2026,PRE,0,150.0,0.0,VERY LOW,13.976,NFL_RUSHING_YARDS_V1
00-0039150,Bryce Young,CAR,ARI,QB,2026,PRE,0,155.0,0.0,VERY LOW,13.976,NFL_RUSHING_YARDS_V1
00-0039150,Bryce Young,CAR,ARI,QB,2026,PRE,0,160.0,0.0,VERY LOW,13.976,NFL_RUSHING_YARDS_V1
00-0039150,Bryce Young,CAR,ARI,QB,2026,PRE,0,165.0,0.0,VERY LOW,13.976,NFL_RUSHING_YARDS_V1
00-0039150,Bryce Young,CAR,ARI,QB,2026,PRE,0,170.0,0.0,VERY LOW,13.976,NFL_RUSHING_YARDS_V1
00-0039150,Bryce Young,CAR,ARI,QB,2026,PRE,0,175.0,0.0,VERY LOW,13.976,NFL_RUSHING_YARDS_V1
00-0039150,Bryce Young,CAR,ARI,QB,2026,PRE,0,180.0,0.0,VERY LOW,13.976,NFL_RUSHING_YARDS_V1
00-0039150,Bryce Young,CAR,ARI,QB,2026,PRE,0,185.0,0.0,VERY LOW,13.976,NFL_RUSHING_YARDS_V1
00-0039150,Bryce Young,CAR,ARI,QB,2026,PRE,0,190.0,0.0,VERY LOW,13.976,NFL_RUSHING_YARDS_V1
00-0039150,Bryce Young,CAR,ARI,QB,2026,PRE,0,195.0,0.0,VERY LOW,13.976,NFL_RUSHING_YARDS_V1
00-0039150,Bryce Young,CAR,ARI,QB,2026,PRE,0,200.0,0.0,VERY LOW,13.976,NFL_RUSHING_YARDS_V1
00-0039342,Xavier Legette,CAR,ARI,WR,2026,PRE,0,0.0,100.0,ELITE,12.181,NFL_RUSHING_YARDS_V1
00-0039342,Xavier Legette,CAR,ARI,WR,2026,PRE,0,5.0,93.59,ELITE,12.181,NFL_RUSHING_YARDS_V1
00-0039342,Xavier Legette,CAR,ARI,WR,2026,PRE,0,10.0,67.71,ELITE,12.181,NFL_RUSHING_YARDS_V1
00-0039342,Xavier Legette,CAR,ARI,WR,2026,PRE,0,15.0,27.46,ELITE,12.181,NFL_RUSHING_YARDS_V1
00-0039342,Xavier Legette,CAR,ARI,WR,2026,PRE,0,20.0,4.84,ELITE,12.181,NFL_RUSHING_YARDS_V1
00-0039342,Xavier Legette,CAR,ARI,WR,2026,PRE,0,25.0,0.32,LOW,12.181,NFL_RUSHING_YARDS_V1
00-0039342,Xavier Legette,CAR,ARI,WR,2026,PRE,0,30.0,0.01,VERY LOW,12.181,NFL_RUSHING_YARDS_V1
00-0039342,Xavier Legette,CAR,ARI,WR,2026,PRE,0,35.0,0.0,VERY LOW,12.181,NFL_RUSHING_YARDS_V1
00-0039342,Xavier Legette,CAR,ARI,WR,2026,PRE,0,40.0,0.0,VERY LOW,12.181,NFL_RUSHING_YARDS_V1
00-0039342,Xavier Legette,CAR,ARI,WR,2026,PRE,0,45.0,0.0,VERY LOW,12.181,NFL_RUSHING_YARDS_V1
00-0039342,Xavier Legette,CAR,ARI,WR,2026,PRE,0,50.0,0.0,VERY LOW,12.181,NFL_RUSHING_YARDS_V1
00-0039342,Xavier Legette,CAR,ARI,WR,2026,PRE,0,55.0,0.0,VERY LOW,12.181,NFL_RUSHING_YARDS_V1
00-0039342,Xavier Legette,CAR,ARI,WR,2026,PRE,0,60.0,0.0,VERY LOW,12.181,NFL_RUSHING_YARDS_V1
00-0039342,Xavier Legette,CAR,ARI,WR,2026,PRE,0,65.0,0.0,VERY LOW,12.181,NFL_RUSHING_YARDS_V1
00-0039342,Xavier Legette,CAR,ARI,WR,2026,PRE,0,70.0,0.0,VERY LOW,12.181,NFL_RUSHING_YARDS_V1
00-0039342,Xavier Legette,CAR,ARI,WR,2026,PRE,0,75.0,0.0,VERY LOW,12.181,NFL_RUSHING_YARDS_V1
00-0039342,Xavier Legette,CAR,ARI,WR,2026,PRE,0,80.0,0.0,VERY LOW,12.181,NFL_RUSHING_YARDS_V1
00-0039342,Xavier Legette,CAR,ARI,WR,2026,PRE,0,85.0,0.0,VERY LOW,12.181,NFL_RUSHING_YARDS_V1
00-0039342,Xavier Legette,CAR,ARI,WR,2026,PRE,0,90.0,0.0,VERY LOW,12.181,NFL_RUSHING_YARDS_V1
00-0039342,Xavier Legette,CAR,ARI,WR,2026,PRE,0,95.0,0.0,VERY LOW,12.181,NFL_RUSHING_YARDS_V1
00-0039342,Xavier Legette,CAR,ARI,WR,2026,PRE,0,100.0,0.0,VERY LOW,12.181,NFL_RUSHING_YARDS_V1
00-0039342,Xavier Legette,CAR,ARI,WR,2026,PRE,0,105.0,0.0,VERY LOW,12.181,NFL_RUSHING_YARDS_V1
00-0039342,Xavier Legette,CAR,ARI,WR,2026,PRE,0,110.0,0.0,VERY LOW,12.181,NFL_RUSHING_YARDS_V1
00-0039342,Xavier Legette,CAR,ARI,WR,2026,PRE,0,115.0,0.0,VERY LOW,12.181,NFL_RUSHING_YARDS_V1
00-0039342,Xavier Legette,CAR,ARI,WR,2026,PRE,0,120.0,0.0,VERY LOW,12.181,NFL_RUSHING_YARDS_V1
00-0039342,Xavier Legette,CAR,ARI,WR,2026,PRE,0,125.0,0.0,VERY LOW,12.181,NFL_RUSHING_YARDS_V1
00-0039342,Xavier Legette,CAR,ARI,WR,2026,PRE,0,130.0,0.0,VERY LOW,12.181,NFL_RUSHING_YARDS_V1
00-0039342,Xavier Legette,CAR,ARI,WR,2026,PRE,0,135.0,0.0,VERY LOW,12.181,NFL_RUSHING_YARDS_V1
00-0039342,Xavier Legette,CAR,ARI,WR,2026,PRE,0,140.0,0.0,VERY LOW,12.181,NFL_RUSHING_YARDS_V1
00-0039342,Xavier Legette,CAR,ARI,WR,2026,PRE,0,145.0,0.0,VERY LOW,12.181,NFL_RUSHING_YARDS_V1
00-0039342,Xavier Legette,CAR,ARI,WR,2026,PRE,0,150.0,0.0,VERY LOW,12.181,NFL_RUSHING_YARDS_V1
00-0039342,Xavier Legette,CAR,ARI,WR,2026,PRE,0,155.0,0.0,VERY LOW,12.181,NFL_RUSHING_YARDS_V1
00-0039342,Xavier Legette,CAR,ARI,WR,2026,PRE,0,160.0,0.0,VERY LOW,12.181,NFL_RUSHING_YARDS_V1
00-0039342,Xavier Legette,CAR,ARI,WR,2026,PRE,0,165.0,0.0,VERY LOW,12.181,NFL_RUSHING_YARDS_V1
00-0039342,Xavier Legette,CAR,ARI,WR,2026,PRE,0,170.0,0.0,VERY LOW,12.181,NFL_RUSHING_YARDS_V1
00-0039342,Xavier Legette,CAR,ARI,WR,2026,PRE,0,175.0,0.0,VERY LOW,12.181,NFL_RUSHING_YARDS_V1
00-0039342,Xavier Legette,CAR,ARI,WR,2026,PRE,0,180.0,0.0,VERY LOW,12.181,NFL_RUSHING_YARDS_V1
00-0039342,Xavier Legette,CAR,ARI,WR,2026,PRE,0,185.0,0.0,VERY LOW,12.181,NFL_RUSHING_YARDS_V1
00-0039342,Xavier Legette,CAR,ARI,WR,2026,PRE,0,190.0,0.0,VERY LOW,12.181,NFL_RUSHING_YARDS_V1
00-0039342,Xavier Legette,CAR,ARI,WR,2026,PRE,0,195.0,0.0,VERY LOW,12.181,NFL_RUSHING_YARDS_V1
00-0039342,Xavier Legette,CAR,ARI,WR,2026,PRE,0,200.0,0.0,VERY LOW,12.181,NFL_RUSHING_YARDS_V1
00-0039344,Jonathon Brooks,CAR,ARI,RB,2026,PRE,0,0.0,100.0,ELITE,18.342,NFL_RUSHING_YARDS_V1
00-0039344,Jonathon Brooks,CAR,ARI,RB,2026,PRE,0,5.0,85.28,ELITE,18.342,NFL_RUSHING_YARDS_V1
00-0039344,Jonathon Brooks,CAR,ARI,RB,2026,PRE,0,10.0,73.92,ELITE,18.342,NFL_RUSHING_YARDS_V1
00-0039344,Jonathon Brooks,CAR,ARI,RB,2026,PRE,0,15.0,59.38,ELITE,18.342,NFL_RUSHING_YARDS_V1
00-0039344,Jonathon Brooks,CAR,ARI,RB,2026,PRE,0,20.0,43.35,ELITE,18.342,NFL_RUSHING_YARDS_V1
00-0039344,Jonathon Brooks,CAR,ARI,RB,2026,PRE,0,25.0,28.34,ELITE,18.342,NFL_RUSHING_YARDS_V1
00-0039344,Jonathon Brooks,CAR,ARI,RB,2026,PRE,0,30.0,16.56,ELITE,18.342,NFL_RUSHING_YARDS_V1
00-0039344,Jonathon Brooks,CAR,ARI,RB,2026,PRE,0,35.0,8.33,ELITE,18.342,NFL_RUSHING_YARDS_V1
00-0039344,Jonathon Brooks,CAR,ARI,RB,2026,PRE,0,40.0,3.62,ELITE,18.342,NFL_RUSHING_YARDS_V1
00-0039344,Jonathon Brooks,CAR,ARI,RB,2026,PRE,0,45.0,1.47,ELITE,18.342,NFL_RUSHING_YARDS_V1
00-0039344,Jonathon Brooks,CAR,ARI,RB,2026,PRE,0,50.0,0.5,COIN FLIP,18.342,NFL_RUSHING_YARDS_V1
00-0039344,Jonathon Brooks,CAR,ARI,RB,2026,PRE,0,55.0,0.14,VERY LOW,18.342,NFL_RUSHING_YARDS_V1
00-0039344,Jonathon Brooks,CAR,ARI,RB,2026,PRE,0,60.0,0.03,VERY LOW,18.342,NFL_RUSHING_YARDS_V1
00-0039344,Jonathon Brooks,CAR,ARI,RB,2026,PRE,0,65.0,0.01,VERY LOW,18.342,NFL_RUSHING_YARDS_V1
00-0039344,Jonathon Brooks,CAR,ARI,RB,2026,PRE,0,70.0,0.0,VERY LOW,18.342,NFL_RUSHING_YARDS_V1
00-0039344,Jonathon Brooks,CAR,ARI,RB,2026,PRE,0,75.0,0.0,VERY LOW,18.342,NFL_RUSHING_YARDS_V1
00-0039344,Jonathon Brooks,CAR,ARI,RB,2026,PRE,0,80.0,0.0,VERY LOW,18.342,NFL_RUSHING_YARDS_V1
00-0039344,Jonathon Brooks,CAR,ARI,RB,2026,PRE,0,85.0,0.0,VERY LOW,18.342,NFL_RUSHING_YARDS_V1
00-0039344,Jonathon Brooks,CAR,ARI,RB,2026,PRE,0,90.0,0.0,VERY LOW,18.342,NFL_RUSHING_YARDS_V1
00-0039344,Jonathon Brooks,CAR,ARI,RB,2026,PRE,0,95.0,0.0,VERY LOW,18.342,NFL_RUSHING_YARDS_V1
00-0039344,Jonathon Brooks,CAR,ARI,RB,2026,PRE,0,100.0,0.0,VERY LOW,18.342,NFL_RUSHING_YARDS_V1
00-0039344,Jonathon Brooks,CAR,ARI,RB,2026,PRE,0,105.0,0.0,VERY LOW,18.342,NFL_RUSHING_YARDS_V1
00-0039344,Jonathon Brooks,CAR,ARI,RB,2026,PRE,0,110.0,0.0,VERY LOW,18.342,NFL_RUSHING_YARDS_V1
00-0039344,Jonathon Brooks,CAR,ARI,RB,2026,PRE,0,115.0,0.0,VERY LOW,18.342,NFL_RUSHING_YARDS_V1
00-0039344,Jonathon Brooks,CAR,ARI,RB,2026,PRE,0,120.0,0.0,VERY LOW,18.342,NFL_RUSHING_YARDS_V1
00-0039344,Jonathon Brooks,CAR,ARI,RB,2026,PRE,0,125.0,0.0,VERY LOW,18.342,NFL_RUSHING_YARDS_V1
00-0039344,Jonathon Brooks,CAR,ARI,RB,2026,PRE,0,130.0,0.0,VERY LOW,18.342,NFL_RUSHING_YARDS_V1
00-0039344,Jonathon Brooks,CAR,ARI,RB,2026,PRE,0,135.0,0.0,VERY LOW,18.342,NFL_RUSHING_YARDS_V1
00-0039344,Jonathon Brooks,CAR,ARI,RB,2026,PRE,0,140.0,0.0,VERY LOW,18.342,NFL_RUSHING_YARDS_V1
00-0039344,Jonathon Brooks,CAR,ARI,RB,2026,PRE,0,145.0,0.0,VERY LOW,18.342,NFL_RUSHING_YARDS_V1
00-0039344,Jonathon Brooks,CAR,ARI,RB,2026,PRE,0,150.0,0.0,VERY LOW,18.342,NFL_RUSHING_YARDS_V1
00-0039344,Jonathon Brooks,CAR,ARI,RB,2026,PRE,0,155.0,0.0,VERY LOW,18.342,NFL_RUSHING_YARDS_V1
00-0039344,Jonathon Brooks,CAR,ARI,RB,2026,PRE,0,160.0,0.0,VERY LOW,18.342,NFL_RUSHING_YARDS_V1
00-0039344,Jonathon Brooks,CAR,ARI,RB,2026,PRE,0,165.0,0.0,VERY LOW,18.342,NFL_RUSHING_YARDS_V1
00-0039344,Jonathon Brooks,CAR,ARI,RB,2026,PRE,0,170.0,0.0,VERY LOW,18.342,NFL_RUSHING_YARDS_V1
00-0039344,Jonathon Brooks,CAR,ARI,RB,2026,PRE,0,175.0,0.0,VERY LOW,18.342,NFL_RUSHING_YARDS_V1
00-0039344,Jonathon Brooks,CAR,ARI,RB,2026,PRE,0,180.0,0.0,VERY LOW,18.342,NFL_RUSHING_YARDS_V1
00-0039344,Jonathon Brooks,CAR,ARI,RB,2026,PRE,0,185.0,0.0,VERY LOW,18.342,NFL_RUSHING_YARDS_V1
00-0039344,Jonathon Brooks,CAR,ARI,RB,2026,PRE,0,190.0,0.0,VERY LOW,18.342,NFL_RUSHING_YARDS_V1
00-0039344,Jonathon Brooks,CAR,ARI,RB,2026,PRE,0,195.0,0.0,VERY LOW,18.342,NFL_RUSHING_YARDS_V1
00-0039344,Jonathon Brooks,CAR,ARI,RB,2026,PRE,0,200.0,0.0,VERY LOW,18.342,NFL_RUSHING_YARDS_V1
00-0039491,Jalen Coker,CAR,ARI,WR,2026,PRE,0,0.0,100.0,ELITE,23.576,NFL_RUSHING_YARDS_V1
00-0039491,Jalen Coker,CAR,ARI,WR,2026,PRE,0,5.0,83.03,ELITE,23.576,NFL_RUSHING_YARDS_V1
00-0039491,Jalen Coker,CAR,ARI,WR,2026,PRE,0,10.0,75.18,ELITE,23.576,NFL_RUSHING_YARDS_V1
00-0039491,Jalen Coker,CAR,ARI,WR,2026,PRE,0,15.0,65.95,ELITE,23.576,NFL_RUSHING_YARDS_V1
00-0039491,Jalen Coker,CAR,ARI,WR,2026,PRE,0,20.0,55.5,ELITE,23.576,NFL_RUSHING_YARDS_V1
00-0039491,Jalen Coker,CAR,ARI,WR,2026,PRE,0,25.0,44.78,ELITE,23.576,NFL_RUSHING_YARDS_V1
00-0039491,Jalen Coker,CAR,ARI,WR,2026,PRE,0,30.0,34.49,ELITE,23.576,NFL_RUSHING_YARDS_V1
00-0039491,Jalen Coker,CAR,ARI,WR,2026,PRE,0,35.0,25.14,ELITE,23.576,NFL_RUSHING_YARDS_V1
00-0039491,Jalen Coker,CAR,ARI,WR,2026,PRE,0,40.0,17.27,ELITE,23.576,NFL_RUSHING_YARDS_V1
00-0039491,Jalen Coker,CAR,ARI,WR,2026,PRE,0,45.0,11.2,ELITE,23.576,NFL_RUSHING_YARDS_V1
00-0039491,Jalen Coker,CAR,ARI,WR,2026,PRE,0,50.0,6.89,ELITE,23.576,NFL_RUSHING_YARDS_V1
00-0039491,Jalen Coker,CAR,ARI,WR,2026,PRE,0,55.0,3.94,ELITE,23.576,NFL_RUSHING_YARDS_V1
00-0039491,Jalen Coker,CAR,ARI,WR,2026,PRE,0,60.0,2.14,ELITE,23.576,NFL_RUSHING_YARDS_V1
00-0039491,Jalen Coker,CAR,ARI,WR,2026,PRE,0,65.0,1.05,ELITE,23.576,NFL_RUSHING_YARDS_V1
00-0039491,Jalen Coker,CAR,ARI,WR,2026,PRE,0,70.0,0.48,COIN FLIP,23.576,NFL_RUSHING_YARDS_V1
00-0039491,Jalen Coker,CAR,ARI,WR,2026,PRE,0,75.0,0.21,VERY LOW,23.576,NFL_RUSHING_YARDS_V1
00-0039491,Jalen Coker,CAR,ARI,WR,2026,PRE,0,80.0,0.08,VERY LOW,23.576,NFL_RUSHING_YARDS_V1
00-0039491,Jalen Coker,CAR,ARI,WR,2026,PRE,0,85.0,0.03,VERY LOW,23.576,NFL_RUSHING_YARDS_V1
00-0039491,Jalen Coker,CAR,ARI,WR,2026,PRE,0,90.0,0.01,VERY LOW,23.576,NFL_RUSHING_YARDS_V1
00-0039491,Jalen Coker,CAR,ARI,WR,2026,PRE,0,95.0,0.0,VERY LOW,23.576,NFL_RUSHING_YARDS_V1
00-0039491,Jalen Coker,CAR,ARI,WR,2026,PRE,0,100.0,0.0,VERY LOW,23.576,NFL_RUSHING_YARDS_V1
00-0039491,Jalen Coker,CAR,ARI,WR,2026,PRE,0,105.0,0.0,VERY LOW,23.576,NFL_RUSHING_YARDS_V1
00-0039491,Jalen Coker,CAR,ARI,WR,2026,PRE,0,110.0,0.0,VERY LOW,23.576,NFL_RUSHING_YARDS_V1
00-0039491,Jalen Coker,CAR,ARI,WR,2026,PRE,0,115.0,0.0,VERY LOW,23.576,NFL_RUSHING_YARDS_V1
00-0039491,Jalen Coker,CAR,ARI,WR,2026,PRE,0,120.0,0.0,VERY LOW,23.576,NFL_RUSHING_YARDS_V1
00-0039491,Jalen Coker,CAR,ARI,WR,2026,PRE,0,125.0,0.0,VERY LOW,23.576,NFL_RUSHING_YARDS_V1
00-0039491,Jalen Coker,CAR,ARI,WR,2026,PRE,0,130.0,0.0,VERY LOW,23.576,NFL_RUSHING_YARDS_V1
00-0039491,Jalen Coker,CAR,ARI,WR,2026,PRE,0,135.0,0.0,VERY LOW,23.576,NFL_RUSHING_YARDS_V1
00-0039491,Jalen Coker,CAR,ARI,WR,2026,PRE,0,140.0,0.0,VERY LOW,23.576,NFL_RUSHING_YARDS_V1
00-0039491,Jalen Coker,CAR,ARI,WR,2026,PRE,0,145.0,0.0,VERY LOW,23.576,NFL_RUSHING_YARDS_V1
00-0039491,Jalen Coker,CAR,ARI,WR,2026,PRE,0,150.0,0.0,VERY LOW,23.576,NFL_RUSHING_YARDS_V1
00-0039491,Jalen Coker,CAR,ARI,WR,2026,PRE,0,155.0,0.0,VERY LOW,23.576,NFL_RUSHING_YARDS_V1
00-0039491,Jalen Coker,CAR,ARI,WR,2026,PRE,0,160.0,0.0,VERY LOW,23.576,NFL_RUSHING_YARDS_V1
00-0039491,Jalen Coker,CAR,ARI,WR,2026,PRE,0,165.0,0.0,VERY LOW,23.576,NFL_RUSHING_YARDS_V1
00-0039491,Jalen Coker,CAR,ARI,WR,2026,PRE,0,170.0,0.0,VERY LOW,23.576,NFL_RUSHING_YARDS_V1
00-0039491,Jalen Coker,CAR,ARI,WR,2026,PRE,0,175.0,0.0,VERY LOW,23.576,NFL_RUSHING_YARDS_V1
00-0039491,Jalen Coker,CAR,ARI,WR,2026,PRE,0,180.0,0.0,VERY LOW,23.576,NFL_RUSHING_YARDS_V1
00-0039491,Jalen Coker,CAR,ARI,WR,2026,PRE,0,185.0,0.0,VERY LOW,23.576,NFL_RUSHING_YARDS_V1
00-0039491,Jalen Coker,CAR,ARI,WR,2026,PRE,0,190.0,0.0,VERY LOW,23.576,NFL_RUSHING_YARDS_V1
00-0039491,Jalen Coker,CAR,ARI,WR,2026,PRE,0,195.0,0.0,VERY LOW,23.576,NFL_RUSHING_YARDS_V1
00-0039491,Jalen Coker,CAR,ARI,WR,2026,PRE,0,200.0,0.0,VERY LOW,23.576,NFL_RUSHING_YARDS_V1
00-0039747,Ainias Smith,CAR,ARI,WR,2026,PRE,0,0.0,100.0,ELITE,18.877,NFL_RUSHING_YARDS_V1
00-0039747,Ainias Smith,CAR,ARI,WR,2026,PRE,0,5.0,99.83,ELITE,18.877,NFL_RUSHING_YARDS_V1
00-0039747,Ainias Smith,CAR,ARI,WR,2026,PRE,0,10.0,97.03,ELITE,18.877,NFL_RUSHING_YARDS_V1
00-0039747,Ainias Smith,CAR,ARI,WR,2026,PRE,0,15.0,79.54,ELITE,18.877,NFL_RUSHING_YARDS_V1
00-0039747,Ainias Smith,CAR,ARI,WR,2026,PRE,0,20.0,40.38,ELITE,18.877,NFL_RUSHING_YARDS_V1
00-0039747,Ainias Smith,CAR,ARI,WR,2026,PRE,0,25.0,9.69,ELITE,18.877,NFL_RUSHING_YARDS_V1
00-0039747,Ainias Smith,CAR,ARI,WR,2026,PRE,0,30.0,0.88,VERY HIGH,18.877,NFL_RUSHING_YARDS_V1
00-0039747,Ainias Smith,CAR,ARI,WR,2026,PRE,0,35.0,0.03,VERY LOW,18.877,NFL_RUSHING_YARDS_V1
00-0039747,Ainias Smith,CAR,ARI,WR,2026,PRE,0,40.0,0.0,VERY LOW,18.877,NFL_RUSHING_YARDS_V1
00-0039747,Ainias Smith,CAR,ARI,WR,2026,PRE,0,45.0,0.0,VERY LOW,18.877,NFL_RUSHING_YARDS_V1
00-0039747,Ainias Smith,CAR,ARI,WR,2026,PRE,0,50.0,0.0,VERY LOW,18.877,NFL_RUSHING_YARDS_V1
00-0039747,Ainias Smith,CAR,ARI,WR,2026,PRE,0,55.0,0.0,VERY LOW,18.877,NFL_RUSHING_YARDS_V1
00-0039747,Ainias Smith,CAR,ARI,WR,2026,PRE,0,60.0,0.0,VERY LOW,18.877,NFL_RUSHING_YARDS_V1
00-0039747,Ainias Smith,CAR,ARI,WR,2026,PRE,0,65.0,0.0,VERY LOW,18.877,NFL_RUSHING_YARDS_V1
00-0039747,Ainias Smith,CAR,ARI,WR,2026,PRE,0,70.0,0.0,VERY LOW,18.877,NFL_RUSHING_YARDS_V1
00-0039747,Ainias Smith,CAR,ARI,WR,2026,PRE,0,75.0,0.0,VERY LOW,18.877,NFL_RUSHING_YARDS_V1
00-0039747,Ainias Smith,CAR,ARI,WR,2026,PRE,0,80.0,0.0,VERY LOW,18.877,NFL_RUSHING_YARDS_V1
00-0039747,Ainias Smith,CAR,ARI,WR,2026,PRE,0,85.0,0.0,VERY LOW,18.877,NFL_RUSHING_YARDS_V1
00-0039747,Ainias Smith,CAR,ARI,WR,2026,PRE,0,90.0,0.0,VERY LOW,18.877,NFL_RUSHING_YARDS_V1
00-0039747,Ainias Smith,CAR,ARI,WR,2026,PRE,0,95.0,0.0,VERY LOW,18.877,NFL_RUSHING_YARDS_V1
00-0039747,Ainias Smith,CAR,ARI,WR,2026,PRE,0,100.0,0.0,VERY LOW,18.877,NFL_RUSHING_YARDS_V1
00-0039747,Ainias Smith,CAR,ARI,WR,2026,PRE,0,105.0,0.0,VERY LOW,18.877,NFL_RUSHING_YARDS_V1
00-0039747,Ainias Smith,CAR,ARI,WR,2026,PRE,0,110.0,0.0,VERY LOW,18.877,NFL_RUSHING_YARDS_V1
00-0039747,Ainias Smith,CAR,ARI,WR,2026,PRE,0,115.0,0.0,VERY LOW,18.877,NFL_RUSHING_YARDS_V1
00-0039747,Ainias Smith,CAR,ARI,WR,2026,PRE,0,120.0,0.0,VERY LOW,18.877,NFL_RUSHING_YARDS_V1
00-0039747,Ainias Smith,CAR,ARI,WR,2026,PRE,0,125.0,0.0,VERY LOW,18.877,NFL_RUSHING_YARDS_V1
00-0039747,Ainias Smith,CAR,ARI,WR,2026,PRE,0,130.0,0.0,VERY LOW,18.877,NFL_RUSHING_YARDS_V1
00-0039747,Ainias Smith,CAR,ARI,WR,2026,PRE,0,135.0,0.0,VERY LOW,18.877,NFL_RUSHING_YARDS_V1
00-0039747,Ainias Smith,CAR,ARI,WR,2026,PRE,0,140.0,0.0,VERY LOW,18.877,NFL_RUSHING_YARDS_V1
00-0039747,Ainias Smith,CAR,ARI,WR,2026,PRE,0,145.0,0.0,VERY LOW,18.877,NFL_RUSHING_YARDS_V1
00-0039747,Ainias Smith,CAR,ARI,WR,2026,PRE,0,150.0,0.0,VERY LOW,18.877,NFL_RUSHING_YARDS_V1
00-0039747,Ainias Smith,CAR,ARI,WR,2026,PRE,0,155.0,0.0,VERY LOW,18.877,NFL_RUSHING_YARDS_V1
00-0039747,Ainias Smith,CAR,ARI,WR,2026,PRE,0,160.0,0.0,VERY LOW,18.877,NFL_RUSHING_YARDS_V1
00-0039747,Ainias Smith,CAR,ARI,WR,2026,PRE,0,165.0,0.0,VERY LOW,18.877,NFL_RUSHING_YARDS_V1
00-0039747,Ainias Smith,CAR,ARI,WR,2026,PRE,0,170.0,0.0,VERY LOW,18.877,NFL_RUSHING_YARDS_V1
00-0039747,Ainias Smith,CAR,ARI,WR,2026,PRE,0,175.0,0.0,VERY LOW,18.877,NFL_RUSHING_YARDS_V1
00-0039747,Ainias Smith,CAR,ARI,WR,2026,PRE,0,180.0,0.0,VERY LOW,18.877,NFL_RUSHING_YARDS_V1
00-0039747,Ainias Smith,CAR,ARI,WR,2026,PRE,0,185.0,0.0,VERY LOW,18.877,NFL_RUSHING_YARDS_V1
00-0039747,Ainias Smith,CAR,ARI,WR,2026,PRE,0,190.0,0.0,VERY LOW,18.877,NFL_RUSHING_YARDS_V1
00-0039747,Ainias Smith,CAR,ARI,WR,2026,PRE,0,195.0,0.0,VERY LOW,18.877,NFL_RUSHING_YARDS_V1
00-0039747,Ainias Smith,CAR,ARI,WR,2026,PRE,0,200.0,0.0,VERY LOW,18.877,NFL_RUSHING_YARDS_V1
00-0040124,Tetairoa McMillan,CAR,ARI,WR,2026,PRE,0,0.0,100.0,ELITE,23.538,NFL_RUSHING_YARDS_V1
00-0040124,Tetairoa McMillan,CAR,ARI,WR,2026,PRE,0,5.0,83.07,ELITE,23.538,NFL_RUSHING_YARDS_V1
00-0040124,Tetairoa McMillan,CAR,ARI,WR,2026,PRE,0,10.0,75.27,ELITE,23.538,NFL_RUSHING_YARDS_V1
00-0040124,Tetairoa McMillan,CAR,ARI,WR,2026,PRE,0,15.0,65.82,ELITE,23.538,NFL_RUSHING_YARDS_V1
00-0040124,Tetairoa McMillan,CAR,ARI,WR,2026,PRE,0,20.0,55.45,ELITE,23.538,NFL_RUSHING_YARDS_V1
00-0040124,Tetairoa McMillan,CAR,ARI,WR,2026,PRE,0,25.0,44.67,ELITE,23.538,NFL_RUSHING_YARDS_V1
00-0040124,Tetairoa McMillan,CAR,ARI,WR,2026,PRE,0,30.0,34.25,ELITE,23.538,NFL_RUSHING_YARDS_V1
00-0040124,Tetairoa McMillan,CAR,ARI,WR,2026,PRE,0,35.0,24.95,ELITE,23.538,NFL_RUSHING_YARDS_V1
00-0040124,Tetairoa McMillan,CAR,ARI,WR,2026,PRE,0,40.0,17.19,ELITE,23.538,NFL_RUSHING_YARDS_V1
00-0040124,Tetairoa McMillan,CAR,ARI,WR,2026,PRE,0,45.0,11.14,ELITE,23.538,NFL_RUSHING_YARDS_V1
00-0040124,Tetairoa McMillan,CAR,ARI,WR,2026,PRE,0,50.0,6.75,ELITE,23.538,NFL_RUSHING_YARDS_V1
00-0040124,Tetairoa McMillan,CAR,ARI,WR,2026,PRE,0,55.0,3.93,ELITE,23.538,NFL_RUSHING_YARDS_V1
00-0040124,Tetairoa McMillan,CAR,ARI,WR,2026,PRE,0,60.0,2.15,ELITE,23.538,NFL_RUSHING_YARDS_V1
00-0040124,Tetairoa McMillan,CAR,ARI,WR,2026,PRE,0,65.0,1.1,ELITE,23.538,NFL_RUSHING_YARDS_V1
00-0040124,Tetairoa McMillan,CAR,ARI,WR,2026,PRE,0,70.0,0.52,LEAN,23.538,NFL_RUSHING_YARDS_V1
00-0040124,Tetairoa McMillan,CAR,ARI,WR,2026,PRE,0,75.0,0.23,VERY LOW,23.538,NFL_RUSHING_YARDS_V1
00-0040124,Tetairoa McMillan,CAR,ARI,WR,2026,PRE,0,80.0,0.1,VERY LOW,23.538,NFL_RUSHING_YARDS_V1
00-0040124,Tetairoa McMillan,CAR,ARI,WR,2026,PRE,0,85.0,0.04,VERY LOW,23.538,NFL_RUSHING_YARDS_V1
00-0040124,Tetairoa McMillan,CAR,ARI,WR,2026,PRE,0,90.0,0.02,VERY LOW,23.538,NFL_RUSHING_YARDS_V1
00-0040124,Tetairoa McMillan,CAR,ARI,WR,2026,PRE,0,95.0,0.01,VERY LOW,23.538,NFL_RUSHING_YARDS_V1
00-0040124,Tetairoa McMillan,CAR,ARI,WR,2026,PRE,0,100.0,0.0,VERY LOW,23.538,NFL_RUSHING_YARDS_V1
00-0040124,Tetairoa McMillan,CAR,ARI,WR,2026,PRE,0,105.0,0.0,VERY LOW,23.538,NFL_RUSHING_YARDS_V1
00-0040124,Tetairoa McMillan,CAR,ARI,WR,2026,PRE,0,110.0,0.0,VERY LOW,23.538,NFL_RUSHING_YARDS_V1
00-0040124,Tetairoa McMillan,CAR,ARI,WR,2026,PRE,0,115.0,0.0,VERY LOW,23.538,NFL_RUSHING_YARDS_V1
00-0040124,Tetairoa McMillan,CAR,ARI,WR,2026,PRE,0,120.0,0.0,VERY LOW,23.538,NFL_RUSHING_YARDS_V1
00-0040124,Tetairoa McMillan,CAR,ARI,WR,2026,PRE,0,125.0,0.0,VERY LOW,23.538,NFL_RUSHING_YARDS_V1
00-0040124,Tetairoa McMillan,CAR,ARI,WR,2026,PRE,0,130.0,0.0,VERY LOW,23.538,NFL_RUSHING_YARDS_V1
00-0040124,Tetairoa McMillan,CAR,ARI,WR,2026,PRE,0,135.0,0.0,VERY LOW,23.538,NFL_RUSHING_YARDS_V1
00-0040124,Tetairoa McMillan,CAR,ARI,WR,2026,PRE,0,140.0,0.0,VERY LOW,23.538,NFL_RUSHING_YARDS_V1
00-0040124,Tetairoa McMillan,CAR,ARI,WR,2026,PRE,0,145.0,0.0,VERY LOW,23.538,NFL_RUSHING_YARDS_V1
00-0040124,Tetairoa McMillan,CAR,ARI,WR,2026,PRE,0,150.0,0.0,VERY LOW,23.538,NFL_RUSHING_YARDS_V1
00-0040124,Tetairoa McMillan,CAR,ARI,WR,2026,PRE,0,155.0,0.0,VERY LOW,23.538,NFL_RUSHING_YARDS_V1
00-0040124,Tetairoa McMillan,CAR,ARI,WR,2026,PRE,0,160.0,0.0,VERY LOW,23.538,NFL_RUSHING_YARDS_V1
00-0040124,Tetairoa McMillan,CAR,ARI,WR,2026,PRE,0,165.0,0.0,VERY LOW,23.538,NFL_RUSHING_YARDS_V1
00-0040124,Tetairoa McMillan,CAR,ARI,WR,2026,PRE,0,170.0,0.0,VERY LOW,23.538,NFL_RUSHING_YARDS_V1
00-0040124,Tetairoa McMillan,CAR,ARI,WR,2026,PRE,0,175.0,0.0,VERY LOW,23.538,NFL_RUSHING_YARDS_V1
00-0040124,Tetairoa McMillan,CAR,ARI,WR,2026,PRE,0,180.0,0.0,VERY LOW,23.538,NFL_RUSHING_YARDS_V1
00-0040124,Tetairoa McMillan,CAR,ARI,WR,2026,PRE,0,185.0,0.0,VERY LOW,23.538,NFL_RUSHING_YARDS_V1
00-0040124,Tetairoa McMillan,CAR,ARI,WR,2026,PRE,0,190.0,0.0,VERY LOW,23.538,NFL_RUSHING_YARDS_V1
00-0040124,Tetairoa McMillan,CAR,ARI,WR,2026,PRE,0,195.0,0.0,VERY LOW,23.538,NFL_RUSHING_YARDS_V1
00-0040124,Tetairoa McMillan,CAR,ARI,WR,2026,PRE,0,200.0,0.0,VERY LOW,23.538,NFL_RUSHING_YARDS_V1
00-0040218,Jimmy Horn Jr.,CAR,ARI,WR,2026,PRE,0,0.0,100.0,ELITE,15.432,NFL_RUSHING_YARDS_V1
00-0040218,Jimmy Horn Jr.,CAR,ARI,WR,2026,PRE,0,5.0,89.97,ELITE,15.432,NFL_RUSHING_YARDS_V1
00-0040218,Jimmy Horn Jr.,CAR,ARI,WR,2026,PRE,0,10.0,74.71,ELITE,15.432,NFL_RUSHING_YARDS_V1
00-0040218,Jimmy Horn Jr.,CAR,ARI,WR,2026,PRE,0,15.0,51.89,ELITE,15.432,NFL_RUSHING_YARDS_V1
00-0040218,Jimmy Horn Jr.,CAR,ARI,WR,2026,PRE,0,20.0,28.01,ELITE,15.432,NFL_RUSHING_YARDS_V1
00-0040218,Jimmy Horn Jr.,CAR,ARI,WR,2026,PRE,0,25.0,11.6,ELITE,15.432,NFL_RUSHING_YARDS_V1
00-0040218,Jimmy Horn Jr.,CAR,ARI,WR,2026,PRE,0,30.0,3.43,ELITE,15.432,NFL_RUSHING_YARDS_V1
00-0040218,Jimmy Horn Jr.,CAR,ARI,WR,2026,PRE,0,35.0,0.7,SOLID,15.432,NFL_RUSHING_YARDS_V1
00-0040218,Jimmy Horn Jr.,CAR,ARI,WR,2026,PRE,0,40.0,0.12,VERY LOW,15.432,NFL_RUSHING_YARDS_V1
00-0040218,Jimmy Horn Jr.,CAR,ARI,WR,2026,PRE,0,45.0,0.01,VERY LOW,15.432,NFL_RUSHING_YARDS_V1
00-0040218,Jimmy Horn Jr.,CAR,ARI,WR,2026,PRE,0,50.0,0.0,VERY LOW,15.432,NFL_RUSHING_YARDS_V1
00-0040218,Jimmy Horn Jr.,CAR,ARI,WR,2026,PRE,0,55.0,0.0,VERY LOW,15.432,NFL_RUSHING_YARDS_V1
00-0040218,Jimmy Horn Jr.,CAR,ARI,WR,2026,PRE,0,60.0,0.0,VERY LOW,15.432,NFL_RUSHING_YARDS_V1
00-0040218,Jimmy Horn Jr.,CAR,ARI,WR,2026,PRE,0,65.0,0.0,VERY LOW,15.432,NFL_RUSHING_YARDS_V1
00-0040218,Jimmy Horn Jr.,CAR,ARI,WR,2026,PRE,0,70.0,0.0,VERY LOW,15.432,NFL_RUSHING_YARDS_V1
00-0040218,Jimmy Horn Jr.,CAR,ARI,WR,2026,PRE,0,75.0,0.0,VERY LOW,15.432,NFL_RUSHING_YARDS_V1
00-0040218,Jimmy Horn Jr.,CAR,ARI,WR,2026,PRE,0,80.0,0.0,VERY LOW,15.432,NFL_RUSHING_YARDS_V1
00-0040218,Jimmy Horn Jr.,CAR,ARI,WR,2026,PRE,0,85.0,0.0,VERY LOW,15.432,NFL_RUSHING_YARDS_V1
00-0040218,Jimmy Horn Jr.,CAR,ARI,WR,2026,PRE,0,90.0,0.0,VERY LOW,15.432,NFL_RUSHING_YARDS_V1
00-0040218,Jimmy Horn Jr.,CAR,ARI,WR,2026,PRE,0,95.0,0.0,VERY LOW,15.432,NFL_RUSHING_YARDS_V1
00-0040218,Jimmy Horn Jr.,CAR,ARI,WR,2026,PRE,0,100.0,0.0,VERY LOW,15.432,NFL_RUSHING_YARDS_V1
00-0040218,Jimmy Horn Jr.,CAR,ARI,WR,2026,PRE,0,105.0,0.0,VERY LOW,15.432,NFL_RUSHING_YARDS_V1
00-0040218,Jimmy Horn Jr.,CAR,ARI,WR,2026,PRE,0,110.0,0.0,VERY LOW,15.432,NFL_RUSHING_YARDS_V1
00-0040218,Jimmy Horn Jr.,CAR,ARI,WR,2026,PRE,0,115.0,0.0,VERY LOW,15.432,NFL_RUSHING_YARDS_V1
00-0040218,Jimmy Horn Jr.,CAR,ARI,WR,2026,PRE,0,120.0,0.0,VERY LOW,15.432,NFL_RUSHING_YARDS_V1
00-0040218,Jimmy Horn Jr.,CAR,ARI,WR,2026,PRE,0,125.0,0.0,VERY LOW,15.432,NFL_RUSHING_YARDS_V1
00-0040218,Jimmy Horn Jr.,CAR,ARI,WR,2026,PRE,0,130.0,0.0,VERY LOW,15.432,NFL_RUSHING_YARDS_V1
00-0040218,Jimmy Horn Jr.,CAR,ARI,WR,2026,PRE,0,135.0,0.0,VERY LOW,15.432,NFL_RUSHING_YARDS_V1
00-0040218,Jimmy Horn Jr.,CAR,ARI,WR,2026,PRE,0,140.0,0.0,VERY LOW,15.432,NFL_RUSHING_YARDS_V1
00-0040218,Jimmy Horn Jr.,CAR,ARI,WR,2026,PRE,0,145.0,0.0,VERY LOW,15.432,NFL_RUSHING_YARDS_V1
00-0040218,Jimmy Horn Jr.,CAR,ARI,WR,2026,PRE,0,150.0,0.0,VERY LOW,15.432,NFL_RUSHING_YARDS_V1
00-0040218,Jimmy Horn Jr.,CAR,ARI,WR,2026,PRE,0,155.0,0.0,VERY LOW,15.432,NFL_RUSHING_YARDS_V1
00-0040218,Jimmy Horn Jr.,CAR,ARI,WR,2026,PRE,0,160.0,0.0,VERY LOW,15.432,NFL_RUSHING_YARDS_V1
00-0040218,Jimmy Horn Jr.,CAR,ARI,WR,2026,PRE,0,165.0,0.0,VERY LOW,15.432,NFL_RUSHING_YARDS_V1
00-0040218,Jimmy Horn Jr.,CAR,ARI,WR,2026,PRE,0,170.0,0.0,VERY LOW,15.432,NFL_RUSHING_YARDS_V1
00-0040218,Jimmy Horn Jr.,CAR,ARI,WR,2026,PRE,0,175.0,0.0,VERY LOW,15.432,NFL_RUSHING_YARDS_V1
00-0040218,Jimmy Horn Jr.,CAR,ARI,WR,2026,PRE,0,180.0,0.0,VERY LOW,15.432,NFL_RUSHING_YARDS_V1
00-0040218,Jimmy Horn Jr.,CAR,ARI,WR,2026,PRE,0,185.0,0.0,VERY LOW,15.432,NFL_RUSHING_YARDS_V1
00-0040218,Jimmy Horn Jr.,CAR,ARI,WR,2026,PRE,0,190.0,0.0,VERY LOW,15.432,NFL_RUSHING_YARDS_V1
00-0040218,Jimmy Horn Jr.,CAR,ARI,WR,2026,PRE,0,195.0,0.0,VERY LOW,15.432,NFL_RUSHING_YARDS_V1
00-0040218,Jimmy Horn Jr.,CAR,ARI,WR,2026,PRE,0,200.0,0.0,VERY LOW,15.432,NFL_RUSHING_YARDS_V1
00-0040265,Ja'Seem Reed,CAR,ARI,WR,2026,PRE,0,0.0,100.0,ELITE,23.515,NFL_RUSHING_YARDS_V1
00-0040265,Ja'Seem Reed,CAR,ARI,WR,2026,PRE,0,5.0,82.8,ELITE,23.515,NFL_RUSHING_YARDS_V1
00-0040265,Ja'Seem Reed,CAR,ARI,WR,2026,PRE,0,10.0,75.01,ELITE,23.515,NFL_RUSHING_YARDS_V1
00-0040265,Ja'Seem Reed,CAR,ARI,WR,2026,PRE,0,15.0,65.69,ELITE,23.515,NFL_RUSHING_YARDS_V1
00-0040265,Ja'Seem Reed,CAR,ARI,WR,2026,PRE,0,20.0,55.55,ELITE,23.515,NFL_RUSHING_YARDS_V1
00-0040265,Ja'Seem Reed,CAR,ARI,WR,2026,PRE,0,25.0,44.75,ELITE,23.515,NFL_RUSHING_YARDS_V1
00-0040265,Ja'Seem Reed,CAR,ARI,WR,2026,PRE,0,30.0,34.39,ELITE,23.515,NFL_RUSHING_YARDS_V1
00-0040265,Ja'Seem Reed,CAR,ARI,WR,2026,PRE,0,35.0,24.98,ELITE,23.515,NFL_RUSHING_YARDS_V1
00-0040265,Ja'Seem Reed,CAR,ARI,WR,2026,PRE,0,40.0,17.25,ELITE,23.515,NFL_RUSHING_YARDS_V1
00-0040265,Ja'Seem Reed,CAR,ARI,WR,2026,PRE,0,45.0,11.19,ELITE,23.515,NFL_RUSHING_YARDS_V1
00-0040265,Ja'Seem Reed,CAR,ARI,WR,2026,PRE,0,50.0,6.84,ELITE,23.515,NFL_RUSHING_YARDS_V1
00-0040265,Ja'Seem Reed,CAR,ARI,WR,2026,PRE,0,55.0,3.92,ELITE,23.515,NFL_RUSHING_YARDS_V1
00-0040265,Ja'Seem Reed,CAR,ARI,WR,2026,PRE,0,60.0,2.05,ELITE,23.515,NFL_RUSHING_YARDS_V1
00-0040265,Ja'Seem Reed,CAR,ARI,WR,2026,PRE,0,65.0,1.04,ELITE,23.515,NFL_RUSHING_YARDS_V1
00-0040265,Ja'Seem Reed,CAR,ARI,WR,2026,PRE,0,70.0,0.5,LEAN,23.515,NFL_RUSHING_YARDS_V1
00-0040265,Ja'Seem Reed,CAR,ARI,WR,2026,PRE,0,75.0,0.21,VERY LOW,23.515,NFL_RUSHING_YARDS_V1
00-0040265,Ja'Seem Reed,CAR,ARI,WR,2026,PRE,0,80.0,0.1,VERY LOW,23.515,NFL_RUSHING_YARDS_V1
00-0040265,Ja'Seem Reed,CAR,ARI,WR,2026,PRE,0,85.0,0.04,VERY LOW,23.515,NFL_RUSHING_YARDS_V1
00-0040265,Ja'Seem Reed,CAR,ARI,WR,2026,PRE,0,90.0,0.01,VERY LOW,23.515,NFL_RUSHING_YARDS_V1
00-0040265,Ja'Seem Reed,CAR,ARI,WR,2026,PRE,0,95.0,0.01,VERY LOW,23.515,NFL_RUSHING_YARDS_V1
00-0040265,Ja'Seem Reed,CAR,ARI,WR,2026,PRE,0,100.0,0.0,VERY LOW,23.515,NFL_RUSHING_YARDS_V1
00-0040265,Ja'Seem Reed,CAR,ARI,WR,2026,PRE,0,105.0,0.0,VERY LOW,23.515,NFL_RUSHING_YARDS_V1
00-0040265,Ja'Seem Reed,CAR,ARI,WR,2026,PRE,0,110.0,0.0,VERY LOW,23.515,NFL_RUSHING_YARDS_V1
00-0040265,Ja'Seem Reed,CAR,ARI,WR,2026,PRE,0,115.0,0.0,VERY LOW,23.515,NFL_RUSHING_YARDS_V1
00-0040265,Ja'Seem Reed,CAR,ARI,WR,2026,PRE,0,120.0,0.0,VERY LOW,23.515,NFL_RUSHING_YARDS_V1
00-0040265,Ja'Seem Reed,CAR,ARI,WR,2026,PRE,0,125.0,0.0,VERY LOW,23.515,NFL_RUSHING_YARDS_V1
00-0040265,Ja'Seem Reed,CAR,ARI,WR,2026,PRE,0,130.0,0.0,VERY LOW,23.515,NFL_RUSHING_YARDS_V1
00-0040265,Ja'Seem Reed,CAR,ARI,WR,2026,PRE,0,135.0,0.0,VERY LOW,23.515,NFL_RUSHING_YARDS_V1
00-0040265,Ja'Seem Reed,CAR,ARI,WR,2026,PRE,0,140.0,0.0,VERY LOW,23.515,NFL_RUSHING_YARDS_V1
00-0040265,Ja'Seem Reed,CAR,ARI,WR,2026,PRE,0,145.0,0.0,VERY LOW,23.515,NFL_RUSHING_YARDS_V1
00-0040265,Ja'Seem Reed,CAR,ARI,WR,2026,PRE,0,150.0,0.0,VERY LOW,23.515,NFL_RUSHING_YARDS_V1
00-0040265,Ja'Seem Reed,CAR,ARI,WR,2026,PRE,0,155.0,0.0,VERY LOW,23.515,NFL_RUSHING_YARDS_V1
00-0040265,Ja'Seem Reed,CAR,ARI,WR,2026,PRE,0,160.0,0.0,VERY LOW,23.515,NFL_RUSHING_YARDS_V1
00-0040265,Ja'Seem Reed,CAR,ARI,WR,2026,PRE,0,165.0,0.0,VERY LOW,23.515,NFL_RUSHING_YARDS_V1
00-0040265,Ja'Seem Reed,CAR,ARI,WR,2026,PRE,0,170.0,0.0,VERY LOW,23.515,NFL_RUSHING_YARDS_V1
00-0040265,Ja'Seem Reed,CAR,ARI,WR,2026,PRE,0,175.0,0.0,VERY LOW,23.515,NFL_RUSHING_YARDS_V1
00-0040265,Ja'Seem Reed,CAR,ARI,WR,2026,PRE,0,180.0,0.0,VERY LOW,23.515,NFL_RUSHING_YARDS_V1
00-0040265,Ja'Seem Reed,CAR,ARI,WR,2026,PRE,0,185.0,0.0,VERY LOW,23.515,NFL_RUSHING_YARDS_V1
00-0040265,Ja'Seem Reed,CAR,ARI,WR,2026,PRE,0,190.0,0.0,VERY LOW,23.515,NFL_RUSHING_YARDS_V1
00-0040265,Ja'Seem Reed,CAR,ARI,WR,2026,PRE,0,195.0,0.0,VERY LOW,23.515,NFL_RUSHING_YARDS_V1
00-0040265,Ja'Seem Reed,CAR,ARI,WR,2026,PRE,0,200.0,0.0,VERY LOW,23.515,NFL_RUSHING_YARDS_V1
00-0040394,Anthony Tyus III,CAR,ARI,RB,2026,PRE,0,0.0,100.0,ELITE,23.582,NFL_RUSHING_YARDS_V1
00-0040394,Anthony Tyus III,CAR,ARI,RB,2026,PRE,0,5.0,82.97,ELITE,23.582,NFL_RUSHING_YARDS_V1
00-0040394,Anthony Tyus III,CAR,ARI,RB,2026,PRE,0,10.0,75.31,ELITE,23.582,NFL_RUSHING_YARDS_V1
00-0040394,Anthony Tyus III,CAR,ARI,RB,2026,PRE,0,15.0,66.1,ELITE,23.582,NFL_RUSHING_YARDS_V1
00-0040394,Anthony Tyus III,CAR,ARI,RB,2026,PRE,0,20.0,55.62,ELITE,23.582,NFL_RUSHING_YARDS_V1
00-0040394,Anthony Tyus III,CAR,ARI,RB,2026,PRE,0,25.0,44.7,ELITE,23.582,NFL_RUSHING_YARDS_V1
00-0040394,Anthony Tyus III,CAR,ARI,RB,2026,PRE,0,30.0,34.22,ELITE,23.582,NFL_RUSHING_YARDS_V1
00-0040394,Anthony Tyus III,CAR,ARI,RB,2026,PRE,0,35.0,25.0,ELITE,23.582,NFL_RUSHING_YARDS_V1
00-0040394,Anthony Tyus III,CAR,ARI,RB,2026,PRE,0,40.0,17.31,ELITE,23.582,NFL_RUSHING_YARDS_V1
00-0040394,Anthony Tyus III,CAR,ARI,RB,2026,PRE,0,45.0,11.29,ELITE,23.582,NFL_RUSHING_YARDS_V1
00-0040394,Anthony Tyus III,CAR,ARI,RB,2026,PRE,0,50.0,6.88,ELITE,23.582,NFL_RUSHING_YARDS_V1
00-0040394,Anthony Tyus III,CAR,ARI,RB,2026,PRE,0,55.0,3.99,ELITE,23.582,NFL_RUSHING_YARDS_V1
00-0040394,Anthony Tyus III,CAR,ARI,RB,2026,PRE,0,60.0,2.17,ELITE,23.582,NFL_RUSHING_YARDS_V1
00-0040394,Anthony Tyus III,CAR,ARI,RB,2026,PRE,0,65.0,1.12,ELITE,23.582,NFL_RUSHING_YARDS_V1
00-0040394,Anthony Tyus III,CAR,ARI,RB,2026,PRE,0,70.0,0.51,LEAN,23.582,NFL_RUSHING_YARDS_V1
00-0040394,Anthony Tyus III,CAR,ARI,RB,2026,PRE,0,75.0,0.21,VERY LOW,23.582,NFL_RUSHING_YARDS_V1
00-0040394,Anthony Tyus III,CAR,ARI,RB,2026,PRE,0,80.0,0.09,VERY LOW,23.582,NFL_RUSHING_YARDS_V1
00-0040394,Anthony Tyus III,CAR,ARI,RB,2026,PRE,0,85.0,0.04,VERY LOW,23.582,NFL_RUSHING_YARDS_V1
00-0040394,Anthony Tyus III,CAR,ARI,RB,2026,PRE,0,90.0,0.01,VERY LOW,23.582,NFL_RUSHING_YARDS_V1
00-0040394,Anthony Tyus III,CAR,ARI,RB,2026,PRE,0,95.0,0.01,VERY LOW,23.582,NFL_RUSHING_YARDS_V1
00-0040394,Anthony Tyus III,CAR,ARI,RB,2026,PRE,0,100.0,0.0,VERY LOW,23.582,NFL_RUSHING_YARDS_V1
00-0040394,Anthony Tyus III,CAR,ARI,RB,2026,PRE,0,105.0,0.0,VERY LOW,23.582,NFL_RUSHING_YARDS_V1
00-0040394,Anthony Tyus III,CAR,ARI,RB,2026,PRE,0,110.0,0.0,VERY LOW,23.582,NFL_RUSHING_YARDS_V1
00-0040394,Anthony Tyus III,CAR,ARI,RB,2026,PRE,0,115.0,0.0,VERY LOW,23.582,NFL_RUSHING_YARDS_V1
00-0040394,Anthony Tyus III,CAR,ARI,RB,2026,PRE,0,120.0,0.0,VERY LOW,23.582,NFL_RUSHING_YARDS_V1
00-0040394,Anthony Tyus III,CAR,ARI,RB,2026,PRE,0,125.0,0.0,VERY LOW,23.582,NFL_RUSHING_YARDS_V1
00-0040394,Anthony Tyus III,CAR,ARI,RB,2026,PRE,0,130.0,0.0,VERY LOW,23.582,NFL_RUSHING_YARDS_V1
00-0040394,Anthony Tyus III,CAR,ARI,RB,2026,PRE,0,135.0,0.0,VERY LOW,23.582,NFL_RUSHING_YARDS_V1
00-0040394,Anthony Tyus III,CAR,ARI,RB,2026,PRE,0,140.0,0.0,VERY LOW,23.582,NFL_RUSHING_YARDS_V1
00-0040394,Anthony Tyus III,CAR,ARI,RB,2026,PRE,0,145.0,0.0,VERY LOW,23.582,NFL_RUSHING_YARDS_V1
00-0040394,Anthony Tyus III,CAR,ARI,RB,2026,PRE,0,150.0,0.0,VERY LOW,23.582,NFL_RUSHING_YARDS_V1
00-0040394,Anthony Tyus III,CAR,ARI,RB,2026,PRE,0,155.0,0.0,VERY LOW,23.582,NFL_RUSHING_YARDS_V1
00-0040394,Anthony Tyus III,CAR,ARI,RB,2026,PRE,0,160.0,0.0,VERY LOW,23.582,NFL_RUSHING_YARDS_V1
00-0040394,Anthony Tyus III,CAR,ARI,RB,2026,PRE,0,165.0,0.0,VERY LOW,23.582,NFL_RUSHING_YARDS_V1
00-0040394,Anthony Tyus III,CAR,ARI,RB,2026,PRE,0,170.0,0.0,VERY LOW,23.582,NFL_RUSHING_YARDS_V1
00-0040394,Anthony Tyus III,CAR,ARI,RB,2026,PRE,0,175.0,0.0,VERY LOW,23.582,NFL_RUSHING_YARDS_V1
00-0040394,Anthony Tyus III,CAR,ARI,RB,2026,PRE,0,180.0,0.0,VERY LOW,23.582,NFL_RUSHING_YARDS_V1
00-0040394,Anthony Tyus III,CAR,ARI,RB,2026,PRE,0,185.0,0.0,VERY LOW,23.582,NFL_RUSHING_YARDS_V1
00-0040394,Anthony Tyus III,CAR,ARI,RB,2026,PRE,0,190.0,0.0,VERY LOW,23.582,NFL_RUSHING_YARDS_V1
00-0040394,Anthony Tyus III,CAR,ARI,RB,2026,PRE,0,195.0,0.0,VERY LOW,23.582,NFL_RUSHING_YARDS_V1
00-0040394,Anthony Tyus III,CAR,ARI,RB,2026,PRE,0,200.0,0.0,VERY LOW,23.582,NFL_RUSHING_YARDS_V1
00-0040644,Trevor Etienne,CAR,ARI,RB,2026,PRE,0,0.0,100.0,ELITE,17.852,NFL_RUSHING_YARDS_V1
00-0040644,Trevor Etienne,CAR,ARI,RB,2026,PRE,0,5.0,81.5,ELITE,17.852,NFL_RUSHING_YARDS_V1
00-0040644,Trevor Etienne,CAR,ARI,RB,2026,PRE,0,10.0,70.04,ELITE,17.852,NFL_RUSHING_YARDS_V1
00-0040644,Trevor Etienne,CAR,ARI,RB,2026,PRE,0,15.0,56.32,ELITE,17.852,NFL_RUSHING_YARDS_V1
00-0040644,Trevor Etienne,CAR,ARI,RB,2026,PRE,0,20.0,41.68,ELITE,17.852,NFL_RUSHING_YARDS_V1
00-0040644,Trevor Etienne,CAR,ARI,RB,2026,PRE,0,25.0,28.32,ELITE,17.852,NFL_RUSHING_YARDS_V1
00-0040644,Trevor Etienne,CAR,ARI,RB,2026,PRE,0,30.0,17.35,ELITE,17.852,NFL_RUSHING_YARDS_V1
00-0040644,Trevor Etienne,CAR,ARI,RB,2026,PRE,0,35.0,9.55,ELITE,17.852,NFL_RUSHING_YARDS_V1
00-0040644,Trevor Etienne,CAR,ARI,RB,2026,PRE,0,40.0,4.69,ELITE,17.852,NFL_RUSHING_YARDS_V1
00-0040644,Trevor Etienne,CAR,ARI,RB,2026,PRE,0,45.0,2.07,ELITE,17.852,NFL_RUSHING_YARDS_V1
00-0040644,Trevor Etienne,CAR,ARI,RB,2026,PRE,0,50.0,0.82,VERY HIGH,17.852,NFL_RUSHING_YARDS_V1
00-0040644,Trevor Etienne,CAR,ARI,RB,2026,PRE,0,55.0,0.29,LOW,17.852,NFL_RUSHING_YARDS_V1
00-0040644,Trevor Etienne,CAR,ARI,RB,2026,PRE,0,60.0,0.09,VERY LOW,17.852,NFL_RUSHING_YARDS_V1
00-0040644,Trevor Etienne,CAR,ARI,RB,2026,PRE,0,65.0,0.02,VERY LOW,17.852,NFL_RUSHING_YARDS_V1
00-0040644,Trevor Etienne,CAR,ARI,RB,2026,PRE,0,70.0,0.0,VERY LOW,17.852,NFL_RUSHING_YARDS_V1
00-0040644,Trevor Etienne,CAR,ARI,RB,2026,PRE,0,75.0,0.0,VERY LOW,17.852,NFL_RUSHING_YARDS_V1
00-0040644,Trevor Etienne,CAR,ARI,RB,2026,PRE,0,80.0,0.0,VERY LOW,17.852,NFL_RUSHING_YARDS_V1
00-0040644,Trevor Etienne,CAR,ARI,RB,2026,PRE,0,85.0,0.0,VERY LOW,17.852,NFL_RUSHING_YARDS_V1
00-0040644,Trevor Etienne,CAR,ARI,RB,2026,PRE,0,90.0,0.0,VERY LOW,17.852,NFL_RUSHING_YARDS_V1
00-0040644,Trevor Etienne,CAR,ARI,RB,2026,PRE,0,95.0,0.0,VERY LOW,17.852,NFL_RUSHING_YARDS_V1
00-0040644,Trevor Etienne,CAR,ARI,RB,2026,PRE,0,100.0,0.0,VERY LOW,17.852,NFL_RUSHING_YARDS_V1
00-0040644,Trevor Etienne,CAR,ARI,RB,2026,PRE,0,105.0,0.0,VERY LOW,17.852,NFL_RUSHING_YARDS_V1
00-0040644,Trevor Etienne,CAR,ARI,RB,2026,PRE,0,110.0,0.0,VERY LOW,17.852,NFL_RUSHING_YARDS_V1
00-0040644,Trevor Etienne,CAR,ARI,RB,2026,PRE,0,115.0,0.0,VERY LOW,17.852,NFL_RUSHING_YARDS_V1
00-0040644,Trevor Etienne,CAR,ARI,RB,2026,PRE,0,120.0,0.0,VERY LOW,17.852,NFL_RUSHING_YARDS_V1
00-0040644,Trevor Etienne,CAR,ARI,RB,2026,PRE,0,125.0,0.0,VERY LOW,17.852,NFL_RUSHING_YARDS_V1
00-0040644,Trevor Etienne,CAR,ARI,RB,2026,PRE,0,130.0,0.0,VERY LOW,17.852,NFL_RUSHING_YARDS_V1
00-0040644,Trevor Etienne,CAR,ARI,RB,2026,PRE,0,135.0,0.0,VERY LOW,17.852,NFL_RUSHING_YARDS_V1
00-0040644,Trevor Etienne,CAR,ARI,RB,2026,PRE,0,140.0,0.0,VERY LOW,17.852,NFL_RUSHING_YARDS_V1
00-0040644,Trevor Etienne,CAR,ARI,RB,2026,PRE,0,145.0,0.0,VERY LOW,17.852,NFL_RUSHING_YARDS_V1
00-0040644,Trevor Etienne,CAR,ARI,RB,2026,PRE,0,150.0,0.0,VERY LOW,17.852,NFL_RUSHING_YARDS_V1
00-0040644,Trevor Etienne,CAR,ARI,RB,2026,PRE,0,155.0,0.0,VERY LOW,17.852,NFL_RUSHING_YARDS_V1
00-0040644,Trevor Etienne,CAR,ARI,RB,2026,PRE,0,160.0,0.0,VERY LOW,17.852,NFL_RUSHING_YARDS_V1
00-0040644,Trevor Etienne,CAR,ARI,RB,2026,PRE,0,165.0,0.0,VERY LOW,17.852,NFL_RUSHING_YARDS_V1
00-0040644,Trevor Etienne,CAR,ARI,RB,2026,PRE,0,170.0,0.0,VERY LOW,17.852,NFL_RUSHING_YARDS_V1
00-0040644,Trevor Etienne,CAR,ARI,RB,2026,PRE,0,175.0,0.0,VERY LOW,17.852,NFL_RUSHING_YARDS_V1
00-0040644,Trevor Etienne,CAR,ARI,RB,2026,PRE,0,180.0,0.0,VERY LOW,17.852,NFL_RUSHING_YARDS_V1
00-0040644,Trevor Etienne,CAR,ARI,RB,2026,PRE,0,185.0,0.0,VERY LOW,17.852,NFL_RUSHING_YARDS_V1
00-0040644,Trevor Etienne,CAR,ARI,RB,2026,PRE,0,190.0,0.0,VERY LOW,17.852,NFL_RUSHING_YARDS_V1
00-0040644,Trevor Etienne,CAR,ARI,RB,2026,PRE,0,195.0,0.0,VERY LOW,17.852,NFL_RUSHING_YARDS_V1
00-0040644,Trevor Etienne,CAR,ARI,RB,2026,PRE,0,200.0,0.0,VERY LOW,17.852,NFL_RUSHING_YARDS_V1
00-0041047,Chris Brazzell,CAR,ARI,WR,2026,PRE,0,0.0,100.0,ELITE,23.558,NFL_RUSHING_YARDS_V1
00-0041047,Chris Brazzell,CAR,ARI,WR,2026,PRE,0,5.0,83.04,ELITE,23.558,NFL_RUSHING_YARDS_V1
00-0041047,Chris Brazzell,CAR,ARI,WR,2026,PRE,0,10.0,75.21,ELITE,23.558,NFL_RUSHING_YARDS_V1
00-0041047,Chris Brazzell,CAR,ARI,WR,2026,PRE,0,15.0,65.88,ELITE,23.558,NFL_RUSHING_YARDS_V1
00-0041047,Chris Brazzell,CAR,ARI,WR,2026,PRE,0,20.0,55.58,ELITE,23.558,NFL_RUSHING_YARDS_V1
00-0041047,Chris Brazzell,CAR,ARI,WR,2026,PRE,0,25.0,44.64,ELITE,23.558,NFL_RUSHING_YARDS_V1
00-0041047,Chris Brazzell,CAR,ARI,WR,2026,PRE,0,30.0,34.31,ELITE,23.558,NFL_RUSHING_YARDS_V1
00-0041047,Chris Brazzell,CAR,ARI,WR,2026,PRE,0,35.0,25.19,ELITE,23.558,NFL_RUSHING_YARDS_V1
00-0041047,Chris Brazzell,CAR,ARI,WR,2026,PRE,0,40.0,17.3,ELITE,23.558,NFL_RUSHING_YARDS_V1
00-0041047,Chris Brazzell,CAR,ARI,WR,2026,PRE,0,45.0,11.2,ELITE,23.558,NFL_RUSHING_YARDS_V1
00-0041047,Chris Brazzell,CAR,ARI,WR,2026,PRE,0,50.0,6.85,ELITE,23.558,NFL_RUSHING_YARDS_V1
00-0041047,Chris Brazzell,CAR,ARI,WR,2026,PRE,0,55.0,3.96,ELITE,23.558,NFL_RUSHING_YARDS_V1
00-0041047,Chris Brazzell,CAR,ARI,WR,2026,PRE,0,60.0,2.11,ELITE,23.558,NFL_RUSHING_YARDS_V1
00-0041047,Chris Brazzell,CAR,ARI,WR,2026,PRE,0,65.0,1.05,ELITE,23.558,NFL_RUSHING_YARDS_V1
00-0041047,Chris Brazzell,CAR,ARI,WR,2026,PRE,0,70.0,0.49,COIN FLIP,23.558,NFL_RUSHING_YARDS_V1
00-0041047,Chris Brazzell,CAR,ARI,WR,2026,PRE,0,75.0,0.21,VERY LOW,23.558,NFL_RUSHING_YARDS_V1
00-0041047,Chris Brazzell,CAR,ARI,WR,2026,PRE,0,80.0,0.09,VERY LOW,23.558,NFL_RUSHING_YARDS_V1
00-0041047,Chris Brazzell,CAR,ARI,WR,2026,PRE,0,85.0,0.03,VERY LOW,23.558,NFL_RUSHING_YARDS_V1
00-0041047,Chris Brazzell,CAR,ARI,WR,2026,PRE,0,90.0,0.01,VERY LOW,23.558,NFL_RUSHING_YARDS_V1
00-0041047,Chris Brazzell,CAR,ARI,WR,2026,PRE,0,95.0,0.0,VERY LOW,23.558,NFL_RUSHING_YARDS_V1
00-0041047,Chris Brazzell,CAR,ARI,WR,2026,PRE,0,100.0,0.0,VERY LOW,23.558,NFL_RUSHING_YARDS_V1
00-0041047,Chris Brazzell,CAR,ARI,WR,2026,PRE,0,105.0,0.0,VERY LOW,23.558,NFL_RUSHING_YARDS_V1
00-0041047,Chris Brazzell,CAR,ARI,WR,2026,PRE,0,110.0,0.0,VERY LOW,23.558,NFL_RUSHING_YARDS_V1
00-0041047,Chris Brazzell,CAR,ARI,WR,2026,PRE,0,115.0,0.0,VERY LOW,23.558,NFL_RUSHING_YARDS_V1
00-0041047,Chris Brazzell,CAR,ARI,WR,2026,PRE,0,120.0,0.0,VERY LOW,23.558,NFL_RUSHING_YARDS_V1
00-0041047,Chris Brazzell,CAR,ARI,WR,2026,PRE,0,125.0,0.0,VERY LOW,23.558,NFL_RUSHING_YARDS_V1
00-0041047,Chris Brazzell,CAR,ARI,WR,2026,PRE,0,130.0,0.0,VERY LOW,23.558,NFL_RUSHING_YARDS_V1
00-0041047,Chris Brazzell,CAR,ARI,WR,2026,PRE,0,135.0,0.0,VERY LOW,23.558,NFL_RUSHING_YARDS_V1
00-0041047,Chris Brazzell,CAR,ARI,WR,2026,PRE,0,140.0,0.0,VERY LOW,23.558,NFL_RUSHING_YARDS_V1
00-0041047,Chris Brazzell,CAR,ARI,WR,2026,PRE,0,145.0,0.0,VERY LOW,23.558,NFL_RUSHING_YARDS_V1
00-0041047,Chris Brazzell,CAR,ARI,WR,2026,PRE,0,150.0,0.0,VERY LOW,23.558,NFL_RUSHING_YARDS_V1
00-0041047,Chris Brazzell,CAR,ARI,WR,2026,PRE,0,155.0,0.0,VERY LOW,23.558,NFL_RUSHING_YARDS_V1
00-0041047,Chris Brazzell,CAR,ARI,WR,2026,PRE,0,160.0,0.0,VERY LOW,23.558,NFL_RUSHING_YARDS_V1
00-0041047,Chris Brazzell,CAR,ARI,WR,2026,PRE,0,165.0,0.0,VERY LOW,23.558,NFL_RUSHING_YARDS_V1
00-0041047,Chris Brazzell,CAR,ARI,WR,2026,PRE,0,170.0,0.0,VERY LOW,23.558,NFL_RUSHING_YARDS_V1
00-0041047,Chris Brazzell,CAR,ARI,WR,2026,PRE,0,175.0,0.0,VERY LOW,23.558,NFL_RUSHING_YARDS_V1
00-0041047,Chris Brazzell,CAR,ARI,WR,2026,PRE,0,180.0,0.0,VERY LOW,23.558,NFL_RUSHING_YARDS_V1
00-0041047,Chris Brazzell,CAR,ARI,WR,2026,PRE,0,185.0,0.0,VERY LOW,23.558,NFL_RUSHING_YARDS_V1
00-0041047,Chris Brazzell,CAR,ARI,WR,2026,PRE,0,190.0,0.0,VERY LOW,23.558,NFL_RUSHING_YARDS_V1
00-0041047,Chris Brazzell,CAR,ARI,WR,2026,PRE,0,195.0,0.0,VERY LOW,23.558,NFL_RUSHING_YARDS_V1
00-0041047,Chris Brazzell,CAR,ARI,WR,2026,PRE,0,200.0,0.0,VERY LOW,23.558,NFL_RUSHING_YARDS_V1
00-0041149,Haynes King,CAR,ARI,QB,2026,PRE,0,0.0,100.0,ELITE,21.762,NFL_RUSHING_YARDS_V1
00-0041149,Haynes King,CAR,ARI,QB,2026,PRE,0,5.0,80.07,ELITE,21.762,NFL_RUSHING_YARDS_V1
00-0041149,Haynes King,CAR,ARI,QB,2026,PRE,0,10.0,71.65,ELITE,21.762,NFL_RUSHING_YARDS_V1
00-0041149,Haynes King,CAR,ARI,QB,2026,PRE,0,15.0,61.85,ELITE,21.762,NFL_RUSHING_YARDS_V1
00-0041149,Haynes King,CAR,ARI,QB,2026,PRE,0,20.0,51.14,ELITE,21.762,NFL_RUSHING_YARDS_V1
00-0041149,Haynes King,CAR,ARI,QB,2026,PRE,0,25.0,40.44,ELITE,21.762,NFL_RUSHING_YARDS_V1
00-0041149,Haynes King,CAR,ARI,QB,2026,PRE,0,30.0,30.34,ELITE,21.762,NFL_RUSHING_YARDS_V1
00-0041149,Haynes King,CAR,ARI,QB,2026,PRE,0,35.0,21.55,ELITE,21.762,NFL_RUSHING_YARDS_V1
00-0041149,Haynes King,CAR,ARI,QB,2026,PRE,0,40.0,14.47,ELITE,21.762,NFL_RUSHING_YARDS_V1
00-0041149,Haynes King,CAR,ARI,QB,2026,PRE,0,45.0,9.2,ELITE,21.762,NFL_RUSHING_YARDS_V1
00-0041149,Haynes King,CAR,ARI,QB,2026,PRE,0,50.0,5.48,ELITE,21.762,NFL_RUSHING_YARDS_V1
00-0041149,Haynes King,CAR,ARI,QB,2026,PRE,0,55.0,3.12,ELITE,21.762,NFL_RUSHING_YARDS_V1
00-0041149,Haynes King,CAR,ARI,QB,2026,PRE,0,60.0,1.64,ELITE,21.762,NFL_RUSHING_YARDS_V1
00-0041149,Haynes King,CAR,ARI,QB,2026,PRE,0,65.0,0.78,HIGH,21.762,NFL_RUSHING_YARDS_V1
00-0041149,Haynes King,CAR,ARI,QB,2026,PRE,0,70.0,0.37,LOW,21.762,NFL_RUSHING_YARDS_V1
00-0041149,Haynes King,CAR,ARI,QB,2026,PRE,0,75.0,0.16,VERY LOW,21.762,NFL_RUSHING_YARDS_V1
00-0041149,Haynes King,CAR,ARI,QB,2026,PRE,0,80.0,0.06,VERY LOW,21.762,NFL_RUSHING_YARDS_V1
00-0041149,Haynes King,CAR,ARI,QB,2026,PRE,0,85.0,0.02,VERY LOW,21.762,NFL_RUSHING_YARDS_V1
00-0041149,Haynes King,CAR,ARI,QB,2026,PRE,0,90.0,0.01,VERY LOW,21.762,NFL_RUSHING_YARDS_V1
00-0041149,Haynes King,CAR,ARI,QB,2026,PRE,0,95.0,0.01,VERY LOW,21.762,NFL_RUSHING_YARDS_V1
00-0041149,Haynes King,CAR,ARI,QB,2026,PRE,0,100.0,0.0,VERY LOW,21.762,NFL_RUSHING_YARDS_V1
00-0041149,Haynes King,CAR,ARI,QB,2026,PRE,0,105.0,0.0,VERY LOW,21.762,NFL_RUSHING_YARDS_V1
00-0041149,Haynes King,CAR,ARI,QB,2026,PRE,0,110.0,0.0,VERY LOW,21.762,NFL_RUSHING_YARDS_V1
00-0041149,Haynes King,CAR,ARI,QB,2026,PRE,0,115.0,0.0,VERY LOW,21.762,NFL_RUSHING_YARDS_V1
00-0041149,Haynes King,CAR,ARI,QB,2026,PRE,0,120.0,0.0,VERY LOW,21.762,NFL_RUSHING_YARDS_V1
00-0041149,Haynes King,CAR,ARI,QB,2026,PRE,0,125.0,0.0,VERY LOW,21.762,NFL_RUSHING_YARDS_V1
00-0041149,Haynes King,CAR,ARI,QB,2026,PRE,0,130.0,0.0,VERY LOW,21.762,NFL_RUSHING_YARDS_V1
00-0041149,Haynes King,CAR,ARI,QB,2026,PRE,0,135.0,0.0,VERY LOW,21.762,NFL_RUSHING_YARDS_V1
00-0041149,Haynes King,CAR,ARI,QB,2026,PRE,0,140.0,0.0,VERY LOW,21.762,NFL_RUSHING_YARDS_V1
00-0041149,Haynes King,CAR,ARI,QB,2026,PRE,0,145.0,0.0,VERY LOW,21.762,NFL_RUSHING_YARDS_V1
00-0041149,Haynes King,CAR,ARI,QB,2026,PRE,0,150.0,0.0,VERY LOW,21.762,NFL_RUSHING_YARDS_V1
00-0041149,Haynes King,CAR,ARI,QB,2026,PRE,0,155.0,0.0,VERY LOW,21.762,NFL_RUSHING_YARDS_V1
00-0041149,Haynes King,CAR,ARI,QB,2026,PRE,0,160.0,0.0,VERY LOW,21.762,NFL_RUSHING_YARDS_V1
00-0041149,Haynes King,CAR,ARI,QB,2026,PRE,0,165.0,0.0,VERY LOW,21.762,NFL_RUSHING_YARDS_V1
00-0041149,Haynes King,CAR,ARI,QB,2026,PRE,0,170.0,0.0,VERY LOW,21.762,NFL_RUSHING_YARDS_V1
00-0041149,Haynes King,CAR,ARI,QB,2026,PRE,0,175.0,0.0,VERY LOW,21.762,NFL_RUSHING_YARDS_V1
00-0041149,Haynes King,CAR,ARI,QB,2026,PRE,0,180.0,0.0,VERY LOW,21.762,NFL_RUSHING_YARDS_V1
00-0041149,Haynes King,CAR,ARI,QB,2026,PRE,0,185.0,0.0,VERY LOW,21.762,NFL_RUSHING_YARDS_V1
00-0041149,Haynes King,CAR,ARI,QB,2026,PRE,0,190.0,0.0,VERY LOW,21.762,NFL_RUSHING_YARDS_V1
00-0041149,Haynes King,CAR,ARI,QB,2026,PRE,0,195.0,0.0,VERY LOW,21.762,NFL_RUSHING_YARDS_V1
00-0041149,Haynes King,CAR,ARI,QB,2026,PRE,0,200.0,0.0,VERY LOW,21.762,NFL_RUSHING_YARDS_V1
00-0041152,Kobe Prentice,CAR,ARI,WR,2026,PRE,0,0.0,100.0,ELITE,23.503,NFL_RUSHING_YARDS_V1
00-0041152,Kobe Prentice,CAR,ARI,WR,2026,PRE,0,5.0,83.04,ELITE,23.503,NFL_RUSHING_YARDS_V1
00-0041152,Kobe Prentice,CAR,ARI,WR,2026,PRE,0,10.0,75.21,ELITE,23.503,NFL_RUSHING_YARDS_V1
00-0041152,Kobe Prentice,CAR,ARI,WR,2026,PRE,0,15.0,65.79,ELITE,23.503,NFL_RUSHING_YARDS_V1
00-0041152,Kobe Prentice,CAR,ARI,WR,2026,PRE,0,20.0,55.44,ELITE,23.503,NFL_RUSHING_YARDS_V1
00-0041152,Kobe Prentice,CAR,ARI,WR,2026,PRE,0,25.0,44.6,ELITE,23.503,NFL_RUSHING_YARDS_V1
00-0041152,Kobe Prentice,CAR,ARI,WR,2026,PRE,0,30.0,34.13,ELITE,23.503,NFL_RUSHING_YARDS_V1
00-0041152,Kobe Prentice,CAR,ARI,WR,2026,PRE,0,35.0,24.83,ELITE,23.503,NFL_RUSHING_YARDS_V1
00-0041152,Kobe Prentice,CAR,ARI,WR,2026,PRE,0,40.0,17.13,ELITE,23.503,NFL_RUSHING_YARDS_V1
00-0041152,Kobe Prentice,CAR,ARI,WR,2026,PRE,0,45.0,11.17,ELITE,23.503,NFL_RUSHING_YARDS_V1
00-0041152,Kobe Prentice,CAR,ARI,WR,2026,PRE,0,50.0,6.8,ELITE,23.503,NFL_RUSHING_YARDS_V1
00-0041152,Kobe Prentice,CAR,ARI,WR,2026,PRE,0,55.0,3.86,ELITE,23.503,NFL_RUSHING_YARDS_V1
00-0041152,Kobe Prentice,CAR,ARI,WR,2026,PRE,0,60.0,2.02,ELITE,23.503,NFL_RUSHING_YARDS_V1
00-0041152,Kobe Prentice,CAR,ARI,WR,2026,PRE,0,65.0,1.03,ELITE,23.503,NFL_RUSHING_YARDS_V1
00-0041152,Kobe Prentice,CAR,ARI,WR,2026,PRE,0,70.0,0.48,COIN FLIP,23.503,NFL_RUSHING_YARDS_V1
00-0041152,Kobe Prentice,CAR,ARI,WR,2026,PRE,0,75.0,0.21,VERY LOW,23.503,NFL_RUSHING_YARDS_V1
00-0041152,Kobe Prentice,CAR,ARI,WR,2026,PRE,0,80.0,0.09,VERY LOW,23.503,NFL_RUSHING_YARDS_V1
00-0041152,Kobe Prentice,CAR,ARI,WR,2026,PRE,0,85.0,0.03,VERY LOW,23.503,NFL_RUSHING_YARDS_V1
00-0041152,Kobe Prentice,CAR,ARI,WR,2026,PRE,0,90.0,0.01,VERY LOW,23.503,NFL_RUSHING_YARDS_V1
00-0041152,Kobe Prentice,CAR,ARI,WR,2026,PRE,0,95.0,0.0,VERY LOW,23.503,NFL_RUSHING_YARDS_V1
00-0041152,Kobe Prentice,CAR,ARI,WR,2026,PRE,0,100.0,0.0,VERY LOW,23.503,NFL_RUSHING_YARDS_V1
00-0041152,Kobe Prentice,CAR,ARI,WR,2026,PRE,0,105.0,0.0,VERY LOW,23.503,NFL_RUSHING_YARDS_V1
00-0041152,Kobe Prentice,CAR,ARI,WR,2026,PRE,0,110.0,0.0,VERY LOW,23.503,NFL_RUSHING_YARDS_V1
00-0041152,Kobe Prentice,CAR,ARI,WR,2026,PRE,0,115.0,0.0,VERY LOW,23.503,NFL_RUSHING_YARDS_V1
00-0041152,Kobe Prentice,CAR,ARI,WR,2026,PRE,0,120.0,0.0,VERY LOW,23.503,NFL_RUSHING_YARDS_V1
00-0041152,Kobe Prentice,CAR,ARI,WR,2026,PRE,0,125.0,0.0,VERY LOW,23.503,NFL_RUSHING_YARDS_V1
00-0041152,Kobe Prentice,CAR,ARI,WR,2026,PRE,0,130.0,0.0,VERY LOW,23.503,NFL_RUSHING_YARDS_V1
00-0041152,Kobe Prentice,CAR,ARI,WR,2026,PRE,0,135.0,0.0,VERY LOW,23.503,NFL_RUSHING_YARDS_V1
00-0041152,Kobe Prentice,CAR,ARI,WR,2026,PRE,0,140.0,0.0,VERY LOW,23.503,NFL_RUSHING_YARDS_V1
00-0041152,Kobe Prentice,CAR,ARI,WR,2026,PRE,0,145.0,0.0,VERY LOW,23.503,NFL_RUSHING_YARDS_V1
00-0041152,Kobe Prentice,CAR,ARI,WR,2026,PRE,0,150.0,0.0,VERY LOW,23.503,NFL_RUSHING_YARDS_V1
00-0041152,Kobe Prentice,CAR,ARI,WR,2026,PRE,0,155.0,0.0,VERY LOW,23.503,NFL_RUSHING_YARDS_V1
00-0041152,Kobe Prentice,CAR,ARI,WR,2026,PRE,0,160.0,0.0,VERY LOW,23.503,NFL_RUSHING_YARDS_V1
00-0041152,Kobe Prentice,CAR,ARI,WR,2026,PRE,0,165.0,0.0,VERY LOW,23.503,NFL_RUSHING_YARDS_V1
00-0041152,Kobe Prentice,CAR,ARI,WR,2026,PRE,0,170.0,0.0,VERY LOW,23.503,NFL_RUSHING_YARDS_V1
00-0041152,Kobe Prentice,CAR,ARI,WR,2026,PRE,0,175.0,0.0,VERY LOW,23.503,NFL_RUSHING_YARDS_V1
00-0041152,Kobe Prentice,CAR,ARI,WR,2026,PRE,0,180.0,0.0,VERY LOW,23.503,NFL_RUSHING_YARDS_V1
00-0041152,Kobe Prentice,CAR,ARI,WR,2026,PRE,0,185.0,0.0,VERY LOW,23.503,NFL_RUSHING_YARDS_V1
00-0041152,Kobe Prentice,CAR,ARI,WR,2026,PRE,0,190.0,0.0,VERY LOW,23.503,NFL_RUSHING_YARDS_V1
00-0041152,Kobe Prentice,CAR,ARI,WR,2026,PRE,0,195.0,0.0,VERY LOW,23.503,NFL_RUSHING_YARDS_V1
00-0041152,Kobe Prentice,CAR,ARI,WR,2026,PRE,0,200.0,0.0,VERY LOW,23.503,NFL_RUSHING_YARDS_V1
00-0041485,Miles Davis,CAR,ARI,RB,2026,PRE,0,0.0,100.0,ELITE,23.508,NFL_RUSHING_YARDS_V1
00-0041485,Miles Davis,CAR,ARI,RB,2026,PRE,0,5.0,82.95,ELITE,23.508,NFL_RUSHING_YARDS_V1
00-0041485,Miles Davis,CAR,ARI,RB,2026,PRE,0,10.0,75.18,ELITE,23.508,NFL_RUSHING_YARDS_V1
00-0041485,Miles Davis,CAR,ARI,RB,2026,PRE,0,15.0,66.04,ELITE,23.508,NFL_RUSHING_YARDS_V1
00-0041485,Miles Davis,CAR,ARI,RB,2026,PRE,0,20.0,55.36,ELITE,23.508,NFL_RUSHING_YARDS_V1
00-0041485,Miles Davis,CAR,ARI,RB,2026,PRE,0,25.0,44.48,ELITE,23.508,NFL_RUSHING_YARDS_V1
00-0041485,Miles Davis,CAR,ARI,RB,2026,PRE,0,30.0,33.98,ELITE,23.508,NFL_RUSHING_YARDS_V1
00-0041485,Miles Davis,CAR,ARI,RB,2026,PRE,0,35.0,24.84,ELITE,23.508,NFL_RUSHING_YARDS_V1
00-0041485,Miles Davis,CAR,ARI,RB,2026,PRE,0,40.0,17.18,ELITE,23.508,NFL_RUSHING_YARDS_V1
00-0041485,Miles Davis,CAR,ARI,RB,2026,PRE,0,45.0,11.14,ELITE,23.508,NFL_RUSHING_YARDS_V1
00-0041485,Miles Davis,CAR,ARI,RB,2026,PRE,0,50.0,6.89,ELITE,23.508,NFL_RUSHING_YARDS_V1
00-0041485,Miles Davis,CAR,ARI,RB,2026,PRE,0,55.0,4.0,ELITE,23.508,NFL_RUSHING_YARDS_V1
00-0041485,Miles Davis,CAR,ARI,RB,2026,PRE,0,60.0,2.19,ELITE,23.508,NFL_RUSHING_YARDS_V1
00-0041485,Miles Davis,CAR,ARI,RB,2026,PRE,0,65.0,1.06,ELITE,23.508,NFL_RUSHING_YARDS_V1
00-0041485,Miles Davis,CAR,ARI,RB,2026,PRE,0,70.0,0.49,COIN FLIP,23.508,NFL_RUSHING_YARDS_V1
00-0041485,Miles Davis,CAR,ARI,RB,2026,PRE,0,75.0,0.21,VERY LOW,23.508,NFL_RUSHING_YARDS_V1
00-0041485,Miles Davis,CAR,ARI,RB,2026,PRE,0,80.0,0.09,VERY LOW,23.508,NFL_RUSHING_YARDS_V1
00-0041485,Miles Davis,CAR,ARI,RB,2026,PRE,0,85.0,0.03,VERY LOW,23.508,NFL_RUSHING_YARDS_V1
00-0041485,Miles Davis,CAR,ARI,RB,2026,PRE,0,90.0,0.01,VERY LOW,23.508,NFL_RUSHING_YARDS_V1
00-0041485,Miles Davis,CAR,ARI,RB,2026,PRE,0,95.0,0.0,VERY LOW,23.508,NFL_RUSHING_YARDS_V1
00-0041485,Miles Davis,CAR,ARI,RB,2026,PRE,0,100.0,0.0,VERY LOW,23.508,NFL_RUSHING_YARDS_V1
00-0041485,Miles Davis,CAR,ARI,RB,2026,PRE,0,105.0,0.0,VERY LOW,23.508,NFL_RUSHING_YARDS_V1
00-0041485,Miles Davis,CAR,ARI,RB,2026,PRE,0,110.0,0.0,VERY LOW,23.508,NFL_RUSHING_YARDS_V1
00-0041485,Miles Davis,CAR,ARI,RB,2026,PRE,0,115.0,0.0,VERY LOW,23.508,NFL_RUSHING_YARDS_V1
00-0041485,Miles Davis,CAR,ARI,RB,2026,PRE,0,120.0,0.0,VERY LOW,23.508,NFL_RUSHING_YARDS_V1
00-0041485,Miles Davis,CAR,ARI,RB,2026,PRE,0,125.0,0.0,VERY LOW,23.508,NFL_RUSHING_YARDS_V1
00-0041485,Miles Davis,CAR,ARI,RB,2026,PRE,0,130.0,0.0,VERY LOW,23.508,NFL_RUSHING_YARDS_V1
00-0041485,Miles Davis,CAR,ARI,RB,2026,PRE,0,135.0,0.0,VERY LOW,23.508,NFL_RUSHING_YARDS_V1
00-0041485,Miles Davis,CAR,ARI,RB,2026,PRE,0,140.0,0.0,VERY LOW,23.508,NFL_RUSHING_YARDS_V1
00-0041485,Miles Davis,CAR,ARI,RB,2026,PRE,0,145.0,0.0,VERY LOW,23.508,NFL_RUSHING_YARDS_V1
00-0041485,Miles Davis,CAR,ARI,RB,2026,PRE,0,150.0,0.0,VERY LOW,23.508,NFL_RUSHING_YARDS_V1
00-0041485,Miles Davis,CAR,ARI,RB,2026,PRE,0,155.0,0.0,VERY LOW,23.508,NFL_RUSHING_YARDS_V1
00-0041485,Miles Davis,CAR,ARI,RB,2026,PRE,0,160.0,0.0,VERY LOW,23.508,NFL_RUSHING_YARDS_V1
00-0041485,Miles Davis,CAR,ARI,RB,2026,PRE,0,165.0,0.0,VERY LOW,23.508,NFL_RUSHING_YARDS_V1
00-0041485,Miles Davis,CAR,ARI,RB,2026,PRE,0,170.0,0.0,VERY LOW,23.508,NFL_RUSHING_YARDS_V1
00-0041485,Miles Davis,CAR,ARI,RB,2026,PRE,0,175.0,0.0,VERY LOW,23.508,NFL_RUSHING_YARDS_V1
00-0041485,Miles Davis,CAR,ARI,RB,2026,PRE,0,180.0,0.0,VERY LOW,23.508,NFL_RUSHING_YARDS_V1
00-0041485,Miles Davis,CAR,ARI,RB,2026,PRE,0,185.0,0.0,VERY LOW,23.508,NFL_RUSHING_YARDS_V1
00-0041485,Miles Davis,CAR,ARI,RB,2026,PRE,0,190.0,0.0,VERY LOW,23.508,NFL_RUSHING_YARDS_V1
00-0041485,Miles Davis,CAR,ARI,RB,2026,PRE,0,195.0,0.0,VERY LOW,23.508,NFL_RUSHING_YARDS_V1
00-0041485,Miles Davis,CAR,ARI,RB,2026,PRE,0,200.0,0.0,VERY LOW,23.508,NFL_RUSHING_YARDS_V1
00-0041542,Malick Meiga,CAR,ARI,WR,2026,PRE,0,0.0,100.0,ELITE,23.648,NFL_RUSHING_YARDS_V1
00-0041542,Malick Meiga,CAR,ARI,WR,2026,PRE,0,5.0,83.08,ELITE,23.648,NFL_RUSHING_YARDS_V1
00-0041542,Malick Meiga,CAR,ARI,WR,2026,PRE,0,10.0,75.35,ELITE,23.648,NFL_RUSHING_YARDS_V1
00-0041542,Malick Meiga,CAR,ARI,WR,2026,PRE,0,15.0,66.12,ELITE,23.648,NFL_RUSHING_YARDS_V1
00-0041542,Malick Meiga,CAR,ARI,WR,2026,PRE,0,20.0,55.94,ELITE,23.648,NFL_RUSHING_YARDS_V1
00-0041542,Malick Meiga,CAR,ARI,WR,2026,PRE,0,25.0,45.07,ELITE,23.648,NFL_RUSHING_YARDS_V1
00-0041542,Malick Meiga,CAR,ARI,WR,2026,PRE,0,30.0,34.61,ELITE,23.648,NFL_RUSHING_YARDS_V1
00-0041542,Malick Meiga,CAR,ARI,WR,2026,PRE,0,35.0,25.13,ELITE,23.648,NFL_RUSHING_YARDS_V1
00-0041542,Malick Meiga,CAR,ARI,WR,2026,PRE,0,40.0,17.31,ELITE,23.648,NFL_RUSHING_YARDS_V1
00-0041542,Malick Meiga,CAR,ARI,WR,2026,PRE,0,45.0,11.31,ELITE,23.648,NFL_RUSHING_YARDS_V1
00-0041542,Malick Meiga,CAR,ARI,WR,2026,PRE,0,50.0,6.85,ELITE,23.648,NFL_RUSHING_YARDS_V1
00-0041542,Malick Meiga,CAR,ARI,WR,2026,PRE,0,55.0,3.91,ELITE,23.648,NFL_RUSHING_YARDS_V1
00-0041542,Malick Meiga,CAR,ARI,WR,2026,PRE,0,60.0,2.14,ELITE,23.648,NFL_RUSHING_YARDS_V1
00-0041542,Malick Meiga,CAR,ARI,WR,2026,PRE,0,65.0,1.09,ELITE,23.648,NFL_RUSHING_YARDS_V1
00-0041542,Malick Meiga,CAR,ARI,WR,2026,PRE,0,70.0,0.52,LEAN,23.648,NFL_RUSHING_YARDS_V1
00-0041542,Malick Meiga,CAR,ARI,WR,2026,PRE,0,75.0,0.22,VERY LOW,23.648,NFL_RUSHING_YARDS_V1
00-0041542,Malick Meiga,CAR,ARI,WR,2026,PRE,0,80.0,0.09,VERY LOW,23.648,NFL_RUSHING_YARDS_V1
00-0041542,Malick Meiga,CAR,ARI,WR,2026,PRE,0,85.0,0.03,VERY LOW,23.648,NFL_RUSHING_YARDS_V1
00-0041542,Malick Meiga,CAR,ARI,WR,2026,PRE,0,90.0,0.01,VERY LOW,23.648,NFL_RUSHING_YARDS_V1
00-0041542,Malick Meiga,CAR,ARI,WR,2026,PRE,0,95.0,0.01,VERY LOW,23.648,NFL_RUSHING_YARDS_V1
00-0041542,Malick Meiga,CAR,ARI,WR,2026,PRE,0,100.0,0.0,VERY LOW,23.648,NFL_RUSHING_YARDS_V1
00-0041542,Malick Meiga,CAR,ARI,WR,2026,PRE,0,105.0,0.0,VERY LOW,23.648,NFL_RUSHING_YARDS_V1
00-0041542,Malick Meiga,CAR,ARI,WR,2026,PRE,0,110.0,0.0,VERY LOW,23.648,NFL_RUSHING_YARDS_V1
00-0041542,Malick Meiga,CAR,ARI,WR,2026,PRE,0,115.0,0.0,VERY LOW,23.648,NFL_RUSHING_YARDS_V1
00-0041542,Malick Meiga,CAR,ARI,WR,2026,PRE,0,120.0,0.0,VERY LOW,23.648,NFL_RUSHING_YARDS_V1
00-0041542,Malick Meiga,CAR,ARI,WR,2026,PRE,0,125.0,0.0,VERY LOW,23.648,NFL_RUSHING_YARDS_V1
00-0041542,Malick Meiga,CAR,ARI,WR,2026,PRE,0,130.0,0.0,VERY LOW,23.648,NFL_RUSHING_YARDS_V1
00-0041542,Malick Meiga,CAR,ARI,WR,2026,PRE,0,135.0,0.0,VERY LOW,23.648,NFL_RUSHING_YARDS_V1
00-0041542,Malick Meiga,CAR,ARI,WR,2026,PRE,0,140.0,0.0,VERY LOW,23.648,NFL_RUSHING_YARDS_V1
00-0041542,Malick Meiga,CAR,ARI,WR,2026,PRE,0,145.0,0.0,VERY LOW,23.648,NFL_RUSHING_YARDS_V1
00-0041542,Malick Meiga,CAR,ARI,WR,2026,PRE,0,150.0,0.0,VERY LOW,23.648,NFL_RUSHING_YARDS_V1
00-0041542,Malick Meiga,CAR,ARI,WR,2026,PRE,0,155.0,0.0,VERY LOW,23.648,NFL_RUSHING_YARDS_V1
00-0041542,Malick Meiga,CAR,ARI,WR,2026,PRE,0,160.0,0.0,VERY LOW,23.648,NFL_RUSHING_YARDS_V1
00-0041542,Malick Meiga,CAR,ARI,WR,2026,PRE,0,165.0,0.0,VERY LOW,23.648,NFL_RUSHING_YARDS_V1
00-0041542,Malick Meiga,CAR,ARI,WR,2026,PRE,0,170.0,0.0,VERY LOW,23.648,NFL_RUSHING_YARDS_V1
00-0041542,Malick Meiga,CAR,ARI,WR,2026,PRE,0,175.0,0.0,VERY LOW,23.648,NFL_RUSHING_YARDS_V1
00-0041542,Malick Meiga,CAR,ARI,WR,2026,PRE,0,180.0,0.0,VERY LOW,23.648,NFL_RUSHING_YARDS_V1
00-0041542,Malick Meiga,CAR,ARI,WR,2026,PRE,0,185.0,0.0,VERY LOW,23.648,NFL_RUSHING_YARDS_V1
00-0041542,Malick Meiga,CAR,ARI,WR,2026,PRE,0,190.0,0.0,VERY LOW,23.648,NFL_RUSHING_YARDS_V1
00-0041542,Malick Meiga,CAR,ARI,WR,2026,PRE,0,195.0,0.0,VERY LOW,23.648,NFL_RUSHING_YARDS_V1
00-0041542,Malick Meiga,CAR,ARI,WR,2026,PRE,0,200.0,0.0,VERY LOW,23.648,NFL_RUSHING_YARDS_V1
