game_id,date,name,short_name,season_year,season_type,week,home_team,away_team,home_name,away_name,home_score,away_score,completed,status,neutral_site,spread_home,over_under,odds_provider,home_spread_odds,away_spread_odds,home_power_rating,away_power_rating,power_edge_home,home_field_adj,matchup_style_adj,rest_adj_home,travel_adj_home,qb_adj_home,manual_adj_home,preseason_adj_home,pre_ats_home_margin,projected_home_margin,fair_spread_home,raw_projected_total,projected_total,fair_total,total_baseline,home_projected_points,away_projected_points,ats_5y_adjustment_home,ats_5y_home_games,ats_5y_away_games,ats_5y_home_cover_pct,ats_5y_away_cover_pct,ats_5y_home_margin_bias,ats_5y_away_margin_bias,ats_5y_reference_spread,ats_5y_spread_bucket,excel_history_adjustment_home,home_weighted_5y_cover_pct,away_weighted_5y_cover_pct,home_season_ats_records,away_season_ats_records,home_current_team_spread,away_current_team_spread,home_exact_spread_games,home_exact_spread_wins,home_exact_spread_losses,home_exact_spread_pushes,home_exact_spread_cover_pct,home_near_spread_games,home_near_spread_cover_pct,away_exact_spread_games,away_exact_spread_wins,away_exact_spread_losses,away_exact_spread_pushes,away_exact_spread_cover_pct,away_near_spread_games,away_near_spread_cover_pct,home_last5_ats_record,away_last5_ats_record,home_last5_cover_pct,away_last5_cover_pct,home_last5_avg_ats_margin,away_last5_avg_ats_margin,home_last5_lines,away_last5_lines,home_last5_results,away_last5_results,home_last5_opponents,away_last5_opponents,home_last5_locations,away_last5_locations,home_last5_dates,away_last5_dates,home_last5_games_json,away_last5_games_json,home_games_used,away_games_used,simulation_sd,simulations,home_win_probability,away_win_probability,tie_probability,home_cover_probability,away_cover_probability,push_probability,spread_edge_points_home,recommended_team,recommended_side,cover_probability,probability_edge_vs_vig,recommendation,total_simulation_sd,over_probability,under_probability,total_push_probability,total_edge_points,total_recommended_side,total_probability,total_probability_edge_vs_vig,total_recommendation,model_confidence,tier,total_confidence,total_reason,model_reason,risk_flag,model_version,generated_at_utc,matchup,model_favorite,model_favorite_margin,market_line_display,recommended_line,dk_pregame_spread_home,dk_pregame_total,dk_pregame_observed_at_utc,dk_closing_spread_home,dk_closing_total,dk_closing_locked,dk_closing_locked_at_utc,dk_closing_source_observed_at_utc,final_line_cutoff_utc,final_line_minutes_before_kickoff
401873276,2026-08-14T23:00Z,Tampa Bay Buccaneers at New York Jets,TB @ NYJ,2026,PRESEASON,2,NYJ,TB,New York Jets,Tampa Bay Buccaneers,0.0,0.0,False,Scheduled,False,-5.5,35.5,Draft Kings,,,-11.24,-1.38,-3.95,0.75,-0.44,0.0,0.15,0.0,0.0,0.0,-3.48,-3.77,3.77,43.23,40.39,40.39,38.5,18.31,22.08,-0.25,85,91,0.3902,0.4358,-1.79,0.22,-5.5,3-6.5,-0.03923850255351805,0.3926470588235294,0.43269693842449264,2025:7-10 | 2024:6-11 | 2023:6-10-1P | 2022:8-9 | 2021:6-11,2025:5-12 | 2024:10-8 | 2023:12-7 | 2022:4-13-1P | 2021:10-9,-5.5,5.5,0,0,0,0,0.5,1,1.0,0,0,0,0,0.5,7,0.14285714285714285,0-5,0-5,0.0,0.0,-17.3,-6.8,+2.5 | +13.5 | +6.5 | +12.5 | +12.5,-7.5 | -6.0 | -3.0 | -5.5 | -3.0,L | L | L | L | L,L | L | L | L | L,MIA | JAX | NO | NE | BUF,NO | ATL | CAR | MIA | CAR,vs | at | at | vs | at,vs | vs | at | at | vs,2025-12-07 | 2025-12-14 | 2025-12-21 | 2025-12-28 | 2026-01-04,2025-12-07 | 2025-12-11 | 2025-12-21 | 2025-12-28 | 2026-01-03,"[{""date"":""2025-12-07"",""opponent"":""MIA"",""venue"":""HOME"",""location"":""vs"",""spread"":2.5,""result"":""L"",""ats_margin"":-21.5},{""date"":""2025-12-14"",""opponent"":""JAX"",""venue"":""AWAY"",""location"":""at"",""spread"":13.5,""result"":""L"",""ats_margin"":-14.5},{""date"":""2025-12-21"",""opponent"":""NO"",""venue"":""AWAY"",""location"":""at"",""spread"":6.5,""result"":""L"",""ats_margin"":-16.5},{""date"":""2025-12-28"",""opponent"":""NE"",""venue"":""HOME"",""location"":""vs"",""spread"":12.5,""result"":""L"",""ats_margin"":-19.5},{""date"":""2026-01-04"",""opponent"":""BUF"",""venue"":""AWAY"",""location"":""at"",""spread"":12.5,""result"":""L"",""ats_margin"":-14.5}]","[{""date"":""2025-12-07"",""opponent"":""NO"",""venue"":""HOME"",""location"":""vs"",""spread"":-7.5,""result"":""L"",""ats_margin"":-11.5},{""date"":""2025-12-11"",""opponent"":""ATL"",""venue"":""HOME"",""location"":""vs"",""spread"":-6.0,""result"":""L"",""ats_margin"":-7.0},{""date"":""2025-12-21"",""opponent"":""CAR"",""venue"":""AWAY"",""location"":""at"",""spread"":-3.0,""result"":""L"",""ats_margin"":-6.0},{""date"":""2025-12-28"",""opponent"":""MIA"",""venue"":""AWAY"",""location"":""at"",""spread"":-5.5,""result"":""L"",""ats_margin"":-8.5},{""date"":""2026-01-03"",""opponent"":""CAR"",""venue"":""HOME"",""location"":""vs"",""spread"":-3.0,""result"":""L"",""ats_margin"":-1.0}]",12,12,16.5,50000,0.4102,0.5898,0.00242,0.2875,0.7105,0.002,-9.27,TB,AWAY,0.7105,0.1867,STRONG PLAY,11.75,0.6559,0.3413,0.0028,4.89,OVER,0.6559,0.1321,STRONG PLAY,87.0,DIAMOND,85.7,Model total 40.4 vs DK 35.5; OVER edge 4.9 points.,TB stronger power rating,PRESEASON VOLATILITY,NFL_SPREADS_V9_DK_GAME_LINES_FIX_1HR,2026-08-14T06:35:37.012021+00:00,TB @ NYJ,TB,3.7741118230667623,NYJ -5.5,TB +5.5,,,,,,False,,,2026-08-14T22:00:00+00:00,60
401873284,2026-08-15T23:00Z,Philadelphia Eagles at Baltimore Ravens,PHI @ BAL,2026,PRESEASON,2,BAL,PHI,Baltimore Ravens,Philadelphia Eagles,0.0,0.0,False,Scheduled,False,3.5,37.5,Draft Kings,,,3.13,1.17,0.78,0.75,0.07,0.38,0.0,0.0,0.0,0.0,1.98,1.94,-1.94,41.92,39.87,39.87,38.5,20.9,18.97,-0.01,90,95,0.4969,0.5526,0.43,0.54,3.5,3-6.5,-0.031100998513440496,0.4897252321981424,0.5499183006535948,2025:6-11 | 2024:12-7 | 2023:12-7 | 2022:7-9-2P | 2021:7-10,2025:10-8 | 2024:14-7 | 2023:7-9-2P | 2022:10-10 | 2021:8-9-1P,3.5,-3.5,2,2,0,0,1.0,9,0.5,6,5,1,0,0.8333333333333334,24,0.7083333333333334,2-3,3-2,0.4,0.6,3.3,1.3,-5.5 | -2.5 | -3.5 | +2.5 | -4.5,-12.5 | -7.0 | +3.0 | -3.0 | -6.0,L | W | L | W | L,W | W | W | L | L,PIT | CIN | NE | GB | PIT,LV | WAS | BUF | WAS | SF,vs | at | vs | at | at,vs | at | at | vs | vs,2025-12-07 | 2025-12-14 | 2025-12-21 | 2025-12-27 | 2026-01-04,2025-12-14 | 2025-12-20 | 2025-12-28 | 2026-01-04 | 2026-01-11,"[{""date"":""2025-12-07"",""opponent"":""PIT"",""venue"":""HOME"",""location"":""vs"",""spread"":-5.5,""result"":""L"",""ats_margin"":-10.5},{""date"":""2025-12-14"",""opponent"":""CIN"",""venue"":""AWAY"",""location"":""at"",""spread"":-2.5,""result"":""W"",""ats_margin"":21.5},{""date"":""2025-12-21"",""opponent"":""NE"",""venue"":""HOME"",""location"":""vs"",""spread"":-3.5,""result"":""L"",""ats_margin"":-7.5},{""date"":""2025-12-27"",""opponent"":""GB"",""venue"":""AWAY"",""location"":""at"",""spread"":2.5,""result"":""W"",""ats_margin"":19.5},{""date"":""2026-01-04"",""opponent"":""PIT"",""venue"":""AWAY"",""location"":""at"",""spread"":-4.5,""result"":""L"",""ats_margin"":-6.5}]","[{""date"":""2025-12-14"",""opponent"":""LV"",""venue"":""HOME"",""location"":""vs"",""spread"":-12.5,""result"":""W"",""ats_margin"":18.5},{""date"":""2025-12-20"",""opponent"":""WAS"",""venue"":""AWAY"",""location"":""at"",""spread"":-7.0,""result"":""W"",""ats_margin"":4.0},{""date"":""2025-12-28"",""opponent"":""BUF"",""venue"":""AWAY"",""location"":""at"",""spread"":3.0,""result"":""W"",""ats_margin"":4.0},{""date"":""2026-01-04"",""opponent"":""WAS"",""venue"":""HOME"",""location"":""vs"",""spread"":-3.0,""result"":""L"",""ats_margin"":-10.0},{""date"":""2026-01-11"",""opponent"":""SF"",""venue"":""HOME"",""location"":""vs"",""spread"":-6.0,""result"":""L"",""ats_margin"":-10.0}]",12,12,16.5,50000,0.5463,0.4537,0.00258,0.6284,0.3695,0.0021,5.44,BAL,HOME,0.6284,0.1046,STRONG PLAY,11.75,0.5796,0.4173,0.0031,2.37,OVER,0.5796,0.0558,PLAY,84.0,GOLD,67.4,Model total 39.9 vs DK 37.5; OVER edge 2.4 points.,balanced matchup with limited model separation,PRESEASON VOLATILITY,NFL_SPREADS_V9_DK_GAME_LINES_FIX_1HR,2026-08-14T06:35:37.491966+00:00,PHI @ BAL,BAL,1.9354466541868558,PHI -3.5,BAL +3.5,,,,,,False,,,2026-08-15T22:00:00+00:00,60
401874393,2026-08-15T17:00Z,Cleveland Browns at Chicago Bears,CLE @ CHI,2026,PRESEASON,2,CHI,CLE,Chicago Bears,Cleveland Browns,0.0,0.0,False,Scheduled,False,3.0,40.5,Draft Kings,,,1.04,-2.09,1.25,0.75,0.23,-0.38,0.0,0.0,0.0,0.0,1.86,2.2,-2.2,42.93,40.27,40.27,38.5,21.24,19.03,0.26,87,86,0.5392,0.4207,0.55,-1.54,3.0,3-6.5,0.08144963818860879,0.5472718253968254,0.42720588235294116,2025:11-7-1P | 2024:8-7-2P | 2023:8-6-3P | 2022:5-10-2P | 2021:7-9-1P,2025:8-9 | 2024:4-13 | 2023:9-7-2P | 2022:8-9 | 2021:7-10,3.0,-3.0,10,3,3,4,0.5,21,0.47058823529411764,5,1,3,1,0.25,17,0.4375,3-2,3-2,0.6,0.6,0.9,0.7,-1.5 | +3.5 | -3.5 | +2.5 | +3.5,-4.5 | +7.5 | +10.5 | +4.5 | +9.5,W | L | L | W | W,L | L | W | W | W,GB | SF | DET | GB | LA,TEN | CHI | BUF | PIT | CIN,vs | at | vs | vs | vs,vs | at | vs | vs | at,2025-12-20 | 2025-12-28 | 2026-01-04 | 2026-01-10 | 2026-01-18,2025-12-07 | 2025-12-14 | 2025-12-21 | 2025-12-28 | 2026-01-04,"[{""date"":""2025-12-20"",""opponent"":""GB"",""venue"":""HOME"",""location"":""vs"",""spread"":-1.5,""result"":""W"",""ats_margin"":4.5},{""date"":""2025-12-28"",""opponent"":""SF"",""venue"":""AWAY"",""location"":""at"",""spread"":3.5,""result"":""L"",""ats_margin"":-0.5},{""date"":""2026-01-04"",""opponent"":""DET"",""venue"":""HOME"",""location"":""vs"",""spread"":-3.5,""result"":""L"",""ats_margin"":-6.5},{""date"":""2026-01-10"",""opponent"":""GB"",""venue"":""HOME"",""location"":""vs"",""spread"":2.5,""result"":""W"",""ats_margin"":6.5},{""date"":""2026-01-18"",""opponent"":""LA"",""venue"":""HOME"",""location"":""vs"",""spread"":3.5,""result"":""W"",""ats_margin"":0.5}]","[{""date"":""2025-12-07"",""opponent"":""TEN"",""venue"":""HOME"",""location"":""vs"",""spread"":-4.5,""result"":""L"",""ats_margin"":-6.5},{""date"":""2025-12-14"",""opponent"":""CHI"",""venue"":""AWAY"",""location"":""at"",""spread"":7.5,""result"":""L"",""ats_margin"":-20.5},{""date"":""2025-12-21"",""opponent"":""BUF"",""venue"":""HOME"",""location"":""vs"",""spread"":10.5,""result"":""W"",""ats_margin"":7.5},{""date"":""2025-12-28"",""opponent"":""PIT"",""venue"":""HOME"",""location"":""vs"",""spread"":4.5,""result"":""W"",""ats_margin"":11.5},{""date"":""2026-01-04"",""opponent"":""CIN"",""venue"":""AWAY"",""location"":""at"",""spread"":9.5,""result"":""W"",""ats_margin"":11.5}]",12,12,16.5,50000,0.5527,0.4473,0.0022,0.622,0.3761,0.0019,5.2,CHI,HOME,0.622,0.0982,STRONG PLAY,11.75,0.4926,0.5043,0.0031,-0.23,UNDER,0.5043,-0.0195,PASS,83.1,GOLD,49.5,Model total 40.3 vs DK 40.5; UNDER edge 0.2 points.,balanced matchup with limited model separation,PRESEASON VOLATILITY,NFL_SPREADS_V9_DK_GAME_LINES_FIX_1HR,2026-08-14T06:35:37.345341+00:00,CLE @ CHI,CHI,2.203381850391788,CLE -3.0,CHI +3.0,,,,,,False,,,2026-08-15T16:00:00+00:00,60
401873277,2026-08-14T23:00Z,Miami Dolphins at Washington Commanders,MIA @ WSH,2026,PRESEASON,2,WAS,MIA,Washington Commanders,Miami Dolphins,0.0,0.0,False,Scheduled,False,3.5,35.5,Draft Kings,,,-3.6,-4.44,0.34,0.75,-0.09,0.0,0.15,0.0,0.0,0.0,1.14,1.15,-1.15,44.75,41.0,41.0,38.5,21.08,19.93,-0.02,88,87,0.4733,0.4908,-0.73,-0.6,3.5,3-6.5,0.025690987933634987,0.46158088235294115,0.48596813725490196,2025:7-10 | 2024:12-8 | 2023:6-10-1P | 2022:8-8-1P | 2021:7-9-1P,2025:8-9 | 2024:7-10 | 2023:10-8 | 2022:10-8 | 2021:9-7-1P,3.5,-3.5,3,2,1,0,0.6666666666666666,22,0.5714285714285714,5,3,2,0,0.6,21,0.5238095238095238,3-2,2-3,0.6,0.4,-2.9,-2.9,-1.5 | +2.5 | +7.0 | +8.5 | +3.0,-2.5 | +3.0 | +3.5 | +5.5 | +14.0,L | W | L | W | W,W | L | L | W | L,MIN | NYG | PHI | DAL | PHI,NYJ | PIT | CIN | TB | NE,at | at | vs | vs | at,at | at | vs | vs | at,2025-12-07 | 2025-12-14 | 2025-12-20 | 2025-12-25 | 2026-01-04,2025-12-07 | 2025-12-15 | 2025-12-21 | 2025-12-28 | 2026-01-04,"[{""date"":""2025-12-07"",""opponent"":""MIN"",""venue"":""AWAY"",""location"":""at"",""spread"":-1.5,""result"":""L"",""ats_margin"":-32.5},{""date"":""2025-12-14"",""opponent"":""NYG"",""venue"":""AWAY"",""location"":""at"",""spread"":2.5,""result"":""W"",""ats_margin"":10.5},{""date"":""2025-12-20"",""opponent"":""PHI"",""venue"":""HOME"",""location"":""vs"",""spread"":7.0,""result"":""L"",""ats_margin"":-4.0},{""date"":""2025-12-25"",""opponent"":""DAL"",""venue"":""HOME"",""location"":""vs"",""spread"":8.5,""result"":""W"",""ats_margin"":1.5},{""date"":""2026-01-04"",""opponent"":""PHI"",""venue"":""AWAY"",""location"":""at"",""spread"":3.0,""result"":""W"",""ats_margin"":10.0}]","[{""date"":""2025-12-07"",""opponent"":""NYJ"",""venue"":""AWAY"",""location"":""at"",""spread"":-2.5,""result"":""W"",""ats_margin"":21.5},{""date"":""2025-12-15"",""opponent"":""PIT"",""venue"":""AWAY"",""location"":""at"",""spread"":3.0,""result"":""L"",""ats_margin"":-10.0},{""date"":""2025-12-21"",""opponent"":""CIN"",""venue"":""HOME"",""location"":""vs"",""spread"":3.5,""result"":""L"",""ats_margin"":-20.5},{""date"":""2025-12-28"",""opponent"":""TB"",""venue"":""HOME"",""location"":""vs"",""spread"":5.5,""result"":""W"",""ats_margin"":8.5},{""date"":""2026-01-04"",""opponent"":""NE"",""venue"":""AWAY"",""location"":""at"",""spread"":14.0,""result"":""L"",""ats_margin"":-14.0}]",12,12,16.5,50000,0.5293,0.4707,0.00258,0.6101,0.3876,0.0023,4.65,WAS,HOME,0.6101,0.0863,STRONG PLAY,11.75,0.677,0.3202,0.0028,5.5,OVER,0.677,0.1532,STRONG PLAY,81.4,GOLD,86.0,Model total 41.0 vs DK 35.5; OVER edge 5.5 points.,balanced matchup with limited model separation,PRESEASON VOLATILITY,NFL_SPREADS_V9_DK_GAME_LINES_FIX_1HR,2026-08-14T06:35:37.051860+00:00,MIA @ WAS,WAS,1.150598786147155,MIA -3.5,WAS +3.5,,,,,,False,,,2026-08-14T22:00:00+00:00,60
401873281,2026-08-15T20:00Z,Jacksonville Jaguars at New Orleans Saints,JAX @ NO,2026,PRESEASON,2,NO,JAX,New Orleans Saints,Jacksonville Jaguars,0.0,0.0,False,Scheduled,False,-2.5,35.5,Draft Kings,,,1.12,6.84,-2.29,0.75,-0.41,0.38,0.0,0.0,0.0,0.0,-1.58,-1.71,1.71,45.45,41.28,41.28,38.5,19.79,21.49,-0.02,85,88,0.4637,0.5788,0.27,0.41,-2.5,0-2.5,-0.11593277310924363,0.45735294117647063,0.5898692810457515,2025:9-8 | 2024:7-10 | 2023:6-10-1P | 2022:7-10 | 2021:9-8,2025:12-6 | 2024:10-7 | 2023:9-8 | 2022:10-8-1P | 2021:5-12,-2.5,2.5,4,2,2,0,0.5,19,0.3888888888888889,8,5,3,0,0.625,29,0.6206896551724138,5-0,4-1,1.0,0.8,8.5,10.3,+7.5 | +2.5 | -6.5 | -1.5 | +4.5,-13.5 | +3.5 | -3.5 | -12.5 | -1.5,W | W | W | W | W,W | W | W | W | L,TB | CAR | NYJ | TEN | ATL,NYJ | DEN | IND | TEN | BUF,at | vs | vs | at | at,vs | at | at | vs | vs,2025-12-07 | 2025-12-14 | 2025-12-21 | 2025-12-28 | 2026-01-04,2025-12-14 | 2025-12-21 | 2025-12-28 | 2026-01-04 | 2026-01-11,"[{""date"":""2025-12-07"",""opponent"":""TB"",""venue"":""AWAY"",""location"":""at"",""spread"":7.5,""result"":""W"",""ats_margin"":11.5},{""date"":""2025-12-14"",""opponent"":""CAR"",""venue"":""HOME"",""location"":""vs"",""spread"":2.5,""result"":""W"",""ats_margin"":5.5},{""date"":""2025-12-21"",""opponent"":""NYJ"",""venue"":""HOME"",""location"":""vs"",""spread"":-6.5,""result"":""W"",""ats_margin"":16.5},{""date"":""2025-12-28"",""opponent"":""TEN"",""venue"":""AWAY"",""location"":""at"",""spread"":-1.5,""result"":""W"",""ats_margin"":6.5},{""date"":""2026-01-04"",""opponent"":""ATL"",""venue"":""AWAY"",""location"":""at"",""spread"":4.5,""result"":""W"",""ats_margin"":2.5}]","[{""date"":""2025-12-14"",""opponent"":""NYJ"",""venue"":""HOME"",""location"":""vs"",""spread"":-13.5,""result"":""W"",""ats_margin"":14.5},{""date"":""2025-12-21"",""opponent"":""DEN"",""venue"":""AWAY"",""location"":""at"",""spread"":3.5,""result"":""W"",""ats_margin"":17.5},{""date"":""2025-12-28"",""opponent"":""IND"",""venue"":""AWAY"",""location"":""at"",""spread"":-3.5,""result"":""W"",""ats_margin"":2.5},{""date"":""2026-01-04"",""opponent"":""TEN"",""venue"":""HOME"",""location"":""vs"",""spread"":-12.5,""result"":""W"",""ats_margin"":21.5},{""date"":""2026-01-11"",""opponent"":""BUF"",""venue"":""HOME"",""location"":""vs"",""spread"":-1.5,""result"":""L"",""ats_margin"":-4.5}]",12,12,16.5,50000,0.4566,0.5434,0.0021,0.3952,0.6026,0.0022,-4.21,JAX,AWAY,0.6026,0.0788,PLAY,11.75,0.6858,0.3112,0.003,5.78,OVER,0.6858,0.162,STRONG PLAY,79.3,GOLD,86.0,Model total 41.3 vs DK 35.5; OVER edge 5.8 points.,JAX stronger power rating,PRESEASON VOLATILITY,NFL_SPREADS_V9_DK_GAME_LINES_FIX_1HR,2026-08-14T06:35:37.451152+00:00,JAX @ NO,JAX,1.7088470600032069,NO -2.5,JAX +2.5,,,,,,False,,,2026-08-15T19:00:00+00:00,60
401873283,2026-08-15T20:00Z,Los Angeles Rams at Kansas City Chiefs,LAR @ KC,2026,PRESEASON,2,KC,LAR,Kansas City Chiefs,Los Angeles Rams,0.0,0.0,False,Scheduled,False,-2.5,36.5,Draft Kings,,,-1.87,2.86,-1.89,0.75,-0.28,0.38,0.15,0.0,0.0,0.0,-0.89,-0.96,0.96,46.73,41.79,41.79,38.5,20.41,21.38,-0.0,98,0,0.4378,0.5,-0.16,0.0,-2.5,0-2.5,-0.0732129342965256,0.43301857585139325,0.5,2025:6-11 | 2024:8-12 | 2023:13-7-1P | 2022:7-12-1P | 2021:10-10,,-2.5,2.5,8,4,4,0,0.5,28,0.4642857142857143,0,0,0,0,0.5,0,0.5,1-4,0-0,0.2,0.5,-8.5,0.0,-4.5 | -5.5 | -3.5 | +13.5 | -3.5,,L | L | L | W | L,,HOU | LAC | TEN | DEN | LV,,vs | vs | at | vs | at,,2025-12-07 | 2025-12-14 | 2025-12-21 | 2025-12-25 | 2026-01-04,,"[{""date"":""2025-12-07"",""opponent"":""HOU"",""venue"":""HOME"",""location"":""vs"",""spread"":-4.5,""result"":""L"",""ats_margin"":-14.5},{""date"":""2025-12-14"",""opponent"":""LAC"",""venue"":""HOME"",""location"":""vs"",""spread"":-5.5,""result"":""L"",""ats_margin"":-8.5},{""date"":""2025-12-21"",""opponent"":""TEN"",""venue"":""AWAY"",""location"":""at"",""spread"":-3.5,""result"":""L"",""ats_margin"":-20.5},{""date"":""2025-12-25"",""opponent"":""DEN"",""venue"":""HOME"",""location"":""vs"",""spread"":13.5,""result"":""W"",""ats_margin"":6.5},{""date"":""2026-01-04"",""opponent"":""LV"",""venue"":""AWAY"",""location"":""at"",""spread"":-3.5,""result"":""L"",""ats_margin"":-5.5}]",[],12,12,16.5,50000,0.4773,0.5227,0.00246,0.4151,0.5825,0.0024,-3.46,LAR,AWAY,0.5825,0.0587,PLAY,11.75,0.673,0.3239,0.0032,5.29,OVER,0.673,0.1492,STRONG PLAY,73.9,SILVER,86.0,Model total 41.8 vs DK 36.5; OVER edge 5.3 points.,balanced matchup with limited model separation,PRESEASON VOLATILITY,NFL_SPREADS_V9_DK_GAME_LINES_FIX_1HR,2026-08-14T06:35:37.412304+00:00,LAR @ KC,LAR,0.9641399617372628,KC -2.5,LAR +2.5,,,,,,False,,,2026-08-15T19:00:00+00:00,60
401873278,2026-08-14T23:00Z,Denver Broncos at Atlanta Falcons,DEN @ ATL,2026,PRESEASON,2,ATL,DEN,Atlanta Falcons,Denver Broncos,0.0,0.0,False,Scheduled,False,3.5,40.5,Draft Kings,,,-0.51,2.19,-1.08,0.75,-0.2,0.38,0.15,0.0,0.0,0.0,-0.01,-0.2,0.2,43.33,40.43,40.43,38.5,20.12,20.32,-0.18,85,88,0.4239,0.5013,-1.34,0.13,3.5,3-6.5,-0.007520805690697345,0.42757352941176474,0.4958462332301342,2025:9-8 | 2024:6-11 | 2023:5-12 | 2022:8-8-1P | 2021:6-10-1P,2025:9-10 | 2024:12-6 | 2023:6-10-1P | 2022:7-10 | 2021:8-9,3.5,-3.5,7,3,4,0,0.42857142857142855,15,0.4,4,2,2,0,0.5,18,0.4117647058823529,3-2,3-2,0.6,0.6,-0.3,-4.1,+7.0 | +6.0 | -2.5 | +7.5 | -4.5,-3.5 | -13.5 | -14.5 | -1.5 | +3.5,L | W | W | W | L,L | L | W | W | W,SEA | TB | ARI | LA | NO,JAX | KC | LAC | BUF | NE,vs | at | at | vs | vs,vs | at | vs | vs | vs,2025-12-07 | 2025-12-11 | 2025-12-21 | 2025-12-29 | 2026-01-04,2025-12-21 | 2025-12-25 | 2026-01-04 | 2026-01-17 | 2026-01-25,"[{""date"":""2025-12-07"",""opponent"":""SEA"",""venue"":""HOME"",""location"":""vs"",""spread"":7.0,""result"":""L"",""ats_margin"":-21.0},{""date"":""2025-12-11"",""opponent"":""TB"",""venue"":""AWAY"",""location"":""at"",""spread"":6.0,""result"":""W"",""ats_margin"":7.0},{""date"":""2025-12-21"",""opponent"":""ARI"",""venue"":""AWAY"",""location"":""at"",""spread"":-2.5,""result"":""W"",""ats_margin"":4.5},{""date"":""2025-12-29"",""opponent"":""LA"",""venue"":""HOME"",""location"":""vs"",""spread"":7.5,""result"":""W"",""ats_margin"":10.5},{""date"":""2026-01-04"",""opponent"":""NO"",""venue"":""HOME"",""location"":""vs"",""spread"":-4.5,""result"":""L"",""ats_margin"":-2.5}]","[{""date"":""2025-12-21"",""opponent"":""JAX"",""venue"":""HOME"",""location"":""vs"",""spread"":-3.5,""result"":""L"",""ats_margin"":-17.5},{""date"":""2025-12-25"",""opponent"":""KC"",""venue"":""AWAY"",""location"":""at"",""spread"":-13.5,""result"":""L"",""ats_margin"":-6.5},{""date"":""2026-01-04"",""opponent"":""LAC"",""venue"":""HOME"",""location"":""vs"",""spread"":-14.5,""result"":""W"",""ats_margin"":1.5},{""date"":""2026-01-17"",""opponent"":""BUF"",""venue"":""HOME"",""location"":""vs"",""spread"":-1.5,""result"":""W"",""ats_margin"":1.5},{""date"":""2026-01-25"",""opponent"":""NE"",""venue"":""HOME"",""location"":""vs"",""spread"":3.5,""result"":""W"",""ats_margin"":0.5}]",12,12,16.5,50000,0.493,0.507,0.00244,0.5758,0.422,0.0022,3.3,ATL,HOME,0.5758,0.052,PLAY,11.75,0.4958,0.501,0.0032,-0.07,UNDER,0.501,-0.0228,PASS,72.3,SILVER,48.6,Model total 40.4 vs DK 40.5; UNDER edge 0.1 points.,balanced matchup with limited model separation,PRESEASON VOLATILITY,NFL_SPREADS_V9_DK_GAME_LINES_FIX_1HR,2026-08-14T06:35:36.975526+00:00,DEN @ ATL,DEN,0.1999900697415496,DEN -3.5,ATL +3.5,,,,,,False,,,2026-08-14T22:00:00+00:00,60
401873279,2026-08-16T00:00Z,Dallas Cowboys at Seattle Seahawks,DAL @ SEA,2026,PRESEASON,2,SEA,DAL,Seattle Seahawks,Dallas Cowboys,0.0,0.0,False,Scheduled,False,-3.0,38.5,Draft Kings,,,8.18,-3.3,4.59,0.75,0.44,-0.38,0.3,0.0,0.0,0.0,5.7,6.15,-6.15,50.54,43.31,43.31,38.5,24.73,18.58,0.26,89,89,0.5588,0.4829,1.79,-0.33,-3.0,3-6.5,0.18208588307117723,0.5602614379084968,0.4704248366013072,2025:15-5 | 2024:6-11 | 2023:8-7-2P | 2022:7-11 | 2021:9-8,2025:7-10 | 2024:7-10 | 2023:10-8 | 2022:10-8-1P | 2021:13-5,-3.0,3.0,4,3,0,1,1.0,19,0.5294117647058824,3,2,1,0,0.6666666666666666,16,0.375,5-0,0-5,1.0,0.0,11.9,-12.8,-6.5 | -2.5 | -6.5 | -2.5 | -4.5,+3.5 | -5.5 | -1.5 | -8.5 | -3.0,W | W | W | W | W,L | L | L | L | L,CAR | SF | SF | LA | NE,DET | MIN | LAC | WAS | NYG,at | at | vs | vs | at,at | vs | vs | at | at,2025-12-28 | 2026-01-03 | 2026-01-17 | 2026-01-25 | 2026-02-08,2025-12-04 | 2025-12-14 | 2025-12-21 | 2025-12-25 | 2026-01-04,"[{""date"":""2025-12-28"",""opponent"":""CAR"",""venue"":""AWAY"",""location"":""at"",""spread"":-6.5,""result"":""W"",""ats_margin"":10.5},{""date"":""2026-01-03"",""opponent"":""SF"",""venue"":""AWAY"",""location"":""at"",""spread"":-2.5,""result"":""W"",""ats_margin"":7.5},{""date"":""2026-01-17"",""opponent"":""SF"",""venue"":""HOME"",""location"":""vs"",""spread"":-6.5,""result"":""W"",""ats_margin"":28.5},{""date"":""2026-01-25"",""opponent"":""LA"",""venue"":""HOME"",""location"":""vs"",""spread"":-2.5,""result"":""W"",""ats_margin"":1.5},{""date"":""2026-02-08"",""opponent"":""NE"",""venue"":""AWAY"",""location"":""at"",""spread"":-4.5,""result"":""W"",""ats_margin"":11.5}]","[{""date"":""2025-12-04"",""opponent"":""DET"",""venue"":""AWAY"",""location"":""at"",""spread"":3.5,""result"":""L"",""ats_margin"":-10.5},{""date"":""2025-12-14"",""opponent"":""MIN"",""venue"":""HOME"",""location"":""vs"",""spread"":-5.5,""result"":""L"",""ats_margin"":-13.5},{""date"":""2025-12-21"",""opponent"":""LAC"",""venue"":""HOME"",""location"":""vs"",""spread"":-1.5,""result"":""L"",""ats_margin"":-18.5},{""date"":""2025-12-25"",""opponent"":""WAS"",""venue"":""AWAY"",""location"":""at"",""spread"":-8.5,""result"":""L"",""ats_margin"":-1.5},{""date"":""2026-01-04"",""opponent"":""NYG"",""venue"":""AWAY"",""location"":""at"",""spread"":-3.0,""result"":""L"",""ats_margin"":-20.0}]",12,12,16.5,50000,0.6491,0.3509,0.0021,0.5782,0.4191,0.0026,3.15,SEA,HOME,0.5782,0.0544,PLAY,11.75,0.6571,0.3399,0.0029,4.81,OVER,0.6571,0.1333,STRONG PLAY,72.2,SILVER,85.4,Model total 43.3 vs DK 38.5; OVER edge 4.8 points.,SEA stronger power rating; long travel spot for DAL,PRESEASON VOLATILITY,NFL_SPREADS_V9_DK_GAME_LINES_FIX_1HR,2026-08-14T06:35:37.534972+00:00,DAL @ SEA,SEA,6.150889490417843,SEA -3.0,SEA -3.0,,,,,,False,,,2026-08-15T23:00:00+00:00,60
401873280,2026-08-15T17:00Z,Minnesota Vikings at New York Giants,MIN @ NYG,2026,PRESEASON,2,NYG,MIN,New York Giants,Minnesota Vikings,0.0,0.0,False,Scheduled,False,2.5,41.5,Draft Kings,,,1.66,2.43,-0.31,0.75,-0.06,0.0,0.15,0.0,0.0,0.0,0.52,0.36,-0.36,42.0,39.9,39.9,38.5,20.13,19.77,-0.08,87,87,0.4805,0.5396,-0.48,0.18,2.5,0-2.5,-0.08610887512899891,0.4766253869969041,0.5411764705882353,2025:9-8 | 2024:5-12 | 2023:8-8-1P | 2022:14-5 | 2021:6-11,2025:9-8 | 2024:11-6-1P | 2023:7-7-3P | 2022:7-10-1P | 2021:9-8,2.5,-2.5,5,2,3,0,0.4,18,0.4117647058823529,9,6,3,0,0.6666666666666666,27,0.5833333333333334,2-3,5-0,0.4,1.0,3.8,13.4,+7.0 | -2.5 | +2.5 | -3.0 | +3.0,+1.5 | +5.5 | -2.5 | +7.0 | -12.5,L | L | L | W | W,W | W | W | W | W,NE | WAS | MIN | LV | DAL,WAS | DAL | NYG | DET | GB,at | vs | vs | at | vs,vs | at | at | vs | vs,2025-12-01 | 2025-12-14 | 2025-12-21 | 2025-12-28 | 2026-01-04,2025-12-07 | 2025-12-14 | 2025-12-21 | 2025-12-25 | 2026-01-04,"[{""date"":""2025-12-01"",""opponent"":""NE"",""venue"":""AWAY"",""location"":""at"",""spread"":7.0,""result"":""L"",""ats_margin"":-11.0},{""date"":""2025-12-14"",""opponent"":""WAS"",""venue"":""HOME"",""location"":""vs"",""spread"":-2.5,""result"":""L"",""ats_margin"":-10.5},{""date"":""2025-12-21"",""opponent"":""MIN"",""venue"":""HOME"",""location"":""vs"",""spread"":2.5,""result"":""L"",""ats_margin"":-0.5},{""date"":""2025-12-28"",""opponent"":""LV"",""venue"":""AWAY"",""location"":""at"",""spread"":-3.0,""result"":""W"",""ats_margin"":21.0},{""date"":""2026-01-04"",""opponent"":""DAL"",""venue"":""HOME"",""location"":""vs"",""spread"":3.0,""result"":""W"",""ats_margin"":20.0}]","[{""date"":""2025-12-07"",""opponent"":""WAS"",""venue"":""HOME"",""location"":""vs"",""spread"":1.5,""result"":""W"",""ats_margin"":32.5},{""date"":""2025-12-14"",""opponent"":""DAL"",""venue"":""AWAY"",""location"":""at"",""spread"":5.5,""result"":""W"",""ats_margin"":13.5},{""date"":""2025-12-21"",""opponent"":""NYG"",""venue"":""AWAY"",""location"":""at"",""spread"":-2.5,""result"":""W"",""ats_margin"":0.5},{""date"":""2025-12-25"",""opponent"":""DET"",""venue"":""HOME"",""location"":""vs"",""spread"":7.0,""result"":""W"",""ats_margin"":20.0},{""date"":""2026-01-04"",""opponent"":""GB"",""venue"":""HOME"",""location"":""vs"",""spread"":-12.5,""result"":""W"",""ats_margin"":0.5}]",12,12,16.5,50000,0.5079,0.4921,0.0026,0.567,0.4308,0.0022,2.86,NYG,HOME,0.567,0.0432,LEAN,11.75,0.4461,0.5507,0.0033,-1.6,UNDER,0.5507,0.0269,LEAN,69.5,BRONZE,60.7,Model total 39.9 vs DK 41.5; UNDER edge 1.6 points.,balanced matchup with limited model separation,PRESEASON VOLATILITY,NFL_SPREADS_V9_DK_GAME_LINES_FIX_1HR,2026-08-14T06:35:37.382186+00:00,MIN @ NYG,NYG,0.3559697352612899,MIN -2.5,NYG +2.5,,,,,,False,,,2026-08-15T16:00:00+00:00,60
401873282,2026-08-15T17:00Z,Carolina Panthers at Buffalo Bills,CAR @ BUF,2026,PRESEASON,2,BUF,CAR,Buffalo Bills,Carolina Panthers,0.0,0.0,False,Scheduled,False,-3.0,38.5,Draft Kings,,,2.92,-2.57,2.2,0.75,0.34,-0.38,0.0,0.0,0.0,0.0,2.91,3.26,-3.26,46.3,41.62,41.62,38.5,22.44,19.18,0.36,95,86,0.5065,0.4859,1.65,-1.24,-3.0,3-6.5,-0.0045522983316134275,0.5001547987616098,0.4830718954248367,2025:9-10 | 2024:12-8 | 2023:8-11 | 2022:8-9-1P | 2021:10-7-2P,2025:11-7 | 2024:8-9 | 2023:4-11-2P | 2022:9-8 | 2021:5-12,-3.0,3.0,6,2,3,1,0.4,20,0.5789473684210527,8,6,0,2,1.0,24,0.6363636363636364,2-3,3-2,0.4,0.6,1.2,-0.4,-10.5 | -3.0 | -12.5 | +1.5 | +1.5,-2.5 | +3.0 | +6.5 | +3.0 | +10.0,L | L | W | W | L,L | W | L | W | W,CLE | PHI | NYJ | JAX | DEN,NO | TB | SEA | TB | LA,at | vs | vs | at | at,at | vs | vs | at | vs,2025-12-21 | 2025-12-28 | 2026-01-04 | 2026-01-11 | 2026-01-17,2025-12-14 | 2025-12-21 | 2025-12-28 | 2026-01-03 | 2026-01-10,"[{""date"":""2025-12-21"",""opponent"":""CLE"",""venue"":""AWAY"",""location"":""at"",""spread"":-10.5,""result"":""L"",""ats_margin"":-7.5},{""date"":""2025-12-28"",""opponent"":""PHI"",""venue"":""HOME"",""location"":""vs"",""spread"":-3.0,""result"":""L"",""ats_margin"":-4.0},{""date"":""2026-01-04"",""opponent"":""NYJ"",""venue"":""HOME"",""location"":""vs"",""spread"":-12.5,""result"":""W"",""ats_margin"":14.5},{""date"":""2026-01-11"",""opponent"":""JAX"",""venue"":""AWAY"",""location"":""at"",""spread"":1.5,""result"":""W"",""ats_margin"":4.5},{""date"":""2026-01-17"",""opponent"":""DEN"",""venue"":""AWAY"",""location"":""at"",""spread"":1.5,""result"":""L"",""ats_margin"":-1.5}]","[{""date"":""2025-12-14"",""opponent"":""NO"",""venue"":""AWAY"",""location"":""at"",""spread"":-2.5,""result"":""L"",""ats_margin"":-5.5},{""date"":""2025-12-21"",""opponent"":""TB"",""venue"":""HOME"",""location"":""vs"",""spread"":3.0,""result"":""W"",""ats_margin"":6.0},{""date"":""2025-12-28"",""opponent"":""SEA"",""venue"":""HOME"",""location"":""vs"",""spread"":6.5,""result"":""L"",""ats_margin"":-10.5},{""date"":""2026-01-03"",""opponent"":""TB"",""venue"":""AWAY"",""location"":""at"",""spread"":3.0,""result"":""W"",""ats_margin"":1.0},{""date"":""2026-01-10"",""opponent"":""LA"",""venue"":""HOME"",""location"":""vs"",""spread"":10.0,""result"":""W"",""ats_margin"":7.0}]",12,12,16.5,50000,0.5785,0.4215,0.0021,0.5058,0.4915,0.0027,0.26,BUF,HOME,0.5058,-0.018,PASS,11.75,0.6068,0.3904,0.0028,3.12,OVER,0.6068,0.083,PLAY,51.8,PASS,73.8,Model total 41.6 vs DK 38.5; OVER edge 3.1 points.,BUF stronger power rating; 5Y ATS calibration favors BUF +0.36 pts,PRESEASON VOLATILITY,NFL_SPREADS_V9_DK_GAME_LINES_FIX_1HR,2026-08-14T06:35:37.306587+00:00,CAR @ BUF,BUF,3.262397169302852,BUF -3.0,BUF -3.0,,,,,,False,,,2026-08-15T16:00:00+00:00,60
401873272,2026-08-13T23:00Z,Detroit Lions at Cincinnati Bengals,DET @ CIN,2026,PRESEASON,2,CIN,DET,Cincinnati Bengals,Detroit Lions,16.0,14.0,True,Final,False,,,,,,1.6,-0.9,1.0,0.75,0.08,0.0,0.0,0.0,0.0,0.0,1.83,1.63,-1.63,51.5,43.7,43.7,38.5,22.66,21.04,-0.16,91,89,0.5577,0.6149,-0.49,0.79,-1.8318161397959518,0-2.5,-0.044859126984126974,0.5341830065359477,0.6065441176470588,2025:8-9 | 2024:10-7 | 2023:7-8-2P | 2022:13-5-1P | 2021:14-7,2025:8-9 | 2024:12-5-1P | 2023:14-6 | 2022:12-5 | 2021:10-6-1P,-1.8318161397959518,1.8318161397959518,0,0,0,0,0.5,9,0.3333333333333333,0,0,0,0,0.5,7,0.5,3-2,2-3,0.6,0.4,0.9,-3.4,+6.0 | +2.5 | -3.5 | -7.0 | -9.5,-3.5 | +5.5 | -7.5 | -7.0 | +3.5,W | L | W | W | L,W | L | L | L | W,BUF | BAL | MIA | ARI | CLE,DAL | LA | PIT | MIN | CHI,at | vs | at | vs | vs,vs | at | vs | at | at,2025-12-07 | 2025-12-14 | 2025-12-21 | 2025-12-28 | 2026-01-04,2025-12-04 | 2025-12-14 | 2025-12-21 | 2025-12-25 | 2026-01-04,"[{""date"":""2025-12-07"",""opponent"":""BUF"",""venue"":""AWAY"",""location"":""at"",""spread"":6.0,""result"":""W"",""ats_margin"":1.0},{""date"":""2025-12-14"",""opponent"":""BAL"",""venue"":""HOME"",""location"":""vs"",""spread"":2.5,""result"":""L"",""ats_margin"":-21.5},{""date"":""2025-12-21"",""opponent"":""MIA"",""venue"":""AWAY"",""location"":""at"",""spread"":-3.5,""result"":""W"",""ats_margin"":20.5},{""date"":""2025-12-28"",""opponent"":""ARI"",""venue"":""HOME"",""location"":""vs"",""spread"":-7.0,""result"":""W"",""ats_margin"":16.0},{""date"":""2026-01-04"",""opponent"":""CLE"",""venue"":""HOME"",""location"":""vs"",""spread"":-9.5,""result"":""L"",""ats_margin"":-11.5}]","[{""date"":""2025-12-04"",""opponent"":""DAL"",""venue"":""HOME"",""location"":""vs"",""spread"":-3.5,""result"":""W"",""ats_margin"":10.5},{""date"":""2025-12-14"",""opponent"":""LA"",""venue"":""AWAY"",""location"":""at"",""spread"":5.5,""result"":""L"",""ats_margin"":-1.5},{""date"":""2025-12-21"",""opponent"":""PIT"",""venue"":""HOME"",""location"":""vs"",""spread"":-7.5,""result"":""L"",""ats_margin"":-12.5},{""date"":""2025-12-25"",""opponent"":""MIN"",""venue"":""AWAY"",""location"":""at"",""spread"":-7.0,""result"":""L"",""ats_margin"":-20.0},{""date"":""2026-01-04"",""opponent"":""CHI"",""venue"":""AWAY"",""location"":""at"",""spread"":3.5,""result"":""W"",""ats_margin"":6.5}]",12,12,16.5,50000,0.5347,0.4653,0.00226,,,,,,PASS,,,PASS,11.75,,,,,PASS,,,PASS,50.1,PASS,48.2,Model projects 43.7 total points; no DraftKings total is available for comparison.,balanced matchup with limited model separation,PRESEASON VOLATILITY | NO MARKET SPREAD,NFL_SPREADS_V9_DK_GAME_LINES_FIX_1HR,2026-08-14T06:35:37.089124+00:00,DET @ CIN,CIN,1.6271251565133995,,,,,,,,False,,,2026-08-13T22:00:00+00:00,60
401873275,2026-08-13T23:00Z,Green Bay Packers at Pittsburgh Steelers,GB @ PIT,2026,PRESEASON,2,PIT,GB,Pittsburgh Steelers,Green Bay Packers,28.0,9.0,True,Final,False,,,,,,-2.44,-2.6,0.07,0.75,-0.0,-0.2,0.0,0.0,0.0,0.0,0.61,0.65,-0.65,43.48,40.49,40.49,38.5,20.57,19.92,-0.05,89,90,0.5584,0.4576,0.01,0.42,-0.6115732656742408,0-2.5,0.09123557361541113,0.5603758169934642,0.4471620227038184,2025:9-8-1P | 2024:11-7 | 2023:10-8 | 2022:10-6-1P | 2021:8-10,2025:6-12 | 2024:8-9-1P | 2023:11-8 | 2022:8-9 | 2021:12-6,-0.6115732656742408,0.6115732656742408,0,0,0,0,0.5,5,0.8,0,0,0,0,0.5,8,0.5,3-2,0-5,0.6,0.0,-0.7,-8.1,-3.0 | +7.5 | -4.5 | +4.5 | +3.0,-1.5 | +1.5 | -2.5 | +12.5 | -2.5,W | W | L | W | L,L | L | L | L | L,MIA | DET | CLE | BAL | HOU,DEN | CHI | BAL | MIN | CHI,vs | at | at | vs | vs,at | at | vs | at | at,2025-12-15 | 2025-12-21 | 2025-12-28 | 2026-01-04 | 2026-01-12,2025-12-14 | 2025-12-20 | 2025-12-27 | 2026-01-04 | 2026-01-10,"[{""date"":""2025-12-15"",""opponent"":""MIA"",""venue"":""HOME"",""location"":""vs"",""spread"":-3.0,""result"":""W"",""ats_margin"":10.0},{""date"":""2025-12-21"",""opponent"":""DET"",""venue"":""AWAY"",""location"":""at"",""spread"":7.5,""result"":""W"",""ats_margin"":12.5},{""date"":""2025-12-28"",""opponent"":""CLE"",""venue"":""AWAY"",""location"":""at"",""spread"":-4.5,""result"":""L"",""ats_margin"":-11.5},{""date"":""2026-01-04"",""opponent"":""BAL"",""venue"":""HOME"",""location"":""vs"",""spread"":4.5,""result"":""W"",""ats_margin"":6.5},{""date"":""2026-01-12"",""opponent"":""HOU"",""venue"":""HOME"",""location"":""vs"",""spread"":3.0,""result"":""L"",""ats_margin"":-21.0}]","[{""date"":""2025-12-14"",""opponent"":""DEN"",""venue"":""AWAY"",""location"":""at"",""spread"":-1.5,""result"":""L"",""ats_margin"":-9.5},{""date"":""2025-12-20"",""opponent"":""CHI"",""venue"":""AWAY"",""location"":""at"",""spread"":1.5,""result"":""L"",""ats_margin"":-4.5},{""date"":""2025-12-27"",""opponent"":""BAL"",""venue"":""HOME"",""location"":""vs"",""spread"":-2.5,""result"":""L"",""ats_margin"":-19.5},{""date"":""2026-01-04"",""opponent"":""MIN"",""venue"":""AWAY"",""location"":""at"",""spread"":12.5,""result"":""L"",""ats_margin"":-0.5},{""date"":""2026-01-10"",""opponent"":""CHI"",""venue"":""AWAY"",""location"":""at"",""spread"":-2.5,""result"":""L"",""ats_margin"":-6.5}]",12,12,16.5,50000,0.5168,0.4832,0.00272,,,,,,PASS,,,PASS,11.75,,,,,PASS,,,PASS,50.1,PASS,48.2,Model projects 40.5 total points; no DraftKings total is available for comparison.,balanced matchup with limited model separation,PRESEASON VOLATILITY | NO MARKET SPREAD,NFL_SPREADS_V9_DK_GAME_LINES_FIX_1HR,2026-08-14T06:35:37.121990+00:00,GB @ PIT,PIT,0.6511617807322914,,,,,,,,False,,,2026-08-13T22:00:00+00:00,60
401873273,2026-08-13T23:30Z,Indianapolis Colts at New England Patriots,IND @ NE,2026,PRESEASON,2,NE,IND,New England Patriots,Indianapolis Colts,13.0,13.0,True,Final,False,,,,,,3.5,-3.33,2.73,0.75,0.44,-0.38,0.0,0.0,0.0,0.0,3.54,3.8,-3.8,46.91,41.86,41.86,38.5,22.83,19.03,0.19,90,85,0.5241,0.5073,1.01,-0.5,-3.5443228499696895,3-6.5,0.06760880807277869,0.5100694444444445,0.5147058823529411,2025:14-7 | 2024:7-9-1P | 2023:5-11-1P | 2022:7-9-1P | 2021:10-8,2025:9-8 | 2024:9-8 | 2023:9-8 | 2022:6-11 | 2021:10-7,-3.5443228499696895,3.5443228499696895,0,0,0,0,0.5,13,0.5833333333333334,0,0,0,0,0.5,25,0.48,3-2,2-3,0.6,0.4,4.1,-5.1,-14.0 | -3.5 | -3.0 | -3.5 | +4.5,-2.5 | +13.5 | +4.5 | +3.5 | +9.5,W | W | W | L | L,L | W | L | L | W,MIA | LAC | HOU | DEN | SEA,JAX | SEA | SF | JAX | HOU,vs | vs | vs | at | vs,at | at | vs | vs | at,2026-01-04 | 2026-01-11 | 2026-01-18 | 2026-01-25 | 2026-02-08,2025-12-07 | 2025-12-14 | 2025-12-22 | 2025-12-28 | 2026-01-04,"[{""date"":""2026-01-04"",""opponent"":""MIA"",""venue"":""HOME"",""location"":""vs"",""spread"":-14.0,""result"":""W"",""ats_margin"":14.0},{""date"":""2026-01-11"",""opponent"":""LAC"",""venue"":""HOME"",""location"":""vs"",""spread"":-3.5,""result"":""W"",""ats_margin"":9.5},{""date"":""2026-01-18"",""opponent"":""HOU"",""venue"":""HOME"",""location"":""vs"",""spread"":-3.0,""result"":""W"",""ats_margin"":9.0},{""date"":""2026-01-25"",""opponent"":""DEN"",""venue"":""AWAY"",""location"":""at"",""spread"":-3.5,""result"":""L"",""ats_margin"":-0.5},{""date"":""2026-02-08"",""opponent"":""SEA"",""venue"":""HOME"",""location"":""vs"",""spread"":4.5,""result"":""L"",""ats_margin"":-11.5}]","[{""date"":""2025-12-07"",""opponent"":""JAX"",""venue"":""AWAY"",""location"":""at"",""spread"":-2.5,""result"":""L"",""ats_margin"":-19.5},{""date"":""2025-12-14"",""opponent"":""SEA"",""venue"":""AWAY"",""location"":""at"",""spread"":13.5,""result"":""W"",""ats_margin"":11.5},{""date"":""2025-12-22"",""opponent"":""SF"",""venue"":""HOME"",""location"":""vs"",""spread"":4.5,""result"":""L"",""ats_margin"":-16.5},{""date"":""2025-12-28"",""opponent"":""JAX"",""venue"":""HOME"",""location"":""vs"",""spread"":3.5,""result"":""L"",""ats_margin"":-2.5},{""date"":""2026-01-04"",""opponent"":""HOU"",""venue"":""AWAY"",""location"":""at"",""spread"":9.5,""result"":""W"",""ats_margin"":1.5}]",12,12,16.5,50000,0.5898,0.4102,0.00198,,,,,,PASS,,,PASS,11.75,,,,,PASS,,,PASS,50.1,PASS,48.2,Model projects 41.9 total points; no DraftKings total is available for comparison.,NE stronger power rating,PRESEASON VOLATILITY | NO MARKET SPREAD,NFL_SPREADS_V9_DK_GAME_LINES_FIX_1HR,2026-08-14T06:35:37.160998+00:00,IND @ NE,NE,3.8015464099144394,,,,,,,,False,,,2026-08-13T22:30:00+00:00,60
401873640,2026-08-14T00:00Z,Arizona Cardinals at Las Vegas Raiders,ARI @ LV,2026,PRESEASON,2,LV,ARI,Las Vegas Raiders,Arizona Cardinals,14.0,27.0,True,Final,False,,,,,,-6.56,-8.19,0.65,0.75,0.08,0.0,0.0,0.0,0.0,0.0,1.48,1.41,-1.41,44.2,40.78,40.78,38.5,21.1,19.68,-0.09,86,86,0.4809,0.4882,-1.04,-0.36,-1.4801065296790081,0-2.5,0.018617880485527483,0.48496732026143785,0.4836601307189543,2025:7-10 | 2024:8-9 | 2023:10-5-2P | 2022:8-9 | 2021:8-10,2025:6-11 | 2024:11-6 | 2023:9-8 | 2022:8-9 | 2021:10-8,-1.4801065296790081,1.4801065296790081,0,0,0,0,0.5,9,0.5555555555555556,0,0,0,0,0.5,9,0.6666666666666666,3-2,0-5,0.6,0.0,-4.0,-10.2,+8.5 | +12.5 | +14.5 | +3.0 | +3.5,+9.5 | +10.5 | +2.5 | +7.0 | +14.5,W | L | W | L | W,L | L | L | L | L,DEN | PHI | HOU | NYG | KC,LA | HOU | ATL | CIN | LA,vs | at | at | vs | vs,vs | at | vs | at | at,2025-12-07 | 2025-12-14 | 2025-12-21 | 2025-12-28 | 2026-01-04,2025-12-07 | 2025-12-14 | 2025-12-21 | 2025-12-28 | 2026-01-04,"[{""date"":""2025-12-07"",""opponent"":""DEN"",""venue"":""HOME"",""location"":""vs"",""spread"":8.5,""result"":""W"",""ats_margin"":1.5},{""date"":""2025-12-14"",""opponent"":""PHI"",""venue"":""AWAY"",""location"":""at"",""spread"":12.5,""result"":""L"",""ats_margin"":-18.5},{""date"":""2025-12-21"",""opponent"":""HOU"",""venue"":""AWAY"",""location"":""at"",""spread"":14.5,""result"":""W"",""ats_margin"":12.5},{""date"":""2025-12-28"",""opponent"":""NYG"",""venue"":""HOME"",""location"":""vs"",""spread"":3.0,""result"":""L"",""ats_margin"":-21.0},{""date"":""2026-01-04"",""opponent"":""KC"",""venue"":""HOME"",""location"":""vs"",""spread"":3.5,""result"":""W"",""ats_margin"":5.5}]","[{""date"":""2025-12-07"",""opponent"":""LA"",""venue"":""HOME"",""location"":""vs"",""spread"":9.5,""result"":""L"",""ats_margin"":-18.5},{""date"":""2025-12-14"",""opponent"":""HOU"",""venue"":""AWAY"",""location"":""at"",""spread"":10.5,""result"":""L"",""ats_margin"":-9.5},{""date"":""2025-12-21"",""opponent"":""ATL"",""venue"":""HOME"",""location"":""vs"",""spread"":2.5,""result"":""L"",""ats_margin"":-4.5},{""date"":""2025-12-28"",""opponent"":""CIN"",""venue"":""AWAY"",""location"":""at"",""spread"":7.0,""result"":""L"",""ats_margin"":-16.0},{""date"":""2026-01-04"",""opponent"":""LA"",""venue"":""AWAY"",""location"":""at"",""spread"":14.5,""result"":""L"",""ats_margin"":-2.5}]",12,12,16.5,50000,0.5357,0.4643,0.00246,,,,,,PASS,,,PASS,11.75,,,,,PASS,,,PASS,50.1,PASS,48.2,Model projects 40.8 total points; no DraftKings total is available for comparison.,balanced matchup with limited model separation,PRESEASON VOLATILITY | NO MARKET SPREAD,NFL_SPREADS_V9_DK_GAME_LINES_FIX_1HR,2026-08-14T06:35:37.199093+00:00,ARI @ LV,LV,1.41337916094128,,,,,,,,False,,,2026-08-13T23:00:00+00:00,60
401873274,2026-08-14T00:00Z,Los Angeles Chargers at Houston Texans,LAC @ HOU,2026,PRESEASON,2,HOU,LAC,Houston Texans,Los Angeles Chargers,7.0,27.0,True,Final,False,,,,,,3.27,-1.32,1.84,0.75,0.25,-0.38,0.15,0.0,0.0,0.0,2.61,2.79,-2.79,40.29,39.22,39.22,38.5,21.0,18.21,0.18,91,88,0.5149,0.5407,1.24,-0.19,-2.6148774047240138,3-6.5,-0.0017436744198354413,0.5143188854489164,0.5312908496732026,2025:10-9 | 2024:9-9-1P | 2023:10-9 | 2022:8-8-1P | 2021:8-9,2025:9-9 | 2024:13-5 | 2023:5-11-1P | 2022:11-6-1P | 2021:8-9,-2.6148774047240138,2.6148774047240138,0,0,0,0,0.5,13,0.38461538461538464,0,0,0,0,0.5,14,0.2857142857142857,2-3,2-3,0.4,0.4,0.7,2.1,-14.5 | +1.5 | -9.5 | -3.0 | +3.0,+5.5 | +1.5 | -1.5 | +14.5 | +3.5,L | W | L | W | L,W | W | L | L | L,LV | LAC | IND | PIT | NE,KC | DAL | HOU | DEN | NE,vs | at | vs | at | at,at | at | vs | at | at,2025-12-21 | 2025-12-27 | 2026-01-04 | 2026-01-12 | 2026-01-18,2025-12-14 | 2025-12-21 | 2025-12-27 | 2026-01-04 | 2026-01-11,"[{""date"":""2025-12-21"",""opponent"":""LV"",""venue"":""HOME"",""location"":""vs"",""spread"":-14.5,""result"":""L"",""ats_margin"":-12.5},{""date"":""2025-12-27"",""opponent"":""LAC"",""venue"":""AWAY"",""location"":""at"",""spread"":1.5,""result"":""W"",""ats_margin"":5.5},{""date"":""2026-01-04"",""opponent"":""IND"",""venue"":""HOME"",""location"":""vs"",""spread"":-9.5,""result"":""L"",""ats_margin"":-1.5},{""date"":""2026-01-12"",""opponent"":""PIT"",""venue"":""AWAY"",""location"":""at"",""spread"":-3.0,""result"":""W"",""ats_margin"":21.0},{""date"":""2026-01-18"",""opponent"":""NE"",""venue"":""AWAY"",""location"":""at"",""spread"":3.0,""result"":""L"",""ats_margin"":-9.0}]","[{""date"":""2025-12-14"",""opponent"":""KC"",""venue"":""AWAY"",""location"":""at"",""spread"":5.5,""result"":""W"",""ats_margin"":8.5},{""date"":""2025-12-21"",""opponent"":""DAL"",""venue"":""AWAY"",""location"":""at"",""spread"":1.5,""result"":""W"",""ats_margin"":18.5},{""date"":""2025-12-27"",""opponent"":""HOU"",""venue"":""HOME"",""location"":""vs"",""spread"":-1.5,""result"":""L"",""ats_margin"":-5.5},{""date"":""2026-01-04"",""opponent"":""DEN"",""venue"":""AWAY"",""location"":""at"",""spread"":14.5,""result"":""L"",""ats_margin"":-1.5},{""date"":""2026-01-11"",""opponent"":""NE"",""venue"":""AWAY"",""location"":""at"",""spread"":3.5,""result"":""L"",""ats_margin"":-9.5}]",12,12,16.5,50000,0.5625,0.4375,0.00224,,,,,,PASS,,,PASS,11.75,,,,,PASS,,,PASS,50.1,PASS,48.2,Model projects 39.2 total points; no DraftKings total is available for comparison.,balanced matchup with limited model separation,PRESEASON VOLATILITY | NO MARKET SPREAD,NFL_SPREADS_V9_DK_GAME_LINES_FIX_1HR,2026-08-14T06:35:37.231349+00:00,LAC @ HOU,HOU,2.791004021334941,,,,,,,,False,,,2026-08-13T23:00:00+00:00,60
401874392,2026-08-14T01:00Z,Tennessee Titans at San Francisco 49ers,TEN @ SF,2026,PRESEASON,2,SF,TEN,San Francisco 49ers,Tennessee Titans,13.0,19.0,True,Final,False,,,,,,-1.7,-6.09,1.76,0.75,0.36,-0.38,0.3,0.0,0.0,0.0,2.79,3.08,-3.08,48.12,42.35,42.35,38.5,22.72,19.63,0.24,96,86,0.52,0.3802,0.2,-1.72,-2.787147317215491,3-6.5,0.056906636112958854,0.5111609907120743,0.37123366013071896,2025:12-7 | 2024:5-12 | 2023:9-11 | 2022:13-7 | 2021:12-8,2025:7-10 | 2024:2-14-1P | 2023:7-9-1P | 2022:9-6-2P | 2021:10-8,-2.787147317215491,2.787147317215491,0,0,0,0,0.5,27,0.6296296296296297,0,0,0,0,0.5,17,0.6666666666666666,3-2,2-3,0.6,0.4,-1.8,-0.3,-4.5 | -3.5 | +2.5 | +6.0 | +6.5,+4.5 | +12.5 | +3.5 | +1.5 | +12.5,W | W | L | W | L,W | L | W | L | L,IND | CHI | SEA | PHI | SEA,CLE | SF | KC | NO | JAX,at | vs | vs | at | at,at | at | vs | vs | at,2025-12-22 | 2025-12-28 | 2026-01-03 | 2026-01-11 | 2026-01-17,2025-12-07 | 2025-12-14 | 2025-12-21 | 2025-12-28 | 2026-01-04,"[{""date"":""2025-12-22"",""opponent"":""IND"",""venue"":""AWAY"",""location"":""at"",""spread"":-4.5,""result"":""W"",""ats_margin"":16.5},{""date"":""2025-12-28"",""opponent"":""CHI"",""venue"":""HOME"",""location"":""vs"",""spread"":-3.5,""result"":""W"",""ats_margin"":0.5},{""date"":""2026-01-03"",""opponent"":""SEA"",""venue"":""HOME"",""location"":""vs"",""spread"":2.5,""result"":""L"",""ats_margin"":-7.5},{""date"":""2026-01-11"",""opponent"":""PHI"",""venue"":""AWAY"",""location"":""at"",""spread"":6.0,""result"":""W"",""ats_margin"":10.0},{""date"":""2026-01-17"",""opponent"":""SEA"",""venue"":""AWAY"",""location"":""at"",""spread"":6.5,""result"":""L"",""ats_margin"":-28.5}]","[{""date"":""2025-12-07"",""opponent"":""CLE"",""venue"":""AWAY"",""location"":""at"",""spread"":4.5,""result"":""W"",""ats_margin"":6.5},{""date"":""2025-12-14"",""opponent"":""SF"",""venue"":""AWAY"",""location"":""at"",""spread"":12.5,""result"":""L"",""ats_margin"":-0.5},{""date"":""2025-12-21"",""opponent"":""KC"",""venue"":""HOME"",""location"":""vs"",""spread"":3.5,""result"":""W"",""ats_margin"":20.5},{""date"":""2025-12-28"",""opponent"":""NO"",""venue"":""HOME"",""location"":""vs"",""spread"":1.5,""result"":""L"",""ats_margin"":-6.5},{""date"":""2026-01-04"",""opponent"":""JAX"",""venue"":""AWAY"",""location"":""at"",""spread"":12.5,""result"":""L"",""ats_margin"":-21.5}]",12,12,16.5,50000,0.5741,0.4259,0.00228,,,,,,PASS,,,PASS,11.75,,,,,PASS,,,PASS,50.1,PASS,48.2,Model projects 42.3 total points; no DraftKings total is available for comparison.,long travel spot for TEN,PRESEASON VOLATILITY | NO MARKET SPREAD,NFL_SPREADS_V9_DK_GAME_LINES_FIX_1HR,2026-08-14T06:35:37.268356+00:00,TEN @ SF,SF,3.083456485353362,,,,,,,,False,,,2026-08-14T00:00:00+00:00,60
