player_id,player_name,team,opponent,position,season,season_type,week,ladder_line,probability,probability_grade,projected_receiving_yards,model_version
00-0033589,David Moore,CAR,ARI,WR,2026,PRE,0,0.0,100.0,ELITE,15.353,NFL_RECEIVING_YARDS_V1
00-0033589,David Moore,CAR,ARI,WR,2026,PRE,0,5.0,56.66,ELITE,15.353,NFL_RECEIVING_YARDS_V1
00-0033589,David Moore,CAR,ARI,WR,2026,PRE,0,10.0,48.78,ELITE,15.353,NFL_RECEIVING_YARDS_V1
00-0033589,David Moore,CAR,ARI,WR,2026,PRE,0,15.0,40.96,ELITE,15.353,NFL_RECEIVING_YARDS_V1
00-0033589,David Moore,CAR,ARI,WR,2026,PRE,0,20.0,33.43,ELITE,15.353,NFL_RECEIVING_YARDS_V1
00-0033589,David Moore,CAR,ARI,WR,2026,PRE,0,25.0,26.65,ELITE,15.353,NFL_RECEIVING_YARDS_V1
00-0033589,David Moore,CAR,ARI,WR,2026,PRE,0,30.0,20.59,ELITE,15.353,NFL_RECEIVING_YARDS_V1
00-0033589,David Moore,CAR,ARI,WR,2026,PRE,0,35.0,15.34,ELITE,15.353,NFL_RECEIVING_YARDS_V1
00-0033589,David Moore,CAR,ARI,WR,2026,PRE,0,40.0,11.16,ELITE,15.353,NFL_RECEIVING_YARDS_V1
00-0033589,David Moore,CAR,ARI,WR,2026,PRE,0,45.0,7.79,ELITE,15.353,NFL_RECEIVING_YARDS_V1
00-0033589,David Moore,CAR,ARI,WR,2026,PRE,0,50.0,5.31,ELITE,15.353,NFL_RECEIVING_YARDS_V1
00-0033589,David Moore,CAR,ARI,WR,2026,PRE,0,55.0,3.51,ELITE,15.353,NFL_RECEIVING_YARDS_V1
00-0033589,David Moore,CAR,ARI,WR,2026,PRE,0,60.0,2.25,ELITE,15.353,NFL_RECEIVING_YARDS_V1
00-0033589,David Moore,CAR,ARI,WR,2026,PRE,0,65.0,1.35,ELITE,15.353,NFL_RECEIVING_YARDS_V1
00-0033589,David Moore,CAR,ARI,WR,2026,PRE,0,70.0,0.82,VERY HIGH,15.353,NFL_RECEIVING_YARDS_V1
00-0033589,David Moore,CAR,ARI,WR,2026,PRE,0,75.0,0.45,COIN FLIP,15.353,NFL_RECEIVING_YARDS_V1
00-0033589,David Moore,CAR,ARI,WR,2026,PRE,0,80.0,0.24,VERY LOW,15.353,NFL_RECEIVING_YARDS_V1
00-0033589,David Moore,CAR,ARI,WR,2026,PRE,0,85.0,0.13,VERY LOW,15.353,NFL_RECEIVING_YARDS_V1
00-0033589,David Moore,CAR,ARI,WR,2026,PRE,0,90.0,0.06,VERY LOW,15.353,NFL_RECEIVING_YARDS_V1
00-0033589,David Moore,CAR,ARI,WR,2026,PRE,0,95.0,0.03,VERY LOW,15.353,NFL_RECEIVING_YARDS_V1
00-0033589,David Moore,CAR,ARI,WR,2026,PRE,0,100.0,0.01,VERY LOW,15.353,NFL_RECEIVING_YARDS_V1
00-0033589,David Moore,CAR,ARI,WR,2026,PRE,0,105.0,0.01,VERY LOW,15.353,NFL_RECEIVING_YARDS_V1
00-0033589,David Moore,CAR,ARI,WR,2026,PRE,0,110.0,0.0,VERY LOW,15.353,NFL_RECEIVING_YARDS_V1
00-0033589,David Moore,CAR,ARI,WR,2026,PRE,0,115.0,0.0,VERY LOW,15.353,NFL_RECEIVING_YARDS_V1
00-0033589,David Moore,CAR,ARI,WR,2026,PRE,0,120.0,0.0,VERY LOW,15.353,NFL_RECEIVING_YARDS_V1
00-0033589,David Moore,CAR,ARI,WR,2026,PRE,0,125.0,0.0,VERY LOW,15.353,NFL_RECEIVING_YARDS_V1
00-0033589,David Moore,CAR,ARI,WR,2026,PRE,0,130.0,0.0,VERY LOW,15.353,NFL_RECEIVING_YARDS_V1
00-0033589,David Moore,CAR,ARI,WR,2026,PRE,0,135.0,0.0,VERY LOW,15.353,NFL_RECEIVING_YARDS_V1
00-0033589,David Moore,CAR,ARI,WR,2026,PRE,0,140.0,0.0,VERY LOW,15.353,NFL_RECEIVING_YARDS_V1
00-0033589,David Moore,CAR,ARI,WR,2026,PRE,0,145.0,0.0,VERY LOW,15.353,NFL_RECEIVING_YARDS_V1
00-0033589,David Moore,CAR,ARI,WR,2026,PRE,0,150.0,0.0,VERY LOW,15.353,NFL_RECEIVING_YARDS_V1
00-0033589,David Moore,CAR,ARI,WR,2026,PRE,0,155.0,0.0,VERY LOW,15.353,NFL_RECEIVING_YARDS_V1
00-0033589,David Moore,CAR,ARI,WR,2026,PRE,0,160.0,0.0,VERY LOW,15.353,NFL_RECEIVING_YARDS_V1
00-0033589,David Moore,CAR,ARI,WR,2026,PRE,0,165.0,0.0,VERY LOW,15.353,NFL_RECEIVING_YARDS_V1
00-0033589,David Moore,CAR,ARI,WR,2026,PRE,0,170.0,0.0,VERY LOW,15.353,NFL_RECEIVING_YARDS_V1
00-0033589,David Moore,CAR,ARI,WR,2026,PRE,0,175.0,0.0,VERY LOW,15.353,NFL_RECEIVING_YARDS_V1
00-0033589,David Moore,CAR,ARI,WR,2026,PRE,0,180.0,0.0,VERY LOW,15.353,NFL_RECEIVING_YARDS_V1
00-0033589,David Moore,CAR,ARI,WR,2026,PRE,0,185.0,0.0,VERY LOW,15.353,NFL_RECEIVING_YARDS_V1
00-0033589,David Moore,CAR,ARI,WR,2026,PRE,0,190.0,0.0,VERY LOW,15.353,NFL_RECEIVING_YARDS_V1
00-0033589,David Moore,CAR,ARI,WR,2026,PRE,0,195.0,0.0,VERY LOW,15.353,NFL_RECEIVING_YARDS_V1
00-0033589,David Moore,CAR,ARI,WR,2026,PRE,0,200.0,0.0,VERY LOW,15.353,NFL_RECEIVING_YARDS_V1
00-0035976,Dan Chisena,CAR,ARI,WR,2026,PRE,0,0.0,100.0,ELITE,11.9,NFL_RECEIVING_YARDS_V1
00-0035976,Dan Chisena,CAR,ARI,WR,2026,PRE,0,5.0,70.81,ELITE,11.9,NFL_RECEIVING_YARDS_V1
00-0035976,Dan Chisena,CAR,ARI,WR,2026,PRE,0,10.0,53.62,ELITE,11.9,NFL_RECEIVING_YARDS_V1
00-0035976,Dan Chisena,CAR,ARI,WR,2026,PRE,0,15.0,35.79,ELITE,11.9,NFL_RECEIVING_YARDS_V1
00-0035976,Dan Chisena,CAR,ARI,WR,2026,PRE,0,20.0,20.57,ELITE,11.9,NFL_RECEIVING_YARDS_V1
00-0035976,Dan Chisena,CAR,ARI,WR,2026,PRE,0,25.0,10.05,ELITE,11.9,NFL_RECEIVING_YARDS_V1
00-0035976,Dan Chisena,CAR,ARI,WR,2026,PRE,0,30.0,4.07,ELITE,11.9,NFL_RECEIVING_YARDS_V1
00-0035976,Dan Chisena,CAR,ARI,WR,2026,PRE,0,35.0,1.37,ELITE,11.9,NFL_RECEIVING_YARDS_V1
00-0035976,Dan Chisena,CAR,ARI,WR,2026,PRE,0,40.0,0.39,LOW,11.9,NFL_RECEIVING_YARDS_V1
00-0035976,Dan Chisena,CAR,ARI,WR,2026,PRE,0,45.0,0.08,VERY LOW,11.9,NFL_RECEIVING_YARDS_V1
00-0035976,Dan Chisena,CAR,ARI,WR,2026,PRE,0,50.0,0.01,VERY LOW,11.9,NFL_RECEIVING_YARDS_V1
00-0035976,Dan Chisena,CAR,ARI,WR,2026,PRE,0,55.0,0.0,VERY LOW,11.9,NFL_RECEIVING_YARDS_V1
00-0035976,Dan Chisena,CAR,ARI,WR,2026,PRE,0,60.0,0.0,VERY LOW,11.9,NFL_RECEIVING_YARDS_V1
00-0035976,Dan Chisena,CAR,ARI,WR,2026,PRE,0,65.0,0.0,VERY LOW,11.9,NFL_RECEIVING_YARDS_V1
00-0035976,Dan Chisena,CAR,ARI,WR,2026,PRE,0,70.0,0.0,VERY LOW,11.9,NFL_RECEIVING_YARDS_V1
00-0035976,Dan Chisena,CAR,ARI,WR,2026,PRE,0,75.0,0.0,VERY LOW,11.9,NFL_RECEIVING_YARDS_V1
00-0035976,Dan Chisena,CAR,ARI,WR,2026,PRE,0,80.0,0.0,VERY LOW,11.9,NFL_RECEIVING_YARDS_V1
00-0035976,Dan Chisena,CAR,ARI,WR,2026,PRE,0,85.0,0.0,VERY LOW,11.9,NFL_RECEIVING_YARDS_V1
00-0035976,Dan Chisena,CAR,ARI,WR,2026,PRE,0,90.0,0.0,VERY LOW,11.9,NFL_RECEIVING_YARDS_V1
00-0035976,Dan Chisena,CAR,ARI,WR,2026,PRE,0,95.0,0.0,VERY LOW,11.9,NFL_RECEIVING_YARDS_V1
00-0035976,Dan Chisena,CAR,ARI,WR,2026,PRE,0,100.0,0.0,VERY LOW,11.9,NFL_RECEIVING_YARDS_V1
00-0035976,Dan Chisena,CAR,ARI,WR,2026,PRE,0,105.0,0.0,VERY LOW,11.9,NFL_RECEIVING_YARDS_V1
00-0035976,Dan Chisena,CAR,ARI,WR,2026,PRE,0,110.0,0.0,VERY LOW,11.9,NFL_RECEIVING_YARDS_V1
00-0035976,Dan Chisena,CAR,ARI,WR,2026,PRE,0,115.0,0.0,VERY LOW,11.9,NFL_RECEIVING_YARDS_V1
00-0035976,Dan Chisena,CAR,ARI,WR,2026,PRE,0,120.0,0.0,VERY LOW,11.9,NFL_RECEIVING_YARDS_V1
00-0035976,Dan Chisena,CAR,ARI,WR,2026,PRE,0,125.0,0.0,VERY LOW,11.9,NFL_RECEIVING_YARDS_V1
00-0035976,Dan Chisena,CAR,ARI,WR,2026,PRE,0,130.0,0.0,VERY LOW,11.9,NFL_RECEIVING_YARDS_V1
00-0035976,Dan Chisena,CAR,ARI,WR,2026,PRE,0,135.0,0.0,VERY LOW,11.9,NFL_RECEIVING_YARDS_V1
00-0035976,Dan Chisena,CAR,ARI,WR,2026,PRE,0,140.0,0.0,VERY LOW,11.9,NFL_RECEIVING_YARDS_V1
00-0035976,Dan Chisena,CAR,ARI,WR,2026,PRE,0,145.0,0.0,VERY LOW,11.9,NFL_RECEIVING_YARDS_V1
00-0035976,Dan Chisena,CAR,ARI,WR,2026,PRE,0,150.0,0.0,VERY LOW,11.9,NFL_RECEIVING_YARDS_V1
00-0035976,Dan Chisena,CAR,ARI,WR,2026,PRE,0,155.0,0.0,VERY LOW,11.9,NFL_RECEIVING_YARDS_V1
00-0035976,Dan Chisena,CAR,ARI,WR,2026,PRE,0,160.0,0.0,VERY LOW,11.9,NFL_RECEIVING_YARDS_V1
00-0035976,Dan Chisena,CAR,ARI,WR,2026,PRE,0,165.0,0.0,VERY LOW,11.9,NFL_RECEIVING_YARDS_V1
00-0035976,Dan Chisena,CAR,ARI,WR,2026,PRE,0,170.0,0.0,VERY LOW,11.9,NFL_RECEIVING_YARDS_V1
00-0035976,Dan Chisena,CAR,ARI,WR,2026,PRE,0,175.0,0.0,VERY LOW,11.9,NFL_RECEIVING_YARDS_V1
00-0035976,Dan Chisena,CAR,ARI,WR,2026,PRE,0,180.0,0.0,VERY LOW,11.9,NFL_RECEIVING_YARDS_V1
00-0035976,Dan Chisena,CAR,ARI,WR,2026,PRE,0,185.0,0.0,VERY LOW,11.9,NFL_RECEIVING_YARDS_V1
00-0035976,Dan Chisena,CAR,ARI,WR,2026,PRE,0,190.0,0.0,VERY LOW,11.9,NFL_RECEIVING_YARDS_V1
00-0035976,Dan Chisena,CAR,ARI,WR,2026,PRE,0,195.0,0.0,VERY LOW,11.9,NFL_RECEIVING_YARDS_V1
00-0035976,Dan Chisena,CAR,ARI,WR,2026,PRE,0,200.0,0.0,VERY LOW,11.9,NFL_RECEIVING_YARDS_V1
00-0036265,AJ Dillon,CAR,ARI,RB,2026,PRE,0,0.0,100.0,ELITE,12.041,NFL_RECEIVING_YARDS_V1
00-0036265,AJ Dillon,CAR,ARI,RB,2026,PRE,0,5.0,58.82,ELITE,12.041,NFL_RECEIVING_YARDS_V1
00-0036265,AJ Dillon,CAR,ARI,RB,2026,PRE,0,10.0,47.12,ELITE,12.041,NFL_RECEIVING_YARDS_V1
00-0036265,AJ Dillon,CAR,ARI,RB,2026,PRE,0,15.0,35.52,ELITE,12.041,NFL_RECEIVING_YARDS_V1
00-0036265,AJ Dillon,CAR,ARI,RB,2026,PRE,0,20.0,25.42,ELITE,12.041,NFL_RECEIVING_YARDS_V1
00-0036265,AJ Dillon,CAR,ARI,RB,2026,PRE,0,25.0,16.98,ELITE,12.041,NFL_RECEIVING_YARDS_V1
00-0036265,AJ Dillon,CAR,ARI,RB,2026,PRE,0,30.0,10.57,ELITE,12.041,NFL_RECEIVING_YARDS_V1
00-0036265,AJ Dillon,CAR,ARI,RB,2026,PRE,0,35.0,6.12,ELITE,12.041,NFL_RECEIVING_YARDS_V1
00-0036265,AJ Dillon,CAR,ARI,RB,2026,PRE,0,40.0,3.33,ELITE,12.041,NFL_RECEIVING_YARDS_V1
00-0036265,AJ Dillon,CAR,ARI,RB,2026,PRE,0,45.0,1.66,ELITE,12.041,NFL_RECEIVING_YARDS_V1
00-0036265,AJ Dillon,CAR,ARI,RB,2026,PRE,0,50.0,0.76,HIGH,12.041,NFL_RECEIVING_YARDS_V1
00-0036265,AJ Dillon,CAR,ARI,RB,2026,PRE,0,55.0,0.34,LOW,12.041,NFL_RECEIVING_YARDS_V1
00-0036265,AJ Dillon,CAR,ARI,RB,2026,PRE,0,60.0,0.13,VERY LOW,12.041,NFL_RECEIVING_YARDS_V1
00-0036265,AJ Dillon,CAR,ARI,RB,2026,PRE,0,65.0,0.04,VERY LOW,12.041,NFL_RECEIVING_YARDS_V1
00-0036265,AJ Dillon,CAR,ARI,RB,2026,PRE,0,70.0,0.01,VERY LOW,12.041,NFL_RECEIVING_YARDS_V1
00-0036265,AJ Dillon,CAR,ARI,RB,2026,PRE,0,75.0,0.0,VERY LOW,12.041,NFL_RECEIVING_YARDS_V1
00-0036265,AJ Dillon,CAR,ARI,RB,2026,PRE,0,80.0,0.0,VERY LOW,12.041,NFL_RECEIVING_YARDS_V1
00-0036265,AJ Dillon,CAR,ARI,RB,2026,PRE,0,85.0,0.0,VERY LOW,12.041,NFL_RECEIVING_YARDS_V1
00-0036265,AJ Dillon,CAR,ARI,RB,2026,PRE,0,90.0,0.0,VERY LOW,12.041,NFL_RECEIVING_YARDS_V1
00-0036265,AJ Dillon,CAR,ARI,RB,2026,PRE,0,95.0,0.0,VERY LOW,12.041,NFL_RECEIVING_YARDS_V1
00-0036265,AJ Dillon,CAR,ARI,RB,2026,PRE,0,100.0,0.0,VERY LOW,12.041,NFL_RECEIVING_YARDS_V1
00-0036265,AJ Dillon,CAR,ARI,RB,2026,PRE,0,105.0,0.0,VERY LOW,12.041,NFL_RECEIVING_YARDS_V1
00-0036265,AJ Dillon,CAR,ARI,RB,2026,PRE,0,110.0,0.0,VERY LOW,12.041,NFL_RECEIVING_YARDS_V1
00-0036265,AJ Dillon,CAR,ARI,RB,2026,PRE,0,115.0,0.0,VERY LOW,12.041,NFL_RECEIVING_YARDS_V1
00-0036265,AJ Dillon,CAR,ARI,RB,2026,PRE,0,120.0,0.0,VERY LOW,12.041,NFL_RECEIVING_YARDS_V1
00-0036265,AJ Dillon,CAR,ARI,RB,2026,PRE,0,125.0,0.0,VERY LOW,12.041,NFL_RECEIVING_YARDS_V1
00-0036265,AJ Dillon,CAR,ARI,RB,2026,PRE,0,130.0,0.0,VERY LOW,12.041,NFL_RECEIVING_YARDS_V1
00-0036265,AJ Dillon,CAR,ARI,RB,2026,PRE,0,135.0,0.0,VERY LOW,12.041,NFL_RECEIVING_YARDS_V1
00-0036265,AJ Dillon,CAR,ARI,RB,2026,PRE,0,140.0,0.0,VERY LOW,12.041,NFL_RECEIVING_YARDS_V1
00-0036265,AJ Dillon,CAR,ARI,RB,2026,PRE,0,145.0,0.0,VERY LOW,12.041,NFL_RECEIVING_YARDS_V1
00-0036265,AJ Dillon,CAR,ARI,RB,2026,PRE,0,150.0,0.0,VERY LOW,12.041,NFL_RECEIVING_YARDS_V1
00-0036265,AJ Dillon,CAR,ARI,RB,2026,PRE,0,155.0,0.0,VERY LOW,12.041,NFL_RECEIVING_YARDS_V1
00-0036265,AJ Dillon,CAR,ARI,RB,2026,PRE,0,160.0,0.0,VERY LOW,12.041,NFL_RECEIVING_YARDS_V1
00-0036265,AJ Dillon,CAR,ARI,RB,2026,PRE,0,165.0,0.0,VERY LOW,12.041,NFL_RECEIVING_YARDS_V1
00-0036265,AJ Dillon,CAR,ARI,RB,2026,PRE,0,170.0,0.0,VERY LOW,12.041,NFL_RECEIVING_YARDS_V1
00-0036265,AJ Dillon,CAR,ARI,RB,2026,PRE,0,175.0,0.0,VERY LOW,12.041,NFL_RECEIVING_YARDS_V1
00-0036265,AJ Dillon,CAR,ARI,RB,2026,PRE,0,180.0,0.0,VERY LOW,12.041,NFL_RECEIVING_YARDS_V1
00-0036265,AJ Dillon,CAR,ARI,RB,2026,PRE,0,185.0,0.0,VERY LOW,12.041,NFL_RECEIVING_YARDS_V1
00-0036265,AJ Dillon,CAR,ARI,RB,2026,PRE,0,190.0,0.0,VERY LOW,12.041,NFL_RECEIVING_YARDS_V1
00-0036265,AJ Dillon,CAR,ARI,RB,2026,PRE,0,195.0,0.0,VERY LOW,12.041,NFL_RECEIVING_YARDS_V1
00-0036265,AJ Dillon,CAR,ARI,RB,2026,PRE,0,200.0,0.0,VERY LOW,12.041,NFL_RECEIVING_YARDS_V1
00-0036555,Chuba Hubbard,CAR,ARI,RB,2026,PRE,0,0.0,100.0,ELITE,9.863,NFL_RECEIVING_YARDS_V1
00-0036555,Chuba Hubbard,CAR,ARI,RB,2026,PRE,0,5.0,54.62,ELITE,9.863,NFL_RECEIVING_YARDS_V1
00-0036555,Chuba Hubbard,CAR,ARI,RB,2026,PRE,0,10.0,41.22,ELITE,9.863,NFL_RECEIVING_YARDS_V1
00-0036555,Chuba Hubbard,CAR,ARI,RB,2026,PRE,0,15.0,28.73,ELITE,9.863,NFL_RECEIVING_YARDS_V1
00-0036555,Chuba Hubbard,CAR,ARI,RB,2026,PRE,0,20.0,18.46,ELITE,9.863,NFL_RECEIVING_YARDS_V1
00-0036555,Chuba Hubbard,CAR,ARI,RB,2026,PRE,0,25.0,10.85,ELITE,9.863,NFL_RECEIVING_YARDS_V1
00-0036555,Chuba Hubbard,CAR,ARI,RB,2026,PRE,0,30.0,5.84,ELITE,9.863,NFL_RECEIVING_YARDS_V1
00-0036555,Chuba Hubbard,CAR,ARI,RB,2026,PRE,0,35.0,2.79,ELITE,9.863,NFL_RECEIVING_YARDS_V1
00-0036555,Chuba Hubbard,CAR,ARI,RB,2026,PRE,0,40.0,1.23,ELITE,9.863,NFL_RECEIVING_YARDS_V1
00-0036555,Chuba Hubbard,CAR,ARI,RB,2026,PRE,0,45.0,0.48,COIN FLIP,9.863,NFL_RECEIVING_YARDS_V1
00-0036555,Chuba Hubbard,CAR,ARI,RB,2026,PRE,0,50.0,0.19,VERY LOW,9.863,NFL_RECEIVING_YARDS_V1
00-0036555,Chuba Hubbard,CAR,ARI,RB,2026,PRE,0,55.0,0.07,VERY LOW,9.863,NFL_RECEIVING_YARDS_V1
00-0036555,Chuba Hubbard,CAR,ARI,RB,2026,PRE,0,60.0,0.02,VERY LOW,9.863,NFL_RECEIVING_YARDS_V1
00-0036555,Chuba Hubbard,CAR,ARI,RB,2026,PRE,0,65.0,0.01,VERY LOW,9.863,NFL_RECEIVING_YARDS_V1
00-0036555,Chuba Hubbard,CAR,ARI,RB,2026,PRE,0,70.0,0.0,VERY LOW,9.863,NFL_RECEIVING_YARDS_V1
00-0036555,Chuba Hubbard,CAR,ARI,RB,2026,PRE,0,75.0,0.0,VERY LOW,9.863,NFL_RECEIVING_YARDS_V1
00-0036555,Chuba Hubbard,CAR,ARI,RB,2026,PRE,0,80.0,0.0,VERY LOW,9.863,NFL_RECEIVING_YARDS_V1
00-0036555,Chuba Hubbard,CAR,ARI,RB,2026,PRE,0,85.0,0.0,VERY LOW,9.863,NFL_RECEIVING_YARDS_V1
00-0036555,Chuba Hubbard,CAR,ARI,RB,2026,PRE,0,90.0,0.0,VERY LOW,9.863,NFL_RECEIVING_YARDS_V1
00-0036555,Chuba Hubbard,CAR,ARI,RB,2026,PRE,0,95.0,0.0,VERY LOW,9.863,NFL_RECEIVING_YARDS_V1
00-0036555,Chuba Hubbard,CAR,ARI,RB,2026,PRE,0,100.0,0.0,VERY LOW,9.863,NFL_RECEIVING_YARDS_V1
00-0036555,Chuba Hubbard,CAR,ARI,RB,2026,PRE,0,105.0,0.0,VERY LOW,9.863,NFL_RECEIVING_YARDS_V1
00-0036555,Chuba Hubbard,CAR,ARI,RB,2026,PRE,0,110.0,0.0,VERY LOW,9.863,NFL_RECEIVING_YARDS_V1
00-0036555,Chuba Hubbard,CAR,ARI,RB,2026,PRE,0,115.0,0.0,VERY LOW,9.863,NFL_RECEIVING_YARDS_V1
00-0036555,Chuba Hubbard,CAR,ARI,RB,2026,PRE,0,120.0,0.0,VERY LOW,9.863,NFL_RECEIVING_YARDS_V1
00-0036555,Chuba Hubbard,CAR,ARI,RB,2026,PRE,0,125.0,0.0,VERY LOW,9.863,NFL_RECEIVING_YARDS_V1
00-0036555,Chuba Hubbard,CAR,ARI,RB,2026,PRE,0,130.0,0.0,VERY LOW,9.863,NFL_RECEIVING_YARDS_V1
00-0036555,Chuba Hubbard,CAR,ARI,RB,2026,PRE,0,135.0,0.0,VERY LOW,9.863,NFL_RECEIVING_YARDS_V1
00-0036555,Chuba Hubbard,CAR,ARI,RB,2026,PRE,0,140.0,0.0,VERY LOW,9.863,NFL_RECEIVING_YARDS_V1
00-0036555,Chuba Hubbard,CAR,ARI,RB,2026,PRE,0,145.0,0.0,VERY LOW,9.863,NFL_RECEIVING_YARDS_V1
00-0036555,Chuba Hubbard,CAR,ARI,RB,2026,PRE,0,150.0,0.0,VERY LOW,9.863,NFL_RECEIVING_YARDS_V1
00-0036555,Chuba Hubbard,CAR,ARI,RB,2026,PRE,0,155.0,0.0,VERY LOW,9.863,NFL_RECEIVING_YARDS_V1
00-0036555,Chuba Hubbard,CAR,ARI,RB,2026,PRE,0,160.0,0.0,VERY LOW,9.863,NFL_RECEIVING_YARDS_V1
00-0036555,Chuba Hubbard,CAR,ARI,RB,2026,PRE,0,165.0,0.0,VERY LOW,9.863,NFL_RECEIVING_YARDS_V1
00-0036555,Chuba Hubbard,CAR,ARI,RB,2026,PRE,0,170.0,0.0,VERY LOW,9.863,NFL_RECEIVING_YARDS_V1
00-0036555,Chuba Hubbard,CAR,ARI,RB,2026,PRE,0,175.0,0.0,VERY LOW,9.863,NFL_RECEIVING_YARDS_V1
00-0036555,Chuba Hubbard,CAR,ARI,RB,2026,PRE,0,180.0,0.0,VERY LOW,9.863,NFL_RECEIVING_YARDS_V1
00-0036555,Chuba Hubbard,CAR,ARI,RB,2026,PRE,0,185.0,0.0,VERY LOW,9.863,NFL_RECEIVING_YARDS_V1
00-0036555,Chuba Hubbard,CAR,ARI,RB,2026,PRE,0,190.0,0.0,VERY LOW,9.863,NFL_RECEIVING_YARDS_V1
00-0036555,Chuba Hubbard,CAR,ARI,RB,2026,PRE,0,195.0,0.0,VERY LOW,9.863,NFL_RECEIVING_YARDS_V1
00-0036555,Chuba Hubbard,CAR,ARI,RB,2026,PRE,0,200.0,0.0,VERY LOW,9.863,NFL_RECEIVING_YARDS_V1
00-0036825,Feleipe Franks,CAR,ARI,TE,2026,PRE,0,0.0,100.0,ELITE,10.387,NFL_RECEIVING_YARDS_V1
00-0036825,Feleipe Franks,CAR,ARI,TE,2026,PRE,0,5.0,72.67,ELITE,10.387,NFL_RECEIVING_YARDS_V1
00-0036825,Feleipe Franks,CAR,ARI,TE,2026,PRE,0,10.0,49.76,ELITE,10.387,NFL_RECEIVING_YARDS_V1
00-0036825,Feleipe Franks,CAR,ARI,TE,2026,PRE,0,15.0,26.84,ELITE,10.387,NFL_RECEIVING_YARDS_V1
00-0036825,Feleipe Franks,CAR,ARI,TE,2026,PRE,0,20.0,10.92,ELITE,10.387,NFL_RECEIVING_YARDS_V1
00-0036825,Feleipe Franks,CAR,ARI,TE,2026,PRE,0,25.0,3.18,ELITE,10.387,NFL_RECEIVING_YARDS_V1
00-0036825,Feleipe Franks,CAR,ARI,TE,2026,PRE,0,30.0,0.71,HIGH,10.387,NFL_RECEIVING_YARDS_V1
00-0036825,Feleipe Franks,CAR,ARI,TE,2026,PRE,0,35.0,0.13,VERY LOW,10.387,NFL_RECEIVING_YARDS_V1
00-0036825,Feleipe Franks,CAR,ARI,TE,2026,PRE,0,40.0,0.01,VERY LOW,10.387,NFL_RECEIVING_YARDS_V1
00-0036825,Feleipe Franks,CAR,ARI,TE,2026,PRE,0,45.0,0.0,VERY LOW,10.387,NFL_RECEIVING_YARDS_V1
00-0036825,Feleipe Franks,CAR,ARI,TE,2026,PRE,0,50.0,0.0,VERY LOW,10.387,NFL_RECEIVING_YARDS_V1
00-0036825,Feleipe Franks,CAR,ARI,TE,2026,PRE,0,55.0,0.0,VERY LOW,10.387,NFL_RECEIVING_YARDS_V1
00-0036825,Feleipe Franks,CAR,ARI,TE,2026,PRE,0,60.0,0.0,VERY LOW,10.387,NFL_RECEIVING_YARDS_V1
00-0036825,Feleipe Franks,CAR,ARI,TE,2026,PRE,0,65.0,0.0,VERY LOW,10.387,NFL_RECEIVING_YARDS_V1
00-0036825,Feleipe Franks,CAR,ARI,TE,2026,PRE,0,70.0,0.0,VERY LOW,10.387,NFL_RECEIVING_YARDS_V1
00-0036825,Feleipe Franks,CAR,ARI,TE,2026,PRE,0,75.0,0.0,VERY LOW,10.387,NFL_RECEIVING_YARDS_V1
00-0036825,Feleipe Franks,CAR,ARI,TE,2026,PRE,0,80.0,0.0,VERY LOW,10.387,NFL_RECEIVING_YARDS_V1
00-0036825,Feleipe Franks,CAR,ARI,TE,2026,PRE,0,85.0,0.0,VERY LOW,10.387,NFL_RECEIVING_YARDS_V1
00-0036825,Feleipe Franks,CAR,ARI,TE,2026,PRE,0,90.0,0.0,VERY LOW,10.387,NFL_RECEIVING_YARDS_V1
00-0036825,Feleipe Franks,CAR,ARI,TE,2026,PRE,0,95.0,0.0,VERY LOW,10.387,NFL_RECEIVING_YARDS_V1
00-0036825,Feleipe Franks,CAR,ARI,TE,2026,PRE,0,100.0,0.0,VERY LOW,10.387,NFL_RECEIVING_YARDS_V1
00-0036825,Feleipe Franks,CAR,ARI,TE,2026,PRE,0,105.0,0.0,VERY LOW,10.387,NFL_RECEIVING_YARDS_V1
00-0036825,Feleipe Franks,CAR,ARI,TE,2026,PRE,0,110.0,0.0,VERY LOW,10.387,NFL_RECEIVING_YARDS_V1
00-0036825,Feleipe Franks,CAR,ARI,TE,2026,PRE,0,115.0,0.0,VERY LOW,10.387,NFL_RECEIVING_YARDS_V1
00-0036825,Feleipe Franks,CAR,ARI,TE,2026,PRE,0,120.0,0.0,VERY LOW,10.387,NFL_RECEIVING_YARDS_V1
00-0036825,Feleipe Franks,CAR,ARI,TE,2026,PRE,0,125.0,0.0,VERY LOW,10.387,NFL_RECEIVING_YARDS_V1
00-0036825,Feleipe Franks,CAR,ARI,TE,2026,PRE,0,130.0,0.0,VERY LOW,10.387,NFL_RECEIVING_YARDS_V1
00-0036825,Feleipe Franks,CAR,ARI,TE,2026,PRE,0,135.0,0.0,VERY LOW,10.387,NFL_RECEIVING_YARDS_V1
00-0036825,Feleipe Franks,CAR,ARI,TE,2026,PRE,0,140.0,0.0,VERY LOW,10.387,NFL_RECEIVING_YARDS_V1
00-0036825,Feleipe Franks,CAR,ARI,TE,2026,PRE,0,145.0,0.0,VERY LOW,10.387,NFL_RECEIVING_YARDS_V1
00-0036825,Feleipe Franks,CAR,ARI,TE,2026,PRE,0,150.0,0.0,VERY LOW,10.387,NFL_RECEIVING_YARDS_V1
00-0036825,Feleipe Franks,CAR,ARI,TE,2026,PRE,0,155.0,0.0,VERY LOW,10.387,NFL_RECEIVING_YARDS_V1
00-0036825,Feleipe Franks,CAR,ARI,TE,2026,PRE,0,160.0,0.0,VERY LOW,10.387,NFL_RECEIVING_YARDS_V1
00-0036825,Feleipe Franks,CAR,ARI,TE,2026,PRE,0,165.0,0.0,VERY LOW,10.387,NFL_RECEIVING_YARDS_V1
00-0036825,Feleipe Franks,CAR,ARI,TE,2026,PRE,0,170.0,0.0,VERY LOW,10.387,NFL_RECEIVING_YARDS_V1
00-0036825,Feleipe Franks,CAR,ARI,TE,2026,PRE,0,175.0,0.0,VERY LOW,10.387,NFL_RECEIVING_YARDS_V1
00-0036825,Feleipe Franks,CAR,ARI,TE,2026,PRE,0,180.0,0.0,VERY LOW,10.387,NFL_RECEIVING_YARDS_V1
00-0036825,Feleipe Franks,CAR,ARI,TE,2026,PRE,0,185.0,0.0,VERY LOW,10.387,NFL_RECEIVING_YARDS_V1
00-0036825,Feleipe Franks,CAR,ARI,TE,2026,PRE,0,190.0,0.0,VERY LOW,10.387,NFL_RECEIVING_YARDS_V1
00-0036825,Feleipe Franks,CAR,ARI,TE,2026,PRE,0,195.0,0.0,VERY LOW,10.387,NFL_RECEIVING_YARDS_V1
00-0036825,Feleipe Franks,CAR,ARI,TE,2026,PRE,0,200.0,0.0,VERY LOW,10.387,NFL_RECEIVING_YARDS_V1
00-0037005,Tommy Tremble,CAR,ARI,TE,2026,PRE,0,0.0,100.0,ELITE,14.396,NFL_RECEIVING_YARDS_V1
00-0037005,Tommy Tremble,CAR,ARI,TE,2026,PRE,0,5.0,54.74,ELITE,14.396,NFL_RECEIVING_YARDS_V1
00-0037005,Tommy Tremble,CAR,ARI,TE,2026,PRE,0,10.0,46.7,ELITE,14.396,NFL_RECEIVING_YARDS_V1
00-0037005,Tommy Tremble,CAR,ARI,TE,2026,PRE,0,15.0,38.91,ELITE,14.396,NFL_RECEIVING_YARDS_V1
00-0037005,Tommy Tremble,CAR,ARI,TE,2026,PRE,0,20.0,31.43,ELITE,14.396,NFL_RECEIVING_YARDS_V1
00-0037005,Tommy Tremble,CAR,ARI,TE,2026,PRE,0,25.0,24.59,ELITE,14.396,NFL_RECEIVING_YARDS_V1
00-0037005,Tommy Tremble,CAR,ARI,TE,2026,PRE,0,30.0,18.72,ELITE,14.396,NFL_RECEIVING_YARDS_V1
00-0037005,Tommy Tremble,CAR,ARI,TE,2026,PRE,0,35.0,13.76,ELITE,14.396,NFL_RECEIVING_YARDS_V1
00-0037005,Tommy Tremble,CAR,ARI,TE,2026,PRE,0,40.0,9.87,ELITE,14.396,NFL_RECEIVING_YARDS_V1
00-0037005,Tommy Tremble,CAR,ARI,TE,2026,PRE,0,45.0,6.8,ELITE,14.396,NFL_RECEIVING_YARDS_V1
00-0037005,Tommy Tremble,CAR,ARI,TE,2026,PRE,0,50.0,4.52,ELITE,14.396,NFL_RECEIVING_YARDS_V1
00-0037005,Tommy Tremble,CAR,ARI,TE,2026,PRE,0,55.0,2.89,ELITE,14.396,NFL_RECEIVING_YARDS_V1
00-0037005,Tommy Tremble,CAR,ARI,TE,2026,PRE,0,60.0,1.77,ELITE,14.396,NFL_RECEIVING_YARDS_V1
00-0037005,Tommy Tremble,CAR,ARI,TE,2026,PRE,0,65.0,1.07,ELITE,14.396,NFL_RECEIVING_YARDS_V1
00-0037005,Tommy Tremble,CAR,ARI,TE,2026,PRE,0,70.0,0.61,SOLID,14.396,NFL_RECEIVING_YARDS_V1
00-0037005,Tommy Tremble,CAR,ARI,TE,2026,PRE,0,75.0,0.34,LOW,14.396,NFL_RECEIVING_YARDS_V1
00-0037005,Tommy Tremble,CAR,ARI,TE,2026,PRE,0,80.0,0.18,VERY LOW,14.396,NFL_RECEIVING_YARDS_V1
00-0037005,Tommy Tremble,CAR,ARI,TE,2026,PRE,0,85.0,0.09,VERY LOW,14.396,NFL_RECEIVING_YARDS_V1
00-0037005,Tommy Tremble,CAR,ARI,TE,2026,PRE,0,90.0,0.04,VERY LOW,14.396,NFL_RECEIVING_YARDS_V1
00-0037005,Tommy Tremble,CAR,ARI,TE,2026,PRE,0,95.0,0.02,VERY LOW,14.396,NFL_RECEIVING_YARDS_V1
00-0037005,Tommy Tremble,CAR,ARI,TE,2026,PRE,0,100.0,0.01,VERY LOW,14.396,NFL_RECEIVING_YARDS_V1
00-0037005,Tommy Tremble,CAR,ARI,TE,2026,PRE,0,105.0,0.0,VERY LOW,14.396,NFL_RECEIVING_YARDS_V1
00-0037005,Tommy Tremble,CAR,ARI,TE,2026,PRE,0,110.0,0.0,VERY LOW,14.396,NFL_RECEIVING_YARDS_V1
00-0037005,Tommy Tremble,CAR,ARI,TE,2026,PRE,0,115.0,0.0,VERY LOW,14.396,NFL_RECEIVING_YARDS_V1
00-0037005,Tommy Tremble,CAR,ARI,TE,2026,PRE,0,120.0,0.0,VERY LOW,14.396,NFL_RECEIVING_YARDS_V1
00-0037005,Tommy Tremble,CAR,ARI,TE,2026,PRE,0,125.0,0.0,VERY LOW,14.396,NFL_RECEIVING_YARDS_V1
00-0037005,Tommy Tremble,CAR,ARI,TE,2026,PRE,0,130.0,0.0,VERY LOW,14.396,NFL_RECEIVING_YARDS_V1
00-0037005,Tommy Tremble,CAR,ARI,TE,2026,PRE,0,135.0,0.0,VERY LOW,14.396,NFL_RECEIVING_YARDS_V1
00-0037005,Tommy Tremble,CAR,ARI,TE,2026,PRE,0,140.0,0.0,VERY LOW,14.396,NFL_RECEIVING_YARDS_V1
00-0037005,Tommy Tremble,CAR,ARI,TE,2026,PRE,0,145.0,0.0,VERY LOW,14.396,NFL_RECEIVING_YARDS_V1
00-0037005,Tommy Tremble,CAR,ARI,TE,2026,PRE,0,150.0,0.0,VERY LOW,14.396,NFL_RECEIVING_YARDS_V1
00-0037005,Tommy Tremble,CAR,ARI,TE,2026,PRE,0,155.0,0.0,VERY LOW,14.396,NFL_RECEIVING_YARDS_V1
00-0037005,Tommy Tremble,CAR,ARI,TE,2026,PRE,0,160.0,0.0,VERY LOW,14.396,NFL_RECEIVING_YARDS_V1
00-0037005,Tommy Tremble,CAR,ARI,TE,2026,PRE,0,165.0,0.0,VERY LOW,14.396,NFL_RECEIVING_YARDS_V1
00-0037005,Tommy Tremble,CAR,ARI,TE,2026,PRE,0,170.0,0.0,VERY LOW,14.396,NFL_RECEIVING_YARDS_V1
00-0037005,Tommy Tremble,CAR,ARI,TE,2026,PRE,0,175.0,0.0,VERY LOW,14.396,NFL_RECEIVING_YARDS_V1
00-0037005,Tommy Tremble,CAR,ARI,TE,2026,PRE,0,180.0,0.0,VERY LOW,14.396,NFL_RECEIVING_YARDS_V1
00-0037005,Tommy Tremble,CAR,ARI,TE,2026,PRE,0,185.0,0.0,VERY LOW,14.396,NFL_RECEIVING_YARDS_V1
00-0037005,Tommy Tremble,CAR,ARI,TE,2026,PRE,0,190.0,0.0,VERY LOW,14.396,NFL_RECEIVING_YARDS_V1
00-0037005,Tommy Tremble,CAR,ARI,TE,2026,PRE,0,195.0,0.0,VERY LOW,14.396,NFL_RECEIVING_YARDS_V1
00-0037005,Tommy Tremble,CAR,ARI,TE,2026,PRE,0,200.0,0.0,VERY LOW,14.396,NFL_RECEIVING_YARDS_V1
00-0037282,James Mitchell,CAR,ARI,TE,2026,PRE,0,0.0,100.0,ELITE,11.422,NFL_RECEIVING_YARDS_V1
00-0037282,James Mitchell,CAR,ARI,TE,2026,PRE,0,5.0,71.34,ELITE,11.422,NFL_RECEIVING_YARDS_V1
00-0037282,James Mitchell,CAR,ARI,TE,2026,PRE,0,10.0,52.68,ELITE,11.422,NFL_RECEIVING_YARDS_V1
00-0037282,James Mitchell,CAR,ARI,TE,2026,PRE,0,15.0,33.34,ELITE,11.422,NFL_RECEIVING_YARDS_V1
00-0037282,James Mitchell,CAR,ARI,TE,2026,PRE,0,20.0,17.81,ELITE,11.422,NFL_RECEIVING_YARDS_V1
00-0037282,James Mitchell,CAR,ARI,TE,2026,PRE,0,25.0,7.75,ELITE,11.422,NFL_RECEIVING_YARDS_V1
00-0037282,James Mitchell,CAR,ARI,TE,2026,PRE,0,30.0,2.79,ELITE,11.422,NFL_RECEIVING_YARDS_V1
00-0037282,James Mitchell,CAR,ARI,TE,2026,PRE,0,35.0,0.78,HIGH,11.422,NFL_RECEIVING_YARDS_V1
00-0037282,James Mitchell,CAR,ARI,TE,2026,PRE,0,40.0,0.18,VERY LOW,11.422,NFL_RECEIVING_YARDS_V1
00-0037282,James Mitchell,CAR,ARI,TE,2026,PRE,0,45.0,0.03,VERY LOW,11.422,NFL_RECEIVING_YARDS_V1
00-0037282,James Mitchell,CAR,ARI,TE,2026,PRE,0,50.0,0.01,VERY LOW,11.422,NFL_RECEIVING_YARDS_V1
00-0037282,James Mitchell,CAR,ARI,TE,2026,PRE,0,55.0,0.0,VERY LOW,11.422,NFL_RECEIVING_YARDS_V1
00-0037282,James Mitchell,CAR,ARI,TE,2026,PRE,0,60.0,0.0,VERY LOW,11.422,NFL_RECEIVING_YARDS_V1
00-0037282,James Mitchell,CAR,ARI,TE,2026,PRE,0,65.0,0.0,VERY LOW,11.422,NFL_RECEIVING_YARDS_V1
00-0037282,James Mitchell,CAR,ARI,TE,2026,PRE,0,70.0,0.0,VERY LOW,11.422,NFL_RECEIVING_YARDS_V1
00-0037282,James Mitchell,CAR,ARI,TE,2026,PRE,0,75.0,0.0,VERY LOW,11.422,NFL_RECEIVING_YARDS_V1
00-0037282,James Mitchell,CAR,ARI,TE,2026,PRE,0,80.0,0.0,VERY LOW,11.422,NFL_RECEIVING_YARDS_V1
00-0037282,James Mitchell,CAR,ARI,TE,2026,PRE,0,85.0,0.0,VERY LOW,11.422,NFL_RECEIVING_YARDS_V1
00-0037282,James Mitchell,CAR,ARI,TE,2026,PRE,0,90.0,0.0,VERY LOW,11.422,NFL_RECEIVING_YARDS_V1
00-0037282,James Mitchell,CAR,ARI,TE,2026,PRE,0,95.0,0.0,VERY LOW,11.422,NFL_RECEIVING_YARDS_V1
00-0037282,James Mitchell,CAR,ARI,TE,2026,PRE,0,100.0,0.0,VERY LOW,11.422,NFL_RECEIVING_YARDS_V1
00-0037282,James Mitchell,CAR,ARI,TE,2026,PRE,0,105.0,0.0,VERY LOW,11.422,NFL_RECEIVING_YARDS_V1
00-0037282,James Mitchell,CAR,ARI,TE,2026,PRE,0,110.0,0.0,VERY LOW,11.422,NFL_RECEIVING_YARDS_V1
00-0037282,James Mitchell,CAR,ARI,TE,2026,PRE,0,115.0,0.0,VERY LOW,11.422,NFL_RECEIVING_YARDS_V1
00-0037282,James Mitchell,CAR,ARI,TE,2026,PRE,0,120.0,0.0,VERY LOW,11.422,NFL_RECEIVING_YARDS_V1
00-0037282,James Mitchell,CAR,ARI,TE,2026,PRE,0,125.0,0.0,VERY LOW,11.422,NFL_RECEIVING_YARDS_V1
00-0037282,James Mitchell,CAR,ARI,TE,2026,PRE,0,130.0,0.0,VERY LOW,11.422,NFL_RECEIVING_YARDS_V1
00-0037282,James Mitchell,CAR,ARI,TE,2026,PRE,0,135.0,0.0,VERY LOW,11.422,NFL_RECEIVING_YARDS_V1
00-0037282,James Mitchell,CAR,ARI,TE,2026,PRE,0,140.0,0.0,VERY LOW,11.422,NFL_RECEIVING_YARDS_V1
00-0037282,James Mitchell,CAR,ARI,TE,2026,PRE,0,145.0,0.0,VERY LOW,11.422,NFL_RECEIVING_YARDS_V1
00-0037282,James Mitchell,CAR,ARI,TE,2026,PRE,0,150.0,0.0,VERY LOW,11.422,NFL_RECEIVING_YARDS_V1
00-0037282,James Mitchell,CAR,ARI,TE,2026,PRE,0,155.0,0.0,VERY LOW,11.422,NFL_RECEIVING_YARDS_V1
00-0037282,James Mitchell,CAR,ARI,TE,2026,PRE,0,160.0,0.0,VERY LOW,11.422,NFL_RECEIVING_YARDS_V1
00-0037282,James Mitchell,CAR,ARI,TE,2026,PRE,0,165.0,0.0,VERY LOW,11.422,NFL_RECEIVING_YARDS_V1
00-0037282,James Mitchell,CAR,ARI,TE,2026,PRE,0,170.0,0.0,VERY LOW,11.422,NFL_RECEIVING_YARDS_V1
00-0037282,James Mitchell,CAR,ARI,TE,2026,PRE,0,175.0,0.0,VERY LOW,11.422,NFL_RECEIVING_YARDS_V1
00-0037282,James Mitchell,CAR,ARI,TE,2026,PRE,0,180.0,0.0,VERY LOW,11.422,NFL_RECEIVING_YARDS_V1
00-0037282,James Mitchell,CAR,ARI,TE,2026,PRE,0,185.0,0.0,VERY LOW,11.422,NFL_RECEIVING_YARDS_V1
00-0037282,James Mitchell,CAR,ARI,TE,2026,PRE,0,190.0,0.0,VERY LOW,11.422,NFL_RECEIVING_YARDS_V1
00-0037282,James Mitchell,CAR,ARI,TE,2026,PRE,0,195.0,0.0,VERY LOW,11.422,NFL_RECEIVING_YARDS_V1
00-0037282,James Mitchell,CAR,ARI,TE,2026,PRE,0,200.0,0.0,VERY LOW,11.422,NFL_RECEIVING_YARDS_V1
00-0037614,John Metchie III,CAR,ARI,WR,2026,PRE,0,0.0,100.0,ELITE,17.231,NFL_RECEIVING_YARDS_V1
00-0037614,John Metchie III,CAR,ARI,WR,2026,PRE,0,5.0,61.38,ELITE,17.231,NFL_RECEIVING_YARDS_V1
00-0037614,John Metchie III,CAR,ARI,WR,2026,PRE,0,10.0,53.49,ELITE,17.231,NFL_RECEIVING_YARDS_V1
00-0037614,John Metchie III,CAR,ARI,WR,2026,PRE,0,15.0,45.5,ELITE,17.231,NFL_RECEIVING_YARDS_V1
00-0037614,John Metchie III,CAR,ARI,WR,2026,PRE,0,20.0,37.68,ELITE,17.231,NFL_RECEIVING_YARDS_V1
00-0037614,John Metchie III,CAR,ARI,WR,2026,PRE,0,25.0,30.37,ELITE,17.231,NFL_RECEIVING_YARDS_V1
00-0037614,John Metchie III,CAR,ARI,WR,2026,PRE,0,30.0,23.86,ELITE,17.231,NFL_RECEIVING_YARDS_V1
00-0037614,John Metchie III,CAR,ARI,WR,2026,PRE,0,35.0,18.18,ELITE,17.231,NFL_RECEIVING_YARDS_V1
00-0037614,John Metchie III,CAR,ARI,WR,2026,PRE,0,40.0,13.32,ELITE,17.231,NFL_RECEIVING_YARDS_V1
00-0037614,John Metchie III,CAR,ARI,WR,2026,PRE,0,45.0,9.5,ELITE,17.231,NFL_RECEIVING_YARDS_V1
00-0037614,John Metchie III,CAR,ARI,WR,2026,PRE,0,50.0,6.46,ELITE,17.231,NFL_RECEIVING_YARDS_V1
00-0037614,John Metchie III,CAR,ARI,WR,2026,PRE,0,55.0,4.34,ELITE,17.231,NFL_RECEIVING_YARDS_V1
00-0037614,John Metchie III,CAR,ARI,WR,2026,PRE,0,60.0,2.77,ELITE,17.231,NFL_RECEIVING_YARDS_V1
00-0037614,John Metchie III,CAR,ARI,WR,2026,PRE,0,65.0,1.73,ELITE,17.231,NFL_RECEIVING_YARDS_V1
00-0037614,John Metchie III,CAR,ARI,WR,2026,PRE,0,70.0,1.02,ELITE,17.231,NFL_RECEIVING_YARDS_V1
00-0037614,John Metchie III,CAR,ARI,WR,2026,PRE,0,75.0,0.61,SOLID,17.231,NFL_RECEIVING_YARDS_V1
00-0037614,John Metchie III,CAR,ARI,WR,2026,PRE,0,80.0,0.36,LOW,17.231,NFL_RECEIVING_YARDS_V1
00-0037614,John Metchie III,CAR,ARI,WR,2026,PRE,0,85.0,0.18,VERY LOW,17.231,NFL_RECEIVING_YARDS_V1
00-0037614,John Metchie III,CAR,ARI,WR,2026,PRE,0,90.0,0.1,VERY LOW,17.231,NFL_RECEIVING_YARDS_V1
00-0037614,John Metchie III,CAR,ARI,WR,2026,PRE,0,95.0,0.05,VERY LOW,17.231,NFL_RECEIVING_YARDS_V1
00-0037614,John Metchie III,CAR,ARI,WR,2026,PRE,0,100.0,0.02,VERY LOW,17.231,NFL_RECEIVING_YARDS_V1
00-0037614,John Metchie III,CAR,ARI,WR,2026,PRE,0,105.0,0.01,VERY LOW,17.231,NFL_RECEIVING_YARDS_V1
00-0037614,John Metchie III,CAR,ARI,WR,2026,PRE,0,110.0,0.01,VERY LOW,17.231,NFL_RECEIVING_YARDS_V1
00-0037614,John Metchie III,CAR,ARI,WR,2026,PRE,0,115.0,0.01,VERY LOW,17.231,NFL_RECEIVING_YARDS_V1
00-0037614,John Metchie III,CAR,ARI,WR,2026,PRE,0,120.0,0.0,VERY LOW,17.231,NFL_RECEIVING_YARDS_V1
00-0037614,John Metchie III,CAR,ARI,WR,2026,PRE,0,125.0,0.0,VERY LOW,17.231,NFL_RECEIVING_YARDS_V1
00-0037614,John Metchie III,CAR,ARI,WR,2026,PRE,0,130.0,0.0,VERY LOW,17.231,NFL_RECEIVING_YARDS_V1
00-0037614,John Metchie III,CAR,ARI,WR,2026,PRE,0,135.0,0.0,VERY LOW,17.231,NFL_RECEIVING_YARDS_V1
00-0037614,John Metchie III,CAR,ARI,WR,2026,PRE,0,140.0,0.0,VERY LOW,17.231,NFL_RECEIVING_YARDS_V1
00-0037614,John Metchie III,CAR,ARI,WR,2026,PRE,0,145.0,0.0,VERY LOW,17.231,NFL_RECEIVING_YARDS_V1
00-0037614,John Metchie III,CAR,ARI,WR,2026,PRE,0,150.0,0.0,VERY LOW,17.231,NFL_RECEIVING_YARDS_V1
00-0037614,John Metchie III,CAR,ARI,WR,2026,PRE,0,155.0,0.0,VERY LOW,17.231,NFL_RECEIVING_YARDS_V1
00-0037614,John Metchie III,CAR,ARI,WR,2026,PRE,0,160.0,0.0,VERY LOW,17.231,NFL_RECEIVING_YARDS_V1
00-0037614,John Metchie III,CAR,ARI,WR,2026,PRE,0,165.0,0.0,VERY LOW,17.231,NFL_RECEIVING_YARDS_V1
00-0037614,John Metchie III,CAR,ARI,WR,2026,PRE,0,170.0,0.0,VERY LOW,17.231,NFL_RECEIVING_YARDS_V1
00-0037614,John Metchie III,CAR,ARI,WR,2026,PRE,0,175.0,0.0,VERY LOW,17.231,NFL_RECEIVING_YARDS_V1
00-0037614,John Metchie III,CAR,ARI,WR,2026,PRE,0,180.0,0.0,VERY LOW,17.231,NFL_RECEIVING_YARDS_V1
00-0037614,John Metchie III,CAR,ARI,WR,2026,PRE,0,185.0,0.0,VERY LOW,17.231,NFL_RECEIVING_YARDS_V1
00-0037614,John Metchie III,CAR,ARI,WR,2026,PRE,0,190.0,0.0,VERY LOW,17.231,NFL_RECEIVING_YARDS_V1
00-0037614,John Metchie III,CAR,ARI,WR,2026,PRE,0,195.0,0.0,VERY LOW,17.231,NFL_RECEIVING_YARDS_V1
00-0037614,John Metchie III,CAR,ARI,WR,2026,PRE,0,200.0,0.0,VERY LOW,17.231,NFL_RECEIVING_YARDS_V1
00-0038840,Brycen Tremayne,CAR,ARI,WR,2026,PRE,0,0.0,100.0,ELITE,12.491,NFL_RECEIVING_YARDS_V1
00-0038840,Brycen Tremayne,CAR,ARI,WR,2026,PRE,0,5.0,56.16,ELITE,12.491,NFL_RECEIVING_YARDS_V1
00-0038840,Brycen Tremayne,CAR,ARI,WR,2026,PRE,0,10.0,46.03,ELITE,12.491,NFL_RECEIVING_YARDS_V1
00-0038840,Brycen Tremayne,CAR,ARI,WR,2026,PRE,0,15.0,36.08,ELITE,12.491,NFL_RECEIVING_YARDS_V1
00-0038840,Brycen Tremayne,CAR,ARI,WR,2026,PRE,0,20.0,27.14,ELITE,12.491,NFL_RECEIVING_YARDS_V1
00-0038840,Brycen Tremayne,CAR,ARI,WR,2026,PRE,0,25.0,19.37,ELITE,12.491,NFL_RECEIVING_YARDS_V1
00-0038840,Brycen Tremayne,CAR,ARI,WR,2026,PRE,0,30.0,13.17,ELITE,12.491,NFL_RECEIVING_YARDS_V1
00-0038840,Brycen Tremayne,CAR,ARI,WR,2026,PRE,0,35.0,8.45,ELITE,12.491,NFL_RECEIVING_YARDS_V1
00-0038840,Brycen Tremayne,CAR,ARI,WR,2026,PRE,0,40.0,5.18,ELITE,12.491,NFL_RECEIVING_YARDS_V1
00-0038840,Brycen Tremayne,CAR,ARI,WR,2026,PRE,0,45.0,2.96,ELITE,12.491,NFL_RECEIVING_YARDS_V1
00-0038840,Brycen Tremayne,CAR,ARI,WR,2026,PRE,0,50.0,1.6,ELITE,12.491,NFL_RECEIVING_YARDS_V1
00-0038840,Brycen Tremayne,CAR,ARI,WR,2026,PRE,0,55.0,0.83,VERY HIGH,12.491,NFL_RECEIVING_YARDS_V1
00-0038840,Brycen Tremayne,CAR,ARI,WR,2026,PRE,0,60.0,0.43,COIN FLIP,12.491,NFL_RECEIVING_YARDS_V1
00-0038840,Brycen Tremayne,CAR,ARI,WR,2026,PRE,0,65.0,0.2,VERY LOW,12.491,NFL_RECEIVING_YARDS_V1
00-0038840,Brycen Tremayne,CAR,ARI,WR,2026,PRE,0,70.0,0.1,VERY LOW,12.491,NFL_RECEIVING_YARDS_V1
00-0038840,Brycen Tremayne,CAR,ARI,WR,2026,PRE,0,75.0,0.04,VERY LOW,12.491,NFL_RECEIVING_YARDS_V1
00-0038840,Brycen Tremayne,CAR,ARI,WR,2026,PRE,0,80.0,0.01,VERY LOW,12.491,NFL_RECEIVING_YARDS_V1
00-0038840,Brycen Tremayne,CAR,ARI,WR,2026,PRE,0,85.0,0.01,VERY LOW,12.491,NFL_RECEIVING_YARDS_V1
00-0038840,Brycen Tremayne,CAR,ARI,WR,2026,PRE,0,90.0,0.0,VERY LOW,12.491,NFL_RECEIVING_YARDS_V1
00-0038840,Brycen Tremayne,CAR,ARI,WR,2026,PRE,0,95.0,0.0,VERY LOW,12.491,NFL_RECEIVING_YARDS_V1
00-0038840,Brycen Tremayne,CAR,ARI,WR,2026,PRE,0,100.0,0.0,VERY LOW,12.491,NFL_RECEIVING_YARDS_V1
00-0038840,Brycen Tremayne,CAR,ARI,WR,2026,PRE,0,105.0,0.0,VERY LOW,12.491,NFL_RECEIVING_YARDS_V1
00-0038840,Brycen Tremayne,CAR,ARI,WR,2026,PRE,0,110.0,0.0,VERY LOW,12.491,NFL_RECEIVING_YARDS_V1
00-0038840,Brycen Tremayne,CAR,ARI,WR,2026,PRE,0,115.0,0.0,VERY LOW,12.491,NFL_RECEIVING_YARDS_V1
00-0038840,Brycen Tremayne,CAR,ARI,WR,2026,PRE,0,120.0,0.0,VERY LOW,12.491,NFL_RECEIVING_YARDS_V1
00-0038840,Brycen Tremayne,CAR,ARI,WR,2026,PRE,0,125.0,0.0,VERY LOW,12.491,NFL_RECEIVING_YARDS_V1
00-0038840,Brycen Tremayne,CAR,ARI,WR,2026,PRE,0,130.0,0.0,VERY LOW,12.491,NFL_RECEIVING_YARDS_V1
00-0038840,Brycen Tremayne,CAR,ARI,WR,2026,PRE,0,135.0,0.0,VERY LOW,12.491,NFL_RECEIVING_YARDS_V1
00-0038840,Brycen Tremayne,CAR,ARI,WR,2026,PRE,0,140.0,0.0,VERY LOW,12.491,NFL_RECEIVING_YARDS_V1
00-0038840,Brycen Tremayne,CAR,ARI,WR,2026,PRE,0,145.0,0.0,VERY LOW,12.491,NFL_RECEIVING_YARDS_V1
00-0038840,Brycen Tremayne,CAR,ARI,WR,2026,PRE,0,150.0,0.0,VERY LOW,12.491,NFL_RECEIVING_YARDS_V1
00-0038840,Brycen Tremayne,CAR,ARI,WR,2026,PRE,0,155.0,0.0,VERY LOW,12.491,NFL_RECEIVING_YARDS_V1
00-0038840,Brycen Tremayne,CAR,ARI,WR,2026,PRE,0,160.0,0.0,VERY LOW,12.491,NFL_RECEIVING_YARDS_V1
00-0038840,Brycen Tremayne,CAR,ARI,WR,2026,PRE,0,165.0,0.0,VERY LOW,12.491,NFL_RECEIVING_YARDS_V1
00-0038840,Brycen Tremayne,CAR,ARI,WR,2026,PRE,0,170.0,0.0,VERY LOW,12.491,NFL_RECEIVING_YARDS_V1
00-0038840,Brycen Tremayne,CAR,ARI,WR,2026,PRE,0,175.0,0.0,VERY LOW,12.491,NFL_RECEIVING_YARDS_V1
00-0038840,Brycen Tremayne,CAR,ARI,WR,2026,PRE,0,180.0,0.0,VERY LOW,12.491,NFL_RECEIVING_YARDS_V1
00-0038840,Brycen Tremayne,CAR,ARI,WR,2026,PRE,0,185.0,0.0,VERY LOW,12.491,NFL_RECEIVING_YARDS_V1
00-0038840,Brycen Tremayne,CAR,ARI,WR,2026,PRE,0,190.0,0.0,VERY LOW,12.491,NFL_RECEIVING_YARDS_V1
00-0038840,Brycen Tremayne,CAR,ARI,WR,2026,PRE,0,195.0,0.0,VERY LOW,12.491,NFL_RECEIVING_YARDS_V1
00-0038840,Brycen Tremayne,CAR,ARI,WR,2026,PRE,0,200.0,0.0,VERY LOW,12.491,NFL_RECEIVING_YARDS_V1
00-0039342,Xavier Legette,CAR,ARI,WR,2026,PRE,0,0.0,100.0,ELITE,20.876,NFL_RECEIVING_YARDS_V1
00-0039342,Xavier Legette,CAR,ARI,WR,2026,PRE,0,5.0,62.73,ELITE,20.876,NFL_RECEIVING_YARDS_V1
00-0039342,Xavier Legette,CAR,ARI,WR,2026,PRE,0,10.0,56.31,ELITE,20.876,NFL_RECEIVING_YARDS_V1
00-0039342,Xavier Legette,CAR,ARI,WR,2026,PRE,0,15.0,49.78,ELITE,20.876,NFL_RECEIVING_YARDS_V1
00-0039342,Xavier Legette,CAR,ARI,WR,2026,PRE,0,20.0,43.24,ELITE,20.876,NFL_RECEIVING_YARDS_V1
00-0039342,Xavier Legette,CAR,ARI,WR,2026,PRE,0,25.0,36.74,ELITE,20.876,NFL_RECEIVING_YARDS_V1
00-0039342,Xavier Legette,CAR,ARI,WR,2026,PRE,0,30.0,30.76,ELITE,20.876,NFL_RECEIVING_YARDS_V1
00-0039342,Xavier Legette,CAR,ARI,WR,2026,PRE,0,35.0,25.22,ELITE,20.876,NFL_RECEIVING_YARDS_V1
00-0039342,Xavier Legette,CAR,ARI,WR,2026,PRE,0,40.0,20.18,ELITE,20.876,NFL_RECEIVING_YARDS_V1
00-0039342,Xavier Legette,CAR,ARI,WR,2026,PRE,0,45.0,15.85,ELITE,20.876,NFL_RECEIVING_YARDS_V1
00-0039342,Xavier Legette,CAR,ARI,WR,2026,PRE,0,50.0,12.16,ELITE,20.876,NFL_RECEIVING_YARDS_V1
00-0039342,Xavier Legette,CAR,ARI,WR,2026,PRE,0,55.0,9.14,ELITE,20.876,NFL_RECEIVING_YARDS_V1
00-0039342,Xavier Legette,CAR,ARI,WR,2026,PRE,0,60.0,6.72,ELITE,20.876,NFL_RECEIVING_YARDS_V1
00-0039342,Xavier Legette,CAR,ARI,WR,2026,PRE,0,65.0,4.82,ELITE,20.876,NFL_RECEIVING_YARDS_V1
00-0039342,Xavier Legette,CAR,ARI,WR,2026,PRE,0,70.0,3.37,ELITE,20.876,NFL_RECEIVING_YARDS_V1
00-0039342,Xavier Legette,CAR,ARI,WR,2026,PRE,0,75.0,2.35,ELITE,20.876,NFL_RECEIVING_YARDS_V1
00-0039342,Xavier Legette,CAR,ARI,WR,2026,PRE,0,80.0,1.59,ELITE,20.876,NFL_RECEIVING_YARDS_V1
00-0039342,Xavier Legette,CAR,ARI,WR,2026,PRE,0,85.0,1.07,ELITE,20.876,NFL_RECEIVING_YARDS_V1
00-0039342,Xavier Legette,CAR,ARI,WR,2026,PRE,0,90.0,0.67,SOLID,20.876,NFL_RECEIVING_YARDS_V1
00-0039342,Xavier Legette,CAR,ARI,WR,2026,PRE,0,95.0,0.4,COIN FLIP,20.876,NFL_RECEIVING_YARDS_V1
00-0039342,Xavier Legette,CAR,ARI,WR,2026,PRE,0,100.0,0.25,VERY LOW,20.876,NFL_RECEIVING_YARDS_V1
00-0039342,Xavier Legette,CAR,ARI,WR,2026,PRE,0,105.0,0.15,VERY LOW,20.876,NFL_RECEIVING_YARDS_V1
00-0039342,Xavier Legette,CAR,ARI,WR,2026,PRE,0,110.0,0.09,VERY LOW,20.876,NFL_RECEIVING_YARDS_V1
00-0039342,Xavier Legette,CAR,ARI,WR,2026,PRE,0,115.0,0.04,VERY LOW,20.876,NFL_RECEIVING_YARDS_V1
00-0039342,Xavier Legette,CAR,ARI,WR,2026,PRE,0,120.0,0.02,VERY LOW,20.876,NFL_RECEIVING_YARDS_V1
00-0039342,Xavier Legette,CAR,ARI,WR,2026,PRE,0,125.0,0.02,VERY LOW,20.876,NFL_RECEIVING_YARDS_V1
00-0039342,Xavier Legette,CAR,ARI,WR,2026,PRE,0,130.0,0.01,VERY LOW,20.876,NFL_RECEIVING_YARDS_V1
00-0039342,Xavier Legette,CAR,ARI,WR,2026,PRE,0,135.0,0.01,VERY LOW,20.876,NFL_RECEIVING_YARDS_V1
00-0039342,Xavier Legette,CAR,ARI,WR,2026,PRE,0,140.0,0.0,VERY LOW,20.876,NFL_RECEIVING_YARDS_V1
00-0039342,Xavier Legette,CAR,ARI,WR,2026,PRE,0,145.0,0.0,VERY LOW,20.876,NFL_RECEIVING_YARDS_V1
00-0039342,Xavier Legette,CAR,ARI,WR,2026,PRE,0,150.0,0.0,VERY LOW,20.876,NFL_RECEIVING_YARDS_V1
00-0039342,Xavier Legette,CAR,ARI,WR,2026,PRE,0,155.0,0.0,VERY LOW,20.876,NFL_RECEIVING_YARDS_V1
00-0039342,Xavier Legette,CAR,ARI,WR,2026,PRE,0,160.0,0.0,VERY LOW,20.876,NFL_RECEIVING_YARDS_V1
00-0039342,Xavier Legette,CAR,ARI,WR,2026,PRE,0,165.0,0.0,VERY LOW,20.876,NFL_RECEIVING_YARDS_V1
00-0039342,Xavier Legette,CAR,ARI,WR,2026,PRE,0,170.0,0.0,VERY LOW,20.876,NFL_RECEIVING_YARDS_V1
00-0039342,Xavier Legette,CAR,ARI,WR,2026,PRE,0,175.0,0.0,VERY LOW,20.876,NFL_RECEIVING_YARDS_V1
00-0039342,Xavier Legette,CAR,ARI,WR,2026,PRE,0,180.0,0.0,VERY LOW,20.876,NFL_RECEIVING_YARDS_V1
00-0039342,Xavier Legette,CAR,ARI,WR,2026,PRE,0,185.0,0.0,VERY LOW,20.876,NFL_RECEIVING_YARDS_V1
00-0039342,Xavier Legette,CAR,ARI,WR,2026,PRE,0,190.0,0.0,VERY LOW,20.876,NFL_RECEIVING_YARDS_V1
00-0039342,Xavier Legette,CAR,ARI,WR,2026,PRE,0,195.0,0.0,VERY LOW,20.876,NFL_RECEIVING_YARDS_V1
00-0039342,Xavier Legette,CAR,ARI,WR,2026,PRE,0,200.0,0.0,VERY LOW,20.876,NFL_RECEIVING_YARDS_V1
00-0039344,Jonathon Brooks,CAR,ARI,RB,2026,PRE,0,0.0,100.0,ELITE,17.097,NFL_RECEIVING_YARDS_V1
00-0039344,Jonathon Brooks,CAR,ARI,RB,2026,PRE,0,5.0,89.69,ELITE,17.097,NFL_RECEIVING_YARDS_V1
00-0039344,Jonathon Brooks,CAR,ARI,RB,2026,PRE,0,10.0,76.63,ELITE,17.097,NFL_RECEIVING_YARDS_V1
00-0039344,Jonathon Brooks,CAR,ARI,RB,2026,PRE,0,15.0,58.24,ELITE,17.097,NFL_RECEIVING_YARDS_V1
00-0039344,Jonathon Brooks,CAR,ARI,RB,2026,PRE,0,20.0,37.4,ELITE,17.097,NFL_RECEIVING_YARDS_V1
00-0039344,Jonathon Brooks,CAR,ARI,RB,2026,PRE,0,25.0,19.8,ELITE,17.097,NFL_RECEIVING_YARDS_V1
00-0039344,Jonathon Brooks,CAR,ARI,RB,2026,PRE,0,30.0,8.4,ELITE,17.097,NFL_RECEIVING_YARDS_V1
00-0039344,Jonathon Brooks,CAR,ARI,RB,2026,PRE,0,35.0,2.9,ELITE,17.097,NFL_RECEIVING_YARDS_V1
00-0039344,Jonathon Brooks,CAR,ARI,RB,2026,PRE,0,40.0,0.77,HIGH,17.097,NFL_RECEIVING_YARDS_V1
00-0039344,Jonathon Brooks,CAR,ARI,RB,2026,PRE,0,45.0,0.15,VERY LOW,17.097,NFL_RECEIVING_YARDS_V1
00-0039344,Jonathon Brooks,CAR,ARI,RB,2026,PRE,0,50.0,0.02,VERY LOW,17.097,NFL_RECEIVING_YARDS_V1
00-0039344,Jonathon Brooks,CAR,ARI,RB,2026,PRE,0,55.0,0.0,VERY LOW,17.097,NFL_RECEIVING_YARDS_V1
00-0039344,Jonathon Brooks,CAR,ARI,RB,2026,PRE,0,60.0,0.0,VERY LOW,17.097,NFL_RECEIVING_YARDS_V1
00-0039344,Jonathon Brooks,CAR,ARI,RB,2026,PRE,0,65.0,0.0,VERY LOW,17.097,NFL_RECEIVING_YARDS_V1
00-0039344,Jonathon Brooks,CAR,ARI,RB,2026,PRE,0,70.0,0.0,VERY LOW,17.097,NFL_RECEIVING_YARDS_V1
00-0039344,Jonathon Brooks,CAR,ARI,RB,2026,PRE,0,75.0,0.0,VERY LOW,17.097,NFL_RECEIVING_YARDS_V1
00-0039344,Jonathon Brooks,CAR,ARI,RB,2026,PRE,0,80.0,0.0,VERY LOW,17.097,NFL_RECEIVING_YARDS_V1
00-0039344,Jonathon Brooks,CAR,ARI,RB,2026,PRE,0,85.0,0.0,VERY LOW,17.097,NFL_RECEIVING_YARDS_V1
00-0039344,Jonathon Brooks,CAR,ARI,RB,2026,PRE,0,90.0,0.0,VERY LOW,17.097,NFL_RECEIVING_YARDS_V1
00-0039344,Jonathon Brooks,CAR,ARI,RB,2026,PRE,0,95.0,0.0,VERY LOW,17.097,NFL_RECEIVING_YARDS_V1
00-0039344,Jonathon Brooks,CAR,ARI,RB,2026,PRE,0,100.0,0.0,VERY LOW,17.097,NFL_RECEIVING_YARDS_V1
00-0039344,Jonathon Brooks,CAR,ARI,RB,2026,PRE,0,105.0,0.0,VERY LOW,17.097,NFL_RECEIVING_YARDS_V1
00-0039344,Jonathon Brooks,CAR,ARI,RB,2026,PRE,0,110.0,0.0,VERY LOW,17.097,NFL_RECEIVING_YARDS_V1
00-0039344,Jonathon Brooks,CAR,ARI,RB,2026,PRE,0,115.0,0.0,VERY LOW,17.097,NFL_RECEIVING_YARDS_V1
00-0039344,Jonathon Brooks,CAR,ARI,RB,2026,PRE,0,120.0,0.0,VERY LOW,17.097,NFL_RECEIVING_YARDS_V1
00-0039344,Jonathon Brooks,CAR,ARI,RB,2026,PRE,0,125.0,0.0,VERY LOW,17.097,NFL_RECEIVING_YARDS_V1
00-0039344,Jonathon Brooks,CAR,ARI,RB,2026,PRE,0,130.0,0.0,VERY LOW,17.097,NFL_RECEIVING_YARDS_V1
00-0039344,Jonathon Brooks,CAR,ARI,RB,2026,PRE,0,135.0,0.0,VERY LOW,17.097,NFL_RECEIVING_YARDS_V1
00-0039344,Jonathon Brooks,CAR,ARI,RB,2026,PRE,0,140.0,0.0,VERY LOW,17.097,NFL_RECEIVING_YARDS_V1
00-0039344,Jonathon Brooks,CAR,ARI,RB,2026,PRE,0,145.0,0.0,VERY LOW,17.097,NFL_RECEIVING_YARDS_V1
00-0039344,Jonathon Brooks,CAR,ARI,RB,2026,PRE,0,150.0,0.0,VERY LOW,17.097,NFL_RECEIVING_YARDS_V1
00-0039344,Jonathon Brooks,CAR,ARI,RB,2026,PRE,0,155.0,0.0,VERY LOW,17.097,NFL_RECEIVING_YARDS_V1
00-0039344,Jonathon Brooks,CAR,ARI,RB,2026,PRE,0,160.0,0.0,VERY LOW,17.097,NFL_RECEIVING_YARDS_V1
00-0039344,Jonathon Brooks,CAR,ARI,RB,2026,PRE,0,165.0,0.0,VERY LOW,17.097,NFL_RECEIVING_YARDS_V1
00-0039344,Jonathon Brooks,CAR,ARI,RB,2026,PRE,0,170.0,0.0,VERY LOW,17.097,NFL_RECEIVING_YARDS_V1
00-0039344,Jonathon Brooks,CAR,ARI,RB,2026,PRE,0,175.0,0.0,VERY LOW,17.097,NFL_RECEIVING_YARDS_V1
00-0039344,Jonathon Brooks,CAR,ARI,RB,2026,PRE,0,180.0,0.0,VERY LOW,17.097,NFL_RECEIVING_YARDS_V1
00-0039344,Jonathon Brooks,CAR,ARI,RB,2026,PRE,0,185.0,0.0,VERY LOW,17.097,NFL_RECEIVING_YARDS_V1
00-0039344,Jonathon Brooks,CAR,ARI,RB,2026,PRE,0,190.0,0.0,VERY LOW,17.097,NFL_RECEIVING_YARDS_V1
00-0039344,Jonathon Brooks,CAR,ARI,RB,2026,PRE,0,195.0,0.0,VERY LOW,17.097,NFL_RECEIVING_YARDS_V1
00-0039344,Jonathon Brooks,CAR,ARI,RB,2026,PRE,0,200.0,0.0,VERY LOW,17.097,NFL_RECEIVING_YARDS_V1
00-0039356,Ja'Tavion Sanders,CAR,ARI,TE,2026,PRE,0,0.0,100.0,ELITE,17.895,NFL_RECEIVING_YARDS_V1
00-0039356,Ja'Tavion Sanders,CAR,ARI,TE,2026,PRE,0,5.0,58.85,ELITE,17.895,NFL_RECEIVING_YARDS_V1
00-0039356,Ja'Tavion Sanders,CAR,ARI,TE,2026,PRE,0,10.0,51.85,ELITE,17.895,NFL_RECEIVING_YARDS_V1
00-0039356,Ja'Tavion Sanders,CAR,ARI,TE,2026,PRE,0,15.0,44.8,ELITE,17.895,NFL_RECEIVING_YARDS_V1
00-0039356,Ja'Tavion Sanders,CAR,ARI,TE,2026,PRE,0,20.0,38.03,ELITE,17.895,NFL_RECEIVING_YARDS_V1
00-0039356,Ja'Tavion Sanders,CAR,ARI,TE,2026,PRE,0,25.0,31.55,ELITE,17.895,NFL_RECEIVING_YARDS_V1
00-0039356,Ja'Tavion Sanders,CAR,ARI,TE,2026,PRE,0,30.0,25.56,ELITE,17.895,NFL_RECEIVING_YARDS_V1
00-0039356,Ja'Tavion Sanders,CAR,ARI,TE,2026,PRE,0,35.0,20.19,ELITE,17.895,NFL_RECEIVING_YARDS_V1
00-0039356,Ja'Tavion Sanders,CAR,ARI,TE,2026,PRE,0,40.0,15.62,ELITE,17.895,NFL_RECEIVING_YARDS_V1
00-0039356,Ja'Tavion Sanders,CAR,ARI,TE,2026,PRE,0,45.0,11.8,ELITE,17.895,NFL_RECEIVING_YARDS_V1
00-0039356,Ja'Tavion Sanders,CAR,ARI,TE,2026,PRE,0,50.0,8.7,ELITE,17.895,NFL_RECEIVING_YARDS_V1
00-0039356,Ja'Tavion Sanders,CAR,ARI,TE,2026,PRE,0,55.0,6.2,ELITE,17.895,NFL_RECEIVING_YARDS_V1
00-0039356,Ja'Tavion Sanders,CAR,ARI,TE,2026,PRE,0,60.0,4.32,ELITE,17.895,NFL_RECEIVING_YARDS_V1
00-0039356,Ja'Tavion Sanders,CAR,ARI,TE,2026,PRE,0,65.0,2.94,ELITE,17.895,NFL_RECEIVING_YARDS_V1
00-0039356,Ja'Tavion Sanders,CAR,ARI,TE,2026,PRE,0,70.0,1.98,ELITE,17.895,NFL_RECEIVING_YARDS_V1
00-0039356,Ja'Tavion Sanders,CAR,ARI,TE,2026,PRE,0,75.0,1.29,ELITE,17.895,NFL_RECEIVING_YARDS_V1
00-0039356,Ja'Tavion Sanders,CAR,ARI,TE,2026,PRE,0,80.0,0.78,HIGH,17.895,NFL_RECEIVING_YARDS_V1
00-0039356,Ja'Tavion Sanders,CAR,ARI,TE,2026,PRE,0,85.0,0.48,COIN FLIP,17.895,NFL_RECEIVING_YARDS_V1
00-0039356,Ja'Tavion Sanders,CAR,ARI,TE,2026,PRE,0,90.0,0.29,LOW,17.895,NFL_RECEIVING_YARDS_V1
00-0039356,Ja'Tavion Sanders,CAR,ARI,TE,2026,PRE,0,95.0,0.18,VERY LOW,17.895,NFL_RECEIVING_YARDS_V1
00-0039356,Ja'Tavion Sanders,CAR,ARI,TE,2026,PRE,0,100.0,0.11,VERY LOW,17.895,NFL_RECEIVING_YARDS_V1
00-0039356,Ja'Tavion Sanders,CAR,ARI,TE,2026,PRE,0,105.0,0.05,VERY LOW,17.895,NFL_RECEIVING_YARDS_V1
00-0039356,Ja'Tavion Sanders,CAR,ARI,TE,2026,PRE,0,110.0,0.02,VERY LOW,17.895,NFL_RECEIVING_YARDS_V1
00-0039356,Ja'Tavion Sanders,CAR,ARI,TE,2026,PRE,0,115.0,0.01,VERY LOW,17.895,NFL_RECEIVING_YARDS_V1
00-0039356,Ja'Tavion Sanders,CAR,ARI,TE,2026,PRE,0,120.0,0.01,VERY LOW,17.895,NFL_RECEIVING_YARDS_V1
00-0039356,Ja'Tavion Sanders,CAR,ARI,TE,2026,PRE,0,125.0,0.0,VERY LOW,17.895,NFL_RECEIVING_YARDS_V1
00-0039356,Ja'Tavion Sanders,CAR,ARI,TE,2026,PRE,0,130.0,0.0,VERY LOW,17.895,NFL_RECEIVING_YARDS_V1
00-0039356,Ja'Tavion Sanders,CAR,ARI,TE,2026,PRE,0,135.0,0.0,VERY LOW,17.895,NFL_RECEIVING_YARDS_V1
00-0039356,Ja'Tavion Sanders,CAR,ARI,TE,2026,PRE,0,140.0,0.0,VERY LOW,17.895,NFL_RECEIVING_YARDS_V1
00-0039356,Ja'Tavion Sanders,CAR,ARI,TE,2026,PRE,0,145.0,0.0,VERY LOW,17.895,NFL_RECEIVING_YARDS_V1
00-0039356,Ja'Tavion Sanders,CAR,ARI,TE,2026,PRE,0,150.0,0.0,VERY LOW,17.895,NFL_RECEIVING_YARDS_V1
00-0039356,Ja'Tavion Sanders,CAR,ARI,TE,2026,PRE,0,155.0,0.0,VERY LOW,17.895,NFL_RECEIVING_YARDS_V1
00-0039356,Ja'Tavion Sanders,CAR,ARI,TE,2026,PRE,0,160.0,0.0,VERY LOW,17.895,NFL_RECEIVING_YARDS_V1
00-0039356,Ja'Tavion Sanders,CAR,ARI,TE,2026,PRE,0,165.0,0.0,VERY LOW,17.895,NFL_RECEIVING_YARDS_V1
00-0039356,Ja'Tavion Sanders,CAR,ARI,TE,2026,PRE,0,170.0,0.0,VERY LOW,17.895,NFL_RECEIVING_YARDS_V1
00-0039356,Ja'Tavion Sanders,CAR,ARI,TE,2026,PRE,0,175.0,0.0,VERY LOW,17.895,NFL_RECEIVING_YARDS_V1
00-0039356,Ja'Tavion Sanders,CAR,ARI,TE,2026,PRE,0,180.0,0.0,VERY LOW,17.895,NFL_RECEIVING_YARDS_V1
00-0039356,Ja'Tavion Sanders,CAR,ARI,TE,2026,PRE,0,185.0,0.0,VERY LOW,17.895,NFL_RECEIVING_YARDS_V1
00-0039356,Ja'Tavion Sanders,CAR,ARI,TE,2026,PRE,0,190.0,0.0,VERY LOW,17.895,NFL_RECEIVING_YARDS_V1
00-0039356,Ja'Tavion Sanders,CAR,ARI,TE,2026,PRE,0,195.0,0.0,VERY LOW,17.895,NFL_RECEIVING_YARDS_V1
00-0039356,Ja'Tavion Sanders,CAR,ARI,TE,2026,PRE,0,200.0,0.0,VERY LOW,17.895,NFL_RECEIVING_YARDS_V1
00-0039491,Jalen Coker,CAR,ARI,WR,2026,PRE,0,0.0,100.0,ELITE,31.752,NFL_RECEIVING_YARDS_V1
00-0039491,Jalen Coker,CAR,ARI,WR,2026,PRE,0,5.0,76.48,ELITE,31.752,NFL_RECEIVING_YARDS_V1
00-0039491,Jalen Coker,CAR,ARI,WR,2026,PRE,0,10.0,71.43,ELITE,31.752,NFL_RECEIVING_YARDS_V1
00-0039491,Jalen Coker,CAR,ARI,WR,2026,PRE,0,15.0,66.0,ELITE,31.752,NFL_RECEIVING_YARDS_V1
00-0039491,Jalen Coker,CAR,ARI,WR,2026,PRE,0,20.0,60.11,ELITE,31.752,NFL_RECEIVING_YARDS_V1
00-0039491,Jalen Coker,CAR,ARI,WR,2026,PRE,0,25.0,54.1,ELITE,31.752,NFL_RECEIVING_YARDS_V1
00-0039491,Jalen Coker,CAR,ARI,WR,2026,PRE,0,30.0,47.96,ELITE,31.752,NFL_RECEIVING_YARDS_V1
00-0039491,Jalen Coker,CAR,ARI,WR,2026,PRE,0,35.0,41.81,ELITE,31.752,NFL_RECEIVING_YARDS_V1
00-0039491,Jalen Coker,CAR,ARI,WR,2026,PRE,0,40.0,36.03,ELITE,31.752,NFL_RECEIVING_YARDS_V1
00-0039491,Jalen Coker,CAR,ARI,WR,2026,PRE,0,45.0,30.53,ELITE,31.752,NFL_RECEIVING_YARDS_V1
00-0039491,Jalen Coker,CAR,ARI,WR,2026,PRE,0,50.0,25.31,ELITE,31.752,NFL_RECEIVING_YARDS_V1
00-0039491,Jalen Coker,CAR,ARI,WR,2026,PRE,0,55.0,20.66,ELITE,31.752,NFL_RECEIVING_YARDS_V1
00-0039491,Jalen Coker,CAR,ARI,WR,2026,PRE,0,60.0,16.47,ELITE,31.752,NFL_RECEIVING_YARDS_V1
00-0039491,Jalen Coker,CAR,ARI,WR,2026,PRE,0,65.0,12.94,ELITE,31.752,NFL_RECEIVING_YARDS_V1
00-0039491,Jalen Coker,CAR,ARI,WR,2026,PRE,0,70.0,9.94,ELITE,31.752,NFL_RECEIVING_YARDS_V1
00-0039491,Jalen Coker,CAR,ARI,WR,2026,PRE,0,75.0,7.44,ELITE,31.752,NFL_RECEIVING_YARDS_V1
00-0039491,Jalen Coker,CAR,ARI,WR,2026,PRE,0,80.0,5.45,ELITE,31.752,NFL_RECEIVING_YARDS_V1
00-0039491,Jalen Coker,CAR,ARI,WR,2026,PRE,0,85.0,3.93,ELITE,31.752,NFL_RECEIVING_YARDS_V1
00-0039491,Jalen Coker,CAR,ARI,WR,2026,PRE,0,90.0,2.8,ELITE,31.752,NFL_RECEIVING_YARDS_V1
00-0039491,Jalen Coker,CAR,ARI,WR,2026,PRE,0,95.0,1.94,ELITE,31.752,NFL_RECEIVING_YARDS_V1
00-0039491,Jalen Coker,CAR,ARI,WR,2026,PRE,0,100.0,1.33,ELITE,31.752,NFL_RECEIVING_YARDS_V1
00-0039491,Jalen Coker,CAR,ARI,WR,2026,PRE,0,105.0,0.89,VERY HIGH,31.752,NFL_RECEIVING_YARDS_V1
00-0039491,Jalen Coker,CAR,ARI,WR,2026,PRE,0,110.0,0.59,LEAN,31.752,NFL_RECEIVING_YARDS_V1
00-0039491,Jalen Coker,CAR,ARI,WR,2026,PRE,0,115.0,0.38,LOW,31.752,NFL_RECEIVING_YARDS_V1
00-0039491,Jalen Coker,CAR,ARI,WR,2026,PRE,0,120.0,0.22,VERY LOW,31.752,NFL_RECEIVING_YARDS_V1
00-0039491,Jalen Coker,CAR,ARI,WR,2026,PRE,0,125.0,0.13,VERY LOW,31.752,NFL_RECEIVING_YARDS_V1
00-0039491,Jalen Coker,CAR,ARI,WR,2026,PRE,0,130.0,0.08,VERY LOW,31.752,NFL_RECEIVING_YARDS_V1
00-0039491,Jalen Coker,CAR,ARI,WR,2026,PRE,0,135.0,0.04,VERY LOW,31.752,NFL_RECEIVING_YARDS_V1
00-0039491,Jalen Coker,CAR,ARI,WR,2026,PRE,0,140.0,0.02,VERY LOW,31.752,NFL_RECEIVING_YARDS_V1
00-0039491,Jalen Coker,CAR,ARI,WR,2026,PRE,0,145.0,0.01,VERY LOW,31.752,NFL_RECEIVING_YARDS_V1
00-0039491,Jalen Coker,CAR,ARI,WR,2026,PRE,0,150.0,0.01,VERY LOW,31.752,NFL_RECEIVING_YARDS_V1
00-0039491,Jalen Coker,CAR,ARI,WR,2026,PRE,0,155.0,0.0,VERY LOW,31.752,NFL_RECEIVING_YARDS_V1
00-0039491,Jalen Coker,CAR,ARI,WR,2026,PRE,0,160.0,0.0,VERY LOW,31.752,NFL_RECEIVING_YARDS_V1
00-0039491,Jalen Coker,CAR,ARI,WR,2026,PRE,0,165.0,0.0,VERY LOW,31.752,NFL_RECEIVING_YARDS_V1
00-0039491,Jalen Coker,CAR,ARI,WR,2026,PRE,0,170.0,0.0,VERY LOW,31.752,NFL_RECEIVING_YARDS_V1
00-0039491,Jalen Coker,CAR,ARI,WR,2026,PRE,0,175.0,0.0,VERY LOW,31.752,NFL_RECEIVING_YARDS_V1
00-0039491,Jalen Coker,CAR,ARI,WR,2026,PRE,0,180.0,0.0,VERY LOW,31.752,NFL_RECEIVING_YARDS_V1
00-0039491,Jalen Coker,CAR,ARI,WR,2026,PRE,0,185.0,0.0,VERY LOW,31.752,NFL_RECEIVING_YARDS_V1
00-0039491,Jalen Coker,CAR,ARI,WR,2026,PRE,0,190.0,0.0,VERY LOW,31.752,NFL_RECEIVING_YARDS_V1
00-0039491,Jalen Coker,CAR,ARI,WR,2026,PRE,0,195.0,0.0,VERY LOW,31.752,NFL_RECEIVING_YARDS_V1
00-0039491,Jalen Coker,CAR,ARI,WR,2026,PRE,0,200.0,0.0,VERY LOW,31.752,NFL_RECEIVING_YARDS_V1
00-0039747,Ainias Smith,CAR,ARI,WR,2026,PRE,0,0.0,100.0,ELITE,18.324,NFL_RECEIVING_YARDS_V1
00-0039747,Ainias Smith,CAR,ARI,WR,2026,PRE,0,5.0,67.49,ELITE,18.324,NFL_RECEIVING_YARDS_V1
00-0039747,Ainias Smith,CAR,ARI,WR,2026,PRE,0,10.0,59.12,ELITE,18.324,NFL_RECEIVING_YARDS_V1
00-0039747,Ainias Smith,CAR,ARI,WR,2026,PRE,0,15.0,50.28,ELITE,18.324,NFL_RECEIVING_YARDS_V1
00-0039747,Ainias Smith,CAR,ARI,WR,2026,PRE,0,20.0,41.19,ELITE,18.324,NFL_RECEIVING_YARDS_V1
00-0039747,Ainias Smith,CAR,ARI,WR,2026,PRE,0,25.0,32.73,ELITE,18.324,NFL_RECEIVING_YARDS_V1
00-0039747,Ainias Smith,CAR,ARI,WR,2026,PRE,0,30.0,25.06,ELITE,18.324,NFL_RECEIVING_YARDS_V1
00-0039747,Ainias Smith,CAR,ARI,WR,2026,PRE,0,35.0,18.4,ELITE,18.324,NFL_RECEIVING_YARDS_V1
00-0039747,Ainias Smith,CAR,ARI,WR,2026,PRE,0,40.0,12.94,ELITE,18.324,NFL_RECEIVING_YARDS_V1
00-0039747,Ainias Smith,CAR,ARI,WR,2026,PRE,0,45.0,8.8,ELITE,18.324,NFL_RECEIVING_YARDS_V1
00-0039747,Ainias Smith,CAR,ARI,WR,2026,PRE,0,50.0,5.66,ELITE,18.324,NFL_RECEIVING_YARDS_V1
00-0039747,Ainias Smith,CAR,ARI,WR,2026,PRE,0,55.0,3.51,ELITE,18.324,NFL_RECEIVING_YARDS_V1
00-0039747,Ainias Smith,CAR,ARI,WR,2026,PRE,0,60.0,2.02,ELITE,18.324,NFL_RECEIVING_YARDS_V1
00-0039747,Ainias Smith,CAR,ARI,WR,2026,PRE,0,65.0,1.12,ELITE,18.324,NFL_RECEIVING_YARDS_V1
00-0039747,Ainias Smith,CAR,ARI,WR,2026,PRE,0,70.0,0.61,SOLID,18.324,NFL_RECEIVING_YARDS_V1
00-0039747,Ainias Smith,CAR,ARI,WR,2026,PRE,0,75.0,0.32,LOW,18.324,NFL_RECEIVING_YARDS_V1
00-0039747,Ainias Smith,CAR,ARI,WR,2026,PRE,0,80.0,0.16,VERY LOW,18.324,NFL_RECEIVING_YARDS_V1
00-0039747,Ainias Smith,CAR,ARI,WR,2026,PRE,0,85.0,0.08,VERY LOW,18.324,NFL_RECEIVING_YARDS_V1
00-0039747,Ainias Smith,CAR,ARI,WR,2026,PRE,0,90.0,0.04,VERY LOW,18.324,NFL_RECEIVING_YARDS_V1
00-0039747,Ainias Smith,CAR,ARI,WR,2026,PRE,0,95.0,0.02,VERY LOW,18.324,NFL_RECEIVING_YARDS_V1
00-0039747,Ainias Smith,CAR,ARI,WR,2026,PRE,0,100.0,0.01,VERY LOW,18.324,NFL_RECEIVING_YARDS_V1
00-0039747,Ainias Smith,CAR,ARI,WR,2026,PRE,0,105.0,0.0,VERY LOW,18.324,NFL_RECEIVING_YARDS_V1
00-0039747,Ainias Smith,CAR,ARI,WR,2026,PRE,0,110.0,0.0,VERY LOW,18.324,NFL_RECEIVING_YARDS_V1
00-0039747,Ainias Smith,CAR,ARI,WR,2026,PRE,0,115.0,0.0,VERY LOW,18.324,NFL_RECEIVING_YARDS_V1
00-0039747,Ainias Smith,CAR,ARI,WR,2026,PRE,0,120.0,0.0,VERY LOW,18.324,NFL_RECEIVING_YARDS_V1
00-0039747,Ainias Smith,CAR,ARI,WR,2026,PRE,0,125.0,0.0,VERY LOW,18.324,NFL_RECEIVING_YARDS_V1
00-0039747,Ainias Smith,CAR,ARI,WR,2026,PRE,0,130.0,0.0,VERY LOW,18.324,NFL_RECEIVING_YARDS_V1
00-0039747,Ainias Smith,CAR,ARI,WR,2026,PRE,0,135.0,0.0,VERY LOW,18.324,NFL_RECEIVING_YARDS_V1
00-0039747,Ainias Smith,CAR,ARI,WR,2026,PRE,0,140.0,0.0,VERY LOW,18.324,NFL_RECEIVING_YARDS_V1
00-0039747,Ainias Smith,CAR,ARI,WR,2026,PRE,0,145.0,0.0,VERY LOW,18.324,NFL_RECEIVING_YARDS_V1
00-0039747,Ainias Smith,CAR,ARI,WR,2026,PRE,0,150.0,0.0,VERY LOW,18.324,NFL_RECEIVING_YARDS_V1
00-0039747,Ainias Smith,CAR,ARI,WR,2026,PRE,0,155.0,0.0,VERY LOW,18.324,NFL_RECEIVING_YARDS_V1
00-0039747,Ainias Smith,CAR,ARI,WR,2026,PRE,0,160.0,0.0,VERY LOW,18.324,NFL_RECEIVING_YARDS_V1
00-0039747,Ainias Smith,CAR,ARI,WR,2026,PRE,0,165.0,0.0,VERY LOW,18.324,NFL_RECEIVING_YARDS_V1
00-0039747,Ainias Smith,CAR,ARI,WR,2026,PRE,0,170.0,0.0,VERY LOW,18.324,NFL_RECEIVING_YARDS_V1
00-0039747,Ainias Smith,CAR,ARI,WR,2026,PRE,0,175.0,0.0,VERY LOW,18.324,NFL_RECEIVING_YARDS_V1
00-0039747,Ainias Smith,CAR,ARI,WR,2026,PRE,0,180.0,0.0,VERY LOW,18.324,NFL_RECEIVING_YARDS_V1
00-0039747,Ainias Smith,CAR,ARI,WR,2026,PRE,0,185.0,0.0,VERY LOW,18.324,NFL_RECEIVING_YARDS_V1
00-0039747,Ainias Smith,CAR,ARI,WR,2026,PRE,0,190.0,0.0,VERY LOW,18.324,NFL_RECEIVING_YARDS_V1
00-0039747,Ainias Smith,CAR,ARI,WR,2026,PRE,0,195.0,0.0,VERY LOW,18.324,NFL_RECEIVING_YARDS_V1
00-0039747,Ainias Smith,CAR,ARI,WR,2026,PRE,0,200.0,0.0,VERY LOW,18.324,NFL_RECEIVING_YARDS_V1
00-0040124,Tetairoa McMillan,CAR,ARI,WR,2026,PRE,0,0.0,100.0,ELITE,39.549,NFL_RECEIVING_YARDS_V1
00-0040124,Tetairoa McMillan,CAR,ARI,WR,2026,PRE,0,5.0,79.38,ELITE,39.549,NFL_RECEIVING_YARDS_V1
00-0040124,Tetairoa McMillan,CAR,ARI,WR,2026,PRE,0,10.0,75.46,ELITE,39.549,NFL_RECEIVING_YARDS_V1
00-0040124,Tetairoa McMillan,CAR,ARI,WR,2026,PRE,0,15.0,71.13,ELITE,39.549,NFL_RECEIVING_YARDS_V1
00-0040124,Tetairoa McMillan,CAR,ARI,WR,2026,PRE,0,20.0,66.51,ELITE,39.549,NFL_RECEIVING_YARDS_V1
00-0040124,Tetairoa McMillan,CAR,ARI,WR,2026,PRE,0,25.0,61.59,ELITE,39.549,NFL_RECEIVING_YARDS_V1
00-0040124,Tetairoa McMillan,CAR,ARI,WR,2026,PRE,0,30.0,56.46,ELITE,39.549,NFL_RECEIVING_YARDS_V1
00-0040124,Tetairoa McMillan,CAR,ARI,WR,2026,PRE,0,35.0,51.2,ELITE,39.549,NFL_RECEIVING_YARDS_V1
00-0040124,Tetairoa McMillan,CAR,ARI,WR,2026,PRE,0,40.0,45.92,ELITE,39.549,NFL_RECEIVING_YARDS_V1
00-0040124,Tetairoa McMillan,CAR,ARI,WR,2026,PRE,0,45.0,40.76,ELITE,39.549,NFL_RECEIVING_YARDS_V1
00-0040124,Tetairoa McMillan,CAR,ARI,WR,2026,PRE,0,50.0,35.69,ELITE,39.549,NFL_RECEIVING_YARDS_V1
00-0040124,Tetairoa McMillan,CAR,ARI,WR,2026,PRE,0,55.0,30.91,ELITE,39.549,NFL_RECEIVING_YARDS_V1
00-0040124,Tetairoa McMillan,CAR,ARI,WR,2026,PRE,0,60.0,26.32,ELITE,39.549,NFL_RECEIVING_YARDS_V1
00-0040124,Tetairoa McMillan,CAR,ARI,WR,2026,PRE,0,65.0,22.21,ELITE,39.549,NFL_RECEIVING_YARDS_V1
00-0040124,Tetairoa McMillan,CAR,ARI,WR,2026,PRE,0,70.0,18.45,ELITE,39.549,NFL_RECEIVING_YARDS_V1
00-0040124,Tetairoa McMillan,CAR,ARI,WR,2026,PRE,0,75.0,15.15,ELITE,39.549,NFL_RECEIVING_YARDS_V1
00-0040124,Tetairoa McMillan,CAR,ARI,WR,2026,PRE,0,80.0,12.33,ELITE,39.549,NFL_RECEIVING_YARDS_V1
00-0040124,Tetairoa McMillan,CAR,ARI,WR,2026,PRE,0,85.0,9.78,ELITE,39.549,NFL_RECEIVING_YARDS_V1
00-0040124,Tetairoa McMillan,CAR,ARI,WR,2026,PRE,0,90.0,7.65,ELITE,39.549,NFL_RECEIVING_YARDS_V1
00-0040124,Tetairoa McMillan,CAR,ARI,WR,2026,PRE,0,95.0,5.97,ELITE,39.549,NFL_RECEIVING_YARDS_V1
00-0040124,Tetairoa McMillan,CAR,ARI,WR,2026,PRE,0,100.0,4.58,ELITE,39.549,NFL_RECEIVING_YARDS_V1
00-0040124,Tetairoa McMillan,CAR,ARI,WR,2026,PRE,0,105.0,3.44,ELITE,39.549,NFL_RECEIVING_YARDS_V1
00-0040124,Tetairoa McMillan,CAR,ARI,WR,2026,PRE,0,110.0,2.59,ELITE,39.549,NFL_RECEIVING_YARDS_V1
00-0040124,Tetairoa McMillan,CAR,ARI,WR,2026,PRE,0,115.0,1.92,ELITE,39.549,NFL_RECEIVING_YARDS_V1
00-0040124,Tetairoa McMillan,CAR,ARI,WR,2026,PRE,0,120.0,1.39,ELITE,39.549,NFL_RECEIVING_YARDS_V1
00-0040124,Tetairoa McMillan,CAR,ARI,WR,2026,PRE,0,125.0,0.96,ELITE,39.549,NFL_RECEIVING_YARDS_V1
00-0040124,Tetairoa McMillan,CAR,ARI,WR,2026,PRE,0,130.0,0.67,SOLID,39.549,NFL_RECEIVING_YARDS_V1
00-0040124,Tetairoa McMillan,CAR,ARI,WR,2026,PRE,0,135.0,0.46,COIN FLIP,39.549,NFL_RECEIVING_YARDS_V1
00-0040124,Tetairoa McMillan,CAR,ARI,WR,2026,PRE,0,140.0,0.31,LOW,39.549,NFL_RECEIVING_YARDS_V1
00-0040124,Tetairoa McMillan,CAR,ARI,WR,2026,PRE,0,145.0,0.21,VERY LOW,39.549,NFL_RECEIVING_YARDS_V1
00-0040124,Tetairoa McMillan,CAR,ARI,WR,2026,PRE,0,150.0,0.14,VERY LOW,39.549,NFL_RECEIVING_YARDS_V1
00-0040124,Tetairoa McMillan,CAR,ARI,WR,2026,PRE,0,155.0,0.09,VERY LOW,39.549,NFL_RECEIVING_YARDS_V1
00-0040124,Tetairoa McMillan,CAR,ARI,WR,2026,PRE,0,160.0,0.06,VERY LOW,39.549,NFL_RECEIVING_YARDS_V1
00-0040124,Tetairoa McMillan,CAR,ARI,WR,2026,PRE,0,165.0,0.03,VERY LOW,39.549,NFL_RECEIVING_YARDS_V1
00-0040124,Tetairoa McMillan,CAR,ARI,WR,2026,PRE,0,170.0,0.02,VERY LOW,39.549,NFL_RECEIVING_YARDS_V1
00-0040124,Tetairoa McMillan,CAR,ARI,WR,2026,PRE,0,175.0,0.01,VERY LOW,39.549,NFL_RECEIVING_YARDS_V1
00-0040124,Tetairoa McMillan,CAR,ARI,WR,2026,PRE,0,180.0,0.01,VERY LOW,39.549,NFL_RECEIVING_YARDS_V1
00-0040124,Tetairoa McMillan,CAR,ARI,WR,2026,PRE,0,185.0,0.0,VERY LOW,39.549,NFL_RECEIVING_YARDS_V1
00-0040124,Tetairoa McMillan,CAR,ARI,WR,2026,PRE,0,190.0,0.0,VERY LOW,39.549,NFL_RECEIVING_YARDS_V1
00-0040124,Tetairoa McMillan,CAR,ARI,WR,2026,PRE,0,195.0,0.0,VERY LOW,39.549,NFL_RECEIVING_YARDS_V1
00-0040124,Tetairoa McMillan,CAR,ARI,WR,2026,PRE,0,200.0,0.0,VERY LOW,39.549,NFL_RECEIVING_YARDS_V1
00-0040187,Mitchell Evans,CAR,ARI,TE,2026,PRE,0,0.0,100.0,ELITE,9.905,NFL_RECEIVING_YARDS_V1
00-0040187,Mitchell Evans,CAR,ARI,TE,2026,PRE,0,5.0,60.32,ELITE,9.905,NFL_RECEIVING_YARDS_V1
00-0040187,Mitchell Evans,CAR,ARI,TE,2026,PRE,0,10.0,43.81,ELITE,9.905,NFL_RECEIVING_YARDS_V1
00-0040187,Mitchell Evans,CAR,ARI,TE,2026,PRE,0,15.0,28.23,ELITE,9.905,NFL_RECEIVING_YARDS_V1
00-0040187,Mitchell Evans,CAR,ARI,TE,2026,PRE,0,20.0,16.01,ELITE,9.905,NFL_RECEIVING_YARDS_V1
00-0040187,Mitchell Evans,CAR,ARI,TE,2026,PRE,0,25.0,7.98,ELITE,9.905,NFL_RECEIVING_YARDS_V1
00-0040187,Mitchell Evans,CAR,ARI,TE,2026,PRE,0,30.0,3.44,ELITE,9.905,NFL_RECEIVING_YARDS_V1
00-0040187,Mitchell Evans,CAR,ARI,TE,2026,PRE,0,35.0,1.28,ELITE,9.905,NFL_RECEIVING_YARDS_V1
00-0040187,Mitchell Evans,CAR,ARI,TE,2026,PRE,0,40.0,0.42,COIN FLIP,9.905,NFL_RECEIVING_YARDS_V1
00-0040187,Mitchell Evans,CAR,ARI,TE,2026,PRE,0,45.0,0.12,VERY LOW,9.905,NFL_RECEIVING_YARDS_V1
00-0040187,Mitchell Evans,CAR,ARI,TE,2026,PRE,0,50.0,0.02,VERY LOW,9.905,NFL_RECEIVING_YARDS_V1
00-0040187,Mitchell Evans,CAR,ARI,TE,2026,PRE,0,55.0,0.0,VERY LOW,9.905,NFL_RECEIVING_YARDS_V1
00-0040187,Mitchell Evans,CAR,ARI,TE,2026,PRE,0,60.0,0.0,VERY LOW,9.905,NFL_RECEIVING_YARDS_V1
00-0040187,Mitchell Evans,CAR,ARI,TE,2026,PRE,0,65.0,0.0,VERY LOW,9.905,NFL_RECEIVING_YARDS_V1
00-0040187,Mitchell Evans,CAR,ARI,TE,2026,PRE,0,70.0,0.0,VERY LOW,9.905,NFL_RECEIVING_YARDS_V1
00-0040187,Mitchell Evans,CAR,ARI,TE,2026,PRE,0,75.0,0.0,VERY LOW,9.905,NFL_RECEIVING_YARDS_V1
00-0040187,Mitchell Evans,CAR,ARI,TE,2026,PRE,0,80.0,0.0,VERY LOW,9.905,NFL_RECEIVING_YARDS_V1
00-0040187,Mitchell Evans,CAR,ARI,TE,2026,PRE,0,85.0,0.0,VERY LOW,9.905,NFL_RECEIVING_YARDS_V1
00-0040187,Mitchell Evans,CAR,ARI,TE,2026,PRE,0,90.0,0.0,VERY LOW,9.905,NFL_RECEIVING_YARDS_V1
00-0040187,Mitchell Evans,CAR,ARI,TE,2026,PRE,0,95.0,0.0,VERY LOW,9.905,NFL_RECEIVING_YARDS_V1
00-0040187,Mitchell Evans,CAR,ARI,TE,2026,PRE,0,100.0,0.0,VERY LOW,9.905,NFL_RECEIVING_YARDS_V1
00-0040187,Mitchell Evans,CAR,ARI,TE,2026,PRE,0,105.0,0.0,VERY LOW,9.905,NFL_RECEIVING_YARDS_V1
00-0040187,Mitchell Evans,CAR,ARI,TE,2026,PRE,0,110.0,0.0,VERY LOW,9.905,NFL_RECEIVING_YARDS_V1
00-0040187,Mitchell Evans,CAR,ARI,TE,2026,PRE,0,115.0,0.0,VERY LOW,9.905,NFL_RECEIVING_YARDS_V1
00-0040187,Mitchell Evans,CAR,ARI,TE,2026,PRE,0,120.0,0.0,VERY LOW,9.905,NFL_RECEIVING_YARDS_V1
00-0040187,Mitchell Evans,CAR,ARI,TE,2026,PRE,0,125.0,0.0,VERY LOW,9.905,NFL_RECEIVING_YARDS_V1
00-0040187,Mitchell Evans,CAR,ARI,TE,2026,PRE,0,130.0,0.0,VERY LOW,9.905,NFL_RECEIVING_YARDS_V1
00-0040187,Mitchell Evans,CAR,ARI,TE,2026,PRE,0,135.0,0.0,VERY LOW,9.905,NFL_RECEIVING_YARDS_V1
00-0040187,Mitchell Evans,CAR,ARI,TE,2026,PRE,0,140.0,0.0,VERY LOW,9.905,NFL_RECEIVING_YARDS_V1
00-0040187,Mitchell Evans,CAR,ARI,TE,2026,PRE,0,145.0,0.0,VERY LOW,9.905,NFL_RECEIVING_YARDS_V1
00-0040187,Mitchell Evans,CAR,ARI,TE,2026,PRE,0,150.0,0.0,VERY LOW,9.905,NFL_RECEIVING_YARDS_V1
00-0040187,Mitchell Evans,CAR,ARI,TE,2026,PRE,0,155.0,0.0,VERY LOW,9.905,NFL_RECEIVING_YARDS_V1
00-0040187,Mitchell Evans,CAR,ARI,TE,2026,PRE,0,160.0,0.0,VERY LOW,9.905,NFL_RECEIVING_YARDS_V1
00-0040187,Mitchell Evans,CAR,ARI,TE,2026,PRE,0,165.0,0.0,VERY LOW,9.905,NFL_RECEIVING_YARDS_V1
00-0040187,Mitchell Evans,CAR,ARI,TE,2026,PRE,0,170.0,0.0,VERY LOW,9.905,NFL_RECEIVING_YARDS_V1
00-0040187,Mitchell Evans,CAR,ARI,TE,2026,PRE,0,175.0,0.0,VERY LOW,9.905,NFL_RECEIVING_YARDS_V1
00-0040187,Mitchell Evans,CAR,ARI,TE,2026,PRE,0,180.0,0.0,VERY LOW,9.905,NFL_RECEIVING_YARDS_V1
00-0040187,Mitchell Evans,CAR,ARI,TE,2026,PRE,0,185.0,0.0,VERY LOW,9.905,NFL_RECEIVING_YARDS_V1
00-0040187,Mitchell Evans,CAR,ARI,TE,2026,PRE,0,190.0,0.0,VERY LOW,9.905,NFL_RECEIVING_YARDS_V1
00-0040187,Mitchell Evans,CAR,ARI,TE,2026,PRE,0,195.0,0.0,VERY LOW,9.905,NFL_RECEIVING_YARDS_V1
00-0040187,Mitchell Evans,CAR,ARI,TE,2026,PRE,0,200.0,0.0,VERY LOW,9.905,NFL_RECEIVING_YARDS_V1
00-0040218,Jimmy Horn Jr.,CAR,ARI,WR,2026,PRE,0,0.0,100.0,ELITE,11.378,NFL_RECEIVING_YARDS_V1
00-0040218,Jimmy Horn Jr.,CAR,ARI,WR,2026,PRE,0,5.0,64.04,ELITE,11.378,NFL_RECEIVING_YARDS_V1
00-0040218,Jimmy Horn Jr.,CAR,ARI,WR,2026,PRE,0,10.0,48.9,ELITE,11.378,NFL_RECEIVING_YARDS_V1
00-0040218,Jimmy Horn Jr.,CAR,ARI,WR,2026,PRE,0,15.0,33.87,ELITE,11.378,NFL_RECEIVING_YARDS_V1
00-0040218,Jimmy Horn Jr.,CAR,ARI,WR,2026,PRE,0,20.0,21.3,ELITE,11.378,NFL_RECEIVING_YARDS_V1
00-0040218,Jimmy Horn Jr.,CAR,ARI,WR,2026,PRE,0,25.0,11.98,ELITE,11.378,NFL_RECEIVING_YARDS_V1
00-0040218,Jimmy Horn Jr.,CAR,ARI,WR,2026,PRE,0,30.0,5.91,ELITE,11.378,NFL_RECEIVING_YARDS_V1
00-0040218,Jimmy Horn Jr.,CAR,ARI,WR,2026,PRE,0,35.0,2.63,ELITE,11.378,NFL_RECEIVING_YARDS_V1
00-0040218,Jimmy Horn Jr.,CAR,ARI,WR,2026,PRE,0,40.0,1.04,ELITE,11.378,NFL_RECEIVING_YARDS_V1
00-0040218,Jimmy Horn Jr.,CAR,ARI,WR,2026,PRE,0,45.0,0.35,LOW,11.378,NFL_RECEIVING_YARDS_V1
00-0040218,Jimmy Horn Jr.,CAR,ARI,WR,2026,PRE,0,50.0,0.11,VERY LOW,11.378,NFL_RECEIVING_YARDS_V1
00-0040218,Jimmy Horn Jr.,CAR,ARI,WR,2026,PRE,0,55.0,0.03,VERY LOW,11.378,NFL_RECEIVING_YARDS_V1
00-0040218,Jimmy Horn Jr.,CAR,ARI,WR,2026,PRE,0,60.0,0.01,VERY LOW,11.378,NFL_RECEIVING_YARDS_V1
00-0040218,Jimmy Horn Jr.,CAR,ARI,WR,2026,PRE,0,65.0,0.0,VERY LOW,11.378,NFL_RECEIVING_YARDS_V1
00-0040218,Jimmy Horn Jr.,CAR,ARI,WR,2026,PRE,0,70.0,0.0,VERY LOW,11.378,NFL_RECEIVING_YARDS_V1
00-0040218,Jimmy Horn Jr.,CAR,ARI,WR,2026,PRE,0,75.0,0.0,VERY LOW,11.378,NFL_RECEIVING_YARDS_V1
00-0040218,Jimmy Horn Jr.,CAR,ARI,WR,2026,PRE,0,80.0,0.0,VERY LOW,11.378,NFL_RECEIVING_YARDS_V1
00-0040218,Jimmy Horn Jr.,CAR,ARI,WR,2026,PRE,0,85.0,0.0,VERY LOW,11.378,NFL_RECEIVING_YARDS_V1
00-0040218,Jimmy Horn Jr.,CAR,ARI,WR,2026,PRE,0,90.0,0.0,VERY LOW,11.378,NFL_RECEIVING_YARDS_V1
00-0040218,Jimmy Horn Jr.,CAR,ARI,WR,2026,PRE,0,95.0,0.0,VERY LOW,11.378,NFL_RECEIVING_YARDS_V1
00-0040218,Jimmy Horn Jr.,CAR,ARI,WR,2026,PRE,0,100.0,0.0,VERY LOW,11.378,NFL_RECEIVING_YARDS_V1
00-0040218,Jimmy Horn Jr.,CAR,ARI,WR,2026,PRE,0,105.0,0.0,VERY LOW,11.378,NFL_RECEIVING_YARDS_V1
00-0040218,Jimmy Horn Jr.,CAR,ARI,WR,2026,PRE,0,110.0,0.0,VERY LOW,11.378,NFL_RECEIVING_YARDS_V1
00-0040218,Jimmy Horn Jr.,CAR,ARI,WR,2026,PRE,0,115.0,0.0,VERY LOW,11.378,NFL_RECEIVING_YARDS_V1
00-0040218,Jimmy Horn Jr.,CAR,ARI,WR,2026,PRE,0,120.0,0.0,VERY LOW,11.378,NFL_RECEIVING_YARDS_V1
00-0040218,Jimmy Horn Jr.,CAR,ARI,WR,2026,PRE,0,125.0,0.0,VERY LOW,11.378,NFL_RECEIVING_YARDS_V1
00-0040218,Jimmy Horn Jr.,CAR,ARI,WR,2026,PRE,0,130.0,0.0,VERY LOW,11.378,NFL_RECEIVING_YARDS_V1
00-0040218,Jimmy Horn Jr.,CAR,ARI,WR,2026,PRE,0,135.0,0.0,VERY LOW,11.378,NFL_RECEIVING_YARDS_V1
00-0040218,Jimmy Horn Jr.,CAR,ARI,WR,2026,PRE,0,140.0,0.0,VERY LOW,11.378,NFL_RECEIVING_YARDS_V1
00-0040218,Jimmy Horn Jr.,CAR,ARI,WR,2026,PRE,0,145.0,0.0,VERY LOW,11.378,NFL_RECEIVING_YARDS_V1
00-0040218,Jimmy Horn Jr.,CAR,ARI,WR,2026,PRE,0,150.0,0.0,VERY LOW,11.378,NFL_RECEIVING_YARDS_V1
00-0040218,Jimmy Horn Jr.,CAR,ARI,WR,2026,PRE,0,155.0,0.0,VERY LOW,11.378,NFL_RECEIVING_YARDS_V1
00-0040218,Jimmy Horn Jr.,CAR,ARI,WR,2026,PRE,0,160.0,0.0,VERY LOW,11.378,NFL_RECEIVING_YARDS_V1
00-0040218,Jimmy Horn Jr.,CAR,ARI,WR,2026,PRE,0,165.0,0.0,VERY LOW,11.378,NFL_RECEIVING_YARDS_V1
00-0040218,Jimmy Horn Jr.,CAR,ARI,WR,2026,PRE,0,170.0,0.0,VERY LOW,11.378,NFL_RECEIVING_YARDS_V1
00-0040218,Jimmy Horn Jr.,CAR,ARI,WR,2026,PRE,0,175.0,0.0,VERY LOW,11.378,NFL_RECEIVING_YARDS_V1
00-0040218,Jimmy Horn Jr.,CAR,ARI,WR,2026,PRE,0,180.0,0.0,VERY LOW,11.378,NFL_RECEIVING_YARDS_V1
00-0040218,Jimmy Horn Jr.,CAR,ARI,WR,2026,PRE,0,185.0,0.0,VERY LOW,11.378,NFL_RECEIVING_YARDS_V1
00-0040218,Jimmy Horn Jr.,CAR,ARI,WR,2026,PRE,0,190.0,0.0,VERY LOW,11.378,NFL_RECEIVING_YARDS_V1
00-0040218,Jimmy Horn Jr.,CAR,ARI,WR,2026,PRE,0,195.0,0.0,VERY LOW,11.378,NFL_RECEIVING_YARDS_V1
00-0040218,Jimmy Horn Jr.,CAR,ARI,WR,2026,PRE,0,200.0,0.0,VERY LOW,11.378,NFL_RECEIVING_YARDS_V1
00-0040265,Ja'Seem Reed,CAR,ARI,WR,2026,PRE,0,0.0,100.0,ELITE,19.697,NFL_RECEIVING_YARDS_V1
00-0040265,Ja'Seem Reed,CAR,ARI,WR,2026,PRE,0,5.0,79.78,ELITE,19.697,NFL_RECEIVING_YARDS_V1
00-0040265,Ja'Seem Reed,CAR,ARI,WR,2026,PRE,0,10.0,70.3,ELITE,19.697,NFL_RECEIVING_YARDS_V1
00-0040265,Ja'Seem Reed,CAR,ARI,WR,2026,PRE,0,15.0,58.8,ELITE,19.697,NFL_RECEIVING_YARDS_V1
00-0040265,Ja'Seem Reed,CAR,ARI,WR,2026,PRE,0,20.0,46.62,ELITE,19.697,NFL_RECEIVING_YARDS_V1
00-0040265,Ja'Seem Reed,CAR,ARI,WR,2026,PRE,0,25.0,34.91,ELITE,19.697,NFL_RECEIVING_YARDS_V1
00-0040265,Ja'Seem Reed,CAR,ARI,WR,2026,PRE,0,30.0,24.39,ELITE,19.697,NFL_RECEIVING_YARDS_V1
00-0040265,Ja'Seem Reed,CAR,ARI,WR,2026,PRE,0,35.0,15.84,ELITE,19.697,NFL_RECEIVING_YARDS_V1
00-0040265,Ja'Seem Reed,CAR,ARI,WR,2026,PRE,0,40.0,9.58,ELITE,19.697,NFL_RECEIVING_YARDS_V1
00-0040265,Ja'Seem Reed,CAR,ARI,WR,2026,PRE,0,45.0,5.39,ELITE,19.697,NFL_RECEIVING_YARDS_V1
00-0040265,Ja'Seem Reed,CAR,ARI,WR,2026,PRE,0,50.0,2.83,ELITE,19.697,NFL_RECEIVING_YARDS_V1
00-0040265,Ja'Seem Reed,CAR,ARI,WR,2026,PRE,0,55.0,1.32,ELITE,19.697,NFL_RECEIVING_YARDS_V1
00-0040265,Ja'Seem Reed,CAR,ARI,WR,2026,PRE,0,60.0,0.59,LEAN,19.697,NFL_RECEIVING_YARDS_V1
00-0040265,Ja'Seem Reed,CAR,ARI,WR,2026,PRE,0,65.0,0.23,VERY LOW,19.697,NFL_RECEIVING_YARDS_V1
00-0040265,Ja'Seem Reed,CAR,ARI,WR,2026,PRE,0,70.0,0.09,VERY LOW,19.697,NFL_RECEIVING_YARDS_V1
00-0040265,Ja'Seem Reed,CAR,ARI,WR,2026,PRE,0,75.0,0.03,VERY LOW,19.697,NFL_RECEIVING_YARDS_V1
00-0040265,Ja'Seem Reed,CAR,ARI,WR,2026,PRE,0,80.0,0.01,VERY LOW,19.697,NFL_RECEIVING_YARDS_V1
00-0040265,Ja'Seem Reed,CAR,ARI,WR,2026,PRE,0,85.0,0.0,VERY LOW,19.697,NFL_RECEIVING_YARDS_V1
00-0040265,Ja'Seem Reed,CAR,ARI,WR,2026,PRE,0,90.0,0.0,VERY LOW,19.697,NFL_RECEIVING_YARDS_V1
00-0040265,Ja'Seem Reed,CAR,ARI,WR,2026,PRE,0,95.0,0.0,VERY LOW,19.697,NFL_RECEIVING_YARDS_V1
00-0040265,Ja'Seem Reed,CAR,ARI,WR,2026,PRE,0,100.0,0.0,VERY LOW,19.697,NFL_RECEIVING_YARDS_V1
00-0040265,Ja'Seem Reed,CAR,ARI,WR,2026,PRE,0,105.0,0.0,VERY LOW,19.697,NFL_RECEIVING_YARDS_V1
00-0040265,Ja'Seem Reed,CAR,ARI,WR,2026,PRE,0,110.0,0.0,VERY LOW,19.697,NFL_RECEIVING_YARDS_V1
00-0040265,Ja'Seem Reed,CAR,ARI,WR,2026,PRE,0,115.0,0.0,VERY LOW,19.697,NFL_RECEIVING_YARDS_V1
00-0040265,Ja'Seem Reed,CAR,ARI,WR,2026,PRE,0,120.0,0.0,VERY LOW,19.697,NFL_RECEIVING_YARDS_V1
00-0040265,Ja'Seem Reed,CAR,ARI,WR,2026,PRE,0,125.0,0.0,VERY LOW,19.697,NFL_RECEIVING_YARDS_V1
00-0040265,Ja'Seem Reed,CAR,ARI,WR,2026,PRE,0,130.0,0.0,VERY LOW,19.697,NFL_RECEIVING_YARDS_V1
00-0040265,Ja'Seem Reed,CAR,ARI,WR,2026,PRE,0,135.0,0.0,VERY LOW,19.697,NFL_RECEIVING_YARDS_V1
00-0040265,Ja'Seem Reed,CAR,ARI,WR,2026,PRE,0,140.0,0.0,VERY LOW,19.697,NFL_RECEIVING_YARDS_V1
00-0040265,Ja'Seem Reed,CAR,ARI,WR,2026,PRE,0,145.0,0.0,VERY LOW,19.697,NFL_RECEIVING_YARDS_V1
00-0040265,Ja'Seem Reed,CAR,ARI,WR,2026,PRE,0,150.0,0.0,VERY LOW,19.697,NFL_RECEIVING_YARDS_V1
00-0040265,Ja'Seem Reed,CAR,ARI,WR,2026,PRE,0,155.0,0.0,VERY LOW,19.697,NFL_RECEIVING_YARDS_V1
00-0040265,Ja'Seem Reed,CAR,ARI,WR,2026,PRE,0,160.0,0.0,VERY LOW,19.697,NFL_RECEIVING_YARDS_V1
00-0040265,Ja'Seem Reed,CAR,ARI,WR,2026,PRE,0,165.0,0.0,VERY LOW,19.697,NFL_RECEIVING_YARDS_V1
00-0040265,Ja'Seem Reed,CAR,ARI,WR,2026,PRE,0,170.0,0.0,VERY LOW,19.697,NFL_RECEIVING_YARDS_V1
00-0040265,Ja'Seem Reed,CAR,ARI,WR,2026,PRE,0,175.0,0.0,VERY LOW,19.697,NFL_RECEIVING_YARDS_V1
00-0040265,Ja'Seem Reed,CAR,ARI,WR,2026,PRE,0,180.0,0.0,VERY LOW,19.697,NFL_RECEIVING_YARDS_V1
00-0040265,Ja'Seem Reed,CAR,ARI,WR,2026,PRE,0,185.0,0.0,VERY LOW,19.697,NFL_RECEIVING_YARDS_V1
00-0040265,Ja'Seem Reed,CAR,ARI,WR,2026,PRE,0,190.0,0.0,VERY LOW,19.697,NFL_RECEIVING_YARDS_V1
00-0040265,Ja'Seem Reed,CAR,ARI,WR,2026,PRE,0,195.0,0.0,VERY LOW,19.697,NFL_RECEIVING_YARDS_V1
00-0040265,Ja'Seem Reed,CAR,ARI,WR,2026,PRE,0,200.0,0.0,VERY LOW,19.697,NFL_RECEIVING_YARDS_V1
00-0040292,Bryce Pierre,CAR,ARI,TE,2026,PRE,0,0.0,100.0,ELITE,19.661,NFL_RECEIVING_YARDS_V1
00-0040292,Bryce Pierre,CAR,ARI,TE,2026,PRE,0,5.0,79.61,ELITE,19.661,NFL_RECEIVING_YARDS_V1
00-0040292,Bryce Pierre,CAR,ARI,TE,2026,PRE,0,10.0,69.98,ELITE,19.661,NFL_RECEIVING_YARDS_V1
00-0040292,Bryce Pierre,CAR,ARI,TE,2026,PRE,0,15.0,58.72,ELITE,19.661,NFL_RECEIVING_YARDS_V1
00-0040292,Bryce Pierre,CAR,ARI,TE,2026,PRE,0,20.0,46.7,ELITE,19.661,NFL_RECEIVING_YARDS_V1
00-0040292,Bryce Pierre,CAR,ARI,TE,2026,PRE,0,25.0,34.84,ELITE,19.661,NFL_RECEIVING_YARDS_V1
00-0040292,Bryce Pierre,CAR,ARI,TE,2026,PRE,0,30.0,24.32,ELITE,19.661,NFL_RECEIVING_YARDS_V1
00-0040292,Bryce Pierre,CAR,ARI,TE,2026,PRE,0,35.0,15.8,ELITE,19.661,NFL_RECEIVING_YARDS_V1
00-0040292,Bryce Pierre,CAR,ARI,TE,2026,PRE,0,40.0,9.65,ELITE,19.661,NFL_RECEIVING_YARDS_V1
00-0040292,Bryce Pierre,CAR,ARI,TE,2026,PRE,0,45.0,5.43,ELITE,19.661,NFL_RECEIVING_YARDS_V1
00-0040292,Bryce Pierre,CAR,ARI,TE,2026,PRE,0,50.0,2.76,ELITE,19.661,NFL_RECEIVING_YARDS_V1
00-0040292,Bryce Pierre,CAR,ARI,TE,2026,PRE,0,55.0,1.29,ELITE,19.661,NFL_RECEIVING_YARDS_V1
00-0040292,Bryce Pierre,CAR,ARI,TE,2026,PRE,0,60.0,0.56,LEAN,19.661,NFL_RECEIVING_YARDS_V1
00-0040292,Bryce Pierre,CAR,ARI,TE,2026,PRE,0,65.0,0.2,VERY LOW,19.661,NFL_RECEIVING_YARDS_V1
00-0040292,Bryce Pierre,CAR,ARI,TE,2026,PRE,0,70.0,0.07,VERY LOW,19.661,NFL_RECEIVING_YARDS_V1
00-0040292,Bryce Pierre,CAR,ARI,TE,2026,PRE,0,75.0,0.02,VERY LOW,19.661,NFL_RECEIVING_YARDS_V1
00-0040292,Bryce Pierre,CAR,ARI,TE,2026,PRE,0,80.0,0.0,VERY LOW,19.661,NFL_RECEIVING_YARDS_V1
00-0040292,Bryce Pierre,CAR,ARI,TE,2026,PRE,0,85.0,0.0,VERY LOW,19.661,NFL_RECEIVING_YARDS_V1
00-0040292,Bryce Pierre,CAR,ARI,TE,2026,PRE,0,90.0,0.0,VERY LOW,19.661,NFL_RECEIVING_YARDS_V1
00-0040292,Bryce Pierre,CAR,ARI,TE,2026,PRE,0,95.0,0.0,VERY LOW,19.661,NFL_RECEIVING_YARDS_V1
00-0040292,Bryce Pierre,CAR,ARI,TE,2026,PRE,0,100.0,0.0,VERY LOW,19.661,NFL_RECEIVING_YARDS_V1
00-0040292,Bryce Pierre,CAR,ARI,TE,2026,PRE,0,105.0,0.0,VERY LOW,19.661,NFL_RECEIVING_YARDS_V1
00-0040292,Bryce Pierre,CAR,ARI,TE,2026,PRE,0,110.0,0.0,VERY LOW,19.661,NFL_RECEIVING_YARDS_V1
00-0040292,Bryce Pierre,CAR,ARI,TE,2026,PRE,0,115.0,0.0,VERY LOW,19.661,NFL_RECEIVING_YARDS_V1
00-0040292,Bryce Pierre,CAR,ARI,TE,2026,PRE,0,120.0,0.0,VERY LOW,19.661,NFL_RECEIVING_YARDS_V1
00-0040292,Bryce Pierre,CAR,ARI,TE,2026,PRE,0,125.0,0.0,VERY LOW,19.661,NFL_RECEIVING_YARDS_V1
00-0040292,Bryce Pierre,CAR,ARI,TE,2026,PRE,0,130.0,0.0,VERY LOW,19.661,NFL_RECEIVING_YARDS_V1
00-0040292,Bryce Pierre,CAR,ARI,TE,2026,PRE,0,135.0,0.0,VERY LOW,19.661,NFL_RECEIVING_YARDS_V1
00-0040292,Bryce Pierre,CAR,ARI,TE,2026,PRE,0,140.0,0.0,VERY LOW,19.661,NFL_RECEIVING_YARDS_V1
00-0040292,Bryce Pierre,CAR,ARI,TE,2026,PRE,0,145.0,0.0,VERY LOW,19.661,NFL_RECEIVING_YARDS_V1
00-0040292,Bryce Pierre,CAR,ARI,TE,2026,PRE,0,150.0,0.0,VERY LOW,19.661,NFL_RECEIVING_YARDS_V1
00-0040292,Bryce Pierre,CAR,ARI,TE,2026,PRE,0,155.0,0.0,VERY LOW,19.661,NFL_RECEIVING_YARDS_V1
00-0040292,Bryce Pierre,CAR,ARI,TE,2026,PRE,0,160.0,0.0,VERY LOW,19.661,NFL_RECEIVING_YARDS_V1
00-0040292,Bryce Pierre,CAR,ARI,TE,2026,PRE,0,165.0,0.0,VERY LOW,19.661,NFL_RECEIVING_YARDS_V1
00-0040292,Bryce Pierre,CAR,ARI,TE,2026,PRE,0,170.0,0.0,VERY LOW,19.661,NFL_RECEIVING_YARDS_V1
00-0040292,Bryce Pierre,CAR,ARI,TE,2026,PRE,0,175.0,0.0,VERY LOW,19.661,NFL_RECEIVING_YARDS_V1
00-0040292,Bryce Pierre,CAR,ARI,TE,2026,PRE,0,180.0,0.0,VERY LOW,19.661,NFL_RECEIVING_YARDS_V1
00-0040292,Bryce Pierre,CAR,ARI,TE,2026,PRE,0,185.0,0.0,VERY LOW,19.661,NFL_RECEIVING_YARDS_V1
00-0040292,Bryce Pierre,CAR,ARI,TE,2026,PRE,0,190.0,0.0,VERY LOW,19.661,NFL_RECEIVING_YARDS_V1
00-0040292,Bryce Pierre,CAR,ARI,TE,2026,PRE,0,195.0,0.0,VERY LOW,19.661,NFL_RECEIVING_YARDS_V1
00-0040292,Bryce Pierre,CAR,ARI,TE,2026,PRE,0,200.0,0.0,VERY LOW,19.661,NFL_RECEIVING_YARDS_V1
00-0040394,Anthony Tyus III,CAR,ARI,RB,2026,PRE,0,0.0,100.0,ELITE,19.697,NFL_RECEIVING_YARDS_V1
00-0040394,Anthony Tyus III,CAR,ARI,RB,2026,PRE,0,5.0,79.68,ELITE,19.697,NFL_RECEIVING_YARDS_V1
00-0040394,Anthony Tyus III,CAR,ARI,RB,2026,PRE,0,10.0,70.13,ELITE,19.697,NFL_RECEIVING_YARDS_V1
00-0040394,Anthony Tyus III,CAR,ARI,RB,2026,PRE,0,15.0,58.89,ELITE,19.697,NFL_RECEIVING_YARDS_V1
00-0040394,Anthony Tyus III,CAR,ARI,RB,2026,PRE,0,20.0,46.7,ELITE,19.697,NFL_RECEIVING_YARDS_V1
00-0040394,Anthony Tyus III,CAR,ARI,RB,2026,PRE,0,25.0,34.87,ELITE,19.697,NFL_RECEIVING_YARDS_V1
00-0040394,Anthony Tyus III,CAR,ARI,RB,2026,PRE,0,30.0,24.48,ELITE,19.697,NFL_RECEIVING_YARDS_V1
00-0040394,Anthony Tyus III,CAR,ARI,RB,2026,PRE,0,35.0,16.01,ELITE,19.697,NFL_RECEIVING_YARDS_V1
00-0040394,Anthony Tyus III,CAR,ARI,RB,2026,PRE,0,40.0,9.69,ELITE,19.697,NFL_RECEIVING_YARDS_V1
00-0040394,Anthony Tyus III,CAR,ARI,RB,2026,PRE,0,45.0,5.42,ELITE,19.697,NFL_RECEIVING_YARDS_V1
00-0040394,Anthony Tyus III,CAR,ARI,RB,2026,PRE,0,50.0,2.79,ELITE,19.697,NFL_RECEIVING_YARDS_V1
00-0040394,Anthony Tyus III,CAR,ARI,RB,2026,PRE,0,55.0,1.34,ELITE,19.697,NFL_RECEIVING_YARDS_V1
00-0040394,Anthony Tyus III,CAR,ARI,RB,2026,PRE,0,60.0,0.62,SOLID,19.697,NFL_RECEIVING_YARDS_V1
00-0040394,Anthony Tyus III,CAR,ARI,RB,2026,PRE,0,65.0,0.25,VERY LOW,19.697,NFL_RECEIVING_YARDS_V1
00-0040394,Anthony Tyus III,CAR,ARI,RB,2026,PRE,0,70.0,0.08,VERY LOW,19.697,NFL_RECEIVING_YARDS_V1
00-0040394,Anthony Tyus III,CAR,ARI,RB,2026,PRE,0,75.0,0.03,VERY LOW,19.697,NFL_RECEIVING_YARDS_V1
00-0040394,Anthony Tyus III,CAR,ARI,RB,2026,PRE,0,80.0,0.01,VERY LOW,19.697,NFL_RECEIVING_YARDS_V1
00-0040394,Anthony Tyus III,CAR,ARI,RB,2026,PRE,0,85.0,0.0,VERY LOW,19.697,NFL_RECEIVING_YARDS_V1
00-0040394,Anthony Tyus III,CAR,ARI,RB,2026,PRE,0,90.0,0.0,VERY LOW,19.697,NFL_RECEIVING_YARDS_V1
00-0040394,Anthony Tyus III,CAR,ARI,RB,2026,PRE,0,95.0,0.0,VERY LOW,19.697,NFL_RECEIVING_YARDS_V1
00-0040394,Anthony Tyus III,CAR,ARI,RB,2026,PRE,0,100.0,0.0,VERY LOW,19.697,NFL_RECEIVING_YARDS_V1
00-0040394,Anthony Tyus III,CAR,ARI,RB,2026,PRE,0,105.0,0.0,VERY LOW,19.697,NFL_RECEIVING_YARDS_V1
00-0040394,Anthony Tyus III,CAR,ARI,RB,2026,PRE,0,110.0,0.0,VERY LOW,19.697,NFL_RECEIVING_YARDS_V1
00-0040394,Anthony Tyus III,CAR,ARI,RB,2026,PRE,0,115.0,0.0,VERY LOW,19.697,NFL_RECEIVING_YARDS_V1
00-0040394,Anthony Tyus III,CAR,ARI,RB,2026,PRE,0,120.0,0.0,VERY LOW,19.697,NFL_RECEIVING_YARDS_V1
00-0040394,Anthony Tyus III,CAR,ARI,RB,2026,PRE,0,125.0,0.0,VERY LOW,19.697,NFL_RECEIVING_YARDS_V1
00-0040394,Anthony Tyus III,CAR,ARI,RB,2026,PRE,0,130.0,0.0,VERY LOW,19.697,NFL_RECEIVING_YARDS_V1
00-0040394,Anthony Tyus III,CAR,ARI,RB,2026,PRE,0,135.0,0.0,VERY LOW,19.697,NFL_RECEIVING_YARDS_V1
00-0040394,Anthony Tyus III,CAR,ARI,RB,2026,PRE,0,140.0,0.0,VERY LOW,19.697,NFL_RECEIVING_YARDS_V1
00-0040394,Anthony Tyus III,CAR,ARI,RB,2026,PRE,0,145.0,0.0,VERY LOW,19.697,NFL_RECEIVING_YARDS_V1
00-0040394,Anthony Tyus III,CAR,ARI,RB,2026,PRE,0,150.0,0.0,VERY LOW,19.697,NFL_RECEIVING_YARDS_V1
00-0040394,Anthony Tyus III,CAR,ARI,RB,2026,PRE,0,155.0,0.0,VERY LOW,19.697,NFL_RECEIVING_YARDS_V1
00-0040394,Anthony Tyus III,CAR,ARI,RB,2026,PRE,0,160.0,0.0,VERY LOW,19.697,NFL_RECEIVING_YARDS_V1
00-0040394,Anthony Tyus III,CAR,ARI,RB,2026,PRE,0,165.0,0.0,VERY LOW,19.697,NFL_RECEIVING_YARDS_V1
00-0040394,Anthony Tyus III,CAR,ARI,RB,2026,PRE,0,170.0,0.0,VERY LOW,19.697,NFL_RECEIVING_YARDS_V1
00-0040394,Anthony Tyus III,CAR,ARI,RB,2026,PRE,0,175.0,0.0,VERY LOW,19.697,NFL_RECEIVING_YARDS_V1
00-0040394,Anthony Tyus III,CAR,ARI,RB,2026,PRE,0,180.0,0.0,VERY LOW,19.697,NFL_RECEIVING_YARDS_V1
00-0040394,Anthony Tyus III,CAR,ARI,RB,2026,PRE,0,185.0,0.0,VERY LOW,19.697,NFL_RECEIVING_YARDS_V1
00-0040394,Anthony Tyus III,CAR,ARI,RB,2026,PRE,0,190.0,0.0,VERY LOW,19.697,NFL_RECEIVING_YARDS_V1
00-0040394,Anthony Tyus III,CAR,ARI,RB,2026,PRE,0,195.0,0.0,VERY LOW,19.697,NFL_RECEIVING_YARDS_V1
00-0040394,Anthony Tyus III,CAR,ARI,RB,2026,PRE,0,200.0,0.0,VERY LOW,19.697,NFL_RECEIVING_YARDS_V1
00-0040644,Trevor Etienne,CAR,ARI,RB,2026,PRE,0,0.0,100.0,ELITE,13.548,NFL_RECEIVING_YARDS_V1
00-0040644,Trevor Etienne,CAR,ARI,RB,2026,PRE,0,5.0,99.42,ELITE,13.548,NFL_RECEIVING_YARDS_V1
00-0040644,Trevor Etienne,CAR,ARI,RB,2026,PRE,0,10.0,85.13,ELITE,13.548,NFL_RECEIVING_YARDS_V1
00-0040644,Trevor Etienne,CAR,ARI,RB,2026,PRE,0,15.0,33.53,ELITE,13.548,NFL_RECEIVING_YARDS_V1
00-0040644,Trevor Etienne,CAR,ARI,RB,2026,PRE,0,20.0,2.93,ELITE,13.548,NFL_RECEIVING_YARDS_V1
00-0040644,Trevor Etienne,CAR,ARI,RB,2026,PRE,0,25.0,0.03,VERY LOW,13.548,NFL_RECEIVING_YARDS_V1
00-0040644,Trevor Etienne,CAR,ARI,RB,2026,PRE,0,30.0,0.0,VERY LOW,13.548,NFL_RECEIVING_YARDS_V1
00-0040644,Trevor Etienne,CAR,ARI,RB,2026,PRE,0,35.0,0.0,VERY LOW,13.548,NFL_RECEIVING_YARDS_V1
00-0040644,Trevor Etienne,CAR,ARI,RB,2026,PRE,0,40.0,0.0,VERY LOW,13.548,NFL_RECEIVING_YARDS_V1
00-0040644,Trevor Etienne,CAR,ARI,RB,2026,PRE,0,45.0,0.0,VERY LOW,13.548,NFL_RECEIVING_YARDS_V1
00-0040644,Trevor Etienne,CAR,ARI,RB,2026,PRE,0,50.0,0.0,VERY LOW,13.548,NFL_RECEIVING_YARDS_V1
00-0040644,Trevor Etienne,CAR,ARI,RB,2026,PRE,0,55.0,0.0,VERY LOW,13.548,NFL_RECEIVING_YARDS_V1
00-0040644,Trevor Etienne,CAR,ARI,RB,2026,PRE,0,60.0,0.0,VERY LOW,13.548,NFL_RECEIVING_YARDS_V1
00-0040644,Trevor Etienne,CAR,ARI,RB,2026,PRE,0,65.0,0.0,VERY LOW,13.548,NFL_RECEIVING_YARDS_V1
00-0040644,Trevor Etienne,CAR,ARI,RB,2026,PRE,0,70.0,0.0,VERY LOW,13.548,NFL_RECEIVING_YARDS_V1
00-0040644,Trevor Etienne,CAR,ARI,RB,2026,PRE,0,75.0,0.0,VERY LOW,13.548,NFL_RECEIVING_YARDS_V1
00-0040644,Trevor Etienne,CAR,ARI,RB,2026,PRE,0,80.0,0.0,VERY LOW,13.548,NFL_RECEIVING_YARDS_V1
00-0040644,Trevor Etienne,CAR,ARI,RB,2026,PRE,0,85.0,0.0,VERY LOW,13.548,NFL_RECEIVING_YARDS_V1
00-0040644,Trevor Etienne,CAR,ARI,RB,2026,PRE,0,90.0,0.0,VERY LOW,13.548,NFL_RECEIVING_YARDS_V1
00-0040644,Trevor Etienne,CAR,ARI,RB,2026,PRE,0,95.0,0.0,VERY LOW,13.548,NFL_RECEIVING_YARDS_V1
00-0040644,Trevor Etienne,CAR,ARI,RB,2026,PRE,0,100.0,0.0,VERY LOW,13.548,NFL_RECEIVING_YARDS_V1
00-0040644,Trevor Etienne,CAR,ARI,RB,2026,PRE,0,105.0,0.0,VERY LOW,13.548,NFL_RECEIVING_YARDS_V1
00-0040644,Trevor Etienne,CAR,ARI,RB,2026,PRE,0,110.0,0.0,VERY LOW,13.548,NFL_RECEIVING_YARDS_V1
00-0040644,Trevor Etienne,CAR,ARI,RB,2026,PRE,0,115.0,0.0,VERY LOW,13.548,NFL_RECEIVING_YARDS_V1
00-0040644,Trevor Etienne,CAR,ARI,RB,2026,PRE,0,120.0,0.0,VERY LOW,13.548,NFL_RECEIVING_YARDS_V1
00-0040644,Trevor Etienne,CAR,ARI,RB,2026,PRE,0,125.0,0.0,VERY LOW,13.548,NFL_RECEIVING_YARDS_V1
00-0040644,Trevor Etienne,CAR,ARI,RB,2026,PRE,0,130.0,0.0,VERY LOW,13.548,NFL_RECEIVING_YARDS_V1
00-0040644,Trevor Etienne,CAR,ARI,RB,2026,PRE,0,135.0,0.0,VERY LOW,13.548,NFL_RECEIVING_YARDS_V1
00-0040644,Trevor Etienne,CAR,ARI,RB,2026,PRE,0,140.0,0.0,VERY LOW,13.548,NFL_RECEIVING_YARDS_V1
00-0040644,Trevor Etienne,CAR,ARI,RB,2026,PRE,0,145.0,0.0,VERY LOW,13.548,NFL_RECEIVING_YARDS_V1
00-0040644,Trevor Etienne,CAR,ARI,RB,2026,PRE,0,150.0,0.0,VERY LOW,13.548,NFL_RECEIVING_YARDS_V1
00-0040644,Trevor Etienne,CAR,ARI,RB,2026,PRE,0,155.0,0.0,VERY LOW,13.548,NFL_RECEIVING_YARDS_V1
00-0040644,Trevor Etienne,CAR,ARI,RB,2026,PRE,0,160.0,0.0,VERY LOW,13.548,NFL_RECEIVING_YARDS_V1
00-0040644,Trevor Etienne,CAR,ARI,RB,2026,PRE,0,165.0,0.0,VERY LOW,13.548,NFL_RECEIVING_YARDS_V1
00-0040644,Trevor Etienne,CAR,ARI,RB,2026,PRE,0,170.0,0.0,VERY LOW,13.548,NFL_RECEIVING_YARDS_V1
00-0040644,Trevor Etienne,CAR,ARI,RB,2026,PRE,0,175.0,0.0,VERY LOW,13.548,NFL_RECEIVING_YARDS_V1
00-0040644,Trevor Etienne,CAR,ARI,RB,2026,PRE,0,180.0,0.0,VERY LOW,13.548,NFL_RECEIVING_YARDS_V1
00-0040644,Trevor Etienne,CAR,ARI,RB,2026,PRE,0,185.0,0.0,VERY LOW,13.548,NFL_RECEIVING_YARDS_V1
00-0040644,Trevor Etienne,CAR,ARI,RB,2026,PRE,0,190.0,0.0,VERY LOW,13.548,NFL_RECEIVING_YARDS_V1
00-0040644,Trevor Etienne,CAR,ARI,RB,2026,PRE,0,195.0,0.0,VERY LOW,13.548,NFL_RECEIVING_YARDS_V1
00-0040644,Trevor Etienne,CAR,ARI,RB,2026,PRE,0,200.0,0.0,VERY LOW,13.548,NFL_RECEIVING_YARDS_V1
00-0041047,Chris Brazzell,CAR,ARI,WR,2026,PRE,0,0.0,100.0,ELITE,19.681,NFL_RECEIVING_YARDS_V1
00-0041047,Chris Brazzell,CAR,ARI,WR,2026,PRE,0,5.0,79.73,ELITE,19.681,NFL_RECEIVING_YARDS_V1
00-0041047,Chris Brazzell,CAR,ARI,WR,2026,PRE,0,10.0,70.1,ELITE,19.681,NFL_RECEIVING_YARDS_V1
00-0041047,Chris Brazzell,CAR,ARI,WR,2026,PRE,0,15.0,58.97,ELITE,19.681,NFL_RECEIVING_YARDS_V1
00-0041047,Chris Brazzell,CAR,ARI,WR,2026,PRE,0,20.0,46.65,ELITE,19.681,NFL_RECEIVING_YARDS_V1
00-0041047,Chris Brazzell,CAR,ARI,WR,2026,PRE,0,25.0,34.86,ELITE,19.681,NFL_RECEIVING_YARDS_V1
00-0041047,Chris Brazzell,CAR,ARI,WR,2026,PRE,0,30.0,24.28,ELITE,19.681,NFL_RECEIVING_YARDS_V1
00-0041047,Chris Brazzell,CAR,ARI,WR,2026,PRE,0,35.0,15.85,ELITE,19.681,NFL_RECEIVING_YARDS_V1
00-0041047,Chris Brazzell,CAR,ARI,WR,2026,PRE,0,40.0,9.55,ELITE,19.681,NFL_RECEIVING_YARDS_V1
00-0041047,Chris Brazzell,CAR,ARI,WR,2026,PRE,0,45.0,5.41,ELITE,19.681,NFL_RECEIVING_YARDS_V1
00-0041047,Chris Brazzell,CAR,ARI,WR,2026,PRE,0,50.0,2.89,ELITE,19.681,NFL_RECEIVING_YARDS_V1
00-0041047,Chris Brazzell,CAR,ARI,WR,2026,PRE,0,55.0,1.4,ELITE,19.681,NFL_RECEIVING_YARDS_V1
00-0041047,Chris Brazzell,CAR,ARI,WR,2026,PRE,0,60.0,0.59,LEAN,19.681,NFL_RECEIVING_YARDS_V1
00-0041047,Chris Brazzell,CAR,ARI,WR,2026,PRE,0,65.0,0.25,VERY LOW,19.681,NFL_RECEIVING_YARDS_V1
00-0041047,Chris Brazzell,CAR,ARI,WR,2026,PRE,0,70.0,0.1,VERY LOW,19.681,NFL_RECEIVING_YARDS_V1
00-0041047,Chris Brazzell,CAR,ARI,WR,2026,PRE,0,75.0,0.03,VERY LOW,19.681,NFL_RECEIVING_YARDS_V1
00-0041047,Chris Brazzell,CAR,ARI,WR,2026,PRE,0,80.0,0.01,VERY LOW,19.681,NFL_RECEIVING_YARDS_V1
00-0041047,Chris Brazzell,CAR,ARI,WR,2026,PRE,0,85.0,0.0,VERY LOW,19.681,NFL_RECEIVING_YARDS_V1
00-0041047,Chris Brazzell,CAR,ARI,WR,2026,PRE,0,90.0,0.0,VERY LOW,19.681,NFL_RECEIVING_YARDS_V1
00-0041047,Chris Brazzell,CAR,ARI,WR,2026,PRE,0,95.0,0.0,VERY LOW,19.681,NFL_RECEIVING_YARDS_V1
00-0041047,Chris Brazzell,CAR,ARI,WR,2026,PRE,0,100.0,0.0,VERY LOW,19.681,NFL_RECEIVING_YARDS_V1
00-0041047,Chris Brazzell,CAR,ARI,WR,2026,PRE,0,105.0,0.0,VERY LOW,19.681,NFL_RECEIVING_YARDS_V1
00-0041047,Chris Brazzell,CAR,ARI,WR,2026,PRE,0,110.0,0.0,VERY LOW,19.681,NFL_RECEIVING_YARDS_V1
00-0041047,Chris Brazzell,CAR,ARI,WR,2026,PRE,0,115.0,0.0,VERY LOW,19.681,NFL_RECEIVING_YARDS_V1
00-0041047,Chris Brazzell,CAR,ARI,WR,2026,PRE,0,120.0,0.0,VERY LOW,19.681,NFL_RECEIVING_YARDS_V1
00-0041047,Chris Brazzell,CAR,ARI,WR,2026,PRE,0,125.0,0.0,VERY LOW,19.681,NFL_RECEIVING_YARDS_V1
00-0041047,Chris Brazzell,CAR,ARI,WR,2026,PRE,0,130.0,0.0,VERY LOW,19.681,NFL_RECEIVING_YARDS_V1
00-0041047,Chris Brazzell,CAR,ARI,WR,2026,PRE,0,135.0,0.0,VERY LOW,19.681,NFL_RECEIVING_YARDS_V1
00-0041047,Chris Brazzell,CAR,ARI,WR,2026,PRE,0,140.0,0.0,VERY LOW,19.681,NFL_RECEIVING_YARDS_V1
00-0041047,Chris Brazzell,CAR,ARI,WR,2026,PRE,0,145.0,0.0,VERY LOW,19.681,NFL_RECEIVING_YARDS_V1
00-0041047,Chris Brazzell,CAR,ARI,WR,2026,PRE,0,150.0,0.0,VERY LOW,19.681,NFL_RECEIVING_YARDS_V1
00-0041047,Chris Brazzell,CAR,ARI,WR,2026,PRE,0,155.0,0.0,VERY LOW,19.681,NFL_RECEIVING_YARDS_V1
00-0041047,Chris Brazzell,CAR,ARI,WR,2026,PRE,0,160.0,0.0,VERY LOW,19.681,NFL_RECEIVING_YARDS_V1
00-0041047,Chris Brazzell,CAR,ARI,WR,2026,PRE,0,165.0,0.0,VERY LOW,19.681,NFL_RECEIVING_YARDS_V1
00-0041047,Chris Brazzell,CAR,ARI,WR,2026,PRE,0,170.0,0.0,VERY LOW,19.681,NFL_RECEIVING_YARDS_V1
00-0041047,Chris Brazzell,CAR,ARI,WR,2026,PRE,0,175.0,0.0,VERY LOW,19.681,NFL_RECEIVING_YARDS_V1
00-0041047,Chris Brazzell,CAR,ARI,WR,2026,PRE,0,180.0,0.0,VERY LOW,19.681,NFL_RECEIVING_YARDS_V1
00-0041047,Chris Brazzell,CAR,ARI,WR,2026,PRE,0,185.0,0.0,VERY LOW,19.681,NFL_RECEIVING_YARDS_V1
00-0041047,Chris Brazzell,CAR,ARI,WR,2026,PRE,0,190.0,0.0,VERY LOW,19.681,NFL_RECEIVING_YARDS_V1
00-0041047,Chris Brazzell,CAR,ARI,WR,2026,PRE,0,195.0,0.0,VERY LOW,19.681,NFL_RECEIVING_YARDS_V1
00-0041047,Chris Brazzell,CAR,ARI,WR,2026,PRE,0,200.0,0.0,VERY LOW,19.681,NFL_RECEIVING_YARDS_V1
00-0041152,Kobe Prentice,CAR,ARI,WR,2026,PRE,0,0.0,100.0,ELITE,19.707,NFL_RECEIVING_YARDS_V1
00-0041152,Kobe Prentice,CAR,ARI,WR,2026,PRE,0,5.0,79.84,ELITE,19.707,NFL_RECEIVING_YARDS_V1
00-0041152,Kobe Prentice,CAR,ARI,WR,2026,PRE,0,10.0,70.21,ELITE,19.707,NFL_RECEIVING_YARDS_V1
00-0041152,Kobe Prentice,CAR,ARI,WR,2026,PRE,0,15.0,58.88,ELITE,19.707,NFL_RECEIVING_YARDS_V1
00-0041152,Kobe Prentice,CAR,ARI,WR,2026,PRE,0,20.0,46.83,ELITE,19.707,NFL_RECEIVING_YARDS_V1
00-0041152,Kobe Prentice,CAR,ARI,WR,2026,PRE,0,25.0,34.89,ELITE,19.707,NFL_RECEIVING_YARDS_V1
00-0041152,Kobe Prentice,CAR,ARI,WR,2026,PRE,0,30.0,24.33,ELITE,19.707,NFL_RECEIVING_YARDS_V1
00-0041152,Kobe Prentice,CAR,ARI,WR,2026,PRE,0,35.0,15.88,ELITE,19.707,NFL_RECEIVING_YARDS_V1
00-0041152,Kobe Prentice,CAR,ARI,WR,2026,PRE,0,40.0,9.62,ELITE,19.707,NFL_RECEIVING_YARDS_V1
00-0041152,Kobe Prentice,CAR,ARI,WR,2026,PRE,0,45.0,5.42,ELITE,19.707,NFL_RECEIVING_YARDS_V1
00-0041152,Kobe Prentice,CAR,ARI,WR,2026,PRE,0,50.0,2.79,ELITE,19.707,NFL_RECEIVING_YARDS_V1
00-0041152,Kobe Prentice,CAR,ARI,WR,2026,PRE,0,55.0,1.33,ELITE,19.707,NFL_RECEIVING_YARDS_V1
00-0041152,Kobe Prentice,CAR,ARI,WR,2026,PRE,0,60.0,0.58,LEAN,19.707,NFL_RECEIVING_YARDS_V1
00-0041152,Kobe Prentice,CAR,ARI,WR,2026,PRE,0,65.0,0.23,VERY LOW,19.707,NFL_RECEIVING_YARDS_V1
00-0041152,Kobe Prentice,CAR,ARI,WR,2026,PRE,0,70.0,0.08,VERY LOW,19.707,NFL_RECEIVING_YARDS_V1
00-0041152,Kobe Prentice,CAR,ARI,WR,2026,PRE,0,75.0,0.03,VERY LOW,19.707,NFL_RECEIVING_YARDS_V1
00-0041152,Kobe Prentice,CAR,ARI,WR,2026,PRE,0,80.0,0.01,VERY LOW,19.707,NFL_RECEIVING_YARDS_V1
00-0041152,Kobe Prentice,CAR,ARI,WR,2026,PRE,0,85.0,0.0,VERY LOW,19.707,NFL_RECEIVING_YARDS_V1
00-0041152,Kobe Prentice,CAR,ARI,WR,2026,PRE,0,90.0,0.0,VERY LOW,19.707,NFL_RECEIVING_YARDS_V1
00-0041152,Kobe Prentice,CAR,ARI,WR,2026,PRE,0,95.0,0.0,VERY LOW,19.707,NFL_RECEIVING_YARDS_V1
00-0041152,Kobe Prentice,CAR,ARI,WR,2026,PRE,0,100.0,0.0,VERY LOW,19.707,NFL_RECEIVING_YARDS_V1
00-0041152,Kobe Prentice,CAR,ARI,WR,2026,PRE,0,105.0,0.0,VERY LOW,19.707,NFL_RECEIVING_YARDS_V1
00-0041152,Kobe Prentice,CAR,ARI,WR,2026,PRE,0,110.0,0.0,VERY LOW,19.707,NFL_RECEIVING_YARDS_V1
00-0041152,Kobe Prentice,CAR,ARI,WR,2026,PRE,0,115.0,0.0,VERY LOW,19.707,NFL_RECEIVING_YARDS_V1
00-0041152,Kobe Prentice,CAR,ARI,WR,2026,PRE,0,120.0,0.0,VERY LOW,19.707,NFL_RECEIVING_YARDS_V1
00-0041152,Kobe Prentice,CAR,ARI,WR,2026,PRE,0,125.0,0.0,VERY LOW,19.707,NFL_RECEIVING_YARDS_V1
00-0041152,Kobe Prentice,CAR,ARI,WR,2026,PRE,0,130.0,0.0,VERY LOW,19.707,NFL_RECEIVING_YARDS_V1
00-0041152,Kobe Prentice,CAR,ARI,WR,2026,PRE,0,135.0,0.0,VERY LOW,19.707,NFL_RECEIVING_YARDS_V1
00-0041152,Kobe Prentice,CAR,ARI,WR,2026,PRE,0,140.0,0.0,VERY LOW,19.707,NFL_RECEIVING_YARDS_V1
00-0041152,Kobe Prentice,CAR,ARI,WR,2026,PRE,0,145.0,0.0,VERY LOW,19.707,NFL_RECEIVING_YARDS_V1
00-0041152,Kobe Prentice,CAR,ARI,WR,2026,PRE,0,150.0,0.0,VERY LOW,19.707,NFL_RECEIVING_YARDS_V1
00-0041152,Kobe Prentice,CAR,ARI,WR,2026,PRE,0,155.0,0.0,VERY LOW,19.707,NFL_RECEIVING_YARDS_V1
00-0041152,Kobe Prentice,CAR,ARI,WR,2026,PRE,0,160.0,0.0,VERY LOW,19.707,NFL_RECEIVING_YARDS_V1
00-0041152,Kobe Prentice,CAR,ARI,WR,2026,PRE,0,165.0,0.0,VERY LOW,19.707,NFL_RECEIVING_YARDS_V1
00-0041152,Kobe Prentice,CAR,ARI,WR,2026,PRE,0,170.0,0.0,VERY LOW,19.707,NFL_RECEIVING_YARDS_V1
00-0041152,Kobe Prentice,CAR,ARI,WR,2026,PRE,0,175.0,0.0,VERY LOW,19.707,NFL_RECEIVING_YARDS_V1
00-0041152,Kobe Prentice,CAR,ARI,WR,2026,PRE,0,180.0,0.0,VERY LOW,19.707,NFL_RECEIVING_YARDS_V1
00-0041152,Kobe Prentice,CAR,ARI,WR,2026,PRE,0,185.0,0.0,VERY LOW,19.707,NFL_RECEIVING_YARDS_V1
00-0041152,Kobe Prentice,CAR,ARI,WR,2026,PRE,0,190.0,0.0,VERY LOW,19.707,NFL_RECEIVING_YARDS_V1
00-0041152,Kobe Prentice,CAR,ARI,WR,2026,PRE,0,195.0,0.0,VERY LOW,19.707,NFL_RECEIVING_YARDS_V1
00-0041152,Kobe Prentice,CAR,ARI,WR,2026,PRE,0,200.0,0.0,VERY LOW,19.707,NFL_RECEIVING_YARDS_V1
00-0041485,Miles Davis,CAR,ARI,RB,2026,PRE,0,0.0,100.0,ELITE,19.693,NFL_RECEIVING_YARDS_V1
00-0041485,Miles Davis,CAR,ARI,RB,2026,PRE,0,5.0,79.59,ELITE,19.693,NFL_RECEIVING_YARDS_V1
00-0041485,Miles Davis,CAR,ARI,RB,2026,PRE,0,10.0,70.03,ELITE,19.693,NFL_RECEIVING_YARDS_V1
00-0041485,Miles Davis,CAR,ARI,RB,2026,PRE,0,15.0,58.82,ELITE,19.693,NFL_RECEIVING_YARDS_V1
00-0041485,Miles Davis,CAR,ARI,RB,2026,PRE,0,20.0,46.89,ELITE,19.693,NFL_RECEIVING_YARDS_V1
00-0041485,Miles Davis,CAR,ARI,RB,2026,PRE,0,25.0,35.02,ELITE,19.693,NFL_RECEIVING_YARDS_V1
00-0041485,Miles Davis,CAR,ARI,RB,2026,PRE,0,30.0,24.41,ELITE,19.693,NFL_RECEIVING_YARDS_V1
00-0041485,Miles Davis,CAR,ARI,RB,2026,PRE,0,35.0,15.98,ELITE,19.693,NFL_RECEIVING_YARDS_V1
00-0041485,Miles Davis,CAR,ARI,RB,2026,PRE,0,40.0,9.7,ELITE,19.693,NFL_RECEIVING_YARDS_V1
00-0041485,Miles Davis,CAR,ARI,RB,2026,PRE,0,45.0,5.41,ELITE,19.693,NFL_RECEIVING_YARDS_V1
00-0041485,Miles Davis,CAR,ARI,RB,2026,PRE,0,50.0,2.81,ELITE,19.693,NFL_RECEIVING_YARDS_V1
00-0041485,Miles Davis,CAR,ARI,RB,2026,PRE,0,55.0,1.34,ELITE,19.693,NFL_RECEIVING_YARDS_V1
00-0041485,Miles Davis,CAR,ARI,RB,2026,PRE,0,60.0,0.59,LEAN,19.693,NFL_RECEIVING_YARDS_V1
00-0041485,Miles Davis,CAR,ARI,RB,2026,PRE,0,65.0,0.24,VERY LOW,19.693,NFL_RECEIVING_YARDS_V1
00-0041485,Miles Davis,CAR,ARI,RB,2026,PRE,0,70.0,0.1,VERY LOW,19.693,NFL_RECEIVING_YARDS_V1
00-0041485,Miles Davis,CAR,ARI,RB,2026,PRE,0,75.0,0.03,VERY LOW,19.693,NFL_RECEIVING_YARDS_V1
00-0041485,Miles Davis,CAR,ARI,RB,2026,PRE,0,80.0,0.01,VERY LOW,19.693,NFL_RECEIVING_YARDS_V1
00-0041485,Miles Davis,CAR,ARI,RB,2026,PRE,0,85.0,0.0,VERY LOW,19.693,NFL_RECEIVING_YARDS_V1
00-0041485,Miles Davis,CAR,ARI,RB,2026,PRE,0,90.0,0.0,VERY LOW,19.693,NFL_RECEIVING_YARDS_V1
00-0041485,Miles Davis,CAR,ARI,RB,2026,PRE,0,95.0,0.0,VERY LOW,19.693,NFL_RECEIVING_YARDS_V1
00-0041485,Miles Davis,CAR,ARI,RB,2026,PRE,0,100.0,0.0,VERY LOW,19.693,NFL_RECEIVING_YARDS_V1
00-0041485,Miles Davis,CAR,ARI,RB,2026,PRE,0,105.0,0.0,VERY LOW,19.693,NFL_RECEIVING_YARDS_V1
00-0041485,Miles Davis,CAR,ARI,RB,2026,PRE,0,110.0,0.0,VERY LOW,19.693,NFL_RECEIVING_YARDS_V1
00-0041485,Miles Davis,CAR,ARI,RB,2026,PRE,0,115.0,0.0,VERY LOW,19.693,NFL_RECEIVING_YARDS_V1
00-0041485,Miles Davis,CAR,ARI,RB,2026,PRE,0,120.0,0.0,VERY LOW,19.693,NFL_RECEIVING_YARDS_V1
00-0041485,Miles Davis,CAR,ARI,RB,2026,PRE,0,125.0,0.0,VERY LOW,19.693,NFL_RECEIVING_YARDS_V1
00-0041485,Miles Davis,CAR,ARI,RB,2026,PRE,0,130.0,0.0,VERY LOW,19.693,NFL_RECEIVING_YARDS_V1
00-0041485,Miles Davis,CAR,ARI,RB,2026,PRE,0,135.0,0.0,VERY LOW,19.693,NFL_RECEIVING_YARDS_V1
00-0041485,Miles Davis,CAR,ARI,RB,2026,PRE,0,140.0,0.0,VERY LOW,19.693,NFL_RECEIVING_YARDS_V1
00-0041485,Miles Davis,CAR,ARI,RB,2026,PRE,0,145.0,0.0,VERY LOW,19.693,NFL_RECEIVING_YARDS_V1
00-0041485,Miles Davis,CAR,ARI,RB,2026,PRE,0,150.0,0.0,VERY LOW,19.693,NFL_RECEIVING_YARDS_V1
00-0041485,Miles Davis,CAR,ARI,RB,2026,PRE,0,155.0,0.0,VERY LOW,19.693,NFL_RECEIVING_YARDS_V1
00-0041485,Miles Davis,CAR,ARI,RB,2026,PRE,0,160.0,0.0,VERY LOW,19.693,NFL_RECEIVING_YARDS_V1
00-0041485,Miles Davis,CAR,ARI,RB,2026,PRE,0,165.0,0.0,VERY LOW,19.693,NFL_RECEIVING_YARDS_V1
00-0041485,Miles Davis,CAR,ARI,RB,2026,PRE,0,170.0,0.0,VERY LOW,19.693,NFL_RECEIVING_YARDS_V1
00-0041485,Miles Davis,CAR,ARI,RB,2026,PRE,0,175.0,0.0,VERY LOW,19.693,NFL_RECEIVING_YARDS_V1
00-0041485,Miles Davis,CAR,ARI,RB,2026,PRE,0,180.0,0.0,VERY LOW,19.693,NFL_RECEIVING_YARDS_V1
00-0041485,Miles Davis,CAR,ARI,RB,2026,PRE,0,185.0,0.0,VERY LOW,19.693,NFL_RECEIVING_YARDS_V1
00-0041485,Miles Davis,CAR,ARI,RB,2026,PRE,0,190.0,0.0,VERY LOW,19.693,NFL_RECEIVING_YARDS_V1
00-0041485,Miles Davis,CAR,ARI,RB,2026,PRE,0,195.0,0.0,VERY LOW,19.693,NFL_RECEIVING_YARDS_V1
00-0041485,Miles Davis,CAR,ARI,RB,2026,PRE,0,200.0,0.0,VERY LOW,19.693,NFL_RECEIVING_YARDS_V1
00-0041542,Malick Meiga,CAR,ARI,WR,2026,PRE,0,0.0,100.0,ELITE,19.553,NFL_RECEIVING_YARDS_V1
00-0041542,Malick Meiga,CAR,ARI,WR,2026,PRE,0,5.0,79.34,ELITE,19.553,NFL_RECEIVING_YARDS_V1
00-0041542,Malick Meiga,CAR,ARI,WR,2026,PRE,0,10.0,69.77,ELITE,19.553,NFL_RECEIVING_YARDS_V1
00-0041542,Malick Meiga,CAR,ARI,WR,2026,PRE,0,15.0,58.53,ELITE,19.553,NFL_RECEIVING_YARDS_V1
00-0041542,Malick Meiga,CAR,ARI,WR,2026,PRE,0,20.0,46.25,ELITE,19.553,NFL_RECEIVING_YARDS_V1
00-0041542,Malick Meiga,CAR,ARI,WR,2026,PRE,0,25.0,34.54,ELITE,19.553,NFL_RECEIVING_YARDS_V1
00-0041542,Malick Meiga,CAR,ARI,WR,2026,PRE,0,30.0,24.2,ELITE,19.553,NFL_RECEIVING_YARDS_V1
00-0041542,Malick Meiga,CAR,ARI,WR,2026,PRE,0,35.0,15.75,ELITE,19.553,NFL_RECEIVING_YARDS_V1
00-0041542,Malick Meiga,CAR,ARI,WR,2026,PRE,0,40.0,9.53,ELITE,19.553,NFL_RECEIVING_YARDS_V1
00-0041542,Malick Meiga,CAR,ARI,WR,2026,PRE,0,45.0,5.3,ELITE,19.553,NFL_RECEIVING_YARDS_V1
00-0041542,Malick Meiga,CAR,ARI,WR,2026,PRE,0,50.0,2.71,ELITE,19.553,NFL_RECEIVING_YARDS_V1
00-0041542,Malick Meiga,CAR,ARI,WR,2026,PRE,0,55.0,1.3,ELITE,19.553,NFL_RECEIVING_YARDS_V1
00-0041542,Malick Meiga,CAR,ARI,WR,2026,PRE,0,60.0,0.58,LEAN,19.553,NFL_RECEIVING_YARDS_V1
00-0041542,Malick Meiga,CAR,ARI,WR,2026,PRE,0,65.0,0.23,VERY LOW,19.553,NFL_RECEIVING_YARDS_V1
00-0041542,Malick Meiga,CAR,ARI,WR,2026,PRE,0,70.0,0.08,VERY LOW,19.553,NFL_RECEIVING_YARDS_V1
00-0041542,Malick Meiga,CAR,ARI,WR,2026,PRE,0,75.0,0.03,VERY LOW,19.553,NFL_RECEIVING_YARDS_V1
00-0041542,Malick Meiga,CAR,ARI,WR,2026,PRE,0,80.0,0.01,VERY LOW,19.553,NFL_RECEIVING_YARDS_V1
00-0041542,Malick Meiga,CAR,ARI,WR,2026,PRE,0,85.0,0.0,VERY LOW,19.553,NFL_RECEIVING_YARDS_V1
00-0041542,Malick Meiga,CAR,ARI,WR,2026,PRE,0,90.0,0.0,VERY LOW,19.553,NFL_RECEIVING_YARDS_V1
00-0041542,Malick Meiga,CAR,ARI,WR,2026,PRE,0,95.0,0.0,VERY LOW,19.553,NFL_RECEIVING_YARDS_V1
00-0041542,Malick Meiga,CAR,ARI,WR,2026,PRE,0,100.0,0.0,VERY LOW,19.553,NFL_RECEIVING_YARDS_V1
00-0041542,Malick Meiga,CAR,ARI,WR,2026,PRE,0,105.0,0.0,VERY LOW,19.553,NFL_RECEIVING_YARDS_V1
00-0041542,Malick Meiga,CAR,ARI,WR,2026,PRE,0,110.0,0.0,VERY LOW,19.553,NFL_RECEIVING_YARDS_V1
00-0041542,Malick Meiga,CAR,ARI,WR,2026,PRE,0,115.0,0.0,VERY LOW,19.553,NFL_RECEIVING_YARDS_V1
00-0041542,Malick Meiga,CAR,ARI,WR,2026,PRE,0,120.0,0.0,VERY LOW,19.553,NFL_RECEIVING_YARDS_V1
00-0041542,Malick Meiga,CAR,ARI,WR,2026,PRE,0,125.0,0.0,VERY LOW,19.553,NFL_RECEIVING_YARDS_V1
00-0041542,Malick Meiga,CAR,ARI,WR,2026,PRE,0,130.0,0.0,VERY LOW,19.553,NFL_RECEIVING_YARDS_V1
00-0041542,Malick Meiga,CAR,ARI,WR,2026,PRE,0,135.0,0.0,VERY LOW,19.553,NFL_RECEIVING_YARDS_V1
00-0041542,Malick Meiga,CAR,ARI,WR,2026,PRE,0,140.0,0.0,VERY LOW,19.553,NFL_RECEIVING_YARDS_V1
00-0041542,Malick Meiga,CAR,ARI,WR,2026,PRE,0,145.0,0.0,VERY LOW,19.553,NFL_RECEIVING_YARDS_V1
00-0041542,Malick Meiga,CAR,ARI,WR,2026,PRE,0,150.0,0.0,VERY LOW,19.553,NFL_RECEIVING_YARDS_V1
00-0041542,Malick Meiga,CAR,ARI,WR,2026,PRE,0,155.0,0.0,VERY LOW,19.553,NFL_RECEIVING_YARDS_V1
00-0041542,Malick Meiga,CAR,ARI,WR,2026,PRE,0,160.0,0.0,VERY LOW,19.553,NFL_RECEIVING_YARDS_V1
00-0041542,Malick Meiga,CAR,ARI,WR,2026,PRE,0,165.0,0.0,VERY LOW,19.553,NFL_RECEIVING_YARDS_V1
00-0041542,Malick Meiga,CAR,ARI,WR,2026,PRE,0,170.0,0.0,VERY LOW,19.553,NFL_RECEIVING_YARDS_V1
00-0041542,Malick Meiga,CAR,ARI,WR,2026,PRE,0,175.0,0.0,VERY LOW,19.553,NFL_RECEIVING_YARDS_V1
00-0041542,Malick Meiga,CAR,ARI,WR,2026,PRE,0,180.0,0.0,VERY LOW,19.553,NFL_RECEIVING_YARDS_V1
00-0041542,Malick Meiga,CAR,ARI,WR,2026,PRE,0,185.0,0.0,VERY LOW,19.553,NFL_RECEIVING_YARDS_V1
00-0041542,Malick Meiga,CAR,ARI,WR,2026,PRE,0,190.0,0.0,VERY LOW,19.553,NFL_RECEIVING_YARDS_V1
00-0041542,Malick Meiga,CAR,ARI,WR,2026,PRE,0,195.0,0.0,VERY LOW,19.553,NFL_RECEIVING_YARDS_V1
00-0041542,Malick Meiga,CAR,ARI,WR,2026,PRE,0,200.0,0.0,VERY LOW,19.553,NFL_RECEIVING_YARDS_V1
