player_id,player_name,team,opponent,position,depth_chart_position,rushing_depth_role,receiving_depth_role,status,years_exp,season,season_type,week,target_slate,game_id,game_date,home_away,projected_receiving_yards,projection_mean,projection_median,projection_floor,projection_ceiling,model_std,historical_games,last_5_avg,last_10_avg,last_15_avg,season_avg,volume_last_5,preseason_usage_multiplier,opponent_adjustment,data_source,simulations,model_version,prob_5_plus,prob_10_plus,prob_15_plus,prob_20_plus,prob_25_plus,prob_30_plus,prob_35_plus,prob_40_plus,prob_45_plus,prob_50_plus,prob_55_plus,prob_60_plus,prob_65_plus,prob_70_plus,prob_75_plus,prob_80_plus,prob_85_plus,prob_90_plus,prob_95_plus,prob_100_plus,prob_105_plus,prob_110_plus,prob_115_plus,prob_120_plus,prob_125_plus,prob_130_plus,prob_135_plus,prob_140_plus,prob_145_plus,prob_150_plus,projected_targets,target_share,projected_receptions,catch_rate,yards_per_target,yards_per_reception,team_target_budget,team_receiving_yard_budget,receiving_allocation_source
00-0039075,Puka Nacua,LAR,SF,WR,WR,,WR1,ACT,3.0,2026,REG,1,2026 REG W1,401872657,2026-09-11T00:35Z,home,107.457,107.749,107.423,42.404,172.317,50.003,44,139.2,109.9,105.667,107.188,11.8,1.0,1.016,PLAYER_HISTORY,100000,NFL_RECEIVING_YARDS_V1,97.84,97.27,96.59,95.78,94.86,93.76,92.42,90.85,89.08,87.13,84.92,82.41,79.8,76.84,73.66,70.37,66.91,63.25,59.58,55.76,51.96,47.98,44.06,40.2,36.43,32.87,29.49,26.19,23.04,20.18,11.954,33.09,8.398,70.25,9.772,12.795,33.24,259.28,PRIMARY_ROTATION_TEAM_CONSTRAINED
00-0036900,Ja'Marr Chase,CIN,TB,WR,WR,,WR1,ACT,5.0,2026,REG,1,2026 REG W1,401872925,2026-09-13T17:00Z,home,89.716,89.741,89.515,38.025,141.273,39.776,49,88.2,94.4,92.4,88.25,10.8,1.0,1.15,PLAYER_HISTORY,100000,NFL_RECEIVING_YARDS_V1,98.26,97.62,96.8,95.86,94.61,93.12,91.31,89.1,86.58,83.68,80.43,76.75,72.77,68.59,64.1,59.41,54.45,49.52,44.61,39.7,35.02,30.64,26.4,22.49,19.02,15.79,13.1,10.6,8.47,6.66,11.638,32.57,7.953,68.33,7.7,11.281,32.87,243.13,PRIMARY_ROTATION_TEAM_CONSTRAINED
00-0038543,Jaxon Smith-Njigba,SEA,NE,WR,WR,,WR1,ACT,3.0,2026,REG,1,2026 REG W1,401872656,2026-09-10T00:20Z,home,85.744,86.016,85.821,33.237,138.178,40.232,52,97.4,96.7,106.133,122.0,10.6,1.0,0.962,PLAYER_HISTORY,100000,NFL_RECEIVING_YARDS_V1,97.62,96.85,95.83,94.6,93.1,91.35,89.27,86.76,84.05,80.96,77.44,73.52,69.43,64.95,60.49,55.71,50.8,46.0,41.01,36.24,31.79,27.58,23.63,20.03,16.81,13.97,11.47,9.29,7.38,5.81,9.142,32.56,6.475,70.83,9.847,13.242,25.83,199.61,PRIMARY_ROTATION_TEAM_CONSTRAINED
00-0036358,CeeDee Lamb,DAL,NYG,WR,WR,,WR1,ACT,6.0,2026,REG,1,2026 REG W1,401872930,2026-09-14T00:20Z,away,82.42,82.513,82.436,39.531,125.566,33.369,45,66.6,74.5,86.533,82.846,7.2,1.0,0.945,PLAYER_HISTORY,100000,NFL_RECEIVING_YARDS_V1,98.91,98.39,97.72,96.78,95.58,94.02,92.09,89.74,86.73,83.3,79.32,74.92,69.87,64.55,58.82,52.91,46.94,41.11,35.44,30.09,25.08,20.47,16.61,13.19,10.27,7.9,5.93,4.36,3.13,2.2,9.445,26.96,6.228,65.94,9.406,13.234,32.23,248.05,PRIMARY_ROTATION_TEAM_CONSTRAINED
00-0036963,Amon-Ra St. Brown,DET,NO,WR,WR,,WR1,ACT,5.0,2026,REG,1,2026 REG W1,401872923,2026-09-13T17:00Z,home,80.377,80.538,80.126,30.69,130.082,38.181,50,103.4,86.3,82.733,82.412,12.8,1.0,0.991,PLAYER_HISTORY,100000,NFL_RECEIVING_YARDS_V1,97.39,96.52,95.36,94.02,92.33,90.31,87.83,85.01,81.78,78.18,74.14,69.87,65.27,60.36,55.36,50.13,45.07,39.97,35.14,30.59,26.22,22.19,18.61,15.33,12.5,10.04,7.92,6.14,4.75,3.6,10.76,30.64,7.219,67.1,8.006,11.134,32.31,262.17,PRIMARY_ROTATION_TEAM_CONSTRAINED
00-0037247,George Pickens,DAL,NYG,WR,WR,,WR2,ACT,4.0,2026,REG,1,2026 REG W1,401872930,2026-09-14T00:20Z,away,79.896,80.791,80.291,23.808,136.624,42.632,47,57.4,82.2,88.733,84.059,6.4,1.0,0.945,PLAYER_HISTORY,100000,NFL_RECEIVING_YARDS_V1,95.66,94.49,93.13,91.46,89.49,87.28,84.78,81.93,78.8,75.35,71.61,67.62,63.48,59.13,54.72,50.24,45.71,41.35,37.06,32.79,28.7,24.93,21.45,18.24,15.39,12.89,10.65,8.69,6.99,5.57,8.023,22.9,5.499,68.55,10.734,14.528,32.23,248.05,PRIMARY_ROTATION_TEAM_CONSTRAINED
00-0037239,Chris Olave,NO,DET,WR,WR,,WR1,ACT,4.0,2026,REG,1,2026 REG W1,401872923,2026-09-13T17:00Z,away,75.157,75.515,75.208,25.643,124.517,37.747,40,85.8,82.1,73.933,72.688,9.6,1.0,1.107,PLAYER_HISTORY,100000,NFL_RECEIVING_YARDS_V1,96.57,95.45,94.07,92.4,90.3,87.83,85.06,81.86,78.3,74.3,69.92,65.22,60.38,55.3,50.21,44.99,39.84,34.85,30.3,25.88,21.83,18.15,14.99,12.18,9.79,7.75,6.12,4.73,3.59,2.69,9.737,29.93,6.332,65.03,7.755,11.869,29.93,229.79,PRIMARY_ROTATION_TEAM_CONSTRAINED
00-0036554,Nico Collins,HOU,BUF,WR,WR,,WR1,ACT,5.0,2026,REG,1,2026 REG W1,401872660,2026-09-13T17:00Z,home,71.308,71.477,71.218,29.005,113.581,32.486,42,84.0,80.5,74.467,74.467,7.0,1.0,0.924,PLAYER_HISTORY,100000,NFL_RECEIVING_YARDS_V1,97.81,96.9,95.64,94.04,92.02,89.49,86.43,82.91,78.84,74.19,69.07,63.53,57.67,51.56,45.38,39.51,33.79,28.31,23.38,19.04,15.19,11.99,9.24,7.03,5.22,3.81,2.73,1.92,1.3,0.84,9.201,28.03,5.355,58.2,9.123,13.317,30.2,206.26,PRIMARY_ROTATION_TEAM_CONSTRAINED
00-0038559,Michael Wilson,ARI,LAC,WR,WR,,WR1,ACT,3.0,2026,REG,1,2026 REG W1,401872926,2026-09-13T20:25Z,away,70.725,71.535,70.501,14.482,126.633,41.774,46,87.2,87.0,66.0,59.176,9.6,1.0,0.923,PLAYER_HISTORY,100000,NFL_RECEIVING_YARDS_V1,93.19,91.67,89.8,87.6,85.08,82.26,79.03,75.56,71.94,68.01,63.86,59.5,55.06,50.45,45.98,41.57,37.11,32.92,28.84,25.07,21.58,18.42,15.58,13.01,10.69,8.78,7.11,5.67,4.44,3.46,9.212,25.74,5.834,63.33,8.25,12.123,32.93,226.51,PRIMARY_ROTATION_TEAM_CONSTRAINED
00-0038606,Parker Washington,JAX,CLE,WR,WR,,WR1,ACT,3.0,2026,REG,1,2026 REG W1,401872922,2026-09-13T17:00Z,home,70.476,70.779,70.522,24.455,116.411,35.067,33,85.2,69.2,56.467,56.467,7.0,1.0,0.976,PLAYER_HISTORY,100000,NFL_RECEIVING_YARDS_V1,96.62,95.43,93.87,91.99,89.73,87.04,83.83,80.22,76.1,71.55,66.71,61.49,56.03,50.54,45.02,39.64,34.16,29.22,24.57,20.42,16.72,13.53,10.73,8.38,6.45,4.84,3.59,2.56,1.88,1.36,8.103,25.78,4.767,58.82,8.608,14.785,28.92,225.77,PRIMARY_ROTATION_TEAM_CONSTRAINED
00-0039064,Zay Flowers,BAL,IND,WR,WR,,WR1,ACT,3.0,2026,REG,1,2026 REG W1,401872659,2026-09-13T17:00Z,away,69.741,70.286,69.649,20.844,118.929,37.031,50,88.8,72.5,66.2,71.235,6.8,1.0,1.113,PLAYER_HISTORY,100000,NFL_RECEIVING_YARDS_V1,95.53,94.11,92.47,90.38,87.95,85.2,82.04,78.39,74.27,69.86,65.17,60.1,54.89,49.61,44.35,39.27,34.37,29.75,25.35,21.45,17.81,14.62,11.88,9.49,7.49,5.8,4.42,3.28,2.43,1.76,7.486,31.19,5.5,73.47,10.133,12.681,22.08,170.56,PRIMARY_ROTATION_TEAM_CONSTRAINED
00-0037240,Jameson Williams,DET,NO,WR,WR,,WR2,ACT,4.0,2026,REG,1,2026 REG W1,401872923,2026-09-13T17:00Z,home,68.453,69.361,68.302,13.932,123.01,40.588,44,82.2,82.8,65.733,65.706,7.8,1.0,0.991,PLAYER_HISTORY,100000,NFL_RECEIVING_YARDS_V1,93.25,91.57,89.55,87.28,84.64,81.61,78.29,74.72,70.81,66.64,62.26,57.73,53.1,48.42,43.86,39.35,34.8,30.52,26.51,22.8,19.38,16.34,13.63,11.29,9.24,7.44,5.91,4.68,3.65,2.82,6.92,19.71,4.39,63.44,10.602,15.593,32.31,262.17,PRIMARY_ROTATION_TEAM_CONSTRAINED
00-0040126,Colston Loveland,CHI,CAR,TE,TE,,TE1,ACT,1.0,2026,REG,1,2026 REG W1,401872661,2026-09-13T17:00Z,away,66.027,66.308,66.113,26.342,105.843,30.515,16,61.4,59.7,46.733,44.562,7.6,1.0,0.925,PLAYER_HISTORY,100000,NFL_RECEIVING_YARDS_V1,97.61,96.52,94.97,93.08,90.72,87.78,84.3,80.13,75.32,69.93,64.09,57.78,51.41,45.01,38.81,32.75,27.12,21.99,17.55,13.62,10.49,7.82,5.77,4.07,2.84,1.95,1.31,0.86,0.52,0.34,8.721,25.6,5.785,66.34,8.545,11.413,31.34,228.29,PRIMARY_ROTATION_TEAM_CONSTRAINED
00-0036410,Tee Higgins,CIN,TB,WR,WR,,WR2,ACT,6.0,2026,REG,1,2026 REG W1,401872925,2026-09-13T17:00Z,home,64.481,64.666,64.424,23.935,104.953,31.033,39,60.4,68.8,56.4,56.4,6.8,1.0,1.15,PLAYER_HISTORY,100000,NFL_RECEIVING_YARDS_V1,96.95,95.73,94.15,92.06,89.39,86.24,82.43,78.04,73.03,67.42,61.63,55.5,49.32,43.08,36.91,31.09,25.72,20.91,16.7,13.03,9.98,7.5,5.47,3.91,2.79,1.89,1.28,0.85,0.57,0.34,7.461,20.88,4.492,60.2,8.633,14.355,32.87,243.13,PRIMARY_ROTATION_TEAM_CONSTRAINED
00-0037238,Drake London,ATL,PIT,WR,WR,,WR1,ACT,4.0,2026,REG,1,2026 REG W1,401872658,2026-09-13T17:00Z,away,63.499,64.428,63.421,13.17,113.924,37.519,45,66.4,81.5,84.733,76.583,7.0,1.0,1.15,PLAYER_HISTORY,100000,NFL_RECEIVING_YARDS_V1,93.14,91.34,89.15,86.62,83.69,80.4,76.71,72.62,68.28,63.56,58.55,53.49,48.35,43.38,38.46,33.75,29.23,25.1,21.25,17.72,14.56,11.9,9.51,7.51,5.86,4.54,3.42,2.6,1.96,1.42,8.078,26.71,4.815,59.6,8.417,13.189,27.82,192.75,PRIMARY_ROTATION_TEAM_CONSTRAINED
00-0038124,Christian Watson,GB,MIN,WR,WR,,WR1,ACT,4.0,2026,REG,1,2026 REG W1,401872927,2026-09-13T20:25Z,away,63.37,64.146,63.187,13.807,113.123,37.063,33,65.6,61.1,56.533,61.1,6.2,1.0,0.991,PLAYER_HISTORY,100000,NFL_RECEIVING_YARDS_V1,93.43,91.62,89.45,86.88,83.92,80.55,76.72,72.6,68.05,63.21,58.36,53.3,48.11,43.09,38.11,33.31,28.79,24.56,20.61,17.19,14.21,11.56,9.19,7.27,5.66,4.36,3.29,2.45,1.76,1.26,6.975,25.52,4.077,58.44,10.61,15.545,25.15,202.4,PRIMARY_ROTATION_TEAM_CONSTRAINED
00-0035640,DK Metcalf,PIT,ATL,WR,WR,,WR1,ACT,7.0,2026,REG,1,2026 REG W1,401872658,2026-09-13T17:00Z,home,62.375,62.915,62.599,19.714,105.241,32.427,46,59.8,49.4,56.667,56.667,7.4,1.0,0.964,PLAYER_HISTORY,100000,NFL_RECEIVING_YARDS_V1,95.78,94.25,92.33,89.85,86.89,83.56,79.57,75.11,70.1,64.67,59.02,53.13,47.05,41.02,35.35,30.05,25.0,20.4,16.37,13.0,10.13,7.73,5.83,4.3,3.04,2.13,1.47,0.99,0.66,0.44,8.929,27.35,5.247,58.76,8.34,11.888,30.04,192.24,PRIMARY_ROTATION_TEAM_CONSTRAINED
00-0037744,Trey McBride,ARI,LAC,TE,TE,,TE1,ACT,4.0,2026,REG,1,2026 REG W1,401872926,2026-09-13T20:25Z,away,61.47,61.804,61.47,21.468,101.58,30.54,50,72.0,81.8,73.333,72.882,10.2,1.0,0.923,PLAYER_HISTORY,100000,NFL_RECEIVING_YARDS_V1,96.44,94.95,93.14,90.84,87.92,84.43,80.32,75.65,70.37,64.53,58.35,51.91,45.48,39.14,33.2,27.64,22.53,18.04,14.15,10.9,8.21,6.02,4.29,3.0,2.13,1.44,0.91,0.61,0.38,0.24,9.187,25.67,6.845,74.51,7.19,8.98,32.93,226.51,PRIMARY_ROTATION_TEAM_CONSTRAINED
00-0040735,Luther Burden III,CHI,CAR,WR,WR,,WR2,ACT,1.0,2026,REG,1,2026 REG W1,401872661,2026-09-13T17:00Z,away,61.018,62.0,61.272,13.42,108.967,35.652,15,71.4,50.2,43.467,43.467,6.4,1.0,0.925,PLAYER_HISTORY,100000,NFL_RECEIVING_YARDS_V1,93.46,91.54,89.19,86.49,83.29,79.91,75.9,71.58,66.77,61.77,56.63,51.34,46.02,40.77,35.57,30.76,26.16,21.97,18.25,14.9,12.05,9.5,7.4,5.73,4.3,3.24,2.37,1.74,1.24,0.88,6.829,20.05,4.905,71.83,10.085,12.439,31.34,228.29,PRIMARY_ROTATION_TEAM_CONSTRAINED
00-0036912,DeVonta Smith,PHI,WAS,WR,WR,,WR1,ACT,5.0,2026,REG,1,2026 REG W1,401872929,2026-09-13T20:25Z,home,59.894,60.633,59.708,12.441,107.442,35.41,46,41.2,50.4,62.6,59.294,5.4,1.0,1.143,PLAYER_HISTORY,100000,NFL_RECEIVING_YARDS_V1,93.08,91.11,88.74,85.87,82.57,78.85,74.76,70.23,65.54,60.37,55.1,49.7,44.31,39.15,34.04,29.17,24.81,20.74,17.12,13.91,11.21,8.83,6.85,5.27,3.99,2.95,2.17,1.56,1.12,0.78,7.406,26.48,4.891,66.04,8.953,12.247,25.73,177.71,PRIMARY_ROTATION_TEAM_CONSTRAINED
00-0037261,Khalil Shakir,BUF,HOU,WR,WR,,WR1,ACT,4.0,2026,REG,1,2026 REG W1,401872660,2026-09-13T17:00Z,away,59.236,59.403,59.269,22.32,96.063,28.199,47,31.0,45.1,43.667,44.938,4.8,1.0,0.992,PLAYER_HISTORY,100000,NFL_RECEIVING_YARDS_V1,97.07,95.7,93.84,91.36,88.26,84.48,79.97,74.82,68.95,62.66,55.78,48.99,41.95,35.31,29.27,23.57,18.51,14.22,10.63,7.77,5.51,3.85,2.58,1.69,1.05,0.64,0.38,0.23,0.12,0.06,8.082,27.08,6.401,79.21,7.475,9.254,27.46,214.36,PRIMARY_ROTATION_TEAM_CONSTRAINED
00-0038544,Quentin Johnston,LAC,ARI,WR,WR,,WR1,ACT,3.0,2026,REG,1,2026 REG W1,401872926,2026-09-13T20:25Z,home,59.045,60.008,59.208,12.269,106.11,34.952,45,46.6,49.6,64.6,56.538,4.4,1.0,1.012,PLAYER_HISTORY,100000,NFL_RECEIVING_YARDS_V1,93.08,91.06,88.66,85.84,82.54,78.74,74.46,70.04,65.11,59.88,54.5,49.14,43.67,38.31,33.24,28.35,24.0,19.96,16.48,13.23,10.52,8.25,6.4,4.87,3.67,2.77,2.01,1.4,0.96,0.67,7.322,24.06,4.162,56.84,7.947,14.187,27.99,190.28,PRIMARY_ROTATION_TEAM_CONSTRAINED
00-0031408,Mike Evans,SF,LAR,WR,WR,,WR1,ACT,12.0,2026,REG,1,2026 REG W1,401872657,2026-09-11T00:35Z,away,58.739,59.745,59.038,12.163,105.66,34.738,39,45.6,55.4,69.133,46.0,6.8,1.0,1.129,PLAYER_HISTORY,100000,NFL_RECEIVING_YARDS_V1,93.01,90.95,88.6,85.67,82.38,78.73,74.42,69.88,65.02,59.81,54.37,48.91,43.46,38.08,33.01,28.14,23.72,19.75,16.18,13.02,10.3,8.04,6.16,4.62,3.45,2.48,1.77,1.24,0.87,0.59,7.511,24.98,4.695,62.5,8.289,12.512,27.67,215.26,PRIMARY_ROTATION_TEAM_CONSTRAINED
00-0040663,Harold Fannin Jr.,CLE,JAX,TE,TE,,TE1,ACT,1.0,2026,REG,1,2026 REG W1,401872922,2026-09-13T17:00Z,away,58.707,58.696,58.707,27.25,89.754,24.268,16,53.8,47.7,44.533,45.688,7.6,1.0,1.022,PLAYER_HISTORY,100000,NFL_RECEIVING_YARDS_V1,98.57,97.67,96.23,94.29,91.52,87.9,83.3,77.68,71.11,63.75,55.95,47.88,39.84,32.21,25.25,19.18,13.98,9.83,6.76,4.46,2.85,1.77,1.03,0.62,0.33,0.18,0.09,0.04,0.02,0.01,7.867,26.88,5.218,66.33,6.816,11.251,26.93,175.02,PRIMARY_ROTATION_TEAM_CONSTRAINED
00-0034348,Courtland Sutton,DEN,KC,WR,WR,,WR1,ACT,8.0,2026,REG,1,2026 REG W1,401872931,2026-09-15T00:15Z,away,58.326,58.877,58.308,17.144,100.064,31.321,49,61.2,54.8,63.333,59.824,8.8,1.0,0.948,PLAYER_HISTORY,100000,NFL_RECEIVING_YARDS_V1,95.1,93.39,91.11,88.34,85.01,81.06,76.53,71.56,66.08,60.25,54.12,47.9,41.86,35.94,30.34,25.21,20.51,16.45,13.01,10.02,7.55,5.57,4.0,2.81,1.97,1.33,0.87,0.59,0.39,0.25,8.849,25.84,5.022,56.76,7.396,11.614,31.5,202.45,PRIMARY_ROTATION_TEAM_CONSTRAINED
00-0039337,Malik Nabers,NYG,DAL,WR,WR,,WR1,ACT,2.0,2026,REG,1,2026 REG W1,401872930,2026-09-14T00:20Z,home,57.186,58.067,57.354,11.924,102.363,33.745,19,67.0,80.4,72.6,67.75,8.6,1.0,1.135,PLAYER_HISTORY,100000,NFL_RECEIVING_YARDS_V1,93.06,90.91,88.36,85.32,81.89,78.02,73.57,68.79,63.57,58.24,52.71,47.03,41.45,35.99,30.79,26.04,21.62,17.77,14.24,11.24,8.79,6.79,5.13,3.81,2.78,1.96,1.35,0.95,0.62,0.43,8.492,30.16,5.106,60.13,7.118,11.199,25.9,174.48,PRIMARY_ROTATION_TEAM_CONSTRAINED
00-0038117,Wan'Dale Robinson,TEN,NYJ,WR,WR,,WR1,ACT,4.0,2026,REG,1,2026 REG W1,401872924,2026-09-13T17:00Z,home,56.862,57.83,57.132,12.019,102.079,33.585,48,75.2,66.3,63.933,63.375,10.4,1.0,0.927,PLAYER_HISTORY,100000,NFL_RECEIVING_YARDS_V1,93.0,90.96,88.44,85.44,81.9,77.98,73.49,68.68,63.47,57.99,52.45,46.62,41.06,35.59,30.43,25.62,21.24,17.33,13.89,11.03,8.61,6.59,5.03,3.71,2.71,1.99,1.39,0.96,0.64,0.41,9.19,30.34,5.987,65.15,7.265,9.497,27.87,169.69,PRIMARY_ROTATION_TEAM_CONSTRAINED
00-0036613,Jaylen Waddle,DEN,KC,WR,WR,,WR2,ACT,5.0,2026,REG,1,2026 REG W1,401872931,2026-09-15T00:15Z,away,56.498,56.82,56.528,17.244,95.297,29.613,45,37.6,52.0,58.667,56.875,5.4,1.0,0.948,PLAYER_HISTORY,100000,NFL_RECEIVING_YARDS_V1,95.41,93.6,91.26,88.37,84.8,80.64,75.89,70.5,64.65,58.45,52.03,45.55,39.13,33.04,27.11,21.98,17.29,13.41,10.18,7.59,5.51,3.94,2.71,1.8,1.19,0.78,0.51,0.3,0.2,0.12,6.844,19.99,4.323,63.16,9.263,13.071,31.5,202.45,PRIMARY_ROTATION_TEAM_CONSTRAINED
00-0039067,Rashee Rice,KC,DEN,WR,WR,,WR1,ACT,3.0,2026,REG,1,2026 REG W1,401872931,2026-09-15T00:15Z,home,56.406,56.95,56.387,14.436,98.404,31.612,27,71.2,75.6,80.4,71.375,10.4,1.0,0.974,PLAYER_HISTORY,100000,NFL_RECEIVING_YARDS_V1,94.07,92.08,89.65,86.59,82.96,78.92,74.21,69.11,63.53,57.65,51.64,45.53,39.67,33.83,28.56,23.64,19.33,15.39,11.88,9.15,6.87,5.06,3.63,2.64,1.85,1.26,0.85,0.56,0.37,0.22,9.13,30.72,6.717,73.57,8.007,8.397,27.34,174.65,PRIMARY_ROTATION_TEAM_CONSTRAINED
00-0037664,Alec Pierce,IND,BAL,WR,WR,,WR3,ACT,4.0,2026,REG,1,2026 REG W1,401872659,2026-09-13T17:00Z,home,55.979,56.676,55.86,11.397,100.279,33.032,48,62.8,68.6,66.867,66.867,5.0,1.0,1.084,PLAYER_HISTORY,100000,NFL_RECEIVING_YARDS_V1,92.9,90.67,88.12,85.1,81.42,77.33,72.61,67.74,62.39,56.84,51.03,45.25,39.65,34.17,29.12,24.32,20.01,16.23,12.92,10.14,7.71,5.85,4.38,3.21,2.32,1.66,1.16,0.78,0.5,0.32,5.112,16.19,2.86,55.95,11.94,19.572,29.05,198.25,PRIMARY_ROTATION_TEAM_CONSTRAINED
00-0038996,Tucker Kraft,GB,MIN,TE,TE,,TE1,ACT,3.0,2026,REG,1,2026 REG W1,401872927,2026-09-13T20:25Z,away,55.062,55.805,55.122,11.293,98.679,32.516,35,64.0,57.8,54.667,61.125,5.8,1.0,0.991,PLAYER_HISTORY,100000,NFL_RECEIVING_YARDS_V1,92.88,90.65,88.0,84.73,81.07,76.89,72.22,67.16,61.64,55.97,50.14,44.32,38.5,32.96,27.83,23.22,18.98,15.29,12.03,9.34,7.05,5.34,3.91,2.8,1.99,1.37,0.95,0.64,0.42,0.29,6.039,22.09,4.47,74.03,10.649,12.318,25.15,202.4,PRIMARY_ROTATION_TEAM_CONSTRAINED
00-0035676,A.J. Brown,NE,SEA,WR,WR,,WR1,ACT,7.0,2026,REG,1,2026 REG W1,401872656,2026-09-10T00:20Z,away,54.225,54.906,54.34,10.891,97.24,32.003,46,66.0,75.5,68.067,26.0,7.6,1.0,1.015,PLAYER_HISTORY,100000,NFL_RECEIVING_YARDS_V1,92.79,90.46,87.7,84.48,80.67,76.32,71.69,66.47,60.82,55.01,49.19,43.3,37.49,31.86,26.71,22.03,17.94,14.29,11.21,8.58,6.44,4.69,3.44,2.47,1.7,1.16,0.78,0.53,0.34,0.2,7.579,26.17,4.806,63.41,8.285,11.283,26.64,197.29,PRIMARY_ROTATION_TEAM_CONSTRAINED
00-0036322,Justin Jefferson,MIN,GB,WR,WR,,WR1,ACT,6.0,2026,REG,1,2026 REG W1,401872927,2026-09-13T20:25Z,home,54.122,54.901,54.053,11.209,97.19,32.053,44,49.8,44.6,61.533,61.647,7.2,1.0,0.986,PLAYER_HISTORY,100000,NFL_RECEIVING_YARDS_V1,92.89,90.62,87.84,84.57,80.67,76.37,71.59,66.36,60.7,54.84,48.88,42.93,37.19,31.77,26.73,22.07,17.9,14.22,11.17,8.68,6.54,4.81,3.5,2.51,1.81,1.28,0.86,0.57,0.37,0.22,7.295,27.96,4.389,60.16,7.211,12.333,24.0,168.06,PRIMARY_ROTATION_TEAM_CONSTRAINED
00-0036040,Juwan Johnson,NO,DET,TE,TE,,TE1,ACT,6.0,2026,REG,1,2026 REG W1,401872923,2026-09-13T17:00Z,away,53.688,53.909,53.862,21.216,86.283,24.938,45,62.6,57.4,50.933,52.294,5.2,1.0,1.107,PLAYER_HISTORY,100000,NFL_RECEIVING_YARDS_V1,97.25,95.75,93.67,90.85,87.12,82.59,77.15,70.76,63.58,56.05,48.2,40.25,32.78,26.05,19.97,14.94,10.89,7.65,5.14,3.31,2.11,1.28,0.76,0.48,0.26,0.14,0.07,0.04,0.02,0.01,5.79,17.8,4.519,78.05,9.317,11.881,29.93,229.79,PRIMARY_ROTATION_TEAM_CONSTRAINED
00-0031381,Davante Adams,LAR,SF,WR,WR,,WR2,ACT,12.0,2026,REG,1,2026 REG W1,401872657,2026-09-11T00:35Z,home,53.59,54.251,53.496,11.011,95.966,31.639,45,44.2,52.0,58.467,56.357,7.2,1.0,1.016,PLAYER_HISTORY,100000,NFL_RECEIVING_YARDS_V1,92.86,90.51,87.74,84.34,80.48,76.02,71.1,65.77,59.99,54.11,48.23,42.32,36.57,31.08,25.96,21.3,17.14,13.47,10.48,8.03,6.07,4.42,3.21,2.25,1.56,1.03,0.67,0.44,0.29,0.19,8.414,23.29,4.35,51.69,6.924,12.32,33.24,259.28,PRIMARY_ROTATION_TEAM_CONSTRAINED
00-0038933,Dalton Kincaid,BUF,HOU,TE,TE,,TE1,ACT,3.0,2026,REG,1,2026 REG W1,401872660,2026-09-13T17:00Z,away,53.088,53.08,52.977,21.519,84.421,24.199,41,32.0,48.6,44.2,47.583,3.2,1.0,0.992,PLAYER_HISTORY,100000,NFL_RECEIVING_YARDS_V1,97.45,96.01,93.84,91.02,87.3,82.47,76.76,70.03,62.69,54.81,46.71,38.77,31.18,24.46,18.48,13.53,9.62,6.52,4.23,2.68,1.64,0.97,0.56,0.33,0.19,0.09,0.04,0.02,0.01,0.01,4.986,16.71,3.895,78.12,10.859,13.63,27.46,214.36,PRIMARY_ROTATION_TEAM_CONSTRAINED
00-0039919,Rome Odunze,CHI,CAR,WR,WR,,WR1,ACT,2.0,2026,REG,1,2026 REG W1,401872661,2026-09-13T17:00Z,away,52.817,53.248,52.833,13.774,91.692,29.377,29,37.6,49.6,51.4,55.083,6.8,1.0,0.925,PLAYER_HISTORY,100000,NFL_RECEIVING_YARDS_V1,94.12,92.0,89.22,85.86,81.67,77.06,72.03,66.34,60.16,53.77,47.15,40.55,34.34,28.46,23.09,18.39,14.29,10.99,8.27,6.08,4.38,3.1,2.13,1.42,0.91,0.57,0.36,0.21,0.11,0.06,8.083,23.73,3.886,48.08,7.375,13.592,31.34,228.29,PRIMARY_ROTATION_TEAM_CONSTRAINED
00-0039849,Marvin Harrison Jr.,ARI,LAC,WR,WR,,WR2,ACT,2.0,2026,REG,1,2026 REG W1,401872926,2026-09-13T20:25Z,away,52.816,53.063,52.817,20.451,85.317,24.893,29,42.4,51.0,53.733,50.667,6.6,1.0,0.923,PLAYER_HISTORY,100000,NFL_RECEIVING_YARDS_V1,97.15,95.55,93.33,90.32,86.43,81.71,76.01,69.44,62.15,54.39,46.62,38.97,31.66,25.08,19.18,14.2,10.24,7.16,4.81,3.19,1.96,1.2,0.7,0.37,0.2,0.1,0.06,0.03,0.01,0.01,6.83,19.08,3.943,57.73,8.309,13.394,32.93,226.51,PRIMARY_ROTATION_TEAM_CONSTRAINED
00-0040124,Tetairoa McMillan,CAR,CHI,WR,WR,,WR1,ACT,1.0,2026,REG,1,2026 REG W1,401872661,2026-09-13T17:00Z,home,52.295,52.941,52.382,12.886,92.073,29.655,17,46.2,60.1,56.4,59.647,5.2,1.0,1.021,PLAYER_HISTORY,100000,NFL_RECEIVING_YARDS_V1,93.73,91.54,88.68,85.16,81.16,76.63,71.36,65.68,59.61,53.19,46.55,40.18,34.04,28.29,23.12,18.6,14.6,11.21,8.4,6.14,4.4,3.09,2.09,1.42,0.9,0.58,0.36,0.21,0.13,0.07,7.189,25.66,4.299,59.8,8.618,12.163,25.77,174.32,PRIMARY_ROTATION_TEAM_CONSTRAINED
00-0033288,George Kittle,SF,LAR,TE,TE,,TE1,ACT,9.0,2026,REG,1,2026 REG W1,401872657,2026-09-11T00:35Z,away,52.295,52.958,52.173,10.912,93.747,30.856,42,75.4,60.3,62.267,57.091,7.8,1.0,1.129,PLAYER_HISTORY,100000,NFL_RECEIVING_YARDS_V1,92.83,90.47,87.57,84.15,80.09,75.39,70.29,64.77,58.74,52.69,46.56,40.41,34.61,29.03,24.0,19.5,15.56,12.2,9.34,7.01,5.23,3.75,2.61,1.79,1.22,0.81,0.52,0.34,0.21,0.13,5.739,19.08,4.793,83.52,9.659,10.912,27.67,215.26,PRIMARY_ROTATION_TEAM_CONSTRAINED
00-0034960,Jakobi Meyers,JAX,CLE,WR,WR,,WR2,ACT,7.0,2026,REG,1,2026 REG W1,401872922,2026-09-13T17:00Z,home,51.475,51.535,51.331,20.072,82.81,24.09,47,47.6,50.6,49.2,52.188,8.0,1.0,0.976,PLAYER_HISTORY,100000,NFL_RECEIVING_YARDS_V1,97.1,95.39,93.11,90.06,85.97,80.87,74.89,68.0,60.24,52.16,44.08,36.24,28.82,22.29,16.7,12.12,8.59,5.78,3.73,2.32,1.41,0.84,0.48,0.25,0.14,0.07,0.03,0.02,0.01,0.01,6.872,21.86,4.631,67.39,7.413,11.114,28.92,225.77,PRIMARY_ROTATION_TEAM_CONSTRAINED
00-0037740,Garrett Wilson,NYJ,TEN,WR,WR,,WR1,ACT,4.0,2026,REG,1,2026 REG W1,401872924,2026-09-13T17:00Z,away,51.194,51.908,51.243,10.51,91.481,30.176,41,50.0,56.6,55.733,56.429,8.4,1.0,0.986,PLAYER_HISTORY,100000,NFL_RECEIVING_YARDS_V1,92.75,90.29,87.36,83.86,79.61,74.89,69.69,64.01,57.92,51.59,45.3,39.04,33.19,27.57,22.48,17.97,14.24,10.87,8.22,6.13,4.45,3.21,2.19,1.48,0.98,0.66,0.43,0.26,0.17,0.1,8.477,28.49,5.485,64.71,7.025,9.334,27.37,147.21,PRIMARY_ROTATION_TEAM_CONSTRAINED
00-0034827,DJ Moore,BUF,HOU,WR,WR,,WR2,ACT,8.0,2026,REG,1,2026 REG W1,401872660,2026-09-13T17:00Z,away,50.843,51.285,50.899,15.66,86.251,26.841,51,36.0,35.1,37.867,40.118,4.4,1.0,0.992,PLAYER_HISTORY,100000,NFL_RECEIVING_YARDS_V1,95.16,93.1,90.38,86.87,82.67,77.57,71.82,65.39,58.47,51.27,44.1,37.06,30.41,24.49,19.2,14.62,10.82,7.87,5.56,3.81,2.53,1.64,1.06,0.66,0.38,0.21,0.12,0.06,0.03,0.02,6.554,21.96,3.733,56.96,7.911,13.619,27.46,214.36,PRIMARY_ROTATION_TEAM_CONSTRAINED
00-0036970,Kyle Pitts,ATL,PIT,TE,TE,,TE1,ACT,5.0,2026,REG,1,2026 REG W1,401872658,2026-09-13T17:00Z,away,49.981,50.675,50.065,10.074,89.707,29.601,51,77.4,58.4,55.467,54.588,8.6,1.0,1.15,PLAYER_HISTORY,100000,NFL_RECEIVING_YARDS_V1,92.66,90.03,86.95,83.25,78.82,73.89,68.47,62.68,56.46,50.1,43.69,37.31,31.39,26.04,21.06,16.68,13.06,9.83,7.33,5.34,3.8,2.64,1.81,1.17,0.74,0.47,0.29,0.18,0.1,0.06,6.754,22.33,4.953,73.33,7.924,10.091,27.82,192.75,PRIMARY_ROTATION_TEAM_CONSTRAINED
00-0035659,Terry McLaurin,WAS,PHI,WR,WR,,WR1,ACT,7.0,2026,REG,1,2026 REG W1,401872929,2026-09-13T20:25Z,away,49.913,50.696,49.982,10.969,89.064,29.124,44,56.6,58.2,57.0,58.2,5.0,1.0,0.856,PLAYER_HISTORY,100000,NFL_RECEIVING_YARDS_V1,93.02,90.57,87.46,83.84,79.64,74.48,68.94,62.88,56.47,49.96,43.59,37.21,31.3,25.74,20.71,16.28,12.6,9.5,6.98,5.02,3.56,2.44,1.64,1.03,0.66,0.41,0.25,0.15,0.09,0.05,6.097,25.4,3.646,59.8,8.588,13.689,22.08,165.71,PRIMARY_ROTATION_TEAM_CONSTRAINED
00-0039065,Sam LaPorta,DET,NO,TE,TE,,TE1,ACT,3.0,2026,REG,1,2026 REG W1,401872923,2026-09-13T17:00Z,home,49.489,49.931,49.468,13.7,85.191,27.001,42,62.4,55.2,55.333,54.333,5.6,1.0,0.991,PLAYER_HISTORY,100000,NFL_RECEIVING_YARDS_V1,94.47,92.14,89.17,85.48,81.04,75.78,69.73,63.18,56.3,49.27,42.37,35.42,28.89,23.08,18.14,13.75,10.11,7.31,5.16,3.54,2.36,1.51,0.98,0.6,0.35,0.22,0.12,0.06,0.03,0.02,5.759,16.4,4.546,78.95,9.211,10.885,32.31,262.17,PRIMARY_ROTATION_TEAM_CONSTRAINED
00-0040129,Emeka Egbuka,TB,CIN,WR,WR,,WR1,ACT,1.0,2026,REG,1,2026 REG W1,401872925,2026-09-13T17:00Z,away,49.123,49.897,49.244,10.176,88.135,29.078,17,29.4,41.1,56.133,55.176,5.2,1.0,1.028,PLAYER_HISTORY,100000,NFL_RECEIVING_YARDS_V1,92.61,90.08,86.82,83.1,78.59,73.62,67.98,61.9,55.54,49.01,42.49,36.25,30.3,24.78,19.89,15.61,11.97,8.95,6.64,4.75,3.36,2.35,1.56,1.0,0.62,0.37,0.23,0.14,0.08,0.05,7.096,23.01,3.424,48.25,7.386,14.348,28.38,197.7,PRIMARY_ROTATION_TEAM_CONSTRAINED
00-0033921,Chris Godwin Jr.,TB,CIN,WR,WR,,WR2,ACT,9.0,2026,REG,1,2026 REG W1,401872925,2026-09-13T17:00Z,away,48.277,48.847,48.124,9.743,86.542,28.618,33,44.2,42.5,56.867,40.0,5.6,1.0,1.028,PLAYER_HISTORY,100000,NFL_RECEIVING_YARDS_V1,92.56,89.87,86.51,82.56,77.95,72.69,66.91,60.69,54.23,47.48,40.98,34.58,28.62,23.33,18.57,14.45,10.92,8.15,5.94,4.22,2.97,2.03,1.33,0.86,0.53,0.35,0.2,0.11,0.07,0.04,6.341,20.56,4.529,71.43,8.124,10.659,28.38,197.7,PRIMARY_ROTATION_TEAM_CONSTRAINED
00-0033908,Cooper Kupp,SEA,NE,WR,WR,,WR2,ACT,9.0,2026,REG,1,2026 REG W1,401872656,2026-09-10T00:20Z,home,47.943,48.041,47.936,22.427,73.675,19.809,41,31.0,33.5,34.867,35.0,4.0,1.0,0.962,PLAYER_HISTORY,100000,NFL_RECEIVING_YARDS_V1,98.49,97.17,95.11,92.01,87.54,81.66,74.2,65.44,55.99,45.82,36.2,27.27,19.59,13.51,8.92,5.54,3.19,1.79,0.92,0.46,0.22,0.1,0.03,0.01,0.01,0.0,0.0,0.0,0.0,0.0,5.979,21.3,3.837,64.18,8.418,12.493,25.83,199.61,PRIMARY_ROTATION_TEAM_CONSTRAINED
00-0033555,Mack Hollins,NE,SEA,WR,WR,,WR2,ACT,9.0,2026,REG,1,2026 REG W1,401872656,2026-09-10T00:20Z,away,47.709,48.223,47.791,12.907,82.591,26.274,40,42.8,53.1,40.067,51.0,6.4,1.0,1.015,PLAYER_HISTORY,100000,NFL_RECEIVING_YARDS_V1,94.22,91.68,88.57,84.62,79.84,74.25,68.13,61.32,54.13,46.81,39.57,32.71,26.57,20.7,15.91,11.79,8.53,6.01,4.06,2.68,1.77,1.11,0.69,0.41,0.22,0.12,0.07,0.04,0.02,0.01,5.839,20.17,4.149,71.05,9.461,11.499,26.64,197.29,PRIMARY_ROTATION_TEAM_CONSTRAINED
00-0039915,Ladd McConkey,LAC,ARI,WR,WR,,WR2,ACT,2.0,2026,REG,1,2026 REG W1,401872926,2026-09-13T20:25Z,home,47.639,48.287,47.587,9.856,85.228,28.05,32,29.0,47.6,47.667,49.312,4.4,1.0,1.012,PLAYER_HISTORY,100000,NFL_RECEIVING_YARDS_V1,92.64,89.91,86.61,82.59,77.93,72.59,66.75,60.29,53.62,46.77,40.15,33.79,27.88,22.34,17.57,13.53,10.16,7.46,5.34,3.74,2.51,1.65,1.04,0.66,0.41,0.24,0.15,0.09,0.06,0.03,6.448,21.19,3.896,60.42,7.281,12.229,27.99,190.28,PRIMARY_ROTATION_TEAM_CONSTRAINED
00-0039338,Brock Bowers,LV,MIA,TE,TE,,TE1,ACT,2.0,2026,REG,1,2026 REG W1,401872928,2026-09-13T20:25Z,home,46.99,47.704,47.095,9.711,84.456,27.802,29,45.0,53.9,60.4,56.667,6.2,1.0,0.922,PLAYER_HISTORY,100000,NFL_RECEIVING_YARDS_V1,92.48,89.86,86.4,82.36,77.49,72.04,66.03,59.56,52.79,46.11,39.38,32.87,26.98,21.51,16.85,12.88,9.67,6.98,4.96,3.42,2.3,1.55,1.03,0.64,0.38,0.21,0.12,0.07,0.04,0.02,7.032,24.92,5.259,74.78,7.878,8.935,25.96,162.45,PRIMARY_ROTATION_TEAM_CONSTRAINED
00-0038608,Kayshon Boutte,HOU,BUF,WR,WR,,WR3,ACT,3.0,2026,REG,1,2026 REG W1,401872660,2026-09-13T17:00Z,home,46.355,46.847,46.137,9.386,83.159,27.405,32,24.0,38.6,44.533,39.357,3.0,1.0,0.924,PLAYER_HISTORY,100000,NFL_RECEIVING_YARDS_V1,92.42,89.61,86.15,81.95,76.98,71.31,65.1,58.44,51.6,44.68,37.91,31.39,25.64,20.29,15.83,12.03,8.94,6.41,4.53,3.03,2.06,1.32,0.85,0.52,0.3,0.18,0.1,0.06,0.03,0.02,5.151,15.69,3.148,61.11,10.593,14.725,30.2,206.26,PRIMARY_ROTATION_TEAM_CONSTRAINED
00-0037252,Greg Dulcich,MIA,LV,TE,TE,,TE1,ACT,4.0,2026,REG,1,2026 REG W1,401872928,2026-09-13T20:25Z,away,46.102,46.098,46.143,23.662,68.253,17.348,14,44.4,33.5,27.714,37.222,3.6,1.0,0.969,PLAYER_HISTORY,100000,NFL_RECEIVING_YARDS_V1,99.11,98.08,96.26,93.26,88.57,82.11,73.81,63.68,52.62,41.3,30.53,21.13,13.75,8.41,4.77,2.54,1.26,0.59,0.27,0.1,0.04,0.02,0.01,0.0,0.0,0.0,0.0,0.0,0.0,0.0,5.093,19.48,3.534,69.39,7.918,13.046,24.05,179.61,PRIMARY_ROTATION_TEAM_CONSTRAINED
00-0038935,Brenton Strange,JAX,CLE,TE,TE,,TE1,ACT,3.0,2026,REG,1,2026 REG W1,401872922,2026-09-13T17:00Z,home,45.843,45.896,45.646,16.27,75.174,22.562,31,39.6,46.4,41.467,45.0,5.4,1.0,0.976,PLAYER_HISTORY,100000,NFL_RECEIVING_YARDS_V1,96.12,93.97,90.91,86.81,81.59,75.24,67.91,59.72,51.1,42.57,34.3,26.69,19.92,14.51,10.12,6.83,4.42,2.8,1.68,0.95,0.52,0.27,0.14,0.07,0.03,0.01,0.01,0.0,0.0,0.0,5.215,16.59,3.874,74.29,8.7,11.833,28.92,225.77,PRIMARY_ROTATION_TEAM_CONSTRAINED
00-0036407,Jerry Jeudy,CLE,JAX,WR,WR,,WR1,ACT,6.0,2026,REG,1,2026 REG W1,401872922,2026-09-13T17:00Z,away,44.623,45.013,44.643,12.654,76.508,24.125,50,36.2,34.5,32.333,35.412,5.2,1.0,1.022,PLAYER_HISTORY,100000,NFL_RECEIVING_YARDS_V1,94.44,91.77,88.18,83.77,78.44,72.18,65.1,57.37,49.42,41.66,33.97,26.9,20.74,15.45,11.18,7.8,5.31,3.44,2.16,1.31,0.76,0.43,0.23,0.11,0.05,0.02,0.01,0.01,0.0,0.0,7.564,25.84,3.446,45.56,5.389,12.95,26.93,175.02,PRIMARY_ROTATION_TEAM_CONSTRAINED
00-0036252,Michael Pittman,PIT,ATL,WR,WR,,WR2,ACT,6.0,2026,REG,1,2026 REG W1,401872658,2026-09-13T17:00Z,home,44.562,45.174,44.501,9.275,79.999,26.323,49,32.8,43.3,44.267,46.118,5.8,1.0,0.964,PLAYER_HISTORY,100000,NFL_RECEIVING_YARDS_V1,92.4,89.53,85.84,81.43,76.12,70.07,63.41,56.51,49.23,42.15,35.19,28.67,22.88,17.78,13.48,10.0,7.25,5.05,3.4,2.21,1.45,0.91,0.52,0.31,0.17,0.1,0.06,0.03,0.02,0.01,7.852,24.05,5.609,71.43,6.776,7.945,30.04,192.24,PRIMARY_ROTATION_TEAM_CONSTRAINED
00-0039491,Jalen Coker,CAR,CHI,WR,WR,,WR2,ACT,2.0,2026,REG,1,2026 REG W1,401872661,2026-09-13T17:00Z,home,44.135,44.603,44.125,10.688,77.452,25.077,22,48.8,39.4,40.6,35.818,4.8,1.0,1.021,PLAYER_HISTORY,100000,NFL_RECEIVING_YARDS_V1,93.39,90.44,86.78,82.18,76.71,70.5,63.67,56.24,48.68,41.04,33.83,27.14,21.2,15.98,11.84,8.43,5.86,3.91,2.58,1.63,1.04,0.63,0.34,0.19,0.1,0.06,0.03,0.01,0.0,0.0,5.699,20.34,4.378,76.81,9.174,10.081,25.77,174.32,PRIMARY_ROTATION_TEAM_CONSTRAINED
00-0036244,Colby Parkinson,LAR,SF,TE,TE,,TE1,ACT,6.0,2026,REG,1,2026 REG W1,401872657,2026-09-11T00:35Z,home,43.213,43.312,43.187,17.565,68.8,19.735,43,43.4,35.0,27.6,29.143,6.0,1.0,1.016,PLAYER_HISTORY,100000,NFL_RECEIVING_YARDS_V1,97.16,95.15,92.08,87.71,81.97,74.61,65.84,56.33,46.34,36.78,27.68,19.97,13.77,8.99,5.61,3.31,1.85,0.97,0.49,0.23,0.12,0.06,0.03,0.01,0.0,0.0,0.0,0.0,0.0,0.0,5.648,15.63,4.022,71.21,8.318,10.745,33.24,259.28,PRIMARY_ROTATION_TEAM_CONSTRAINED
00-0031588,Stefon Diggs,WAS,PHI,WR,WR,,WR2,ACT,11.0,2026,REG,1,2026 REG W1,401872929,2026-09-13T20:25Z,away,43.146,43.716,43.103,8.785,77.286,25.479,42,66.8,55.7,61.6,59.588,5.4,1.0,0.856,PLAYER_HISTORY,100000,NFL_RECEIVING_YARDS_V1,92.23,89.18,85.34,80.68,75.21,68.94,62.04,54.67,47.17,39.8,32.81,26.43,20.66,15.64,11.63,8.29,5.78,3.93,2.64,1.69,1.03,0.6,0.35,0.2,0.11,0.06,0.03,0.01,0.01,0.0,5.227,21.78,4.12,78.82,8.659,10.472,22.08,165.71,PRIMARY_ROTATION_TEAM_CONSTRAINED
00-0038563,Tre Tucker,LV,MIA,WR,WR,,WR1,ACT,3.0,2026,REG,1,2026 REG W1,401872928,2026-09-13T20:25Z,home,42.811,43.396,42.71,9.37,76.528,25.09,46,29.2,30.7,42.0,40.941,5.0,1.0,0.922,PLAYER_HISTORY,100000,NFL_RECEIVING_YARDS_V1,92.62,89.59,85.6,80.84,75.1,68.62,61.54,54.1,46.5,39.09,32.14,25.73,19.95,15.11,11.04,7.86,5.4,3.6,2.38,1.5,0.93,0.57,0.31,0.16,0.08,0.05,0.03,0.01,0.0,0.0,6.49,23.0,4.166,64.2,7.778,10.276,25.96,162.45,PRIMARY_ROTATION_TEAM_CONSTRAINED
00-0037666,Jalen Tolbert,MIA,LV,WR,WR,,WR2,ACT,4.0,2026,REG,1,2026 REG W1,401872928,2026-09-13T20:25Z,away,42.694,42.821,42.661,16.441,68.874,20.143,41,18.8,20.3,24.133,18.455,2.8,1.0,0.969,PLAYER_HISTORY,100000,NFL_RECEIVING_YARDS_V1,96.74,94.5,91.18,86.62,80.61,73.24,64.71,55.16,45.39,35.93,27.37,19.85,13.79,9.05,5.71,3.43,2.0,1.11,0.56,0.27,0.12,0.07,0.02,0.01,0.0,0.0,0.0,0.0,0.0,0.0,5.055,19.34,2.889,57.14,7.388,14.78,24.05,179.61,PRIMARY_ROTATION_TEAM_CONSTRAINED
00-0039146,Jayden Reed,GB,MIN,WR,WR,,WR2,ACT,3.0,2026,REG,1,2026 REG W1,401872927,2026-09-13T20:25Z,away,42.42,42.985,42.345,8.698,76.048,25.049,38,41.4,37.1,40.8,41.4,4.4,1.0,0.991,PLAYER_HISTORY,100000,NFL_RECEIVING_YARDS_V1,92.23,89.09,85.12,80.32,74.64,68.21,61.08,53.57,46.09,38.62,31.56,25.22,19.56,14.66,10.72,7.61,5.27,3.5,2.23,1.36,0.82,0.49,0.27,0.14,0.08,0.04,0.02,0.01,0.0,0.0,5.67,20.74,4.276,75.41,8.738,9.921,25.15,202.4,PRIMARY_ROTATION_TEAM_CONSTRAINED
00-0030279,Keenan Allen,IND,BAL,WR,WR,,WR1,ACT,13.0,2026,REG,1,2026 REG W1,401872659,2026-09-13T17:00Z,home,41.732,42.463,41.718,8.727,74.99,24.748,45,31.0,34.2,43.2,45.706,6.2,1.0,1.084,PLAYER_HISTORY,100000,NFL_RECEIVING_YARDS_V1,92.27,89.15,85.11,80.22,74.31,67.63,60.35,52.65,45.13,37.69,30.65,24.26,18.64,13.85,9.99,7.06,4.92,3.22,2.04,1.24,0.75,0.47,0.29,0.15,0.08,0.04,0.02,0.01,0.01,0.0,7.634,24.17,4.865,63.73,5.961,8.579,29.05,198.25,PRIMARY_ROTATION_TEAM_CONSTRAINED
00-0039424,Devaughn Vele,NO,DET,WR,WR,,WR2,ACT,2.0,2026,REG,1,2026 REG W1,401872923,2026-09-13T17:00Z,away,41.694,42.292,41.86,9.371,74.145,24.195,22,50.8,34.3,32.467,32.556,5.8,1.0,1.107,PLAYER_HISTORY,100000,NFL_RECEIVING_YARDS_V1,92.65,89.55,85.58,80.59,74.78,68.01,60.55,52.87,44.94,37.2,29.94,23.53,17.84,13.09,9.41,6.51,4.36,2.88,1.84,1.1,0.64,0.34,0.18,0.09,0.04,0.03,0.01,0.0,0.0,0.0,5.661,17.4,3.499,61.82,7.4,11.914,29.93,229.79,PRIMARY_ROTATION_TEAM_CONSTRAINED
00-0039410,Ryan Flournoy,DAL,NYG,WR,WR,,WR3,ACT,2.0,2026,REG,1,2026 REG W1,401872930,2026-09-14T00:20Z,away,41.132,41.743,41.111,8.391,73.842,24.349,20,55.0,32.6,32.8,36.538,6.0,1.0,0.945,PLAYER_HISTORY,100000,NFL_RECEIVING_YARDS_V1,92.22,88.84,84.68,79.66,73.84,66.99,59.44,51.75,43.98,36.43,29.47,23.07,17.52,12.93,9.24,6.39,4.32,2.79,1.75,1.08,0.61,0.35,0.19,0.1,0.06,0.03,0.02,0.01,0.0,0.0,5.406,15.43,3.875,71.67,8.2,10.616,32.23,248.05,PRIMARY_ROTATION_TEAM_CONSTRAINED
00-0040128,Tyler Warren,IND,BAL,TE,TE,,TE1,ACT,1.0,2026,REG,1,2026 REG W1,401872659,2026-09-13T17:00Z,home,41.059,41.507,41.211,11.053,71.04,22.537,17,26.6,37.8,44.133,48.059,6.8,1.0,1.084,PLAYER_HISTORY,100000,NFL_RECEIVING_YARDS_V1,93.92,90.83,86.89,81.83,75.6,68.34,60.32,52.0,43.39,35.15,27.6,21.09,15.4,10.81,7.34,4.82,2.97,1.8,1.0,0.54,0.28,0.15,0.08,0.03,0.01,0.01,0.0,0.0,0.0,0.0,6.492,20.56,4.396,67.71,6.896,9.341,29.05,198.25,PRIMARY_ROTATION_TEAM_CONSTRAINED
00-0036894,Pat Freiermuth,PIT,ATL,TE,TE,,TE1,ACT,5.0,2026,REG,1,2026 REG W1,401872658,2026-09-13T17:00Z,home,40.446,40.967,40.454,8.665,72.126,23.615,43,37.6,29.9,32.4,32.4,4.4,1.0,0.964,PLAYER_HISTORY,100000,NFL_RECEIVING_YARDS_V1,92.35,89.08,84.95,79.65,73.43,66.3,58.68,50.73,42.71,34.95,27.78,21.48,16.09,11.58,8.06,5.35,3.5,2.2,1.36,0.79,0.46,0.25,0.13,0.06,0.03,0.02,0.01,0.01,0.0,0.0,5.478,16.78,3.956,72.22,8.815,10.223,30.04,192.24,PRIMARY_ROTATION_TEAM_CONSTRAINED
00-0034837,Calvin Ridley,TEN,NYJ,WR,WR,,WR3,ACT,8.0,2026,REG,1,2026 REG W1,401872924,2026-09-13T17:00Z,home,40.272,40.77,40.208,8.239,72.013,23.778,41,43.8,54.1,55.8,43.286,4.4,1.0,0.927,PLAYER_HISTORY,100000,NFL_RECEIVING_YARDS_V1,92.08,88.76,84.47,79.09,72.96,65.94,58.19,50.33,42.35,34.73,27.6,21.39,16.07,11.54,8.07,5.44,3.56,2.31,1.45,0.85,0.5,0.27,0.15,0.08,0.04,0.02,0.01,0.0,0.0,0.0,4.972,16.41,2.768,55.68,9.511,14.548,27.87,169.69,PRIMARY_ROTATION_TEAM_CONSTRAINED
00-0040718,Travis Hunter,JAX,CLE,WR,WR,,WR3,ACT,1.0,2026,REG,1,2026 REG W1,401872922,2026-09-13T17:00Z,home,40.262,40.731,40.18,8.023,72.084,23.819,7,48.6,42.571,42.571,42.571,6.2,1.0,0.976,PLAYER_HISTORY,100000,NFL_RECEIVING_YARDS_V1,91.98,88.5,84.21,79.01,72.92,65.87,58.26,50.31,42.36,34.71,27.65,21.3,15.98,11.54,8.13,5.49,3.67,2.37,1.41,0.85,0.5,0.27,0.13,0.07,0.03,0.01,0.0,0.0,0.0,0.0,6.017,19.14,3.744,62.22,6.622,10.753,28.92,225.77,PRIMARY_ROTATION_TEAM_CONSTRAINED
00-0034383,Dalton Schultz,HOU,BUF,TE,TE,,TE1,ACT,8.0,2026,REG,1,2026 REG W1,401872660,2026-09-13T17:00Z,home,39.722,40.064,39.717,10.335,69.108,22.047,49,45.0,46.9,48.0,45.706,5.2,1.0,0.924,PLAYER_HISTORY,100000,NFL_RECEIVING_YARDS_V1,93.62,90.25,85.84,80.34,73.91,66.38,58.16,49.51,40.88,32.66,25.22,18.76,13.51,9.28,6.18,3.86,2.37,1.38,0.75,0.39,0.18,0.08,0.04,0.01,0.0,0.0,0.0,0.0,0.0,0.0,5.993,18.26,4.676,78.02,7.802,8.495,30.2,206.26,PRIMARY_ROTATION_TEAM_CONSTRAINED
00-0035535,Darius Slayton,NYG,DAL,WR,WR,,WR2,ACT,7.0,2026,REG,1,2026 REG W1,401872930,2026-09-14T00:20Z,home,39.622,39.836,39.537,11.865,67.354,21.033,47,34.4,40.3,35.867,38.429,5.4,1.0,1.135,PLAYER_HISTORY,100000,NFL_RECEIVING_YARDS_V1,94.42,91.47,87.12,81.49,74.84,67.02,58.26,49.13,40.02,31.49,23.82,17.3,12.05,8.06,5.12,3.12,1.76,0.97,0.53,0.24,0.11,0.05,0.03,0.01,0.0,0.0,0.0,0.0,0.0,0.0,4.982,17.7,2.88,57.81,8.406,13.757,25.9,174.48,PRIMARY_ROTATION_TEAM_CONSTRAINED
00-0038542,Bijan Robinson,ATL,PIT,RB,RB,,RB1,ACT,3.0,2026,REG,1,2026 REG W1,401872658,2026-09-13T17:00Z,away,39.501,40.14,39.598,8.091,70.899,23.416,50,45.2,40.7,46.333,48.235,7.0,1.0,1.15,PLAYER_HISTORY,100000,NFL_RECEIVING_YARDS_V1,92.03,88.57,84.14,78.72,72.33,65.23,57.53,49.36,41.31,33.64,26.73,20.41,15.05,10.68,7.41,5.02,3.25,1.98,1.19,0.66,0.38,0.21,0.1,0.05,0.02,0.01,0.0,0.0,0.0,0.0,5.538,18.31,4.26,76.92,7.637,9.272,27.82,192.75,PRIMARY_ROTATION_TEAM_CONSTRAINED
00-0034351,Dallas Goedert,PHI,WAS,TE,TE,,TE1,ACT,8.0,2026,REG,1,2026 REG W1,401872929,2026-09-13T20:25Z,home,39.003,39.572,39.072,8.025,70.034,23.031,39,43.0,34.8,39.4,39.4,6.0,1.0,1.143,PLAYER_HISTORY,100000,NFL_RECEIVING_YARDS_V1,92.07,88.47,83.9,78.4,72.02,64.59,56.69,48.45,40.29,32.44,25.43,19.35,14.18,10.03,6.78,4.43,2.81,1.72,0.97,0.56,0.31,0.14,0.06,0.03,0.01,0.01,0.0,0.0,0.0,0.0,6.104,21.82,4.243,69.51,7.073,9.192,25.73,177.71,PRIMARY_ROTATION_TEAM_CONSTRAINED
00-0041099,Barion Brown,NO,DET,WR,WR,,WR3,ACT,0.0,2026,REG,1,2026 REG W1,401872923,2026-09-13T17:00Z,away,38.867,38.829,38.777,20.238,57.464,14.495,0,,,,,,1.0,1.107,TEAM_LEAGUE_PRIOR,100000,NFL_RECEIVING_YARDS_V1,98.98,97.66,94.91,90.25,82.81,72.62,60.3,46.74,33.61,22.06,13.23,7.27,3.57,1.59,0.65,0.23,0.07,0.02,0.0,0.0,0.0,0.0,0.0,0.0,0.0,0.0,0.0,0.0,0.0,0.0,4.821,14.82,3.134,65.0,8.1,12.403,29.93,229.79,PRIMARY_ROTATION_TEAM_CONSTRAINED
00-0033280,Christian McCaffrey,SF,LAR,RB,RB,,RB1,ACT,9.0,2026,REG,1,2026 REG W1,401872657,2026-09-11T00:35Z,away,38.76,39.113,38.589,8.796,68.665,22.376,37,27.8,40.8,53.267,54.353,5.2,1.0,1.129,PLAYER_HISTORY,100000,NFL_RECEIVING_YARDS_V1,92.49,89.09,84.46,78.8,71.95,64.22,55.99,47.57,39.4,31.38,24.15,18.11,13.0,8.97,6.02,3.82,2.34,1.38,0.78,0.41,0.22,0.12,0.06,0.03,0.01,0.01,0.0,0.0,0.0,0.0,5.675,18.87,4.653,82.0,7.24,8.33,27.67,215.26,PRIMARY_ROTATION_TEAM_CONSTRAINED
00-0036259,Jauan Jennings,MIN,GB,WR,WR,,WR2,ACT,6.0,2026,REG,1,2026 REG W1,401872927,2026-09-13T20:25Z,home,38.26,38.737,38.516,10.533,66.258,21.002,42,44.8,47.6,42.867,42.867,5.4,1.0,0.986,PLAYER_HISTORY,100000,NFL_RECEIVING_YARDS_V1,93.78,90.4,85.85,80.07,73.13,65.1,56.33,47.19,38.08,29.63,22.19,16.0,11.09,7.23,4.6,2.79,1.57,0.87,0.47,0.23,0.11,0.05,0.02,0.01,0.0,0.0,0.0,0.0,0.0,0.0,5.093,19.52,3.13,61.45,7.301,12.225,24.0,168.06,PRIMARY_ROTATION_TEAM_CONSTRAINED
00-0039139,Jahmyr Gibbs,DET,NO,RB,RB,,RB1,ACT,3.0,2026,REG,1,2026 REG W1,401872923,2026-09-13T17:00Z,home,37.99,38.523,38.016,7.807,68.162,22.41,47,43.8,42.2,38.333,36.235,7.0,1.0,0.991,PLAYER_HISTORY,100000,NFL_RECEIVING_YARDS_V1,91.93,88.24,83.63,77.83,70.99,63.43,55.05,46.63,38.3,30.58,23.5,17.42,12.55,8.71,5.75,3.59,2.21,1.3,0.74,0.4,0.21,0.11,0.06,0.03,0.02,0.01,0.0,0.0,0.0,0.0,5.736,16.33,4.532,79.01,7.099,8.383,32.31,262.17,PRIMARY_ROTATION_TEAM_CONSTRAINED
00-0035719,Deebo Samuel Sr.,SF,LAR,WR,WR,,WR2,ACT,7.0,2026,REG,1,2026 REG W1,401872657,2026-09-11T00:35Z,away,37.495,38.006,37.417,7.572,67.37,22.205,44,38.6,41.2,43.333,45.438,4.8,1.0,1.129,PLAYER_HISTORY,100000,NFL_RECEIVING_YARDS_V1,91.76,88.05,83.28,77.34,70.4,62.67,54.26,45.7,37.29,29.56,22.64,16.77,11.95,8.12,5.32,3.33,2.02,1.18,0.66,0.35,0.18,0.09,0.05,0.03,0.01,0.0,0.0,0.0,0.0,0.0,5.442,18.09,3.974,73.03,7.303,9.434,27.67,215.26,PRIMARY_ROTATION_TEAM_CONSTRAINED
00-0039855,Jalen McMillan,TB,CIN,WR,WR,,WR3,ACT,2.0,2026,REG,1,2026 REG W1,401872925,2026-09-13T17:00Z,away,36.236,36.779,36.292,7.367,65.083,21.428,17,50.4,51.9,39.067,44.5,4.2,1.0,1.028,PLAYER_HISTORY,100000,NFL_RECEIVING_YARDS_V1,91.75,87.92,82.73,76.51,69.2,61.08,52.31,43.53,34.99,27.13,20.37,14.63,10.06,6.58,4.09,2.51,1.47,0.82,0.43,0.23,0.1,0.05,0.02,0.01,0.01,0.01,0.0,0.0,0.0,0.0,4.42,14.33,2.988,67.61,8.746,12.125,28.38,197.7,PRIMARY_ROTATION_TEAM_CONSTRAINED
00-0038997,Josh Downs,IND,BAL,WR,WR,,WR2,ACT,3.0,2026,REG,1,2026 REG W1,401872659,2026-09-13T17:00Z,home,35.996,36.498,35.93,7.474,64.435,21.203,47,39.2,34.9,36.933,35.375,5.6,1.0,1.084,PLAYER_HISTORY,100000,NFL_RECEIVING_YARDS_V1,91.9,87.85,82.71,76.5,68.95,60.69,51.82,42.85,34.31,26.5,19.68,13.92,9.55,6.33,4.0,2.39,1.36,0.75,0.38,0.19,0.09,0.03,0.02,0.01,0.01,0.0,0.0,0.0,0.0,0.0,6.022,19.07,3.967,65.88,6.518,9.073,29.05,198.25,PRIMARY_ROTATION_TEAM_CONSTRAINED
00-0038618,Xavier Hutchinson,HOU,BUF,WR,WR,,WR2,ACT,3.0,2026,REG,1,2026 REG W1,401872660,2026-09-13T17:00Z,home,35.701,36.009,35.816,11.322,60.205,18.573,38,25.0,31.8,28.533,28.533,3.6,1.0,0.924,PLAYER_HISTORY,100000,NFL_RECEIVING_YARDS_V1,94.64,91.22,86.25,79.6,71.41,61.84,51.64,41.28,31.38,22.84,15.76,10.18,6.26,3.55,2.01,1.04,0.51,0.23,0.1,0.04,0.01,0.01,0.0,0.0,0.0,0.0,0.0,0.0,0.0,0.0,6.681,20.36,3.583,53.62,6.29,9.965,30.2,206.26,PRIMARY_ROTATION_TEAM_CONSTRAINED
00-0030506,Travis Kelce,KC,DEN,TE,TE,,TE1,ACT,13.0,2026,REG,1,2026 REG W1,401872931,2026-09-15T00:15Z,home,35.545,36.048,35.551,7.329,63.759,20.998,48,26.4,47.6,49.533,50.059,6.0,1.0,0.974,PLAYER_HISTORY,100000,NFL_RECEIVING_YARDS_V1,91.69,87.73,82.41,75.96,68.51,60.14,51.01,41.98,33.36,25.66,18.82,13.32,9.04,5.91,3.65,2.14,1.21,0.65,0.35,0.18,0.08,0.04,0.01,0.01,0.01,0.0,0.0,0.0,0.0,0.0,6.076,20.45,4.34,71.43,7.582,8.19,27.34,174.65,PRIMARY_ROTATION_TEAM_CONSTRAINED
00-0035662,Marquise Brown,PHI,WAS,WR,WR,,WR2,ACT,7.0,2026,REG,1,2026 REG W1,401872929,2026-09-13T20:25Z,home,35.53,35.989,35.447,7.17,63.689,21.03,31,29.6,28.5,32.533,36.688,3.2,1.0,1.143,PLAYER_HISTORY,100000,NFL_RECEIVING_YARDS_V1,91.63,87.54,82.28,75.93,68.33,59.86,50.83,41.97,33.43,25.56,18.82,13.37,8.99,5.86,3.63,2.17,1.24,0.69,0.34,0.17,0.08,0.04,0.02,0.01,0.0,0.0,0.0,0.0,0.0,0.0,4.675,16.71,3.143,67.24,8.414,11.303,25.73,177.71,PRIMARY_ROTATION_TEAM_CONSTRAINED
00-0037816,Romeo Doubs,NE,SEA,WR,WR,,WR3,ACT,4.0,2026,REG,1,2026 REG W1,401872656,2026-09-10T00:20Z,away,35.408,35.918,35.34,7.311,63.592,20.94,47,36.4,37.4,41.867,0.0,3.4,1.0,1.015,PLAYER_HISTORY,100000,NFL_RECEIVING_YARDS_V1,91.78,87.64,82.45,75.89,68.17,59.6,50.65,41.7,33.12,25.43,18.75,13.19,8.95,5.78,3.6,2.1,1.17,0.61,0.33,0.16,0.07,0.03,0.01,0.01,0.0,0.0,0.0,0.0,0.0,0.0,4.963,17.14,3.158,63.64,8.261,11.212,26.64,197.29,PRIMARY_ROTATION_TEAM_CONSTRAINED
00-0040782,Isaiah Bond,CLE,JAX,WR,WR,,WR2,ACT,1.0,2026,REG,1,2026 REG W1,401872922,2026-09-13T17:00Z,away,34.89,35.334,34.885,7.245,62.517,20.607,14,27.2,23.2,22.643,22.643,2.2,1.0,1.022,PLAYER_HISTORY,100000,NFL_RECEIVING_YARDS_V1,91.71,87.5,82.17,75.29,67.44,58.94,49.8,40.61,31.89,24.01,17.45,12.15,8.24,5.31,3.21,1.84,1.02,0.55,0.27,0.11,0.05,0.02,0.01,0.0,0.0,0.0,0.0,0.0,0.0,0.0,4.424,15.11,1.991,45.0,7.205,17.527,26.93,175.02,PRIMARY_ROTATION_TEAM_CONSTRAINED
00-0038129,Cade Otton,TB,CIN,TE,TE,,TE1,ACT,4.0,2026,REG,1,2026 REG W1,401872925,2026-09-13T17:00Z,away,34.334,34.747,34.26,6.868,61.648,20.402,45,34.0,40.6,38.133,38.133,4.2,1.0,1.028,PLAYER_HISTORY,100000,NFL_RECEIVING_YARDS_V1,91.46,87.16,81.51,74.64,66.73,57.82,48.62,39.4,30.8,22.96,16.52,11.41,7.57,4.81,2.93,1.68,0.92,0.46,0.22,0.1,0.04,0.01,0.0,0.0,0.0,0.0,0.0,0.0,0.0,0.0,5.188,16.82,3.779,72.84,7.062,9.086,28.38,197.7,PRIMARY_ROTATION_TEAM_CONSTRAINED
00-0031610,Darren Waller,CAR,CHI,TE,TE,,TE1,ACT,11.0,2026,REG,1,2026 REG W1,401872661,2026-09-13T17:00Z,home,33.867,34.326,33.824,6.963,60.802,20.06,20,33.2,37.9,39.733,35.375,4.4,1.0,1.021,PLAYER_HISTORY,100000,NFL_RECEIVING_YARDS_V1,91.54,87.25,81.6,74.51,66.21,57.05,47.8,38.42,29.7,22.11,15.8,10.69,7.0,4.3,2.55,1.43,0.75,0.38,0.18,0.09,0.04,0.01,0.01,0.0,0.0,0.0,0.0,0.0,0.0,0.0,4.982,17.78,3.568,71.62,8.054,9.492,25.77,174.32,PRIMARY_ROTATION_TEAM_CONSTRAINED
00-0037809,Chig Okonkwo,WAS,PHI,TE,TE,,TE1,ACT,4.0,2026,REG,1,2026 REG W1,401872929,2026-09-13T20:25Z,away,33.601,34.084,33.63,7.499,59.757,19.502,50,30.8,34.2,33.733,32.941,5.6,1.0,0.856,PLAYER_HISTORY,100000,NFL_RECEIVING_YARDS_V1,91.99,87.65,82.14,75.09,66.66,57.14,47.31,37.65,28.78,21.15,14.66,9.81,6.28,3.75,2.13,1.15,0.57,0.3,0.15,0.07,0.02,0.01,0.0,0.0,0.0,0.0,0.0,0.0,0.0,0.0,4.807,20.03,3.413,71.01,7.333,9.844,22.08,165.71,PRIMARY_ROTATION_TEAM_CONSTRAINED
00-0039894,Xavier Worthy,KC,DEN,WR,WR,,WR2,ACT,2.0,2026,REG,1,2026 REG W1,401872931,2026-09-15T00:15Z,home,33.565,33.938,33.474,6.615,60.1,19.912,30,38.4,38.7,40.733,38.0,4.0,1.0,0.974,PLAYER_HISTORY,100000,NFL_RECEIVING_YARDS_V1,91.29,86.89,81.15,74.09,65.82,56.6,47.12,37.75,28.98,21.32,15.01,10.1,6.55,4.04,2.36,1.37,0.72,0.37,0.19,0.08,0.04,0.01,0.01,0.0,0.0,0.0,0.0,0.0,0.0,0.0,5.114,17.21,3.157,61.73,8.506,10.632,27.34,174.65,PRIMARY_ROTATION_TEAM_CONSTRAINED
00-0039880,Malik Washington,MIA,LV,WR,WR,,WR1,ACT,2.0,2026,REG,1,2026 REG W1,401872928,2026-09-13T20:25Z,away,33.473,33.577,33.598,16.121,50.965,13.518,28,10.6,21.8,19.667,18.647,2.6,1.0,0.969,PLAYER_HISTORY,100000,NFL_RECEIVING_YARDS_V1,98.15,95.78,91.36,84.01,73.37,60.34,45.85,31.97,20.06,11.26,5.72,2.56,0.94,0.34,0.11,0.02,0.0,0.0,0.0,0.0,0.0,0.0,0.0,0.0,0.0,0.0,0.0,0.0,0.0,0.0,5.757,22.02,4.268,74.14,5.086,7.843,24.05,179.61,PRIMARY_ROTATION_TEAM_CONSTRAINED
00-0036849,Tutu Atwell,LAR,SF,WR,WR,,WR3,ACT,5.0,2026,REG,1,2026 REG W1,401872657,2026-09-11T00:35Z,home,33.358,33.872,33.376,6.709,60.149,19.823,37,37.6,24.1,25.467,24.0,2.4,1.0,1.016,PLAYER_HISTORY,100000,NFL_RECEIVING_YARDS_V1,91.4,86.94,81.13,74.06,65.67,56.5,46.78,37.53,28.96,21.21,14.95,10.12,6.49,3.97,2.24,1.22,0.61,0.3,0.14,0.06,0.03,0.01,0.0,0.0,0.0,0.0,0.0,0.0,0.0,0.0,3.445,9.53,2.105,61.11,10.528,15.847,33.24,259.28,PRIMARY_ROTATION_TEAM_CONSTRAINED
00-0033090,Hunter Henry,NE,SEA,TE,TE,,TE1,ACT,10.0,2026,REG,1,2026 REG W1,401872656,2026-09-10T00:20Z,away,33.309,33.817,33.317,6.831,59.981,19.753,47,36.8,47.7,41.933,26.0,4.2,1.0,1.015,PLAYER_HISTORY,100000,NFL_RECEIVING_YARDS_V1,91.48,87.03,81.22,74.15,65.61,56.34,46.76,37.38,28.66,21.0,14.77,9.99,6.32,3.89,2.25,1.21,0.63,0.29,0.14,0.06,0.03,0.01,0.01,0.0,0.0,0.0,0.0,0.0,0.0,0.0,4.465,15.42,3.106,69.57,8.638,10.723,26.64,197.29,PRIMARY_ROTATION_TEAM_CONSTRAINED
00-0039040,De'Von Achane,MIA,LV,RB,RB,,RB1,ACT,3.0,2026,REG,1,2026 REG W1,401872928,2026-09-13T20:25Z,away,32.894,33.452,32.925,6.821,59.191,19.486,43,23.6,29.3,31.2,30.5,2.8,1.0,0.969,PLAYER_HISTORY,100000,NFL_RECEIVING_YARDS_V1,91.5,87.05,81.23,73.84,65.2,55.68,45.98,36.54,27.83,20.17,14.0,9.33,5.92,3.56,2.02,1.06,0.55,0.28,0.12,0.05,0.01,0.01,0.0,0.0,0.0,0.0,0.0,0.0,0.0,0.0,4.98,19.05,3.935,79.01,5.778,8.36,24.05,179.61,PRIMARY_ROTATION_TEAM_CONSTRAINED
00-0034829,Mike Gesicki,CIN,TB,TE,TE,,TE1,ACT,8.0,2026,REG,1,2026 REG W1,401872925,2026-09-13T17:00Z,home,32.529,32.958,32.562,6.453,58.419,19.248,43,38.4,27.5,31.667,25.583,3.2,1.0,1.15,PLAYER_HISTORY,100000,NFL_RECEIVING_YARDS_V1,91.17,86.72,80.68,73.24,64.62,55.1,45.19,35.54,26.86,19.29,13.13,8.66,5.35,3.16,1.72,0.87,0.43,0.2,0.1,0.05,0.03,0.01,0.0,0.0,0.0,0.0,0.0,0.0,0.0,0.0,4.515,12.63,3.283,72.73,7.197,9.907,32.87,243.13,PRIMARY_ROTATION_TEAM_CONSTRAINED
00-0040277,Jahdae Walker,CHI,CAR,WR,WR,,WR3,ACT,1.0,2026,REG,1,2026 REG W1,401872661,2026-09-13T17:00Z,away,31.759,31.819,31.818,19.078,44.575,9.973,3,29.0,29.0,29.0,29.0,3.333,1.0,0.925,PLAYER_PRIOR_BLEND,100000,NFL_RECEIVING_YARDS_V1,99.65,98.56,95.45,88.2,75.2,57.31,37.68,20.55,9.23,3.41,1.02,0.25,0.06,0.01,0.0,0.0,0.0,0.0,0.0,0.0,0.0,0.0,0.0,0.0,0.0,0.0,0.0,0.0,0.0,0.0,4.12,12.09,2.472,60.0,8.7,12.848,31.34,228.29,PRIMARY_ROTATION_TEAM_CONSTRAINED
00-0040727,Tre Harris,LAC,ARI,WR,WR,,WR3,ACT,1.0,2026,REG,1,2026 REG W1,401872926,2026-09-13T20:25Z,home,31.448,31.594,31.514,11.645,51.316,15.126,16,31.4,22.9,20.867,20.25,3.8,1.0,1.012,PLAYER_HISTORY,100000,NFL_RECEIVING_YARDS_V1,95.71,91.79,85.63,77.23,66.44,53.97,40.96,28.92,18.95,11.53,6.37,3.2,1.48,0.59,0.22,0.08,0.03,0.01,0.0,0.0,0.0,0.0,0.0,0.0,0.0,0.0,0.0,0.0,0.0,0.0,4.354,14.31,3.006,69.05,7.119,10.462,27.99,190.28,PRIMARY_ROTATION_TEAM_CONSTRAINED
00-0039890,Adonai Mitchell,NYJ,TEN,WR,WR,,WR2,ACT,2.0,2026,REG,1,2026 REG W1,401872924,2026-09-13T17:00Z,away,31.181,31.593,31.225,6.308,56.031,18.454,33,29.4,30.8,28.8,28.312,6.6,1.0,0.986,PLAYER_HISTORY,100000,NFL_RECEIVING_YARDS_V1,91.1,86.33,79.75,71.73,62.49,52.52,42.18,32.32,23.73,16.5,10.98,6.84,3.99,2.17,1.12,0.56,0.27,0.12,0.04,0.02,0.01,0.0,0.0,0.0,0.0,0.0,0.0,0.0,0.0,0.0,6.045,20.32,2.72,45.0,6.0,11.462,27.37,147.21,PRIMARY_ROTATION_TEAM_CONSTRAINED
00-0039792,Devontez Walker,BAL,IND,WR,WR,,WR3,ACT,2.0,2026,REG,1,2026 REG W1,401872659,2026-09-13T17:00Z,away,31.154,31.346,31.124,10.224,52.09,15.937,7,27.2,22.429,22.429,27.2,1.6,1.0,1.113,PLAYER_HISTORY,100000,NFL_RECEIVING_YARDS_V1,94.52,90.21,83.91,75.38,64.77,52.75,40.72,29.39,19.91,12.45,7.27,3.84,1.93,0.87,0.37,0.14,0.06,0.02,0.01,0.0,0.0,0.0,0.0,0.0,0.0,0.0,0.0,0.0,0.0,0.0,2.51,10.46,1.597,63.64,13.5,19.505,22.08,170.56,PRIMARY_ROTATION_TEAM_CONSTRAINED
00-0039868,Troy Franklin,DEN,KC,WR,WR,,WR3,ACT,2.0,2026,REG,1,2026 REG W1,401872931,2026-09-15T00:15Z,away,31.144,31.513,31.129,6.268,55.804,18.435,33,35.8,44.0,38.4,41.706,4.0,1.0,0.948,PLAYER_HISTORY,100000,NFL_RECEIVING_YARDS_V1,91.07,86.19,79.76,71.65,62.38,52.31,41.93,32.16,23.45,16.35,10.79,6.71,3.96,2.19,1.18,0.57,0.28,0.11,0.04,0.02,0.01,0.0,0.0,0.0,0.0,0.0,0.0,0.0,0.0,0.0,5.4,15.77,3.216,59.55,6.472,9.685,31.5,202.45,PRIMARY_ROTATION_TEAM_CONSTRAINED
00-0039847,Theo Johnson,NYG,DAL,TE,TE,,TE1,ACT,2.0,2026,REG,1,2026 REG W1,401872930,2026-09-14T00:20Z,home,30.952,31.363,30.88,6.378,55.554,18.294,25,42.8,42.9,35.2,35.2,4.6,1.0,1.135,PLAYER_HISTORY,100000,NFL_RECEIVING_YARDS_V1,91.24,86.28,79.77,71.58,62.18,51.89,41.45,31.7,23.13,16.05,10.49,6.48,3.85,2.13,1.09,0.55,0.25,0.1,0.04,0.01,0.0,0.0,0.0,0.0,0.0,0.0,0.0,0.0,0.0,0.0,4.585,16.29,2.788,60.81,7.135,11.101,25.9,174.48,PRIMARY_ROTATION_TEAM_CONSTRAINED
00-0038994,Jordan Addison,MIN,GB,WR,WR,,WR3,ACT,3.0,2026,REG,1,2026 REG W1,401872927,2026-09-13T20:25Z,home,30.855,31.297,30.787,6.38,55.376,18.238,46,32.4,30.1,40.667,43.571,3.2,1.0,0.986,PLAYER_HISTORY,100000,NFL_RECEIVING_YARDS_V1,91.25,86.22,79.63,71.55,62.02,51.73,41.5,31.77,23.01,15.83,10.35,6.39,3.74,2.0,1.03,0.48,0.22,0.09,0.03,0.01,0.0,0.0,0.0,0.0,0.0,0.0,0.0,0.0,0.0,0.0,4.083,15.65,2.112,51.72,7.345,14.609,24.0,168.06,PRIMARY_ROTATION_TEAM_CONSTRAINED
00-0039793,AJ Barner,SEA,NE,TE,TE,,TE1,ACT,2.0,2026,REG,1,2026 REG W1,401872656,2026-09-10T00:20Z,home,30.71,31.072,30.697,7.158,54.106,17.574,31,29.2,32.0,33.733,13.0,4.0,1.0,0.962,PLAYER_HISTORY,100000,NFL_RECEIVING_YARDS_V1,91.95,87.02,80.37,72.23,62.41,51.53,40.68,30.47,21.71,14.63,9.19,5.64,3.08,1.6,0.79,0.35,0.16,0.06,0.03,0.01,0.0,0.0,0.0,0.0,0.0,0.0,0.0,0.0,0.0,0.0,4.232,15.07,3.299,77.94,7.618,9.309,25.83,199.61,PRIMARY_ROTATION_TEAM_CONSTRAINED
00-0040667,Matthew Golden,GB,MIN,WR,WR,,WR3,ACT,1.0,2026,REG,1,2026 REG W1,401872927,2026-09-13T20:25Z,away,30.47,30.845,30.429,6.252,54.634,18.018,14,15.0,23.5,25.786,25.786,2.4,1.0,0.991,PLAYER_HISTORY,100000,NFL_RECEIVING_YARDS_V1,91.12,86.1,79.25,70.9,61.2,50.9,40.37,30.56,22.0,14.98,9.65,5.92,3.39,1.85,0.95,0.43,0.2,0.08,0.04,0.02,0.01,0.0,0.0,0.0,0.0,0.0,0.0,0.0,0.0,0.0,3.919,14.34,2.639,67.35,9.082,11.546,25.15,202.4,PRIMARY_ROTATION_TEAM_CONSTRAINED
00-0038041,Jake Ferguson,DAL,NYG,TE,TE,,TE1,ACT,4.0,2026,REG,1,2026 REG W1,401872930,2026-09-14T00:20Z,away,30.195,30.505,30.093,6.042,54.067,17.805,48,20.8,26.6,33.267,35.294,3.8,1.0,0.945,PLAYER_HISTORY,100000,NFL_RECEIVING_YARDS_V1,90.94,85.83,79.0,70.54,60.85,50.21,39.75,29.9,21.23,14.37,9.1,5.4,3.0,1.62,0.78,0.35,0.14,0.06,0.03,0.01,0.01,0.0,0.0,0.0,0.0,0.0,0.0,0.0,0.0,0.0,5.479,15.64,4.435,80.95,5.94,6.808,32.23,248.05,PRIMARY_ROTATION_TEAM_CONSTRAINED
00-0038619,Andrei Iosivas,CIN,TB,WR,WR,,WR3,ACT,3.0,2026,REG,1,2026 REG W1,401872925,2026-09-13T17:00Z,home,29.948,30.38,29.94,6.066,53.872,17.765,41,17.8,26.5,29.0,29.0,2.8,1.0,1.15,PLAYER_HISTORY,100000,NFL_RECEIVING_YARDS_V1,90.95,85.79,78.86,70.36,60.52,49.87,39.35,29.51,20.91,14.03,8.96,5.37,3.02,1.59,0.77,0.35,0.16,0.07,0.02,0.01,0.01,0.0,0.0,0.0,0.0,0.0,0.0,0.0,0.0,0.0,3.988,11.16,2.269,56.9,7.5,13.197,32.87,243.13,PRIMARY_ROTATION_TEAM_CONSTRAINED
00-0036919,Kenny Gainwell,TB,CIN,RB,RB,,RB1,ACT,5.0,2026,REG,1,2026 REG W1,401872925,2026-09-13T17:00Z,away,29.73,30.137,29.711,5.973,53.37,17.608,45,45.4,40.2,31.067,28.588,6.8,1.0,1.028,PLAYER_HISTORY,100000,NFL_RECEIVING_YARDS_V1,90.91,85.67,78.68,70.15,60.12,49.38,38.68,29.07,20.58,13.53,8.48,4.98,2.76,1.47,0.69,0.3,0.14,0.06,0.02,0.0,0.0,0.0,0.0,0.0,0.0,0.0,0.0,0.0,0.0,0.0,5.331,17.28,4.607,86.42,5.951,6.454,28.38,197.7,PRIMARY_ROTATION_TEAM_CONSTRAINED
00-0035229,T.J. Hockenson,MIN,GB,TE,TE,,TE1,ACT,7.0,2026,REG,1,2026 REG W1,401872927,2026-09-13T20:25Z,home,29.164,29.574,29.169,5.993,52.382,17.265,40,31.6,28.5,29.2,29.2,3.8,1.0,0.986,PLAYER_HISTORY,100000,NFL_RECEIVING_YARDS_V1,90.92,85.53,78.25,69.29,59.13,48.16,37.35,27.55,19.18,12.53,7.72,4.42,2.35,1.17,0.52,0.24,0.1,0.04,0.02,0.0,0.0,0.0,0.0,0.0,0.0,0.0,0.0,0.0,0.0,0.0,4.271,16.37,3.301,77.27,6.636,8.836,24.0,168.06,PRIMARY_ROTATION_TEAM_CONSTRAINED
00-0033881,Evan Engram,DEN,KC,TE,TE,,TE1,ACT,9.0,2026,REG,1,2026 REG W1,401872931,2026-09-15T00:15Z,away,29.138,29.351,29.104,7.882,50.167,15.95,42,24.4,28.2,29.333,28.812,3.4,1.0,0.948,PLAYER_HISTORY,100000,NFL_RECEIVING_YARDS_V1,92.76,87.61,80.28,71.01,59.84,47.78,36.06,25.46,16.7,10.2,5.78,3.06,1.51,0.69,0.28,0.12,0.04,0.01,0.0,0.0,0.0,0.0,0.0,0.0,0.0,0.0,0.0,0.0,0.0,0.0,5.308,15.5,3.462,65.22,6.159,8.417,31.5,202.45,PRIMARY_ROTATION_TEAM_CONSTRAINED
00-0040170,Elic Ayomanor,TEN,NYJ,WR,WR,,WR2,ACT,1.0,2026,REG,1,2026 REG W1,401872924,2026-09-13T17:00Z,home,29.0,29.284,28.97,7.024,50.824,16.43,16,35.2,31.9,33.467,32.188,5.0,1.0,0.927,PLAYER_HISTORY,100000,NFL_RECEIVING_YARDS_V1,91.87,86.59,79.27,70.08,59.32,47.59,36.26,25.93,17.4,10.93,6.35,3.45,1.78,0.81,0.34,0.14,0.05,0.02,0.01,0.0,0.0,0.0,0.0,0.0,0.0,0.0,0.0,0.0,0.0,0.0,5.562,18.36,2.645,47.56,6.122,10.962,27.87,169.69,PRIMARY_ROTATION_TEAM_CONSTRAINED
00-0039901,Keon Coleman,BUF,HOU,WR,WR,,WR3,ACT,2.0,2026,REG,1,2026 REG W1,401872660,2026-09-13T17:00Z,away,28.565,28.97,28.526,5.408,51.617,17.136,25,27.4,26.6,31.933,33.667,4.0,1.0,0.992,PLAYER_HISTORY,100000,NFL_RECEIVING_YARDS_V1,90.38,84.85,77.45,68.25,57.72,46.8,36.02,26.29,18.01,11.65,7.06,4.07,2.17,1.08,0.51,0.24,0.08,0.02,0.01,0.0,0.0,0.0,0.0,0.0,0.0,0.0,0.0,0.0,0.0,0.0,4.225,14.16,2.585,61.19,6.896,11.049,27.46,214.36,PRIMARY_ROTATION_TEAM_CONSTRAINED
00-0038519,Nikko Remigio,KC,DEN,WR,WR,,WR3,ACT,3.0,2026,REG,1,2026 REG W1,401872931,2026-09-15T00:15Z,home,28.028,28.532,28.048,4.981,51.177,17.069,2,34.5,34.5,34.5,21.0,3.5,1.0,0.974,PLAYER_PRIOR_BLEND,100000,NFL_RECEIVING_YARDS_V1,89.98,84.36,76.65,67.43,56.64,45.74,35.02,25.36,17.32,11.17,6.78,3.84,2.01,0.98,0.46,0.18,0.07,0.03,0.01,0.01,0.0,0.0,0.0,0.0,0.0,0.0,0.0,0.0,0.0,0.0,3.685,12.4,1.658,45.0,9.857,16.901,27.34,174.65,PRIMARY_ROTATION_TEAM_CONSTRAINED
00-0032775,Demarcus Robinson,SF,LAR,WR,WR,,WR3,ACT,10.0,2026,REG,1,2026 REG W1,401872657,2026-09-11T00:35Z,away,27.968,28.466,28.051,4.869,50.956,17.102,39,22.6,17.3,23.2,19.714,2.2,1.0,1.129,PLAYER_HISTORY,100000,NFL_RECEIVING_YARDS_V1,89.87,84.06,76.37,67.12,56.67,45.66,34.93,25.38,17.32,11.0,6.71,3.82,2.0,0.98,0.46,0.2,0.08,0.03,0.01,0.0,0.0,0.0,0.0,0.0,0.0,0.0,0.0,0.0,0.0,0.0,3.303,10.98,2.256,68.29,8.976,12.399,27.67,215.26,PRIMARY_ROTATION_TEAM_CONSTRAINED
00-0040729,Jack Bech,LV,MIA,WR,WR,,WR2,ACT,1.0,2026,REG,1,2026 REG W1,401872928,2026-09-13T20:25Z,home,27.737,27.907,27.742,9.096,46.333,14.197,12,26.4,19.1,18.667,18.667,3.4,1.0,0.922,PLAYER_HISTORY,100000,NFL_RECEIVING_YARDS_V1,94.14,88.89,80.85,70.22,57.45,43.91,30.91,20.03,11.64,6.32,3.12,1.33,0.53,0.2,0.08,0.02,0.01,0.0,0.0,0.0,0.0,0.0,0.0,0.0,0.0,0.0,0.0,0.0,0.0,0.0,4.234,15.01,2.92,68.97,7.724,9.499,25.96,162.45,PRIMARY_ROTATION_TEAM_CONSTRAINED
00-0040730,RJ Harvey,DEN,KC,RB,RB,,RB1,ACT,1.0,2026,REG,1,2026 REG W1,401872931,2026-09-15T00:15Z,away,27.341,27.745,27.35,5.007,49.585,16.532,17,26.8,24.6,22.733,20.941,4.4,1.0,0.948,PLAYER_HISTORY,100000,NFL_RECEIVING_YARDS_V1,90.01,83.97,75.89,66.26,55.29,43.93,33.03,23.36,15.47,9.58,5.61,2.99,1.51,0.71,0.3,0.12,0.04,0.02,0.01,0.0,0.0,0.0,0.0,0.0,0.0,0.0,0.0,0.0,0.0,0.0,5.099,14.89,4.062,79.66,6.017,6.731,31.5,202.45,PRIMARY_ROTATION_TEAM_CONSTRAINED
00-0033885,David Njoku,LAC,ARI,TE,TE,,TE1,ACT,9.0,2026,REG,1,2026 REG W1,401872926,2026-09-13T20:25Z,home,26.721,27.242,26.7,3.664,49.655,16.867,38,14.0,25.6,30.8,26.636,2.4,1.0,1.012,PLAYER_HISTORY,100000,NFL_RECEIVING_YARDS_V1,88.64,82.5,74.4,64.6,53.71,42.72,32.17,22.84,15.36,9.68,5.76,3.19,1.58,0.76,0.36,0.14,0.05,0.02,0.01,0.0,0.0,0.0,0.0,0.0,0.0,0.0,0.0,0.0,0.0,0.0,5.301,17.42,3.306,62.37,4.968,8.083,27.99,190.28,PRIMARY_ROTATION_TEAM_CONSTRAINED
00-0036875,Rhamondre Stevenson,NE,SEA,RB,RB,,RB1,ACT,5.0,2026,REG,1,2026 REG W1,401872656,2026-09-10T00:20Z,away,26.645,27.195,26.635,3.595,49.82,16.922,41,35.0,23.5,25.933,44.0,3.8,1.0,1.015,PLAYER_HISTORY,100000,NFL_RECEIVING_YARDS_V1,88.57,82.2,74.02,64.36,53.67,42.63,32.15,22.85,15.44,9.85,5.8,3.19,1.6,0.74,0.33,0.14,0.05,0.01,0.0,0.0,0.0,0.0,0.0,0.0,0.0,0.0,0.0,0.0,0.0,0.0,3.795,13.1,3.135,82.61,8.13,8.5,26.64,197.29,PRIMARY_ROTATION_TEAM_CONSTRAINED
00-0034753,Mark Andrews,BAL,IND,TE,TE,,TE1,ACT,8.0,2026,REG,1,2026 REG W1,401872659,2026-09-13T17:00Z,away,26.527,27.086,26.552,3.217,49.545,16.958,44,18.0,21.4,27.667,24.824,3.6,1.0,1.113,PLAYER_HISTORY,100000,NFL_RECEIVING_YARDS_V1,88.15,81.92,73.82,64.24,53.54,42.49,32.04,22.84,15.33,9.55,5.66,3.18,1.64,0.77,0.34,0.14,0.05,0.01,0.01,0.0,0.0,0.0,0.0,0.0,0.0,0.0,0.0,0.0,0.0,0.0,4.588,19.12,3.198,69.7,6.288,8.295,22.08,170.56,PRIMARY_ROTATION_TEAM_CONSTRAINED
00-0038597,Chase Brown,CIN,TB,RB,RB,,RB1,ACT,3.0,2026,REG,1,2026 REG W1,401872925,2026-09-13T17:00Z,home,26.46,26.896,26.538,5.036,47.908,15.895,40,30.0,34.3,27.4,25.706,4.8,1.0,1.15,PLAYER_HISTORY,100000,NFL_RECEIVING_YARDS_V1,90.03,83.69,75.36,65.24,53.73,41.72,30.57,20.95,13.37,7.98,4.32,2.2,1.08,0.45,0.18,0.05,0.02,0.01,0.0,0.0,0.0,0.0,0.0,0.0,0.0,0.0,0.0,0.0,0.0,0.0,5.273,14.76,4.18,79.27,5.012,6.33,32.87,243.13,PRIMARY_ROTATION_TEAM_CONSTRAINED
00-0036626,Dyami Brown,WAS,PHI,WR,WR,,WR3,ACT,5.0,2026,REG,1,2026 REG W1,401872929,2026-09-13T20:25Z,away,26.395,26.81,26.427,4.796,48.109,16.032,36,16.6,22.7,25.733,22.7,2.8,1.0,0.856,PLAYER_HISTORY,100000,NFL_RECEIVING_YARDS_V1,89.76,83.41,75.02,64.64,53.29,41.49,30.42,20.85,13.47,8.14,4.5,2.36,1.15,0.52,0.21,0.08,0.03,0.01,0.0,0.0,0.0,0.0,0.0,0.0,0.0,0.0,0.0,0.0,0.0,0.0,3.356,13.98,2.15,64.06,8.25,12.276,22.08,165.71,PRIMARY_ROTATION_TEAM_CONSTRAINED
00-0040669,Isaac TeSlaa,DET,NO,WR,WR,,WR3,ACT,1.0,2026,REG,1,2026 REG W1,401872923,2026-09-13T17:00Z,home,25.864,26.24,25.813,4.882,46.746,15.57,14,27.8,18.5,17.071,17.071,3.2,1.0,0.991,PLAYER_HISTORY,100000,NFL_RECEIVING_YARDS_V1,89.87,83.41,74.62,63.86,52.02,39.93,28.74,19.29,12.06,6.98,3.82,1.91,0.84,0.36,0.14,0.06,0.02,0.0,0.0,0.0,0.0,0.0,0.0,0.0,0.0,0.0,0.0,0.0,0.0,0.0,3.132,8.92,1.856,59.26,8.852,13.937,32.31,262.17,PRIMARY_ROTATION_TEAM_CONSTRAINED
00-0037291,Jalen Nailor,LV,MIA,WR,WR,,WR3,ACT,4.0,2026,REG,1,2026 REG W1,401872928,2026-09-13T20:25Z,home,25.834,26.476,25.89,2.845,48.886,16.812,34,25.2,28.2,25.667,26.118,2.8,1.0,0.922,PLAYER_HISTORY,100000,NFL_RECEIVING_YARDS_V1,87.68,81.12,72.66,62.84,52.04,41.0,30.58,21.6,14.29,8.95,5.3,2.9,1.44,0.67,0.28,0.12,0.05,0.02,0.01,0.0,0.0,0.0,0.0,0.0,0.0,0.0,0.0,0.0,0.0,0.0,3.56,12.62,1.978,55.56,8.556,13.062,25.96,162.45,PRIMARY_ROTATION_TEAM_CONSTRAINED
00-0038393,Dontayvion Wicks,PHI,WAS,WR,WR,,WR3,ACT,3.0,2026,REG,1,2026 REG W1,401872929,2026-09-13T20:25Z,home,25.743,26.268,25.642,2.502,48.74,16.829,45,30.2,23.7,28.267,25.538,3.2,1.0,1.143,PLAYER_HISTORY,100000,NFL_RECEIVING_YARDS_V1,87.38,80.72,72.28,62.29,51.43,40.44,30.08,21.36,14.16,8.8,5.09,2.85,1.48,0.69,0.31,0.13,0.05,0.01,0.01,0.0,0.0,0.0,0.0,0.0,0.0,0.0,0.0,0.0,0.0,0.0,3.935,14.07,2.51,63.79,7.241,10.254,25.73,177.71,PRIMARY_ROTATION_TEAM_CONSTRAINED
00-0040666,Omarion Hampton,LAC,ARI,RB,RB,,RB1,ACT,1.0,2026,REG,1,2026 REG W1,401872926,2026-09-13T20:25Z,home,25.426,25.866,25.359,3.938,46.927,15.837,9,16.4,21.333,21.333,21.333,3.8,1.0,1.012,PLAYER_HISTORY,100000,NFL_RECEIVING_YARDS_V1,88.8,82.04,73.19,62.56,50.85,39.05,28.31,19.27,12.2,7.12,3.86,1.94,0.9,0.4,0.15,0.05,0.02,0.01,0.0,0.0,0.0,0.0,0.0,0.0,0.0,0.0,0.0,0.0,0.0,0.0,4.568,15.01,4.111,90.0,5.486,6.185,27.99,190.28,PRIMARY_ROTATION_TEAM_CONSTRAINED
00-0040736,Mason Taylor,NYJ,TEN,TE,TE,,TE1,ACT,1.0,2026,REG,1,2026 REG W1,401872924,2026-09-13T17:00Z,away,25.256,25.934,25.284,2.16,48.406,16.779,13,25.4,32.6,28.385,28.385,4.6,1.0,0.986,PLAYER_HISTORY,100000,NFL_RECEIVING_YARDS_V1,86.96,80.11,71.45,61.56,50.63,39.86,29.6,20.71,13.58,8.51,4.94,2.64,1.36,0.64,0.29,0.11,0.04,0.01,0.01,0.0,0.0,0.0,0.0,0.0,0.0,0.0,0.0,0.0,0.0,0.0,5.175,17.39,3.503,67.69,5.677,7.209,27.37,147.21,PRIMARY_ROTATION_TEAM_CONSTRAINED
00-0037545,Rashid Shaheed,SEA,NE,WR,WR,,WR3,ACT,4.0,2026,REG,1,2026 REG W1,401872656,2026-09-10T00:20Z,home,25.138,25.829,25.217,1.837,48.244,16.777,40,17.6,19.2,34.467,4.0,2.6,1.0,0.962,PLAYER_HISTORY,100000,NFL_RECEIVING_YARDS_V1,86.68,79.86,71.51,61.49,50.46,39.35,29.21,20.42,13.55,8.4,4.91,2.67,1.4,0.64,0.28,0.11,0.04,0.02,0.01,0.0,0.0,0.0,0.0,0.0,0.0,0.0,0.0,0.0,0.0,0.0,3.834,13.66,2.109,55.0,6.883,11.921,25.83,199.61,PRIMARY_ROTATION_TEAM_CONSTRAINED
00-0036309,Darnell Mooney,NYG,DAL,WR,WR,,WR3,ACT,6.0,2026,REG,1,2026 REG W1,401872930,2026-09-14T00:20Z,home,24.658,25.41,24.732,1.533,47.83,16.719,45,24.0,28.5,29.533,29.533,4.4,1.0,1.135,PLAYER_HISTORY,100000,NFL_RECEIVING_YARDS_V1,86.23,79.17,70.38,60.36,49.43,38.57,28.38,19.85,13.03,8.04,4.62,2.49,1.24,0.58,0.27,0.11,0.05,0.01,0.0,0.0,0.0,0.0,0.0,0.0,0.0,0.0,0.0,0.0,0.0,0.0,4.236,15.05,1.906,45.0,6.153,12.936,25.9,174.48,PRIMARY_ROTATION_TEAM_CONSTRAINED
00-0038824,Ryan Miller,MIA,LV,WR,WR,,WR3,ACT,3.0,2026,REG,1,2026 REG W1,401872928,2026-09-13T20:25Z,away,24.445,24.484,24.468,11.381,37.593,10.159,12,12.0,10.4,13.5,8.5,1.6,1.0,0.969,PLAYER_HISTORY,100000,NFL_RECEIVING_YARDS_V1,97.13,92.13,82.14,66.82,47.93,29.55,15.16,6.41,2.26,0.61,0.13,0.02,0.0,0.0,0.0,0.0,0.0,0.0,0.0,0.0,0.0,0.0,0.0,0.0,0.0,0.0,0.0,0.0,0.0,0.0,3.168,12.12,1.848,58.33,6.75,13.228,24.05,179.61,PRIMARY_ROTATION_TEAM_CONSTRAINED
00-0036550,Rashod Bateman,BAL,IND,WR,WR,,WR2,ACT,5.0,2026,REG,1,2026 REG W1,401872659,2026-09-13T17:00Z,away,23.771,24.555,23.777,0.704,46.881,16.598,44,8.0,13.6,20.8,17.231,1.8,1.0,1.113,PLAYER_HISTORY,100000,NFL_RECEIVING_YARDS_V1,85.12,77.65,68.51,58.17,47.29,36.54,26.68,18.46,11.92,7.34,4.15,2.16,1.1,0.52,0.23,0.1,0.04,0.01,0.01,0.0,0.0,0.0,0.0,0.0,0.0,0.0,0.0,0.0,0.0,0.0,3.705,15.44,2.058,55.56,6.978,11.548,22.08,170.56,PRIMARY_ROTATION_TEAM_CONSTRAINED
00-0039739,Roman Wilson,PIT,ATL,WR,WR,,WR3,ACT,2.0,2026,REG,1,2026 REG W1,401872658,2026-09-13T17:00Z,home,23.569,24.326,23.485,0.47,46.615,16.567,9,11.2,18.444,18.444,18.444,2.2,1.0,0.964,PLAYER_HISTORY,100000,NFL_RECEIVING_YARDS_V1,84.8,77.3,68.05,57.67,46.64,35.97,26.23,18.06,11.63,7.11,4.12,2.21,1.05,0.48,0.21,0.09,0.03,0.01,0.0,0.0,0.0,0.0,0.0,0.0,0.0,0.0,0.0,0.0,0.0,0.0,3.56,10.9,2.034,57.14,7.905,11.587,30.04,192.24,PRIMARY_ROTATION_TEAM_CONSTRAINED
00-0036223,Jonathan Taylor,IND,BAL,RB,RB,,RB1,ACT,6.0,2026,REG,1,2026 REG W1,401872659,2026-09-13T17:00Z,home,23.483,23.588,23.452,7.102,39.774,12.384,36,22.0,23.1,23.4,23.625,4.0,1.0,1.084,PLAYER_HISTORY,100000,NFL_RECEIVING_YARDS_V1,92.68,85.3,74.43,60.5,45.11,30.37,18.29,9.7,4.53,1.82,0.65,0.19,0.05,0.01,0.0,0.0,0.0,0.0,0.0,0.0,0.0,0.0,0.0,0.0,0.0,0.0,0.0,0.0,0.0,0.0,3.793,12.01,3.137,82.69,6.75,7.486,29.05,198.25,PRIMARY_ROTATION_TEAM_CONSTRAINED
00-0037248,James Cook,BUF,HOU,RB,RB,,RB1,ACT,4.0,2026,REG,1,2026 REG W1,401872660,2026-09-13T17:00Z,away,22.627,23.148,22.64,2.603,42.696,14.64,42,17.6,20.2,21.133,20.786,2.8,1.0,0.992,PLAYER_HISTORY,100000,NFL_RECEIVING_YARDS_V1,87.05,79.04,68.77,56.66,44.06,31.96,21.39,13.38,7.62,3.92,1.88,0.82,0.34,0.13,0.04,0.01,0.0,0.0,0.0,0.0,0.0,0.0,0.0,0.0,0.0,0.0,0.0,0.0,0.0,0.0,3.611,12.1,2.818,78.05,6.39,8.028,27.46,214.36,PRIMARY_ROTATION_TEAM_CONSTRAINED
00-0040584,Gunnar Helm,TEN,NYJ,TE,TE,,TE1,ACT,1.0,2026,REG,1,2026 REG W1,401872924,2026-09-13T17:00Z,home,22.562,22.844,22.556,5.318,39.905,12.931,16,18.0,24.4,22.733,22.312,3.6,1.0,0.927,PLAYER_HISTORY,100000,NFL_RECEIVING_YARDS_V1,90.42,82.4,71.33,57.54,42.88,29.04,17.88,9.89,4.84,2.13,0.8,0.25,0.08,0.02,0.0,0.0,0.0,0.0,0.0,0.0,0.0,0.0,0.0,0.0,0.0,0.0,0.0,0.0,0.0,0.0,4.118,13.59,3.341,81.13,6.434,6.754,27.87,169.69,PRIMARY_ROTATION_TEAM_CONSTRAINED
00-0037614,John Metchie III,CAR,CHI,WR,WR,,WR3,ACT,4.0,2026,REG,1,2026 REG W1,401872661,2026-09-13T17:00Z,home,22.485,23.332,22.439,0.0,45.386,16.373,36,24.8,26.6,24.2,22.833,5.0,1.0,1.021,PLAYER_HISTORY,100000,NFL_RECEIVING_YARDS_V1,83.34,75.6,65.86,55.27,44.35,33.68,24.18,16.35,10.39,6.24,3.51,1.88,0.92,0.4,0.18,0.09,0.03,0.01,0.0,0.0,0.0,0.0,0.0,0.0,0.0,0.0,0.0,0.0,0.0,0.0,4.575,16.33,3.025,66.13,5.823,7.432,25.77,174.32,PRIMARY_ROTATION_TEAM_CONSTRAINED
00-0040715,Cam Skattebo,NYG,DAL,RB,RB,,RB1,ACT,1.0,2026,REG,1,2026 REG W1,401872930,2026-09-14T00:20Z,home,22.065,23.079,22.105,0.0,45.082,16.32,8,24.0,25.875,25.875,25.875,3.8,1.0,1.135,PLAYER_HISTORY,100000,NFL_RECEIVING_YARDS_V1,82.99,75.08,65.47,54.64,43.59,33.07,23.73,16.05,10.07,6.01,3.35,1.76,0.89,0.43,0.18,0.08,0.03,0.01,0.01,0.0,0.0,0.0,0.0,0.0,0.0,0.0,0.0,0.0,0.0,0.0,3.605,12.81,2.704,75.0,6.469,8.16,25.9,174.48,PRIMARY_ROTATION_TEAM_CONSTRAINED
00-0036646,Simi Fehoko,ARI,LAC,WR,WR,,WR3,ACT,5.0,2026,REG,1,2026 REG W1,401872926,2026-09-13T20:25Z,away,21.85,22.897,21.879,0.0,45.035,16.359,6,21.2,19.167,19.167,21.2,3.2,1.0,0.923,PLAYER_HISTORY,100000,NFL_RECEIVING_YARDS_V1,82.53,74.41,64.85,54.19,43.25,32.88,23.49,15.79,10.03,6.0,3.35,1.74,0.86,0.39,0.18,0.07,0.03,0.01,0.0,0.0,0.0,0.0,0.0,0.0,0.0,0.0,0.0,0.0,0.0,0.0,3.675,10.27,1.654,45.0,6.389,13.213,32.93,226.51,PRIMARY_ROTATION_TEAM_CONSTRAINED
00-0037840,Kyren Williams,LAR,SF,RB,RB,,RB1,ACT,4.0,2026,REG,1,2026 REG W1,401872657,2026-09-11T00:35Z,home,21.661,22.01,21.654,4.162,39.205,13.014,39,19.4,12.6,18.533,17.562,3.4,1.0,1.016,PLAYER_HISTORY,100000,NFL_RECEIVING_YARDS_V1,88.86,80.36,68.68,54.86,40.34,27.14,16.52,9.04,4.36,1.95,0.78,0.26,0.07,0.02,0.0,0.0,0.0,0.0,0.0,0.0,0.0,0.0,0.0,0.0,0.0,0.0,0.0,0.0,0.0,0.0,3.78,10.46,2.835,75.0,6.229,7.64,33.24,259.28,PRIMARY_ROTATION_TEAM_CONSTRAINED
00-0037741,Jahan Dotson,ATL,PIT,WR,WR,,WR3,ACT,4.0,2026,REG,1,2026 REG W1,401872658,2026-09-13T17:00Z,away,21.626,22.764,21.77,0.0,44.841,16.277,45,13.6,16.8,23.733,18.714,3.6,1.0,1.15,PLAYER_HISTORY,100000,NFL_RECEIVING_YARDS_V1,82.41,74.31,64.68,53.9,42.88,32.47,23.16,15.55,9.84,5.82,3.22,1.68,0.84,0.38,0.17,0.07,0.03,0.01,0.0,0.0,0.0,0.0,0.0,0.0,0.0,0.0,0.0,0.0,0.0,0.0,3.27,10.81,1.591,48.65,7.081,13.593,27.82,192.75,PRIMARY_ROTATION_TEAM_CONSTRAINED
00-0039344,Jonathon Brooks,CAR,CHI,RB,RB,,RB1,ACT,2.0,2026,REG,1,2026 REG W1,401872661,2026-09-13T17:00Z,home,21.538,21.572,21.516,8.652,34.402,9.88,1,23.0,23.0,23.0,23.0,3.0,1.0,1.021,PLAYER_PRIOR_BLEND,100000,NFL_RECEIVING_YARDS_V1,95.04,87.52,74.28,55.99,36.35,19.79,8.96,3.26,0.95,0.23,0.06,0.01,0.0,0.0,0.0,0.0,0.0,0.0,0.0,0.0,0.0,0.0,0.0,0.0,0.0,0.0,0.0,0.0,0.0,0.0,3.328,11.88,2.995,90.0,7.667,7.19,25.77,174.32,PRIMARY_ROTATION_TEAM_CONSTRAINED
00-0040784,Quinshon Judkins,CLE,JAX,RB,RB,,RB1,ACT,1.0,2026,REG,1,2026 REG W1,401872922,2026-09-13T17:00Z,away,21.413,21.986,21.364,1.137,41.536,14.576,12,20.2,16.0,14.25,14.25,3.6,1.0,1.022,PLAYER_HISTORY,100000,NFL_RECEIVING_YARDS_V1,85.13,76.37,65.56,53.36,40.93,29.05,19.24,11.82,6.71,3.51,1.67,0.69,0.27,0.08,0.03,0.01,0.0,0.0,0.0,0.0,0.0,0.0,0.0,0.0,0.0,0.0,0.0,0.0,0.0,0.0,4.118,14.07,2.974,72.22,4.75,7.2,26.93,175.02,PRIMARY_ROTATION_TEAM_CONSTRAINED
00-0036139,Rico Dowdle,PIT,ATL,RB,RB,,RB1,ACT,6.0,2026,REG,1,2026 REG W1,401872658,2026-09-13T17:00Z,home,21.286,21.633,21.226,3.654,38.983,13.046,43,12.8,19.3,19.533,18.562,3.2,1.0,0.964,PLAYER_HISTORY,100000,NFL_RECEIVING_YARDS_V1,88.1,79.27,67.65,53.6,39.32,26.25,15.99,8.69,4.24,1.88,0.72,0.25,0.06,0.02,0.01,0.0,0.0,0.0,0.0,0.0,0.0,0.0,0.0,0.0,0.0,0.0,0.0,0.0,0.0,0.0,4.221,12.93,3.254,77.08,6.021,6.542,30.04,192.24,PRIMARY_ROTATION_TEAM_CONSTRAINED
00-0038134,Kenneth Walker III,KC,DEN,RB,RB,,RB1,ACT,4.0,2026,REG,1,2026 REG W1,401872931,2026-09-15T00:15Z,home,21.107,21.965,21.131,0.0,42.708,15.389,41,21.4,22.1,18.533,17.625,2.6,1.0,0.974,PLAYER_HISTORY,100000,NFL_RECEIVING_YARDS_V1,82.98,74.45,64.15,52.65,41.04,30.04,20.47,13.11,7.82,4.36,2.26,1.08,0.47,0.2,0.08,0.03,0.01,0.0,0.0,0.0,0.0,0.0,0.0,0.0,0.0,0.0,0.0,0.0,0.0,0.0,3.336,11.23,2.836,85.0,8.2,7.443,27.34,174.65,PRIMARY_ROTATION_TEAM_CONSTRAINED
00-0039032,Tyjae Spears,TEN,NYJ,RB,RB,,RB1,ACT,3.0,2026,REG,1,2026 REG W1,401872924,2026-09-13T17:00Z,home,20.997,22.076,20.984,0.0,44.072,16.128,39,18.2,22.7,26.533,22.0,4.0,1.0,0.927,PLAYER_HISTORY,100000,NFL_RECEIVING_YARDS_V1,81.45,72.98,63.07,52.13,41.17,30.8,21.7,14.48,9.16,5.37,2.98,1.52,0.71,0.32,0.14,0.07,0.02,0.0,0.0,0.0,0.0,0.0,0.0,0.0,0.0,0.0,0.0,0.0,0.0,0.0,4.027,13.29,3.531,87.69,6.123,5.947,27.87,169.69,PRIMARY_ROTATION_TEAM_CONSTRAINED
00-0033906,Alvin Kamara,NO,DET,RB,RB,,RB1,ACT,9.0,2026,REG,1,2026 REG W1,401872923,2026-09-13T17:00Z,away,20.381,21.352,20.366,0.0,42.508,15.539,38,12.8,17.4,20.533,16.909,2.6,1.0,1.107,PLAYER_HISTORY,100000,NFL_RECEIVING_YARDS_V1,81.32,72.53,62.08,50.81,39.26,28.74,19.68,12.85,7.74,4.35,2.28,1.14,0.51,0.22,0.08,0.03,0.01,0.0,0.0,0.0,0.0,0.0,0.0,0.0,0.0,0.0,0.0,0.0,0.0,0.0,3.923,12.06,3.324,84.75,5.22,6.131,29.93,229.79,PRIMARY_ROTATION_TEAM_CONSTRAINED
00-0039451,Isaiah Williams,NYJ,TEN,WR,WR,,WR3,ACT,2.0,2026,REG,1,2026 REG W1,401872924,2026-09-13T17:00Z,away,19.91,20.616,19.863,0.0,39.723,14.194,10,31.2,19.9,19.9,21.444,5.2,1.0,0.986,PLAYER_HISTORY,100000,NFL_RECEIVING_YARDS_V1,83.2,73.83,62.39,49.66,37.14,25.69,16.54,9.71,5.3,2.6,1.2,0.48,0.17,0.07,0.01,0.01,0.0,0.0,0.0,0.0,0.0,0.0,0.0,0.0,0.0,0.0,0.0,0.0,0.0,0.0,4.539,15.25,3.259,71.79,5.103,6.11,27.37,147.21,PRIMARY_ROTATION_TEAM_CONSTRAINED
00-0038120,Breece Hall,NYJ,TEN,RB,RB,,RB1,ACT,4.0,2026,REG,1,2026 REG W1,401872924,2026-09-13T17:00Z,away,19.667,20.546,19.72,0.0,40.07,14.535,48,9.8,20.0,23.333,23.333,2.2,1.0,0.986,PLAYER_HISTORY,100000,NFL_RECEIVING_YARDS_V1,82.06,72.71,61.55,49.31,37.15,26.05,16.89,10.1,5.61,2.99,1.37,0.61,0.24,0.09,0.03,0.01,0.0,0.0,0.0,0.0,0.0,0.0,0.0,0.0,0.0,0.0,0.0,0.0,0.0,0.0,3.137,10.54,2.353,75.0,7.292,8.358,27.37,147.21,PRIMARY_ROTATION_TEAM_CONSTRAINED
00-0037157,Bam Knight,ARI,LAC,RB,RB,,RB1,ACT,4.0,2026,REG,1,2026 REG W1,401872926,2026-09-13T20:25Z,away,19.645,19.728,19.604,6.816,32.503,9.798,10,20.0,16.8,16.8,17.778,4.4,1.0,0.923,PLAYER_HISTORY,100000,NFL_RECEIVING_YARDS_V1,92.81,83.23,67.88,48.38,29.52,15.07,6.3,2.14,0.57,0.13,0.03,0.0,0.0,0.0,0.0,0.0,0.0,0.0,0.0,0.0,0.0,0.0,0.0,0.0,0.0,0.0,0.0,0.0,0.0,0.0,4.021,11.24,2.89,71.88,5.25,6.798,32.93,226.51,PRIMARY_ROTATION_TEAM_CONSTRAINED
00-0034975,Justice Hill,BAL,IND,RB,RB,,RB1,ACT,7.0,2026,REG,1,2026 REG W1,401872659,2026-09-13T17:00Z,away,19.362,20.734,19.484,0.0,42.469,15.86,36,20.6,23.0,21.533,21.125,3.6,1.0,1.113,PLAYER_HISTORY,100000,NFL_RECEIVING_YARDS_V1,78.81,69.92,59.89,48.88,38.03,28.03,19.4,12.61,7.73,4.41,2.38,1.18,0.58,0.24,0.1,0.03,0.01,0.0,0.0,0.0,0.0,0.0,0.0,0.0,0.0,0.0,0.0,0.0,0.0,0.0,3.791,15.79,2.948,77.78,5.556,6.567,22.08,170.56,PRIMARY_ROTATION_TEAM_CONSTRAINED
00-0040122,Ashton Jeanty,LV,MIA,RB,RB,,RB1,ACT,1.0,2026,REG,1,2026 REG W1,401872928,2026-09-13T20:25Z,home,19.079,20.34,19.146,0.0,41.429,15.419,16,19.0,26.0,22.933,21.625,3.8,1.0,0.922,PLAYER_HISTORY,100000,NFL_RECEIVING_YARDS_V1,79.17,70.02,59.35,48.05,36.86,26.67,18.09,11.49,6.87,3.84,2.0,0.94,0.43,0.18,0.06,0.02,0.01,0.0,0.0,0.0,0.0,0.0,0.0,0.0,0.0,0.0,0.0,0.0,0.0,0.0,4.643,16.45,3.466,74.65,4.845,5.505,25.96,162.45,PRIMARY_ROTATION_TEAM_CONSTRAINED
00-0035208,Olamide Zaccheaus,ATL,PIT,WR,WR,,WR2,ACT,7.0,2026,REG,1,2026 REG W1,401872658,2026-09-13T17:00Z,away,18.14,19.666,18.151,0.0,41.285,15.644,40,13.0,19.4,24.267,22.357,3.0,1.0,1.15,PLAYER_HISTORY,100000,NFL_RECEIVING_YARDS_V1,76.81,67.58,56.98,45.9,35.31,25.72,17.59,11.32,6.82,3.85,2.03,1.03,0.45,0.19,0.08,0.03,0.01,0.0,0.0,0.0,0.0,0.0,0.0,0.0,0.0,0.0,0.0,0.0,0.0,0.0,4.181,13.83,2.495,59.68,4.645,7.269,27.82,192.75,PRIMARY_ROTATION_TEAM_CONSTRAINED
00-0032104,Ameer Abdullah,JAX,CLE,RB,RB,,RB1,ACT,11.0,2026,REG,1,2026 REG W1,401872922,2026-09-13T17:00Z,home,17.715,18.34,17.717,0.199,35.207,12.508,40,13.8,9.0,15.533,9.0,2.2,1.0,0.976,PLAYER_HISTORY,100000,NFL_RECEIVING_YARDS_V1,82.38,71.32,57.96,43.45,29.82,18.53,10.29,5.04,2.19,0.86,0.3,0.09,0.02,0.01,0.0,0.0,0.0,0.0,0.0,0.0,0.0,0.0,0.0,0.0,0.0,0.0,0.0,0.0,0.0,0.0,2.709,8.62,2.408,88.89,6.472,7.357,28.92,225.77,PRIMARY_ROTATION_TEAM_CONSTRAINED
00-0034844,Saquon Barkley,PHI,WAS,RB,RB,,RB1,ACT,8.0,2026,REG,1,2026 REG W1,401872929,2026-09-13T20:25Z,home,17.538,18.54,17.542,0.0,37.484,13.861,45,13.2,14.5,18.2,18.2,3.4,1.0,1.143,PLAYER_HISTORY,100000,NFL_RECEIVING_YARDS_V1,78.86,68.51,56.49,43.69,31.59,21.26,13.13,7.44,3.82,1.83,0.8,0.31,0.12,0.05,0.01,0.01,0.0,0.0,0.0,0.0,0.0,0.0,0.0,0.0,0.0,0.0,0.0,0.0,0.0,0.0,3.614,12.92,2.551,70.59,5.373,6.875,25.73,177.71,PRIMARY_ROTATION_TEAM_CONSTRAINED
00-0039021,Roschon Johnson,CHI,CAR,RB,RB,,RB1,ACT,3.0,2026,REG,1,2026 REG W1,401872661,2026-09-13T17:00Z,away,16.669,16.887,16.602,2.975,30.27,10.094,18,9.4,18.2,17.133,14.857,2.4,1.0,0.925,PLAYER_HISTORY,100000,NFL_RECEIVING_YARDS_V1,86.26,73.27,56.03,37.46,21.58,10.47,4.21,1.43,0.39,0.08,0.01,0.0,0.0,0.0,0.0,0.0,0.0,0.0,0.0,0.0,0.0,0.0,0.0,0.0,0.0,0.0,0.0,0.0,0.0,0.0,3.587,10.53,2.928,81.63,5.245,5.693,31.34,228.29,PRIMARY_ROTATION_TEAM_CONSTRAINED
00-0033293,Aaron Jones,MIN,GB,RB,RB,,RB1,ACT,9.0,2026,REG,1,2026 REG W1,401872927,2026-09-13T20:25Z,home,15.66,15.938,15.603,1.898,29.353,10.027,40,14.2,15.5,19.0,16.583,3.0,1.0,0.986,PLAYER_HISTORY,100000,NFL_RECEIVING_YARDS_V1,83.95,69.89,52.23,34.04,18.97,8.96,3.45,1.13,0.29,0.06,0.01,0.0,0.0,0.0,0.0,0.0,0.0,0.0,0.0,0.0,0.0,0.0,0.0,0.0,0.0,0.0,0.0,0.0,0.0,0.0,3.258,12.49,2.247,68.97,4.672,6.97,24.0,168.06,PRIMARY_ROTATION_TEAM_CONSTRAINED
00-0039920,Malachi Corley,CLE,JAX,WR,WR,,WR3,ACT,2.0,2026,REG,1,2026 REG W1,401872922,2026-09-13T17:00Z,away,15.385,15.649,15.339,2.527,28.208,9.47,12,10.6,8.9,7.917,9.875,1.8,1.0,1.022,PLAYER_HISTORY,100000,NFL_RECEIVING_YARDS_V1,85.1,70.61,51.38,32.2,16.82,7.24,2.5,0.69,0.16,0.03,0.01,0.0,0.0,0.0,0.0,0.0,0.0,0.0,0.0,0.0,0.0,0.0,0.0,0.0,0.0,0.0,0.0,0.0,0.0,0.0,2.959,10.11,2.071,70.0,4.75,7.429,26.93,175.02,PRIMARY_ROTATION_TEAM_CONSTRAINED
00-0036997,Javonte Williams,DAL,NYG,RB,RB,,RB1,ACT,5.0,2026,REG,1,2026 REG W1,401872930,2026-09-14T00:20Z,away,14.404,14.859,14.426,0.908,28.023,9.824,47,8.8,5.9,9.133,9.133,3.0,1.0,0.945,PLAYER_HISTORY,100000,NFL_RECEIVING_YARDS_V1,81.3,66.2,47.86,29.76,15.99,7.17,2.65,0.82,0.21,0.05,0.01,0.0,0.0,0.0,0.0,0.0,0.0,0.0,0.0,0.0,0.0,0.0,0.0,0.0,0.0,0.0,0.0,0.0,0.0,0.0,3.881,11.08,2.664,68.63,4.0,5.408,32.23,248.05,PRIMARY_ROTATION_TEAM_CONSTRAINED
00-0040583,Woody Marks,HOU,BUF,RB,RB,,RB1,ACT,1.0,2026,REG,1,2026 REG W1,401872660,2026-09-13T17:00Z,home,13.173,14.194,13.138,0.0,29.831,11.318,15,4.6,9.2,13.867,13.867,2.0,1.0,0.924,PLAYER_HISTORY,100000,NFL_RECEIVING_YARDS_V1,73.28,59.48,44.25,29.87,18.1,9.78,4.66,1.99,0.71,0.25,0.07,0.01,0.01,0.0,0.0,0.0,0.0,0.0,0.0,0.0,0.0,0.0,0.0,0.0,0.0,0.0,0.0,0.0,0.0,0.0,3.17,9.66,2.056,64.86,4.892,6.407,30.2,206.26,PRIMARY_ROTATION_TEAM_CONSTRAINED
00-0037256,Rachaad White,WAS,PHI,RB,RB,,RB1,ACT,4.0,2026,REG,1,2026 REG W1,401872929,2026-09-13T20:25Z,away,12.654,13.291,12.626,0.0,26.529,9.706,49,9.6,12.7,14.333,12.824,1.8,1.0,0.856,PLAYER_HISTORY,100000,NFL_RECEIVING_YARDS_V1,76.08,59.66,41.39,24.83,12.73,5.41,1.93,0.58,0.16,0.03,0.01,0.0,0.0,0.0,0.0,0.0,0.0,0.0,0.0,0.0,0.0,0.0,0.0,0.0,0.0,0.0,0.0,0.0,0.0,0.0,2.593,10.81,2.285,88.1,5.119,5.539,22.08,165.71,PRIMARY_ROTATION_TEAM_CONSTRAINED
00-0038685,Chris Brooks,GB,MIN,RB,RB,,RB1,ACT,3.0,2026,REG,1,2026 REG W1,401872927,2026-09-13T20:25Z,away,11.077,11.753,11.065,0.0,23.89,8.881,18,7.4,9.1,7.867,9.1,1.6,1.0,0.991,PLAYER_HISTORY,100000,NFL_RECEIVING_YARDS_V1,72.72,54.26,34.89,18.74,8.16,2.93,0.85,0.19,0.03,0.01,0.0,0.0,0.0,0.0,0.0,0.0,0.0,0.0,0.0,0.0,0.0,0.0,0.0,0.0,0.0,0.0,0.0,0.0,0.0,0.0,2.545,9.31,1.909,75.0,5.083,5.803,25.15,202.4,PRIMARY_ROTATION_TEAM_CONSTRAINED
00-0041512,Jadarian Price,SEA,NE,RB,RB,,RB1,ACT,0.0,2026,REG,1,2026 REG W1,401872656,2026-09-10T00:20Z,home,10.074,10.939,10.111,0.0,22.913,8.69,1,6.0,6.0,6.0,6.0,2.0,1.0,0.962,PLAYER_PRIOR_BLEND,100000,NFL_RECEIVING_YARDS_V1,69.57,50.46,31.34,16.2,6.78,2.33,0.65,0.14,0.02,0.0,0.0,0.0,0.0,0.0,0.0,0.0,0.0,0.0,0.0,0.0,0.0,0.0,0.0,0.0,0.0,0.0,0.0,0.0,0.0,0.0,2.644,9.42,2.38,90.0,4.0,4.233,25.83,199.61,PRIMARY_ROTATION_TEAM_CONSTRAINED
