Top 30 Rank,Overall Rank,Date,Player,Team,Opponent,Game,Side,Position,Analytical Projected FS,Projected FS,Sim Mean,Sim Median,Historical FS Std,Target FS Std,Raw Sim Std,Volatility-Calibrated Sim Std,Volatility Multiplier,Last 5 Avg FS,Last 10 Avg FS,Last 15 Avg FS,Last 5 Fantasy Scores,Last 10 Fantasy Scores,Last 15 Fantasy Scores,P Over 2.5 FS %,P Over 3.0 FS %,P Over 3.5 FS %,P Over 4.0 FS %,P Over 4.5 FS %,P Over 5.0 FS %,P Over 5.5 FS %,P Over 6.0 FS %,P Over 6.5 FS %,P Over 7.0 FS %,P Over 7.5 FS %,P Over 8.0 FS %,P Over 8.5 FS %,P Over 9.0 FS %,P Over 9.5 FS %,P Over 10.0 FS %,P Over 10.5 FS %,P Over 11.0 FS %,P Over 11.5 FS %,P Over 12.0 FS %,P Over 12.5 FS %,P Over 13.0 FS %,P Over 13.5 FS %,P Over 14.0 FS %,P Over 14.5 FS %,P Over 15.0 FS %,P Over 15.5 FS %,AI Score,Grade,Suggested Lean,Recommended Direction,Recommended Line,Recommended Probability %,Projection Edge,Even-Money EV %,Recommendation Strength,Lineup Spot,Lineup Source,Today Lineup Spot,Last 7 Mode Spot,Starts in Last 7,Last 7 Lineup Spots,Lineup Consistency %,Start Probability %,Expected PA,Rest/Usage Note,Recent Start Guess 14,Usage Factor,Opp Pitcher,Opp Pitcher Hand,Pitcher ERA,Pitcher WHIP,Pitcher H/BF,Pitcher HR/BF,Pitcher BB/BF,Bullpen ERA,Bullpen WHIP,Bullpen H/BF,Bullpen HR/BF,Venue,Park Factor,Weather Factor,Temp F,Wind MPH,Wind Direction,Precip %,Weather Note,PA,AB,AVG,OBP,SLG,OPS,Hand Split PA,Hand Split OPS,Season H,Season 2B,Season 3B,Season HR,Season R,Season RBI,Season BB,Season HBP,Season SB,Last 5 Fantasy Score Details,Last 10 Fantasy Score Details,Last 15 Fantasy Score Details,Recent FS Games Available,Historical Volatility Games,Historical FS Mean,Historical FS Median,Volatility Source,Last 7 FS/G,Last 14 FS/G,Last 14 AVG,14-Game Batter Status,Last 30 FS/G,Last 14 FS/PA,Last 14 Hit Rate,Last 14 XBH Rate,Last 14 HR Rate,Last 14 BB Rate,Last 14 SB Rate,Season Projected FS,Last 30 Projected FS,Last 14 Projected FS,Last 7 Projected FS,Hand Split Projected FS,Season Weight %,Last 30 Weight %,Last 14 Weight %,Last 7 Weight %,Hand Split Weight %,Model Version,Starter Expected BF,Starter Exposure %,Bullpen Exposure %,Starter Workload Source,Opener Risk,Recent Contact Reliability %,Recent Power Reliability %,Hand Split Reliability %,Statcast Reliability %,Pitch Location Matchup Factor,Pitch Location Samples,Pitcher Velo Trend,V6 Park Walk Factor,V6 Park Run Factor,V6 Weather HR Factor,V6 Weather Confidence,Statcast Samples,Avg Exit Velo,Hard Hit %,Barrel %,Sweet Spot %,Statcast xwOBA,Statcast Quality Factor,Elite Single Floor Boost,Walk Floor Boost,Run Scoring Boost,Pitch-Type Matchup Factor,Pitch-Type Samples,Pitch-Type Data Source,Release/Movement Matchup Factor,Release/Movement Samples,Release/Movement Source,Contact Quality Samples,Contact EV Mean,Contact EV Std,Contact LA Mean,Contact LA Std,Pull %,Center %,Oppo %,Directional Weather Factor,Park Single Factor,Park Double Factor,Park Triple Factor,Park HR Factor,EWMA Form Factor,EWMA Fantasy Score,EWMA Trend,Umpire,Umpire Source,Umpire Run Factor,Umpire BB Factor,Umpire K Factor,Defense Factor,Outfield Defense Factor,Infield Defense Factor,Defense Source,Bullpen Fatigue Factor,Bullpen Recent Games,Bullpen Recent Innings Proxy,Running Matchup Factor,Sprint Speed,Matchup DNA Factor,Single Rate,Double Rate,Triple Rate,HR Rate,BB Rate,HBP Rate,K Rate Model,Groundout Share,Flyout Share,Lineout Share,Run Rate Model,RBI Rate Model,SB Rate,_run_scoring_boost,Confirmed Starter,Sim Std,P25,P75,P90,Simulated PA,Zero PA Probability %,Probability Calibration,Raw P Over 2.5 FS %,Raw P Over 3.0 FS %,Raw P Over 3.5 FS %,Raw P Over 4.0 FS %,Raw P Over 4.5 FS %,Raw P Over 5.0 FS %,Raw P Over 5.5 FS %,Raw P Over 6.0 FS %,Raw P Over 6.5 FS %,Raw P Over 7.0 FS %,Raw P Over 7.5 FS %,Raw P Over 8.0 FS %,Raw P Over 8.5 FS %,Raw P Over 9.0 FS %,Raw P Over 9.5 FS %,Raw P Over 10.0 FS %,Raw P Over 10.5 FS %,Raw P Over 11.0 FS %,Raw P Over 11.5 FS %,Raw P Over 12.0 FS %,Raw P Over 12.5 FS %,Raw P Over 13.0 FS %,Raw P Over 13.5 FS %,Raw P Over 14.0 FS %,Raw P Over 14.5 FS %,Raw P Over 15.0 FS %,Raw P Over 15.5 FS %,Floor Uplift 2.5 FS,Floor Uplift 3.0 FS,Floor Uplift 3.5 FS,Floor Uplift 4.0 FS,Floor Uplift 4.5 FS,Floor Uplift 5.0 FS,Floor Uplift 5.5 FS,Floor Uplift 6.0 FS,Floor Uplift 6.5 FS,Floor Uplift 7.0 FS,Floor Uplift 7.5 FS,Floor Uplift 8.0 FS,Floor Uplift 8.5 FS,Floor Uplift 9.0 FS,Floor Uplift 9.5 FS,Floor Uplift 10.0 FS,Floor Uplift 10.5 FS,Floor Uplift 11.0 FS,Floor Uplift 11.5 FS,Floor Uplift 12.0 FS,Floor Uplift 12.5 FS,Floor Uplift 13.0 FS,Floor Uplift 13.5 FS,Floor Uplift 14.0 FS,Floor Uplift 14.5 FS,Floor Uplift 15.0 FS,Floor Uplift 15.5 FS,Confidence,Full Game Projected FS
1,1,2026-08-31,Pete Alonso,BAL,COL,BAL @ COL,AWAY,1B,14.05,15.17,15.17,14.16,9.25,8.19,9.48,8.19,0.864,6.2,9.7,11.2,11|0|2|0|18,11|0|2|0|18|33|0|6|21|6,11|0|2|0|18|33|0|6|21|6|14|3|17|17|20,98.4,98.4,98.4,97.3,97.1,94.0,93.8,92.5,87.8,87.4,85.2,83.9,78.1,72.4,72.4,68.9,68.9,62.0,62.0,58.4,53.9,53.9,50.2,50.2,45.5,45.5,42.1,340.91,A+,MORE 12.0 | 58.4% | Edge +3.2,MORE,12.0,58.4,3.17,16.8,Playable,2,Last 7 Confirmed,,2,7,2-2-2-2-2-2-2,100.0,97.0,5.02,Regular,14,1.04,Tanner Gordon,R,5.38,1.43,0.2877,0.0466,0.0411,5.49,1.52,0.2567,0.0347,Coors Field,1.15,1.0,72.9,6.6,147.0,17.0,neutral,594,515,0.27,0.36,0.503,0.863,414,0.901,139,24,0,32,84,91,66,9,5,2026-08-30 @ Athletics: 11 FS|2026-08-29 @ Athletics: 0 FS|2026-08-28 @ Athletics: 2 FS|2026-08-27 @ St. Louis Cardinals: 0 FS|2026-08-26 @ St. Louis Cardinals: 18 FS,2026-08-30 @ Athletics: 11 FS|2026-08-29 @ Athletics: 0 FS|2026-08-28 @ Athletics: 2 FS|2026-08-27 @ St. Louis Cardinals: 0 FS|2026-08-26 @ St. Louis Cardinals: 18 FS|2026-08-25 @ St. Louis Cardinals: 33 FS|2026-08-23 vs Tampa Bay Rays: 0 FS|2026-08-22 vs Tampa Bay Rays: 6 FS|2026-08-21 vs Tampa Bay Rays: 21 FS|2026-08-20 vs New York Yankees: 6 FS,2026-08-30 @ Athletics: 11 FS|2026-08-29 @ Athletics: 0 FS|2026-08-28 @ Athletics: 2 FS|2026-08-27 @ St. Louis Cardinals: 0 FS|2026-08-26 @ St. Louis Cardinals: 18 FS|2026-08-25 @ St. Louis Cardinals: 33 FS|2026-08-23 vs Tampa Bay Rays: 0 FS|2026-08-22 vs Tampa Bay Rays: 6 FS|2026-08-21 vs Tampa Bay Rays: 21 FS|2026-08-20 vs New York Yankees: 6 FS|2026-08-19 vs New York Yankees: 14 FS|2026-08-18 vs New York Yankees: 3 FS|2026-08-17 @ Tampa Bay Rays: 17 FS|2026-08-16 @ Tampa Bay Rays: 17 FS|2026-08-15 @ Tampa Bay Rays: 20 FS,15,30,10.07,6.0,Last 30 games + shrinkage,9.14,10.57,0.321,Hot,10.07,2.467,0.2833,0.1167,0.0833,0.0833,0.0,14.42,14.83,14.71,14.03,13.19,28.0,16.0,20.0,16.0,20.0,6.0,20.61,60.6,39.4,Recent workload,No,51.0,39.3,70.9,73.0,1.15,139,1.64,1.0,1.08,1.0,75.0,297,86.31,34.01,3.37,33.0,0.524,1.1011,1.0,1.0,1.0,1.0848,538,Statcast,1.14,33,Statcast,297,86.31,12.0,20.8,30.34,13.1,71.4,15.5,1.0194,1.0595,1.1796,1.2217,1.2431,0.9964,9.77,-0.3,Unknown/neutral,Neutral fallback,1.0,1.0,1.0,1.0,1.0,1.0,Neutral fallback,1.072,3,27.0,0.9443,27.0,1.0,0.2973,0.0807,0.0002,0.0761,0.0866,0.0154,0.2197,0.3953,0.3256,0.2791,0.0584,0.2085,0.0001,1.0,Projected,8.19,8.97,20.21,26.26,4.73,0.0,Raw,97.4,97.4,97.4,95.8,95.8,92.0,92.0,90.6,85.2,85.2,83.1,83.1,78.1,72.4,72.4,68.9,68.9,62.0,62.0,58.4,53.9,53.9,50.2,50.2,45.5,45.5,42.1,1.0,1.0,1.0,1.5,1.3,2.0,1.8,1.9,2.6,2.2,2.1,0.8,0.0,0.0,0.0,0.0,0.0,0.0,0.0,0.0,0.0,0.0,0.0,0.0,0.0,0.0,0.0,High,
2,2,2026-08-31,Gunnar Henderson,BAL,COL,BAL @ COL,AWAY,SS,11.7,12.92,12.92,11.48,7.65,7.08,9.42,7.08,0.751,13.0,8.2,7.67,47|4|2|7|5,47|4|2|7|5|4|0|3|5|5,47|4|2|7|5|4|0|3|5|5|12|0|10|4|7,99.5,99.5,96.0,95.8,95.5,92.2,88.4,88.0,85.0,77.2,76.7,72.5,65.1,65.1,60.9,56.3,56.3,51.4,48.5,48.5,44.2,42.2,42.2,37.5,35.5,35.5,31.3,293.27,A+,MORE 9.5 | 60.9% | Edge +3.4,MORE,9.5,60.9,3.42,21.8,Playable,3,Last 7 Confirmed,,3,6,3-3-3-3-3-3,100.0,97.0,4.92,Regular,13,1.04,Tanner Gordon,R,5.38,1.43,0.2877,0.0466,0.0411,5.49,1.52,0.2567,0.0347,Coors Field,1.15,1.0,72.9,6.6,147.0,17.0,neutral,610,542,0.223,0.307,0.408,0.715,418,0.695,121,24,5,22,82,57,57,9,10,2026-08-30 @ Athletics: 47 FS|2026-08-29 @ Athletics: 4 FS|2026-08-28 @ Athletics: 2 FS|2026-08-27 @ St. Louis Cardinals: 7 FS|2026-08-26 @ St. Louis Cardinals: 5 FS,2026-08-30 @ Athletics: 47 FS|2026-08-29 @ Athletics: 4 FS|2026-08-28 @ Athletics: 2 FS|2026-08-27 @ St. Louis Cardinals: 7 FS|2026-08-26 @ St. Louis Cardinals: 5 FS|2026-08-25 @ St. Louis Cardinals: 4 FS|2026-08-23 vs Tampa Bay Rays: 0 FS|2026-08-22 vs Tampa Bay Rays: 3 FS|2026-08-21 vs Tampa Bay Rays: 5 FS|2026-08-20 vs New York Yankees: 5 FS,2026-08-30 @ Athletics: 47 FS|2026-08-29 @ Athletics: 4 FS|2026-08-28 @ Athletics: 2 FS|2026-08-27 @ St. Louis Cardinals: 7 FS|2026-08-26 @ St. Louis Cardinals: 5 FS|2026-08-25 @ St. Louis Cardinals: 4 FS|2026-08-23 vs Tampa Bay Rays: 0 FS|2026-08-22 vs Tampa Bay Rays: 3 FS|2026-08-21 vs Tampa Bay Rays: 5 FS|2026-08-20 vs New York Yankees: 5 FS|2026-08-19 vs New York Yankees: 12 FS|2026-08-18 vs New York Yankees: 0 FS|2026-08-17 @ Tampa Bay Rays: 10 FS|2026-08-16 @ Tampa Bay Rays: 4 FS|2026-08-15 @ Tampa Bay Rays: 7 FS,15,30,7.93,5.0,Last 30 games + shrinkage,9.86,7.71,0.245,Neutral,7.93,1.929,0.2143,0.1071,0.0357,0.125,0.0179,12.51,12.98,13.12,13.38,10.97,28.0,16.0,20.0,16.0,20.0,6.0,20.61,60.6,39.4,Recent workload,No,50.1,38.4,71.1,71.9,1.1428,131,1.64,1.0,1.08,1.0,75.0,281,83.36,25.62,1.42,30.6,0.379,0.9169,1.0,1.0,1.0,1.0002,546,Statcast,1.14,49,Statcast,281,83.36,12.0,15.78,31.55,11.0,64.1,24.9,1.0178,1.0489,1.1356,1.1975,1.1624,1.0268,10.17,2.23,Unknown/neutral,Neutral fallback,1.0,1.0,1.0,1.0,1.0,1.0,Neutral fallback,1.072,3,27.0,1.2229,27.0,1.0,0.1945,0.0713,0.012,0.0674,0.1038,0.0096,0.2035,0.4599,0.2408,0.2993,0.0741,0.133,0.0055,1.0,Projected,7.08,6.97,17.49,22.75,4.63,0.0,Raw,100.0,100.0,93.6,93.6,93.6,89.6,85.0,85.0,81.8,74.2,74.2,71.5,65.1,65.1,60.9,56.3,56.3,51.4,48.5,48.5,44.2,42.2,42.2,37.5,35.5,35.5,31.3,0.0,0.0,2.4,2.2,1.9,2.6,3.4,3.0,3.2,3.0,2.5,1.0,0.0,0.0,0.0,0.0,0.0,0.0,0.0,0.0,0.0,0.0,0.0,0.0,0.0,0.0,0.0,High,
3,3,2026-08-31,Christian Encarnacion-Strand,BAL,COL,BAL @ COL,AWAY,3B,12.32,12.63,12.63,11.36,7.86,7.22,9.31,7.22,0.776,9.2,6.9,8.47,0|5|7|12|22,0|5|7|12|22|23|0|0|0|0,0|5|7|12|22|23|0|0|0|0|2|26|11|14|5,99.5,95.1,94.9,94.7,93.0,92.5,87.2,85.7,85.2,75.8,73.1,71.6,64.9,64.9,60.1,57.0,57.0,50.8,48.4,48.4,43.3,40.8,40.8,35.8,33.2,33.2,29.9,289.05,A+,MORE 9.5 | 60.1% | Edge +3.1,MORE,9.5,60.1,3.13,20.2,Playable,5,Last 7 Confirmed,,5,7,5-4-5-5-5-5-7,71.4,97.0,4.52,Regular,13,1.04,Tanner Gordon,R,5.38,1.43,0.2877,0.0466,0.0411,5.49,1.52,0.2567,0.0347,Coors Field,1.15,1.0,72.9,6.6,147.0,17.0,neutral,131,121,0.264,0.308,0.496,0.804,81,0.636,32,7,0,7,13,28,7,1,1,2026-08-30 @ Athletics: 0 FS|2026-08-29 @ Athletics: 5 FS|2026-08-28 @ Athletics: 7 FS|2026-08-27 @ St. Louis Cardinals: 12 FS|2026-08-26 @ St. Louis Cardinals: 22 FS,2026-08-30 @ Athletics: 0 FS|2026-08-29 @ Athletics: 5 FS|2026-08-28 @ Athletics: 7 FS|2026-08-27 @ St. Louis Cardinals: 12 FS|2026-08-26 @ St. Louis Cardinals: 22 FS|2026-08-25 @ St. Louis Cardinals: 23 FS|2026-08-23 vs Tampa Bay Rays: 0 FS|2026-08-22 vs Tampa Bay Rays: 0 FS|2026-08-20 vs New York Yankees: 0 FS|2026-08-19 vs New York Yankees: 0 FS,2026-08-30 @ Athletics: 0 FS|2026-08-29 @ Athletics: 5 FS|2026-08-28 @ Athletics: 7 FS|2026-08-27 @ St. Louis Cardinals: 12 FS|2026-08-26 @ St. Louis Cardinals: 22 FS|2026-08-25 @ St. Louis Cardinals: 23 FS|2026-08-23 vs Tampa Bay Rays: 0 FS|2026-08-22 vs Tampa Bay Rays: 0 FS|2026-08-20 vs New York Yankees: 0 FS|2026-08-19 vs New York Yankees: 0 FS|2026-08-18 vs New York Yankees: 2 FS|2026-08-17 @ Tampa Bay Rays: 26 FS|2026-08-16 @ Tampa Bay Rays: 11 FS|2026-08-15 @ Tampa Bay Rays: 14 FS|2026-08-14 @ Tampa Bay Rays: 5 FS,15,30,6.37,3.5,Last 30 games + shrinkage,9.86,8.71,0.273,Neutral,6.37,2.103,0.2586,0.1207,0.0517,0.0517,0.0,12.21,11.84,12.4,12.52,11.54,28.0,16.0,20.0,16.0,20.0,6.0,20.61,60.6,39.4,Recent workload,No,47.1,35.6,32.3,65.5,1.15,89,1.64,1.0,1.08,1.0,75.0,209,82.16,20.57,1.91,32.06,0.461,0.9528,1.0,1.0,1.0,1.0389,329,Statcast,1.14,12,Statcast,209,82.16,12.0,20.65,33.09,18.2,70.8,11.0,1.0194,1.0477,1.1325,1.1947,1.155,1.0133,7.48,1.11,Unknown/neutral,Neutral fallback,1.0,1.0,1.0,1.0,1.0,1.0,Neutral fallback,1.072,3,27.0,0.8968,27.0,1.0,0.2444,0.1007,0.0024,0.0673,0.04,0.0082,0.2398,0.44,0.36,0.2,0.0849,0.2506,0.0055,1.0,Projected,7.22,6.71,16.8,22.23,4.4,0.0,Raw,100.0,91.9,91.9,91.9,90.0,90.0,83.5,82.1,82.1,72.8,70.6,70.6,64.9,64.9,60.1,57.0,57.0,50.8,48.4,48.4,43.3,40.8,40.8,35.8,33.2,33.2,29.9,0.0,3.2,3.0,2.8,3.0,2.5,3.7,3.6,3.1,3.0,2.5,1.0,0.0,0.0,0.0,0.0,0.0,0.0,0.0,0.0,0.0,0.0,0.0,0.0,0.0,0.0,0.0,High,
4,4,2026-08-31,Coby Mayo,BAL,COL,BAL @ COL,AWAY,3B,11.75,12.18,12.18,10.54,8.09,7.37,9.82,7.37,0.75,13.8,9.7,8.47,18|9|17|18|7,18|9|17|18|7|0|8|4|0|16,18|9|17|18|7|0|8|4|0|16|21|9|0|0|0,99.5,99.5,93.2,93.0,92.4,89.3,83.8,83.3,80.4,71.3,70.8,67.2,60.1,60.1,55.8,52.4,52.4,47.1,44.8,44.8,41.2,39.3,39.3,34.8,33.0,33.0,29.1,284.72,A+,MORE 9.0 | 60.1% | Edge +3.2,MORE,9.0,60.1,3.18,20.2,Playable,4,Last 7 Confirmed,,4,6,4-7-4-7-4-5,50.0,95.0,4.82,Regular,14,1.04,Tanner Gordon,R,5.38,1.43,0.2877,0.0466,0.0411,5.49,1.52,0.2567,0.0347,Coors Field,1.15,1.0,72.9,6.6,147.0,17.0,neutral,362,331,0.218,0.282,0.447,0.729,231,0.49,72,13,3,19,52,55,25,5,3,2026-08-30 @ Athletics: 18 FS|2026-08-29 @ Athletics: 9 FS|2026-08-28 @ Athletics: 17 FS|2026-08-27 @ St. Louis Cardinals: 18 FS|2026-08-25 @ St. Louis Cardinals: 7 FS,2026-08-30 @ Athletics: 18 FS|2026-08-29 @ Athletics: 9 FS|2026-08-28 @ Athletics: 17 FS|2026-08-27 @ St. Louis Cardinals: 18 FS|2026-08-25 @ St. Louis Cardinals: 7 FS|2026-08-23 vs Tampa Bay Rays: 0 FS|2026-08-22 vs Tampa Bay Rays: 8 FS|2026-08-21 vs Tampa Bay Rays: 4 FS|2026-08-19 vs New York Yankees: 0 FS|2026-08-18 vs New York Yankees: 16 FS,2026-08-30 @ Athletics: 18 FS|2026-08-29 @ Athletics: 9 FS|2026-08-28 @ Athletics: 17 FS|2026-08-27 @ St. Louis Cardinals: 18 FS|2026-08-25 @ St. Louis Cardinals: 7 FS|2026-08-23 vs Tampa Bay Rays: 0 FS|2026-08-22 vs Tampa Bay Rays: 8 FS|2026-08-21 vs Tampa Bay Rays: 4 FS|2026-08-19 vs New York Yankees: 0 FS|2026-08-18 vs New York Yankees: 16 FS|2026-08-17 @ Tampa Bay Rays: 21 FS|2026-08-16 @ Tampa Bay Rays: 9 FS|2026-08-15 @ Tampa Bay Rays: 0 FS|2026-08-14 @ Tampa Bay Rays: 0 FS|2026-08-12 @ Minnesota Twins: 0 FS,15,30,7.9,6.0,Last 30 games + shrinkage,11.0,9.07,0.24,Neutral,7.9,2.309,0.2182,0.1091,0.0727,0.0545,0.0182,13.01,13.83,13.61,14.07,10.29,28.0,16.0,20.0,16.0,20.0,6.0,20.61,60.6,39.4,Recent workload,No,45.0,33.7,57.6,61.1,1.15,82,1.64,1.0,1.08,1.0,75.0,173,83.66,31.21,2.89,38.15,0.534,1.0651,1.0,1.0,1.0,1.0876,343,Statcast,1.0,7,Fallback,173,83.66,12.0,24.58,29.54,20.2,69.4,10.4,1.0194,1.0532,1.1544,1.2073,1.196,1.023,9.81,1.91,Unknown/neutral,Neutral fallback,1.0,1.0,1.0,1.0,1.0,1.0,Neutral fallback,1.072,3,27.0,0.9094,27.0,1.0,0.1921,0.0572,0.012,0.0726,0.0524,0.013,0.2715,0.2534,0.4366,0.3099,0.101,0.1969,0.006,1.0,Projected,7.37,6.79,16.55,22.55,4.55,0.0,Raw,100.0,100.0,89.2,89.2,89.2,85.8,79.3,79.3,76.9,68.3,68.3,66.2,60.1,60.1,55.8,52.4,52.4,47.1,44.8,44.8,41.2,39.3,39.3,34.8,33.0,33.0,29.1,0.0,0.0,4.0,3.8,3.2,3.6,4.5,4.0,3.5,3.0,2.5,1.0,0.0,0.0,0.0,0.0,0.0,0.0,0.0,0.0,0.0,0.0,0.0,0.0,0.0,0.0,0.0,High,
5,5,2026-08-31,Fernando Tatis Jr.,SD,CIN,SD @ CIN,AWAY,RF,11.95,11.85,11.85,10.37,8.04,7.34,9.18,7.34,0.799,3.6,10.0,10.67,0|10|3|0|5,0|10|3|0|5|5|43|10|15|9,0|10|3|0|5|5|43|10|15|9|30|2|6|6|16,94.8,94.8,94.6,91.9,91.2,84.9,84.4,81.9,72.8,72.3,68.3,61.0,60.0,55.0,55.0,51.7,46.6,46.6,44.0,40.3,40.3,38.1,38.1,33.3,31.6,31.6,28.3,284.39,A+,MORE 8.5 | 60.0% | Edge +3.3,MORE,8.5,60.0,3.35,20.0,Playable,1,Last 7 Confirmed,,1,7,1-1-1-1-1-1-1,100.0,97.0,5.13,Regular,14,1.04,Brady Singer,R,4.72,1.42,0.2455,0.0426,0.0736,4.67,1.42,0.2187,0.033,Great American Ball Park,1.08,1.055,94.5,8.7,224.0,1.0,hot,595,529,0.282,0.35,0.439,0.789,461,0.739,149,28,2,17,76,67,54,5,31,2026-08-30 @ Tampa Bay Rays: 0 FS|2026-08-29 @ Tampa Bay Rays: 10 FS|2026-08-28 @ Tampa Bay Rays: 3 FS|2026-08-26 vs Pittsburgh Pirates: 0 FS|2026-08-25 vs Pittsburgh Pirates: 5 FS,2026-08-30 @ Tampa Bay Rays: 0 FS|2026-08-29 @ Tampa Bay Rays: 10 FS|2026-08-28 @ Tampa Bay Rays: 3 FS|2026-08-26 vs Pittsburgh Pirates: 0 FS|2026-08-25 vs Pittsburgh Pirates: 5 FS|2026-08-24 vs Pittsburgh Pirates: 5 FS|2026-08-23 vs Minnesota Twins: 43 FS|2026-08-22 vs Minnesota Twins: 10 FS|2026-08-21 vs Minnesota Twins: 15 FS|2026-08-19 @ New York Mets: 9 FS,2026-08-30 @ Tampa Bay Rays: 0 FS|2026-08-29 @ Tampa Bay Rays: 10 FS|2026-08-28 @ Tampa Bay Rays: 3 FS|2026-08-26 vs Pittsburgh Pirates: 0 FS|2026-08-25 vs Pittsburgh Pirates: 5 FS|2026-08-24 vs Pittsburgh Pirates: 5 FS|2026-08-23 vs Minnesota Twins: 43 FS|2026-08-22 vs Minnesota Twins: 10 FS|2026-08-21 vs Minnesota Twins: 15 FS|2026-08-19 @ New York Mets: 9 FS|2026-08-18 @ New York Mets: 30 FS|2026-08-17 @ New York Mets: 2 FS|2026-08-16 @ Cleveland Guardians: 6 FS|2026-08-15 @ Cleveland Guardians: 6 FS|2026-08-14 @ Cleveland Guardians: 16 FS,15,30,10.87,9.0,Last 30 games + shrinkage,9.43,10.29,0.293,Neutral,10.87,2.323,0.2742,0.1129,0.0645,0.0484,0.0484,12.79,13.83,12.93,12.29,10.19,28.0,16.0,20.0,16.0,20.0,6.0,26.26,77.2,22.8,Recent workload,No,51.2,39.4,73.1,70.4,1.1122,115,1.19,1.0,1.0,1.0,75.0,262,85.95,36.64,1.91,29.77,0.445,1.0341,1.0,1.0,1.0,1.0227,638,Statcast,1.0175,42,Statcast,262,85.95,12.0,10.86,35.0,24.1,59.2,16.8,1.0359,1.0038,1.0926,0.9271,1.1794,0.9834,9.48,-1.38,Unknown/neutral,Neutral fallback,1.0,1.0,1.0,1.0,1.0,1.0,Neutral fallback,1.072,3,27.0,1.3,27.0,1.0,0.2017,0.0683,0.0013,0.0737,0.0789,0.0068,0.1872,0.525,0.225,0.25,0.0611,0.1175,0.0215,1.0,Projected,7.34,6.37,15.97,21.56,4.63,0.0,Raw,91.4,91.4,91.4,87.5,87.5,79.9,79.9,77.9,69.3,69.3,65.8,60.0,60.0,55.0,55.0,51.7,46.6,46.6,44.0,40.3,40.3,38.1,38.1,33.3,31.6,31.6,28.3,3.4,3.4,3.2,4.4,3.8,5.0,4.5,4.0,3.5,3.0,2.5,1.0,0.0,0.0,0.0,0.0,0.0,0.0,0.0,0.0,0.0,0.0,0.0,0.0,0.0,0.0,0.0,High,
6,6,2026-08-31,Pete Crow-Armstrong,CHC,MIL,MIL @ CHC,HOME,CF,11.65,9.88,9.88,7.01,10.5,9.0,9.03,9.0,0.997,18.8,14.5,14.93,28|53|6|5|2,28|53|6|5|2|0|30|5|16|0,28|53|6|5|2|0|30|5|16|0|18|45|16|0|0,85.0,85.0,76.6,76.1,71.2,70.2,60.8,60.3,57.5,57.0,50.5,49.0,44.4,44.4,41.4,38.2,38.2,36.6,36.6,34.5,34.5,33.2,33.2,26.9,26.9,26.2,26.2,265.3,A+,MORE 6.0 | 60.3% | Edge +3.9,MORE,6.0,60.3,3.88,20.6,Playable,1,Last 7 Confirmed,,1,7,1-1-1-1-1-1-1,100.0,97.0,5.13,Regular,14,1.04,Kyle Harrison,L,2.79,1.12,0.2104,0.0331,0.0638,3.37,1.16,0.1968,0.0271,Wrigley Field,1.03,1.04,87.2,10.1,225.0,6.0,"warm, light wind",613,527,0.283,0.377,0.577,0.954,198,0.994,149,27,7,38,99,91,71,11,32,2026-08-30 vs Cincinnati Reds: 28 FS|2026-08-29 vs Cincinnati Reds: 53 FS|2026-08-28 vs Cincinnati Reds: 6 FS|2026-08-26 @ Arizona Diamondbacks: 5 FS|2026-08-25 @ Arizona Diamondbacks: 2 FS,2026-08-30 vs Cincinnati Reds: 28 FS|2026-08-29 vs Cincinnati Reds: 53 FS|2026-08-28 vs Cincinnati Reds: 6 FS|2026-08-26 @ Arizona Diamondbacks: 5 FS|2026-08-25 @ Arizona Diamondbacks: 2 FS|2026-08-24 @ Arizona Diamondbacks: 0 FS|2026-08-23 @ Seattle Mariners: 30 FS|2026-08-22 @ Seattle Mariners: 5 FS|2026-08-21 @ Seattle Mariners: 16 FS|2026-08-19 vs Chicago White Sox: 0 FS,2026-08-30 vs Cincinnati Reds: 28 FS|2026-08-29 vs Cincinnati Reds: 53 FS|2026-08-28 vs Cincinnati Reds: 6 FS|2026-08-26 @ Arizona Diamondbacks: 5 FS|2026-08-25 @ Arizona Diamondbacks: 2 FS|2026-08-24 @ Arizona Diamondbacks: 0 FS|2026-08-23 @ Seattle Mariners: 30 FS|2026-08-22 @ Seattle Mariners: 5 FS|2026-08-21 @ Seattle Mariners: 16 FS|2026-08-19 vs Chicago White Sox: 0 FS|2026-08-18 vs Chicago White Sox: 18 FS|2026-08-17 vs Chicago White Sox: 45 FS|2026-08-16 vs St. Louis Cardinals: 16 FS|2026-08-15 vs St. Louis Cardinals: 0 FS|2026-08-14 vs St. Louis Cardinals: 0 FS,15,30,13.7,10.5,Last 30 games + shrinkage,17.71,16.0,0.311,Hot,13.7,3.343,0.2836,0.209,0.1642,0.0896,0.0299,11.62,12.19,11.62,11.34,9.33,28.0,16.0,20.0,16.0,20.0,6.0,20.29,59.7,40.3,Recent workload,No,53.6,41.7,53.8,75.1,1.15,134,2.66,1.0,1.0,1.0,75.0,331,83.64,27.49,3.63,31.42,0.476,1.0156,1.0,1.0,1.0,1.0651,603,Statcast,0.9021,31,Statcast,331,83.64,12.0,26.88,30.82,8.5,67.1,24.5,1.0406,1.002,1.0481,1.004,1.0544,1.0331,16.46,2.76,Unknown/neutral,Neutral fallback,1.0,1.0,1.0,1.0,1.0,1.0,Neutral fallback,1.072,3,27.0,1.3,27.0,1.0,0.115,0.0415,0.0096,0.0769,0.0963,0.015,0.27,0.44,0.36,0.2,0.1058,0.1661,0.0213,1.0,Projected,9.0,3.02,15.98,21.96,4.42,0.0,Raw,77.0,77.0,69.1,69.1,65.2,65.2,56.3,56.3,54.0,54.0,48.0,48.0,44.4,44.4,41.4,38.2,38.2,36.6,36.6,34.5,34.5,33.2,33.2,26.9,26.9,26.2,26.2,8.0,8.0,7.5,7.0,6.0,5.0,4.5,4.0,3.5,3.0,2.5,1.0,0.0,0.0,0.0,0.0,0.0,0.0,0.0,0.0,0.0,0.0,0.0,0.0,0.0,0.0,0.0,Low,
7,7,2026-08-31,Dylan Beavers,BAL,COL,BAL @ COL,AWAY,RF,9.9,11.64,11.64,10.46,5.76,5.85,8.81,6.35,0.72,6.4,8.3,6.6,0|5|7|6|14,0|5|7|6|14|16|0|7|14|14,0|5|7|6|14|16|0|7|14|14|16|0|0|0|0,99.5,99.5,94.7,94.5,94.0,90.6,85.9,85.4,82.8,73.6,73.1,69.0,60.8,60.8,55.9,51.4,45.8,45.8,43.3,38.4,38.4,36.5,31.7,31.7,29.6,26.1,23.5,262.78,A+,MORE 9.0 | 60.8% | Edge +2.6,MORE,9.0,60.8,2.64,21.6,Playable,6,Last 7 Confirmed,,6,6,6-8-6-6-8-6,66.7,96.3,4.15,Likely regular,10,1.0,Tanner Gordon,R,5.38,1.43,0.2877,0.0466,0.0411,5.49,1.52,0.2567,0.0347,Coors Field,1.15,1.0,72.9,6.6,147.0,17.0,neutral,270,238,0.248,0.331,0.387,0.718,225,0.74,59,15,0,6,31,32,28,2,5,2026-08-30 @ Athletics: 0 FS|2026-08-29 @ Athletics: 5 FS|2026-08-28 @ Athletics: 7 FS|2026-08-27 @ St. Louis Cardinals: 6 FS|2026-08-26 @ St. Louis Cardinals: 14 FS,2026-08-30 @ Athletics: 0 FS|2026-08-29 @ Athletics: 5 FS|2026-08-28 @ Athletics: 7 FS|2026-08-27 @ St. Louis Cardinals: 6 FS|2026-08-26 @ St. Louis Cardinals: 14 FS|2026-08-25 @ St. Louis Cardinals: 16 FS|2026-08-23 vs Tampa Bay Rays: 0 FS|2026-08-22 vs Tampa Bay Rays: 7 FS|2026-08-21 vs Tampa Bay Rays: 14 FS|2026-08-20 vs New York Yankees: 14 FS,2026-08-30 @ Athletics: 0 FS|2026-08-29 @ Athletics: 5 FS|2026-08-28 @ Athletics: 7 FS|2026-08-27 @ St. Louis Cardinals: 6 FS|2026-08-26 @ St. Louis Cardinals: 14 FS|2026-08-25 @ St. Louis Cardinals: 16 FS|2026-08-23 vs Tampa Bay Rays: 0 FS|2026-08-22 vs Tampa Bay Rays: 7 FS|2026-08-21 vs Tampa Bay Rays: 14 FS|2026-08-20 vs New York Yankees: 14 FS|2026-08-19 vs New York Yankees: 16 FS|2026-08-18 vs New York Yankees: 0 FS|2026-08-17 @ Tampa Bay Rays: 0 FS|2026-08-16 @ Tampa Bay Rays: 0 FS|2026-08-15 @ Tampa Bay Rays: 0 FS,15,30,5.7,5.0,Last 30 games + shrinkage,6.86,7.07,0.27,Neutral,5.7,2.302,0.2326,0.1395,0.0698,0.1395,0.0,9.79,10.44,10.76,9.93,9.23,28.0,16.0,20.0,16.0,20.0,6.0,20.61,60.6,39.4,Recent workload,No,42.3,31.3,57.0,59.9,1.15,121,1.64,1.0,1.08,1.0,75.0,164,83.45,24.39,2.44,34.76,0.386,0.9274,1.0,1.0,1.0,1.0058,395,Statcast,0.9858,39,Statcast,164,83.45,12.0,21.84,30.23,13.4,60.4,26.2,1.0194,1.0519,1.1492,1.2043,1.1863,1.0107,6.59,0.89,Unknown/neutral,Neutral fallback,1.0,1.0,1.0,1.0,1.0,1.0,Neutral fallback,1.072,3,27.0,1.3,27.0,1.0,0.2021,0.0976,0.0009,0.0621,0.0867,0.0053,0.2301,0.3671,0.3671,0.2658,0.0632,0.1656,0.0043,1.0,Projected,6.35,6.86,15.5,20.54,4.28,0.0,Raw,100.0,100.0,91.5,91.5,91.5,87.4,81.8,81.8,79.3,70.6,70.6,68.0,60.8,60.8,55.9,51.4,45.8,45.8,43.3,38.4,38.4,36.5,31.7,31.7,29.6,26.1,23.5,0.0,0.0,3.2,3.0,2.5,3.1,4.1,3.6,3.5,3.0,2.5,1.0,0.0,0.0,0.0,0.0,0.0,0.0,0.0,0.0,0.0,0.0,0.0,0.0,0.0,0.0,0.0,High,
8,8,2026-08-31,Ty France,SD,CIN,SD @ CIN,AWAY,1B,10.62,10.8,10.8,8.78,5.38,5.62,9.03,6.5,0.72,8.2,8.4,7.2,9|19|4|5|4,9|19|4|5|4|7|2|5|22|7,9|19|4|5|4|7|2|5|22|7|5|5|0|2|12,99.5,99.5,93.9,93.6,88.7,87.9,80.1,75.8,75.3,65.9,61.9,60.4,52.8,48.6,48.6,44.6,40.7,38.4,38.4,35.5,34.1,34.1,29.8,28.6,28.6,25.1,22.8,253.59,A+,MORE 8.0 | 60.4% | Edge +2.8,MORE,8.0,60.4,2.8,20.8,Playable,4,Last 7 Confirmed,,4,7,4-4-4-4-4-4-4,100.0,97.0,4.82,Regular,14,1.04,Brady Singer,R,4.72,1.42,0.2455,0.0426,0.0736,4.67,1.42,0.2187,0.033,Great American Ball Park,1.08,1.055,94.5,8.7,224.0,1.0,hot,405,355,0.287,0.356,0.507,0.863,287,0.881,102,17,2,19,47,59,30,12,1,2026-08-30 @ Tampa Bay Rays: 9 FS|2026-08-29 @ Tampa Bay Rays: 19 FS|2026-08-28 @ Tampa Bay Rays: 4 FS|2026-08-26 vs Pittsburgh Pirates: 5 FS|2026-08-25 vs Pittsburgh Pirates: 4 FS,2026-08-30 @ Tampa Bay Rays: 9 FS|2026-08-29 @ Tampa Bay Rays: 19 FS|2026-08-28 @ Tampa Bay Rays: 4 FS|2026-08-26 vs Pittsburgh Pirates: 5 FS|2026-08-25 vs Pittsburgh Pirates: 4 FS|2026-08-24 vs Pittsburgh Pirates: 7 FS|2026-08-23 vs Minnesota Twins: 2 FS|2026-08-22 vs Minnesota Twins: 5 FS|2026-08-21 vs Minnesota Twins: 22 FS|2026-08-19 @ New York Mets: 7 FS,2026-08-30 @ Tampa Bay Rays: 9 FS|2026-08-29 @ Tampa Bay Rays: 19 FS|2026-08-28 @ Tampa Bay Rays: 4 FS|2026-08-26 vs Pittsburgh Pirates: 5 FS|2026-08-25 vs Pittsburgh Pirates: 4 FS|2026-08-24 vs Pittsburgh Pirates: 7 FS|2026-08-23 vs Minnesota Twins: 2 FS|2026-08-22 vs Minnesota Twins: 5 FS|2026-08-21 vs Minnesota Twins: 22 FS|2026-08-19 @ New York Mets: 7 FS|2026-08-18 @ New York Mets: 5 FS|2026-08-17 @ New York Mets: 5 FS|2026-08-16 @ Cleveland Guardians: 0 FS|2026-08-15 @ Cleveland Guardians: 2 FS|2026-08-14 @ Cleveland Guardians: 12 FS,15,30,7.23,5.0,Last 30 games + shrinkage,7.14,6.86,0.217,Neutral,7.23,1.574,0.1639,0.0492,0.0328,0.1967,0.0,11.51,10.37,10.25,10.31,10.77,28.0,16.0,20.0,16.0,20.0,6.0,26.26,77.2,22.8,Recent workload,No,50.7,39.0,62.8,74.1,1.15,122,1.19,1.0,1.0,1.0,75.0,315,84.49,26.67,1.27,35.56,0.367,0.9233,1.0,1.0,1.0,1.0699,721,Statcast,0.9206,21,Statcast,315,84.49,12.0,21.92,29.42,17.8,65.4,16.8,1.0482,1.0046,1.1087,0.9285,1.1995,1.0069,7.81,0.57,Unknown/neutral,Neutral fallback,1.0,1.0,1.0,1.0,1.0,1.0,Neutral fallback,1.072,3,27.0,0.8625,27.0,1.0,0.1846,0.0474,0.0023,0.073,0.0989,0.0237,0.2078,0.397,0.3236,0.2794,0.0448,0.1659,0.0001,1.0,Projected,6.5,5.9,15.26,19.58,4.34,0.0,Raw,100.0,100.0,90.2,90.2,83.9,83.9,75.6,71.8,71.8,62.9,59.4,59.4,52.8,48.6,48.6,44.6,40.7,38.4,38.4,35.5,34.1,34.1,29.8,28.6,28.6,25.1,22.8,0.0,0.0,3.7,3.4,4.8,4.0,4.5,4.0,3.5,3.0,2.5,1.0,0.0,0.0,0.0,0.0,0.0,0.0,0.0,0.0,0.0,0.0,0.0,0.0,0.0,0.0,0.0,Medium,
9,9,2026-08-31,Gabriel Moreno,ARI,PHI,PHI @ ARI,HOME,C,10.39,9.81,9.81,8.32,6.35,6.22,7.53,6.22,0.826,7.4,9.6,10.07,10|0|16|11|0,10|0|16|11|0|6|5|13|13|22,10|0|16|11|0|6|5|13|13|22|3|14|21|7|10,94.8,94.8,91.1,90.8,84.2,83.2,79.6,69.4,68.9,64.6,55.9,54.4,47.8,47.8,43.0,37.2,37.2,33.8,33.8,29.4,27.0,27.0,22.9,22.9,20.9,17.9,17.9,250.46,A,MORE 7.0 | 64.6% | Edge +2.8,MORE,7.0,64.6,2.81,29.2,Good,3,Last 7 Confirmed,,3,5,3-3-3-3-3,100.0,95.5,4.92,Regular,14,1.04,Aaron Nola,R,5.03,1.4,0.2451,0.0519,0.0795,4.05,1.29,0.2217,0.031,Chase Field,1.0,1.0,,,,,Indoor/retractable neutral,448,384,0.302,0.382,0.466,0.848,319,0.86,116,28,1,11,58,66,51,4,5,2026-08-29 @ San Francisco Giants: 10 FS|2026-08-28 @ San Francisco Giants: 0 FS|2026-08-27 @ San Francisco Giants: 16 FS|2026-08-25 vs Chicago Cubs: 11 FS|2026-08-24 vs Chicago Cubs: 0 FS,2026-08-29 @ San Francisco Giants: 10 FS|2026-08-28 @ San Francisco Giants: 0 FS|2026-08-27 @ San Francisco Giants: 16 FS|2026-08-25 vs Chicago Cubs: 11 FS|2026-08-24 vs Chicago Cubs: 0 FS|2026-08-23 vs Cincinnati Reds: 6 FS|2026-08-22 vs Cincinnati Reds: 5 FS|2026-08-21 vs Cincinnati Reds: 13 FS|2026-08-19 @ Boston Red Sox: 13 FS|2026-08-18 @ Boston Red Sox: 22 FS,2026-08-29 @ San Francisco Giants: 10 FS|2026-08-28 @ San Francisco Giants: 0 FS|2026-08-27 @ San Francisco Giants: 16 FS|2026-08-25 vs Chicago Cubs: 11 FS|2026-08-24 vs Chicago Cubs: 0 FS|2026-08-23 vs Cincinnati Reds: 6 FS|2026-08-22 vs Cincinnati Reds: 5 FS|2026-08-21 vs Cincinnati Reds: 13 FS|2026-08-19 @ Boston Red Sox: 13 FS|2026-08-18 @ Boston Red Sox: 22 FS|2026-08-17 @ Boston Red Sox: 3 FS|2026-08-16 @ Atlanta Braves: 14 FS|2026-08-15 @ Atlanta Braves: 21 FS|2026-08-14 @ Atlanta Braves: 7 FS|2026-08-12 vs Colorado Rockies: 10 FS,15,30,9.37,9.0,Last 30 games + shrinkage,6.86,10.07,0.283,Neutral,9.37,2.274,0.2419,0.129,0.0484,0.129,0.0161,11.06,11.37,11.53,10.11,9.77,28.0,16.0,20.0,16.0,20.0,6.0,23.47,69.0,31.0,Recent workload,No,51.1,39.4,65.2,74.9,1.15,162,-0.81,1.0,1.0,1.0,100.0,328,82.89,24.39,0.61,32.62,0.382,0.903,1.0,1.0,1.0,1.0639,670,Statcast,1.1215,20,Statcast,328,82.89,12.0,16.45,30.14,16.5,65.8,17.7,1.0,0.998,0.9926,0.996,0.9865,0.996,9.03,-0.34,Unknown/neutral,Neutral fallback,1.0,1.0,1.0,1.0,1.0,1.0,Neutral fallback,1.072,3,27.0,1.0505,27.0,0.9988,0.1847,0.0896,0.0044,0.0365,0.1105,0.0096,0.1885,0.4222,0.2532,0.3246,0.0472,0.1792,0.0035,1.0,Projected,6.22,5.84,13.27,19.05,4.41,0.0,Raw,91.4,91.4,85.8,85.8,78.2,78.2,75.1,65.4,65.4,61.6,53.4,53.4,47.8,47.8,43.0,37.2,37.2,33.8,33.8,29.4,27.0,27.0,22.9,22.9,20.9,17.9,17.9,3.4,3.4,5.3,5.0,6.0,5.0,4.5,4.0,3.5,3.0,2.5,1.0,0.0,0.0,0.0,0.0,0.0,0.0,0.0,0.0,0.0,0.0,0.0,0.0,0.0,0.0,0.0,Medium,
10,10,2026-08-31,Junior Caminero,TB,NYM,NYM @ TB,HOME,3B,10.45,10.01,10.01,7.79,6.34,6.22,8.43,6.22,0.738,12.0,9.6,7.93,21|16|9|6|8,21|16|9|6|8|7|9|5|10|5,21|16|9|6|8|7|9|5|10|5|9|6|3|0|5,99.5,94.2,94.0,93.8,88.3,80.2,79.7,74.9,65.0,64.5,59.8,50.8,49.8,45.0,40.9,40.9,36.4,34.0,31.0,31.0,29.2,25.8,25.8,24.6,21.4,21.4,19.7,248.48,A,MORE 7.5 | 59.8% | Edge +2.5,MORE,7.5,59.8,2.51,19.6,Playable,3,Last 7 Confirmed,,3,7,3-3-3-3-3-3-3,100.0,97.0,4.92,Regular,14,1.04,Robert Stock,R,7.4,1.94,0.2596,0.0192,0.125,4.08,1.3,0.2099,0.0289,Tropicana Field,1.0,1.0,,,,,Indoor/retractable neutral,593,518,0.282,0.369,0.539,0.908,433,0.893,146,20,1,37,85,87,70,3,3,2026-08-30 vs San Diego Padres: 21 FS|2026-08-29 vs San Diego Padres: 16 FS|2026-08-28 vs San Diego Padres: 9 FS|2026-08-26 @ Detroit Tigers: 6 FS|2026-08-25 @ Detroit Tigers: 8 FS,2026-08-30 vs San Diego Padres: 21 FS|2026-08-29 vs San Diego Padres: 16 FS|2026-08-28 vs San Diego Padres: 9 FS|2026-08-26 @ Detroit Tigers: 6 FS|2026-08-25 @ Detroit Tigers: 8 FS|2026-08-24 @ Detroit Tigers: 7 FS|2026-08-23 @ Baltimore Orioles: 9 FS|2026-08-22 @ Baltimore Orioles: 5 FS|2026-08-21 @ Baltimore Orioles: 10 FS|2026-08-20 vs Toronto Blue Jays: 5 FS,2026-08-30 vs San Diego Padres: 21 FS|2026-08-29 vs San Diego Padres: 16 FS|2026-08-28 vs San Diego Padres: 9 FS|2026-08-26 @ Detroit Tigers: 6 FS|2026-08-25 @ Detroit Tigers: 8 FS|2026-08-24 @ Detroit Tigers: 7 FS|2026-08-23 @ Baltimore Orioles: 9 FS|2026-08-22 @ Baltimore Orioles: 5 FS|2026-08-21 @ Baltimore Orioles: 10 FS|2026-08-20 vs Toronto Blue Jays: 5 FS|2026-08-19 vs Toronto Blue Jays: 9 FS|2026-08-18 vs Toronto Blue Jays: 6 FS|2026-08-17 vs Baltimore Orioles: 3 FS|2026-08-16 vs Baltimore Orioles: 0 FS|2026-08-15 vs Baltimore Orioles: 5 FS,15,30,9.07,7.5,Last 30 games + shrinkage,10.86,8.14,0.34,Hot,9.07,1.966,0.3103,0.069,0.0345,0.069,0.0,10.97,10.67,10.19,10.62,9.71,28.0,16.0,20.0,16.0,20.0,6.0,19.91,58.6,41.4,Recent workload,No,51.2,39.4,71.8,71.1,1.1152,146,4.0,1.0,1.0,1.0,100.0,271,86.17,32.47,2.21,22.51,0.405,0.997,1.0,1.0,1.0,1.0013,628,Statcast,0.88,21,Statcast,271,86.17,12.0,12.43,35.0,28.0,61.2,10.7,1.0,1.0051,1.0187,1.0102,1.0341,1.0117,10.04,0.97,Unknown/neutral,Neutral fallback,1.0,1.0,1.0,1.0,1.0,1.0,Neutral fallback,1.072,3,27.0,0.9446,27.0,0.9958,0.1947,0.0312,0.0019,0.0562,0.1179,0.0104,0.1948,0.5668,0.2533,0.1799,0.0598,0.2112,0.0018,1.0,Projected,6.22,5.58,13.69,18.85,4.48,0.0,Raw,100.0,90.4,90.4,90.4,83.3,75.2,75.2,70.9,61.5,61.5,57.3,49.8,49.8,45.0,40.9,40.9,36.4,34.0,31.0,31.0,29.2,25.8,25.8,24.6,21.4,21.4,19.7,0.0,3.8,3.6,3.4,5.0,5.0,4.5,4.0,3.5,3.0,2.5,1.0,0.0,0.0,0.0,0.0,0.0,0.0,0.0,0.0,0.0,0.0,0.0,0.0,0.0,0.0,0.0,Medium,
11,11,2026-08-31,Rafael Devers,SF,ATL,SF @ ATL,AWAY,1B,10.79,10.07,10.07,7.84,6.8,6.51,8.97,6.51,0.726,11.2,11.9,11.27,10|10|7|8|21,10|10|7|8|21|18|23|4|2|16,10|10|7|8|21|18|23|4|2|16|9|7|0|25|9,99.5,92.1,91.8,91.5,85.3,76.7,76.2,72.1,62.2,61.7,57.9,49.8,48.8,45.2,41.6,41.6,37.9,36.1,34.0,34.0,32.8,27.9,27.9,26.9,22.4,22.4,20.0,247.69,A,MORE 7.0 | 61.7% | Edge +3.1,MORE,7.0,61.7,3.07,23.4,Playable,2,Last 7 Confirmed,,2,7,2-2-2-2-2-2-2,100.0,97.0,5.02,Regular,14,1.04,Bryce Elder,R,3.95,1.24,0.2178,0.0363,0.0759,3.55,1.24,0.2062,0.029,Truist Park,1.01,1.055,93.9,5.8,77.0,1.0,hot,582,517,0.251,0.328,0.485,0.813,382,0.954,130,32,1,29,77,78,59,2,0,2026-08-29 vs Arizona Diamondbacks: 10 FS|2026-08-29 vs Arizona Diamondbacks: 10 FS|2026-08-28 vs Arizona Diamondbacks: 7 FS|2026-08-27 vs Arizona Diamondbacks: 8 FS|2026-08-26 vs Cincinnati Reds: 21 FS,2026-08-29 vs Arizona Diamondbacks: 10 FS|2026-08-29 vs Arizona Diamondbacks: 10 FS|2026-08-28 vs Arizona Diamondbacks: 7 FS|2026-08-27 vs Arizona Diamondbacks: 8 FS|2026-08-26 vs Cincinnati Reds: 21 FS|2026-08-25 vs Cincinnati Reds: 18 FS|2026-08-24 vs Cincinnati Reds: 23 FS|2026-08-23 @ Boston Red Sox: 4 FS|2026-08-22 @ Boston Red Sox: 2 FS|2026-08-21 @ Boston Red Sox: 16 FS,2026-08-29 vs Arizona Diamondbacks: 10 FS|2026-08-29 vs Arizona Diamondbacks: 10 FS|2026-08-28 vs Arizona Diamondbacks: 7 FS|2026-08-27 vs Arizona Diamondbacks: 8 FS|2026-08-26 vs Cincinnati Reds: 21 FS|2026-08-25 vs Cincinnati Reds: 18 FS|2026-08-24 vs Cincinnati Reds: 23 FS|2026-08-23 @ Boston Red Sox: 4 FS|2026-08-22 @ Boston Red Sox: 2 FS|2026-08-21 @ Boston Red Sox: 16 FS|2026-08-20 @ Cleveland Guardians: 9 FS|2026-08-19 @ Cleveland Guardians: 7 FS|2026-08-18 @ Cleveland Guardians: 0 FS|2026-08-16 vs Colorado Rockies: 25 FS|2026-08-15 vs Colorado Rockies: 9 FS,15,30,8.77,7.0,Last 30 games + shrinkage,13.86,11.43,0.315,Hot,8.77,2.581,0.2742,0.129,0.0806,0.1129,0.0,10.26,10.58,11.33,11.22,10.29,28.0,16.0,20.0,16.0,20.0,6.0,24.73,72.7,27.3,Recent workload,No,51.3,39.5,69.2,71.3,0.9832,179,-0.12,1.0,1.0,1.0,75.0,273,87.03,31.5,1.1,28.57,0.398,0.9896,1.0,1.0,1.0,1.0203,761,Statcast,1.06,61,Statcast,273,87.03,12.0,21.78,30.77,15.0,59.7,25.3,1.0202,1.0114,1.0629,1.0228,1.0979,1.0204,10.46,1.7,Unknown/neutral,Neutral fallback,1.0,1.0,1.0,1.0,1.0,1.0,Neutral fallback,1.072,3,27.0,0.8625,27.0,1.0,0.1323,0.0609,0.0018,0.074,0.1135,0.0029,0.2361,0.4429,0.3785,0.1786,0.0712,0.1586,0.0001,1.0,Projected,6.51,4.94,14.38,18.73,4.35,0.0,Raw,100.0,86.9,86.9,86.9,79.3,71.7,71.7,68.1,58.7,58.7,55.4,48.8,48.8,45.2,41.6,41.6,37.9,36.1,34.0,34.0,32.8,27.9,27.9,26.9,22.4,22.4,20.0,0.0,5.2,4.9,4.6,6.0,5.0,4.5,4.0,3.5,3.0,2.5,1.0,0.0,0.0,0.0,0.0,0.0,0.0,0.0,0.0,0.0,0.0,0.0,0.0,0.0,0.0,0.0,Medium,
12,12,2026-08-31,Colton Cowser,BAL,COL,BAL @ COL,AWAY,CF,8.36,10.89,10.89,8.81,6.26,6.17,9.12,6.56,0.72,7.2,6.3,6.53,0|16|7|5|8,0|16|7|5|8|19|8|0|0|0,0|16|7|5|8|19|8|0|0|0|0|19|2|14|0,99.5,99.5,92.9,92.7,88.9,88.2,81.0,77.6,77.1,66.7,63.5,62.0,54.8,49.7,49.7,46.0,41.5,39.3,39.3,36.1,34.3,34.3,29.6,28.3,28.3,24.6,22.2,245.78,A,MORE 8.0 | 62.0% | Edge +2.9,MORE,8.0,62.0,2.89,24.0,Good,8,Last 7 Confirmed,,8,5,9-8-8-8-8,80.0,93.9,3.8,Likely regular,9,1.0,Tanner Gordon,R,5.38,1.43,0.2877,0.0466,0.0411,5.49,1.52,0.2567,0.0347,Coors Field,1.15,1.0,72.9,6.6,147.0,17.0,neutral,329,285,0.225,0.317,0.382,0.699,277,0.74,64,6,0,13,38,36,39,1,8,2026-08-30 @ Athletics: 0 FS|2026-08-29 @ Athletics: 16 FS|2026-08-28 @ Athletics: 7 FS|2026-08-27 @ St. Louis Cardinals: 5 FS|2026-08-26 @ St. Louis Cardinals: 8 FS,2026-08-30 @ Athletics: 0 FS|2026-08-29 @ Athletics: 16 FS|2026-08-28 @ Athletics: 7 FS|2026-08-27 @ St. Louis Cardinals: 5 FS|2026-08-26 @ St. Louis Cardinals: 8 FS|2026-08-23 vs Tampa Bay Rays: 19 FS|2026-08-21 vs Tampa Bay Rays: 8 FS|2026-08-20 vs New York Yankees: 0 FS|2026-08-19 vs New York Yankees: 0 FS|2026-08-18 vs New York Yankees: 0 FS,2026-08-30 @ Athletics: 0 FS|2026-08-29 @ Athletics: 16 FS|2026-08-28 @ Athletics: 7 FS|2026-08-27 @ St. Louis Cardinals: 5 FS|2026-08-26 @ St. Louis Cardinals: 8 FS|2026-08-23 vs Tampa Bay Rays: 19 FS|2026-08-21 vs Tampa Bay Rays: 8 FS|2026-08-20 vs New York Yankees: 0 FS|2026-08-19 vs New York Yankees: 0 FS|2026-08-18 vs New York Yankees: 0 FS|2026-08-17 @ Tampa Bay Rays: 0 FS|2026-08-16 @ Tampa Bay Rays: 19 FS|2026-08-15 @ Tampa Bay Rays: 2 FS|2026-08-14 @ Tampa Bay Rays: 14 FS|2026-08-12 @ Minnesota Twins: 0 FS,15,30,5.2,3.0,Last 30 games + shrinkage,9.0,7.0,0.308,Hot,5.2,2.333,0.2857,0.1429,0.0952,0.0476,0.0,8.6,9.28,9.46,9.64,8.03,28.0,16.0,20.0,16.0,20.0,6.0,20.61,60.6,39.4,Recent workload,No,39.0,28.4,62.0,55.8,1.1247,85,1.64,1.0,1.08,1.0,75.0,139,83.61,28.78,1.44,32.37,0.426,0.9641,1.0,1.0,1.0,0.9932,306,Statcast,0.9155,17,Statcast,139,83.61,12.0,21.69,30.34,12.2,64.8,23.0,1.0194,1.0523,1.1508,1.2052,1.1892,1.0158,6.52,1.32,Unknown/neutral,Neutral fallback,1.0,1.0,1.0,1.0,1.0,1.0,Neutral fallback,1.072,3,27.0,1.3,27.0,1.0,0.2186,0.0487,0.0008,0.078,0.0829,0.0026,0.2522,0.3693,0.3846,0.2461,0.0511,0.1107,0.0037,1.0,Projected,6.56,5.93,14.57,19.61,4.03,0.0,Raw,100.0,100.0,88.7,88.7,84.2,84.2,76.5,73.6,73.6,63.7,61.0,61.0,54.8,49.7,49.7,46.0,41.5,39.3,39.3,36.1,34.3,34.3,29.6,28.3,28.3,24.6,22.2,0.0,0.0,4.2,4.0,4.7,3.9,4.5,4.0,3.5,3.0,2.5,1.0,0.0,0.0,0.0,0.0,0.0,0.0,0.0,0.0,0.0,0.0,0.0,0.0,0.0,0.0,0.0,High,
13,13,2026-08-31,Yandy Díaz,TB,NYM,NYM @ TB,HOME,DH,9.46,9.73,9.73,8.04,7.18,6.76,6.92,6.76,0.977,7.6,6.4,8.4,5|12|19|0|2,5|12|19|0|2|7|5|8|0|6,5|12|19|0|2|7|5|8|0|6|20|8|23|3|8,93.6,93.6,88.6,88.2,84.6,83.6,73.1,72.6,67.4,66.9,58.7,57.2,48.8,48.8,43.9,36.8,36.8,32.6,32.6,27.9,27.9,24.3,24.3,20.8,20.8,18.1,18.1,244.64,A,MORE 7.5 | 58.7% | Edge +2.2,MORE,7.5,58.7,2.23,17.4,Playable,1,Last 7 Confirmed,,1,7,1-1-1-1-1-1-1,100.0,97.0,5.13,Regular,14,1.04,Robert Stock,R,7.4,1.94,0.2596,0.0192,0.125,4.08,1.3,0.2099,0.0289,Tropicana Field,1.0,1.0,,,,,Indoor/retractable neutral,582,518,0.303,0.371,0.465,0.836,419,0.838,157,22,1,20,78,75,49,10,3,2026-08-30 vs San Diego Padres: 5 FS|2026-08-29 vs San Diego Padres: 12 FS|2026-08-28 vs San Diego Padres: 19 FS|2026-08-26 @ Detroit Tigers: 0 FS|2026-08-25 @ Detroit Tigers: 2 FS,2026-08-30 vs San Diego Padres: 5 FS|2026-08-29 vs San Diego Padres: 12 FS|2026-08-28 vs San Diego Padres: 19 FS|2026-08-26 @ Detroit Tigers: 0 FS|2026-08-25 @ Detroit Tigers: 2 FS|2026-08-24 @ Detroit Tigers: 7 FS|2026-08-23 @ Baltimore Orioles: 5 FS|2026-08-22 @ Baltimore Orioles: 8 FS|2026-08-21 @ Baltimore Orioles: 0 FS|2026-08-20 vs Toronto Blue Jays: 6 FS,2026-08-30 vs San Diego Padres: 5 FS|2026-08-29 vs San Diego Padres: 12 FS|2026-08-28 vs San Diego Padres: 19 FS|2026-08-26 @ Detroit Tigers: 0 FS|2026-08-25 @ Detroit Tigers: 2 FS|2026-08-24 @ Detroit Tigers: 7 FS|2026-08-23 @ Baltimore Orioles: 5 FS|2026-08-22 @ Baltimore Orioles: 8 FS|2026-08-21 @ Baltimore Orioles: 0 FS|2026-08-20 vs Toronto Blue Jays: 6 FS|2026-08-19 vs Toronto Blue Jays: 20 FS|2026-08-18 vs Toronto Blue Jays: 8 FS|2026-08-17 vs Baltimore Orioles: 23 FS|2026-08-16 vs Baltimore Orioles: 3 FS|2026-08-15 vs Baltimore Orioles: 8 FS,15,30,8.63,6.5,Last 30 games + shrinkage,7.14,8.43,0.304,Hot,8.63,1.903,0.2742,0.0645,0.0484,0.0806,0.0,10.53,10.33,10.19,9.7,9.19,28.0,16.0,20.0,16.0,20.0,6.0,19.91,58.6,41.4,Recent workload,No,52.5,40.7,71.1,76.2,1.15,179,4.0,1.0,1.0,1.0,100.0,352,84.26,26.42,1.42,26.42,0.358,0.9143,1.0,1.0,1.0,0.9993,690,Statcast,1.0,4,Fallback,352,84.26,12.0,15.13,34.41,10.8,73.0,16.2,1.0,1.0011,1.004,1.0022,1.0073,0.996,8.3,-0.33,Unknown/neutral,Neutral fallback,1.0,1.0,1.0,1.0,1.0,1.0,Neutral fallback,1.072,3,27.0,0.8822,27.0,0.9983,0.2598,0.0397,0.0019,0.0283,0.0951,0.019,0.1692,0.5857,0.18,0.2343,0.0613,0.1074,0.0007,1.0,Projected,6.76,5.11,12.93,18.79,4.68,0.0,Raw,89.4,89.4,81.8,81.8,78.6,78.6,68.6,68.6,63.9,63.9,56.2,56.2,48.8,48.8,43.9,36.8,36.8,32.6,32.6,27.9,27.9,24.3,24.3,20.8,20.8,18.1,18.1,4.2,4.2,6.8,6.4,6.0,5.0,4.5,4.0,3.5,3.0,2.5,1.0,0.0,0.0,0.0,0.0,0.0,0.0,0.0,0.0,0.0,0.0,0.0,0.0,0.0,0.0,0.0,Medium,
14,14,2026-08-31,Jackson Merrill,SD,CIN,SD @ CIN,AWAY,CF,9.6,9.82,9.82,7.65,7.71,7.12,9.24,7.12,0.771,9.8,8.4,7.13,5|2|23|19|0,5|2|23|19|0|0|14|21|0|0,5|2|23|19|0|0|14|21|0|0|0|3|7|0|13,89.4,89.4,88.9,83.5,82.5,72.4,69.1,68.6,58.9,56.0,55.5,48.1,43.7,43.7,40.8,37.6,37.6,36.0,36.0,33.9,32.9,32.9,27.3,26.6,26.6,22.7,20.8,235.33,A,MORE 6.5 | 58.9% | Edge +3.3,MORE,6.5,58.9,3.32,17.8,Playable,5,Last 7 Confirmed,,5,7,5-5-5-5-5-5-5,100.0,97.0,4.61,Regular,14,1.04,Brady Singer,R,4.72,1.42,0.2455,0.0426,0.0736,4.67,1.42,0.2187,0.033,Great American Ball Park,1.08,1.055,94.5,8.7,224.0,1.0,hot,563,519,0.239,0.291,0.418,0.709,408,0.704,124,21,3,22,71,69,37,2,24,2026-08-30 @ Tampa Bay Rays: 5 FS|2026-08-29 @ Tampa Bay Rays: 2 FS|2026-08-28 @ Tampa Bay Rays: 23 FS|2026-08-26 vs Pittsburgh Pirates: 19 FS|2026-08-25 vs Pittsburgh Pirates: 0 FS,2026-08-30 @ Tampa Bay Rays: 5 FS|2026-08-29 @ Tampa Bay Rays: 2 FS|2026-08-28 @ Tampa Bay Rays: 23 FS|2026-08-26 vs Pittsburgh Pirates: 19 FS|2026-08-25 vs Pittsburgh Pirates: 0 FS|2026-08-24 vs Pittsburgh Pirates: 0 FS|2026-08-23 vs Minnesota Twins: 14 FS|2026-08-22 vs Minnesota Twins: 21 FS|2026-08-21 vs Minnesota Twins: 0 FS|2026-08-19 @ New York Mets: 0 FS,2026-08-30 @ Tampa Bay Rays: 5 FS|2026-08-29 @ Tampa Bay Rays: 2 FS|2026-08-28 @ Tampa Bay Rays: 23 FS|2026-08-26 vs Pittsburgh Pirates: 19 FS|2026-08-25 vs Pittsburgh Pirates: 0 FS|2026-08-24 vs Pittsburgh Pirates: 0 FS|2026-08-23 vs Minnesota Twins: 14 FS|2026-08-22 vs Minnesota Twins: 21 FS|2026-08-21 vs Minnesota Twins: 0 FS|2026-08-19 @ New York Mets: 0 FS|2026-08-18 @ New York Mets: 0 FS|2026-08-17 @ New York Mets: 3 FS|2026-08-16 @ Cleveland Guardians: 7 FS|2026-08-15 @ Cleveland Guardians: 0 FS|2026-08-14 @ Cleveland Guardians: 13 FS,15,30,9.03,7.0,Last 30 games + shrinkage,9.0,6.71,0.185,Cold,9.03,1.593,0.1695,0.0847,0.0508,0.0847,0.0,11.34,11.62,10.34,10.89,9.5,28.0,16.0,20.0,16.0,20.0,6.0,26.26,77.2,22.8,Recent workload,No,50.3,38.6,70.6,75.2,1.15,73,1.19,1.0,1.0,1.0,75.0,334,84.35,24.85,3.59,33.83,0.479,1.0187,1.0,1.0,1.0,1.0689,586,Statcast,0.9565,31,Statcast,334,84.35,12.0,19.89,29.68,13.5,65.3,21.3,1.0482,1.0034,1.1037,0.9262,1.1898,0.9941,8.55,-0.49,Unknown/neutral,Neutral fallback,1.0,1.0,1.0,1.0,1.0,1.0,Neutral fallback,1.072,3,27.0,1.3,27.0,1.0,0.137,0.0483,0.0093,0.0771,0.0697,0.0055,0.2235,0.3194,0.3751,0.3055,0.0544,0.1525,0.0045,1.0,Projected,7.12,4.56,14.58,19.98,4.19,0.0,Raw,82.3,82.3,82.3,76.5,76.5,67.4,64.6,64.6,55.4,53.0,53.0,47.1,43.7,43.7,40.8,37.6,37.6,36.0,36.0,33.9,32.9,32.9,27.3,26.6,26.6,22.7,20.8,7.1,7.1,6.6,7.0,6.0,5.0,4.5,4.0,3.5,3.0,2.5,1.0,0.0,0.0,0.0,0.0,0.0,0.0,0.0,0.0,0.0,0.0,0.0,0.0,0.0,0.0,0.0,Medium,
15,15,2026-08-31,Heriberto Hernández,MIA,WSH,MIA @ WSH,AWAY,LF,10.74,9.43,9.43,7.62,7.05,6.67,8.96,6.67,0.745,13.6,10.6,10.0,9|16|16|13|14,9|16|16|13|14|8|9|16|2|3,9|16|16|13|14|8|9|16|2|3|5|2|20|14|3,89.9,89.9,89.5,80.5,79.5,70.8,65.6,65.1,57.1,53.5,53.0,46.2,42.2,42.2,39.2,36.7,36.7,35.1,33.5,33.5,32.7,27.0,27.0,26.4,21.2,21.2,19.1,234.29,A,MORE 6.0 | 65.1% | Edge +3.4,MORE,6.0,65.1,3.43,30.2,Good,2,Last 7 Confirmed,,2,7,1-2-1-3-2-2-3,42.9,97.0,5.02,Regular,14,1.04,Will Dion,L,3.67,1.14,0.2158,0.0432,0.0647,4.67,1.39,0.2239,0.0352,Nationals Park,1.0,1.03,88.3,3.4,23.0,8.0,warm,391,349,0.232,0.312,0.467,0.779,137,0.87,81,14,1,22,40,58,39,2,10,2026-08-30 @ Washington Nationals: 9 FS|2026-08-29 @ Washington Nationals: 16 FS|2026-08-28 @ Washington Nationals: 16 FS|2026-08-26 vs Boston Red Sox: 13 FS|2026-08-25 vs Boston Red Sox: 14 FS,2026-08-30 @ Washington Nationals: 9 FS|2026-08-29 @ Washington Nationals: 16 FS|2026-08-28 @ Washington Nationals: 16 FS|2026-08-26 vs Boston Red Sox: 13 FS|2026-08-25 vs Boston Red Sox: 14 FS|2026-08-24 vs Boston Red Sox: 8 FS|2026-08-23 vs Washington Nationals: 9 FS|2026-08-22 vs Washington Nationals: 16 FS|2026-08-21 vs Washington Nationals: 2 FS|2026-08-19 @ Philadelphia Phillies: 3 FS,2026-08-30 @ Washington Nationals: 9 FS|2026-08-29 @ Washington Nationals: 16 FS|2026-08-28 @ Washington Nationals: 16 FS|2026-08-26 vs Boston Red Sox: 13 FS|2026-08-25 vs Boston Red Sox: 14 FS|2026-08-24 vs Boston Red Sox: 8 FS|2026-08-23 vs Washington Nationals: 9 FS|2026-08-22 vs Washington Nationals: 16 FS|2026-08-21 vs Washington Nationals: 2 FS|2026-08-19 @ Philadelphia Phillies: 3 FS|2026-08-18 @ Philadelphia Phillies: 5 FS|2026-08-17 @ Philadelphia Phillies: 2 FS|2026-08-16 @ Cincinnati Reds: 20 FS|2026-08-15 @ Cincinnati Reds: 14 FS|2026-08-14 @ Cincinnati Reds: 3 FS,15,30,8.13,7.0,Last 30 games + shrinkage,12.14,10.5,0.264,Neutral,8.13,2.333,0.2222,0.0952,0.0794,0.1429,0.0317,10.97,10.73,11.42,11.38,10.34,28.0,16.0,20.0,16.0,20.0,6.0,9.19,27.0,73.0,Recent workload,Yes,50.7,39.0,44.6,67.3,1.1254,135,4.05,1.0,1.0,1.0,75.0,226,85.09,29.2,2.21,28.76,0.482,1.0313,1.0,1.0,1.0,1.0137,596,Statcast,1.0,7,Fallback,226,85.09,12.0,13.19,35.0,23.4,66.4,10.2,1.0028,1.0025,1.012,1.005,1.0195,1.0258,10.28,2.15,Unknown/neutral,Neutral fallback,1.0,1.0,1.0,1.0,1.0,1.0,Neutral fallback,1.072,3,27.0,1.3,27.0,1.0,0.1154,0.0286,0.0042,0.078,0.1149,0.0078,0.2556,0.4815,0.3241,0.1944,0.0728,0.1712,0.0203,1.0,Projected,6.67,3.9,14.32,18.04,4.43,0.0,Raw,83.2,83.2,83.2,73.5,73.5,65.8,61.1,61.1,53.6,50.5,50.5,45.2,42.2,42.2,39.2,36.7,36.7,35.1,33.5,33.5,32.7,27.0,27.0,26.4,21.2,21.2,19.1,6.7,6.7,6.3,7.0,6.0,5.0,4.5,4.0,3.5,3.0,2.5,1.0,0.0,0.0,0.0,0.0,0.0,0.0,0.0,0.0,0.0,0.0,0.0,0.0,0.0,0.0,0.0,Low,
16,16,2026-08-31,Corey Seager,TEX,ATH,ATH @ TEX,HOME,SS,9.31,9.32,9.32,8.17,6.7,6.45,7.43,6.45,0.868,3.2,7.6,7.33,7|7|0|2|0,7|7|0|2|0|23|10|2|6|19,7|7|0|2|0|23|10|2|6|19|6|10|10|6|2,94.4,90.5,90.1,84.3,83.3,77.3,76.8,66.8,62.0,61.5,52.6,51.1,44.6,44.6,39.1,33.8,33.8,30.3,30.3,26.6,26.6,24.6,20.7,20.7,19.1,19.1,16.1,231.43,A,MORE 7.0 | 61.5% | Edge +2.3,MORE,7.0,61.5,2.32,23.0,Playable,2,Last 7 Confirmed,,2,7,2-2-2-2-2-2-2,100.0,97.0,4.94,Regular,14,1.04,Gage Jump,L,4.69,1.46,0.226,0.0234,0.1091,5.43,1.5,0.2349,0.0384,Globe Life Field,1.02,1.0,,,,,Indoor/retractable neutral,327,283,0.223,0.321,0.403,0.724,99,0.724,63,12,0,13,42,34,39,3,1,2026-08-30 @ Milwaukee Brewers: 7 FS|2026-08-29 @ Milwaukee Brewers: 7 FS|2026-08-28 @ Milwaukee Brewers: 0 FS|2026-08-26 @ Chicago White Sox: 2 FS|2026-08-25 @ Chicago White Sox: 0 FS,2026-08-30 @ Milwaukee Brewers: 7 FS|2026-08-29 @ Milwaukee Brewers: 7 FS|2026-08-28 @ Milwaukee Brewers: 0 FS|2026-08-26 @ Chicago White Sox: 2 FS|2026-08-25 @ Chicago White Sox: 0 FS|2026-08-24 @ Chicago White Sox: 23 FS|2026-08-23 vs Los Angeles Angels: 10 FS|2026-08-22 vs Los Angeles Angels: 2 FS|2026-08-21 vs Los Angeles Angels: 6 FS|2026-08-20 vs Washington Nationals: 19 FS,2026-08-30 @ Milwaukee Brewers: 7 FS|2026-08-29 @ Milwaukee Brewers: 7 FS|2026-08-28 @ Milwaukee Brewers: 0 FS|2026-08-26 @ Chicago White Sox: 2 FS|2026-08-25 @ Chicago White Sox: 0 FS|2026-08-24 @ Chicago White Sox: 23 FS|2026-08-23 vs Los Angeles Angels: 10 FS|2026-08-22 vs Los Angeles Angels: 2 FS|2026-08-21 vs Los Angeles Angels: 6 FS|2026-08-20 vs Washington Nationals: 19 FS|2026-08-19 vs Washington Nationals: 6 FS|2026-08-18 vs Washington Nationals: 10 FS|2026-08-15 @ Athletics: 10 FS|2026-08-14 @ Athletics: 6 FS|2026-08-13 @ Los Angeles Angels: 2 FS,15,30,7.27,6.0,Last 30 games + shrinkage,7.0,7.71,0.321,Hot,7.27,1.77,0.2787,0.082,0.0164,0.1148,0.0,9.75,10.14,10.05,9.64,9.19,28.0,16.0,20.0,16.0,20.0,6.0,22.99,67.6,32.4,Recent workload,No,48.7,37.1,36.8,55.1,1.15,63,-0.97,1.0,1.0,1.0,100.0,135,86.12,34.81,2.22,33.33,0.425,1.0181,1.0,1.0,1.0,1.0433,306,Statcast,0.9599,32,Statcast,135,86.12,12.0,23.49,28.16,14.1,59.3,26.7,1.0,1.0097,1.0355,1.0194,1.0646,0.9963,6.96,-0.31,Unknown/neutral,Neutral fallback,1.0,1.0,1.0,1.0,1.0,1.0,Neutral fallback,1.072,3,27.0,0.8625,27.0,0.9988,0.1796,0.0572,0.0009,0.0352,0.1399,0.0125,0.2427,0.4109,0.3425,0.2465,0.0958,0.0979,0.0016,1.0,Projected,6.45,4.7,12.51,18.59,4.57,0.0,Raw,90.6,84.2,84.2,77.3,77.3,72.3,72.3,62.8,58.5,58.5,50.1,50.1,44.6,44.6,39.1,33.8,33.8,30.3,30.3,26.6,26.6,24.6,20.7,20.7,19.1,19.1,16.1,3.8,6.3,5.9,7.0,6.0,5.0,4.5,4.0,3.5,3.0,2.5,1.0,0.0,0.0,0.0,0.0,0.0,0.0,0.0,0.0,0.0,0.0,0.0,0.0,0.0,0.0,0.0,Medium,
17,17,2026-08-31,Wilyer Abreu,BOS,SEA,SEA @ BOS,HOME,RF,9.95,9.5,9.5,7.21,8.23,7.47,8.16,7.47,0.915,8.6,7.4,8.33,8|9|14|10|2,8|9|14|10|2|0|9|0|2|20,8|9|14|10|2|0|9|0|2|20|7|4|14|2|24,91.7,87.9,87.4,79.2,75.1,74.1,64.0,63.5,60.9,60.4,51.9,50.4,45.2,45.2,40.5,35.9,35.9,33.7,33.7,29.9,29.9,28.2,28.2,23.3,23.3,22.1,18.5,230.09,A,MORE 7.0 | 60.4% | Edge +2.5,MORE,7.0,60.4,2.5,20.8,Playable,3,Last 7 Confirmed,,3,7,3-3-3-3-3-3-3,100.0,97.0,4.92,Regular,14,1.04,George Kirby,R,4.02,1.33,0.2642,0.0276,0.0551,4.16,1.24,0.2255,0.0317,Fenway Park,1.05,1.0,76.7,7.0,96.0,0.0,neutral,585,510,0.257,0.337,0.469,0.806,409,0.758,131,31,4,23,76,70,62,3,8,2026-08-30 @ New York Yankees: 8 FS|2026-08-29 @ New York Yankees: 9 FS|2026-08-29 @ New York Yankees: 14 FS|2026-08-28 @ New York Yankees: 10 FS|2026-08-26 @ Miami Marlins: 2 FS,2026-08-30 @ New York Yankees: 8 FS|2026-08-29 @ New York Yankees: 9 FS|2026-08-29 @ New York Yankees: 14 FS|2026-08-28 @ New York Yankees: 10 FS|2026-08-26 @ Miami Marlins: 2 FS|2026-08-25 @ Miami Marlins: 0 FS|2026-08-24 @ Miami Marlins: 9 FS|2026-08-23 vs San Francisco Giants: 0 FS|2026-08-22 vs San Francisco Giants: 2 FS|2026-08-21 vs San Francisco Giants: 20 FS,2026-08-30 @ New York Yankees: 8 FS|2026-08-29 @ New York Yankees: 9 FS|2026-08-29 @ New York Yankees: 14 FS|2026-08-28 @ New York Yankees: 10 FS|2026-08-26 @ Miami Marlins: 2 FS|2026-08-25 @ Miami Marlins: 0 FS|2026-08-24 @ Miami Marlins: 9 FS|2026-08-23 vs San Francisco Giants: 0 FS|2026-08-22 vs San Francisco Giants: 2 FS|2026-08-21 vs San Francisco Giants: 20 FS|2026-08-19 vs Arizona Diamondbacks: 7 FS|2026-08-18 vs Arizona Diamondbacks: 4 FS|2026-08-17 vs Arizona Diamondbacks: 14 FS|2026-08-16 @ Pittsburgh Pirates: 2 FS|2026-08-15 @ Pittsburgh Pirates: 24 FS,15,30,10.13,8.5,Last 30 games + shrinkage,7.43,7.21,0.241,Neutral,10.13,1.578,0.2031,0.0938,0.0156,0.125,0.0,10.61,11.58,9.64,10.05,9.04,28.0,16.0,20.0,16.0,20.0,6.0,23.84,70.1,29.9,Recent workload,No,52.6,40.7,70.6,72.8,1.15,139,-0.98,1.0,1.0,1.0,75.0,294,82.21,27.55,1.7,34.35,0.435,0.9524,1.0,1.0,1.0,1.0208,639,Statcast,1.1257,71,Statcast,294,82.21,12.0,24.38,29.83,12.6,65.3,22.1,1.0074,1.0192,1.1651,0.9185,1.022,0.9798,8.45,-1.68,Unknown/neutral,Neutral fallback,1.0,1.0,1.0,1.0,1.0,1.0,Neutral fallback,1.072,3,27.0,1.1445,27.0,0.9961,0.1328,0.1015,0.0069,0.0495,0.0873,0.0034,0.2054,0.3713,0.3713,0.2575,0.0562,0.1291,0.0031,1.0,Projected,7.47,3.55,13.62,20.02,4.34,0.0,Raw,86.1,79.9,79.9,72.2,69.1,69.1,59.5,59.5,57.4,57.4,49.4,49.4,45.2,45.2,40.5,35.9,35.9,33.7,33.7,29.9,29.9,28.2,28.2,23.3,23.3,22.1,18.5,5.6,8.0,7.5,7.0,6.0,5.0,4.5,4.0,3.5,3.0,2.5,1.0,0.0,0.0,0.0,0.0,0.0,0.0,0.0,0.0,0.0,0.0,0.0,0.0,0.0,0.0,0.0,Medium,
18,18,2026-08-31,Hunter Goodman,COL,BAL,BAL @ COL,HOME,C,10.04,9.64,9.64,7.39,8.85,7.9,9.26,7.9,0.853,7.8,8.8,6.53,3|4|11|0|21,3|4|11|0|21|14|4|10|2|19,3|4|11|0|21|14|4|10|2|19|5|0|0|3|2,89.4,89.4,82.8,72.7,71.7,67.9,67.4,57.9,57.4,54.5,48.6,47.1,42.5,42.5,39.8,36.8,36.8,35.6,35.6,33.8,33.8,32.6,27.2,27.2,26.6,26.6,22.1,228.7,A,MORE 5.5 | 67.4% | Edge +4.1,MORE,5.5,67.4,4.14,34.8,Good,3,Last 7 Confirmed,,3,5,3-3-3-3-3,100.0,95.5,4.92,Regular,12,1.04,TBD,R,4.2,1.25,0.224,0.03,0.085,4.19,1.34,0.227,0.0277,Coors Field,1.15,1.0,72.9,6.6,147.0,17.0,neutral,484,437,0.254,0.32,0.542,0.862,328,0.862,111,16,1,36,73,73,40,4,5,2026-08-30 @ Atlanta Braves: 3 FS|2026-08-29 @ Atlanta Braves: 4 FS|2026-08-28 @ Atlanta Braves: 11 FS|2026-08-27 @ Washington Nationals: 0 FS|2026-08-26 @ Washington Nationals: 21 FS,2026-08-30 @ Atlanta Braves: 3 FS|2026-08-29 @ Atlanta Braves: 4 FS|2026-08-28 @ Atlanta Braves: 11 FS|2026-08-27 @ Washington Nationals: 0 FS|2026-08-26 @ Washington Nationals: 21 FS|2026-08-25 @ Washington Nationals: 14 FS|2026-08-12 @ Arizona Diamondbacks: 4 FS|2026-08-11 @ Arizona Diamondbacks: 10 FS|2026-08-10 @ Arizona Diamondbacks: 2 FS|2026-08-09 @ St. Louis Cardinals: 19 FS,2026-08-30 @ Atlanta Braves: 3 FS|2026-08-29 @ Atlanta Braves: 4 FS|2026-08-28 @ Atlanta Braves: 11 FS|2026-08-27 @ Washington Nationals: 0 FS|2026-08-26 @ Washington Nationals: 21 FS|2026-08-25 @ Washington Nationals: 14 FS|2026-08-12 @ Arizona Diamondbacks: 4 FS|2026-08-11 @ Arizona Diamondbacks: 10 FS|2026-08-10 @ Arizona Diamondbacks: 2 FS|2026-08-09 @ St. Louis Cardinals: 19 FS|2026-08-08 @ St. Louis Cardinals: 5 FS|2026-08-07 @ St. Louis Cardinals: 0 FS|2026-08-05 vs Tampa Bay Rays: 0 FS|2026-08-04 vs Tampa Bay Rays: 3 FS|2026-08-03 vs Tampa Bay Rays: 2 FS,15,30,8.37,4.5,Last 30 games + shrinkage,8.14,6.86,0.24,Neutral,8.37,1.811,0.2264,0.0755,0.0566,0.0566,0.0,11.04,10.52,9.54,9.81,9.79,28.0,16.0,20.0,16.0,20.0,6.0,21.0,64.0,36.0,Season fallback,No,44.1,33.2,65.9,61.8,1.0,0,0.0,1.0,1.08,1.0,75.0,178,82.46,26.97,1.69,30.34,0.445,0.9617,1.0,1.0,1.0,1.0,0,Fallback,1.0,0,Fallback,178,82.46,12.0,19.31,33.67,20.2,68.5,11.2,1.0194,1.0479,1.1334,1.1953,1.1569,0.9907,7.59,-0.77,Unknown/neutral,Neutral fallback,1.0,1.0,1.0,1.0,1.0,1.0,Neutral fallback,1.072,3,27.0,1.1076,27.0,1.0,0.1396,0.0284,0.0063,0.078,0.0696,0.0085,0.2831,0.4444,0.358,0.1976,0.0522,0.1942,0.0001,1.0,Projected,7.9,3.97,15.07,20.19,4.41,0.0,Raw,82.3,82.3,75.3,65.7,65.7,62.9,62.9,53.9,53.9,51.5,46.1,46.1,42.5,42.5,39.8,36.8,36.8,35.6,35.6,33.8,33.8,32.6,27.2,27.2,26.6,26.6,22.1,7.1,7.1,7.5,7.0,6.0,5.0,4.5,4.0,3.5,3.0,2.5,1.0,0.0,0.0,0.0,0.0,0.0,0.0,0.0,0.0,0.0,0.0,0.0,0.0,0.0,0.0,0.0,Low,
19,19,2026-08-31,Jake Burger,TEX,ATH,ATH @ TEX,HOME,1B,9.06,9.28,9.28,7.56,6.61,6.39,8.45,6.39,0.756,5.8,6.3,7.8,5|3|0|5|16,5|3|0|5|16|25|7|2|0|0,5|3|0|5|16|25|7|2|0|0|3|22|9|20|0,91.2,91.2,90.9,84.6,83.6,74.5,69.8,69.3,59.4,55.6,55.1,46.5,42.0,42.0,37.9,34.6,34.6,32.3,29.4,29.4,28.2,24.3,24.3,23.6,19.8,19.8,17.8,225.24,A,MORE 6.5 | 59.4% | Edge +2.8,MORE,6.5,59.4,2.78,18.8,Playable,6,Last 7 Confirmed,,6,6,6-6-7-6-7-6,66.7,96.3,4.4,Regular,12,1.04,Gage Jump,L,4.69,1.46,0.226,0.0234,0.1091,5.43,1.5,0.2349,0.0384,Globe Life Field,1.02,1.0,,,,,Indoor/retractable neutral,517,471,0.236,0.3,0.425,0.725,133,0.88,111,20,0,23,54,77,40,4,3,2026-08-30 @ Milwaukee Brewers: 5 FS|2026-08-29 @ Milwaukee Brewers: 3 FS|2026-08-28 @ Milwaukee Brewers: 0 FS|2026-08-26 @ Chicago White Sox: 5 FS|2026-08-25 @ Chicago White Sox: 16 FS,2026-08-30 @ Milwaukee Brewers: 5 FS|2026-08-29 @ Milwaukee Brewers: 3 FS|2026-08-28 @ Milwaukee Brewers: 0 FS|2026-08-26 @ Chicago White Sox: 5 FS|2026-08-25 @ Chicago White Sox: 16 FS|2026-08-24 @ Chicago White Sox: 25 FS|2026-08-23 vs Los Angeles Angels: 7 FS|2026-08-22 vs Los Angeles Angels: 2 FS|2026-08-21 vs Los Angeles Angels: 0 FS|2026-08-20 vs Washington Nationals: 0 FS,2026-08-30 @ Milwaukee Brewers: 5 FS|2026-08-29 @ Milwaukee Brewers: 3 FS|2026-08-28 @ Milwaukee Brewers: 0 FS|2026-08-26 @ Chicago White Sox: 5 FS|2026-08-25 @ Chicago White Sox: 16 FS|2026-08-24 @ Chicago White Sox: 25 FS|2026-08-23 vs Los Angeles Angels: 7 FS|2026-08-22 vs Los Angeles Angels: 2 FS|2026-08-21 vs Los Angeles Angels: 0 FS|2026-08-20 vs Washington Nationals: 0 FS|2026-08-18 vs Washington Nationals: 3 FS|2026-08-16 @ Athletics: 22 FS|2026-08-15 @ Athletics: 9 FS|2026-08-14 @ Athletics: 20 FS|2026-08-12 @ Los Angeles Angels: 0 FS,15,30,6.17,4.0,Last 30 games + shrinkage,8.71,8.36,0.261,Neutral,6.17,2.208,0.2264,0.1321,0.0755,0.1132,0.0189,8.88,8.68,9.56,9.22,9.2,28.0,16.0,20.0,16.0,20.0,6.0,22.99,67.6,32.4,Recent workload,No,46.8,35.4,43.9,65.9,1.15,116,-0.97,1.0,1.0,1.0,100.0,213,84.16,29.58,1.88,23.0,0.393,0.9524,1.0,1.0,1.0,1.0217,535,Statcast,1.14,45,Statcast,213,84.16,12.0,22.26,35.0,22.5,65.3,12.2,1.0,1.0039,1.0142,1.0078,1.0259,1.0059,6.66,0.49,Unknown/neutral,Neutral fallback,1.0,1.0,1.0,1.0,1.0,1.0,Neutral fallback,1.072,3,27.0,0.8988,27.0,1.0,0.1575,0.0527,0.0006,0.0601,0.1088,0.011,0.2565,0.4804,0.3431,0.1765,0.0518,0.1732,0.0057,1.0,Projected,6.39,4.53,12.85,18.14,4.14,0.0,Raw,85.4,85.4,85.4,77.6,77.6,69.5,65.3,65.3,55.9,52.6,52.6,45.5,42.0,42.0,37.9,34.6,34.6,32.3,29.4,29.4,28.2,24.3,24.3,23.6,19.8,19.8,17.8,5.8,5.8,5.5,7.0,6.0,5.0,4.5,4.0,3.5,3.0,2.5,1.0,0.0,0.0,0.0,0.0,0.0,0.0,0.0,0.0,0.0,0.0,0.0,0.0,0.0,0.0,0.0,Medium,
20,20,2026-08-31,Daylen Lile,WSH,MIA,MIA @ WSH,HOME,LF,9.88,8.7,8.7,6.92,8.99,8.0,7.82,7.96,1.024,11.2,13.4,9.4,5|11|14|26|0,5|11|14|26|0|19|37|9|2|11,5|11|14|26|0|19|37|9|2|11|0|0|3|4|0,87.6,75.4,74.9,72.6,71.6,59.7,59.2,54.4,53.9,48.1,47.6,40.2,39.2,36.4,36.4,31.7,31.7,31.7,29.7,29.7,27.0,27.0,25.1,25.1,21.2,21.2,19.8,221.8,A,MORE 5.5 | 59.2% | Edge +3.2,MORE,5.5,59.2,3.2,18.4,Playable,4,Last 7 Confirmed,,4,7,4-4-4-4-4-4-4,100.0,97.0,4.82,Regular,14,1.04,Ryan Gusto,R,3.98,1.33,0.2357,0.0286,0.0643,3.9,1.25,0.2043,0.0263,Nationals Park,1.0,1.03,88.3,3.4,23.0,8.0,warm,569,523,0.252,0.304,0.428,0.732,417,0.783,132,26,6,18,71,76,35,6,13,2026-08-30 vs Miami Marlins: 5 FS|2026-08-29 vs Miami Marlins: 11 FS|2026-08-28 vs Miami Marlins: 14 FS|2026-08-27 vs Colorado Rockies: 26 FS|2026-08-26 vs Colorado Rockies: 0 FS,2026-08-30 vs Miami Marlins: 5 FS|2026-08-29 vs Miami Marlins: 11 FS|2026-08-28 vs Miami Marlins: 14 FS|2026-08-27 vs Colorado Rockies: 26 FS|2026-08-26 vs Colorado Rockies: 0 FS|2026-08-25 vs Colorado Rockies: 19 FS|2026-08-24 vs Colorado Rockies: 37 FS|2026-08-23 @ Miami Marlins: 9 FS|2026-08-22 @ Miami Marlins: 2 FS|2026-08-21 @ Miami Marlins: 11 FS,2026-08-30 vs Miami Marlins: 5 FS|2026-08-29 vs Miami Marlins: 11 FS|2026-08-28 vs Miami Marlins: 14 FS|2026-08-27 vs Colorado Rockies: 26 FS|2026-08-26 vs Colorado Rockies: 0 FS|2026-08-25 vs Colorado Rockies: 19 FS|2026-08-24 vs Colorado Rockies: 37 FS|2026-08-23 @ Miami Marlins: 9 FS|2026-08-22 @ Miami Marlins: 2 FS|2026-08-21 @ Miami Marlins: 11 FS|2026-08-20 @ Texas Rangers: 0 FS|2026-08-19 @ Texas Rangers: 0 FS|2026-08-18 @ Texas Rangers: 3 FS|2026-08-16 @ New York Mets: 4 FS|2026-08-15 @ New York Mets: 0 FS,15,30,9.0,6.0,Last 30 games + shrinkage,16.0,10.07,0.302,Hot,9.0,2.311,0.2623,0.1148,0.0492,0.1148,0.0164,9.71,10.73,10.35,11.51,8.78,28.0,16.0,20.0,16.0,20.0,6.0,20.11,59.1,40.9,Recent workload,No,50.4,38.6,71.0,74.4,1.1453,145,0.84,1.0,1.0,1.0,75.0,319,82.95,25.08,2.51,36.05,0.43,0.9568,1.0,1.0,1.0,1.0311,589,Statcast,1.14,62,Statcast,319,82.95,12.0,23.36,28.32,10.0,66.1,23.8,1.0034,1.0011,1.0073,1.0022,1.0106,1.02,10.67,1.67,Unknown/neutral,Neutral fallback,1.0,1.0,1.0,1.0,1.0,1.0,Neutral fallback,1.072,3,27.0,1.3,27.0,1.0,0.1741,0.0564,0.0096,0.0487,0.0608,0.0061,0.1943,0.2786,0.4214,0.3,0.05,0.2032,0.0089,1.0,Projected,7.96,2.83,14.09,19.21,4.38,0.0,Raw,79.6,67.4,67.4,65.6,65.6,54.7,54.7,50.4,50.4,45.1,45.1,39.2,39.2,36.4,36.4,31.7,31.7,31.7,29.7,29.7,27.0,27.0,25.1,25.1,21.2,21.2,19.8,8.0,8.0,7.5,7.0,6.0,5.0,4.5,4.0,3.5,3.0,2.5,1.0,0.0,0.0,0.0,0.0,0.0,0.0,0.0,0.0,0.0,0.0,0.0,0.0,0.0,0.0,0.0,Low,
21,21,2026-08-31,Bryce Harper,PHI,ARI,PHI @ ARI,AWAY,1B,9.35,8.52,8.52,6.7,4.47,5.1,7.56,5.45,0.72,9.2,9.7,9.6,10|6|3|21|6,10|6|3|21|6|8|14|18|4|7,10|6|3|21|6|8|14|18|4|7|6|13|9|10|9,93.3,93.3,93.1,84.9,83.9,75.8,68.2,58.4,57.9,53.0,44.8,43.3,38.1,33.3,33.3,29.8,27.2,27.2,24.3,22.6,19.5,19.5,18.6,15.4,15.4,14.1,11.6,221.57,A,MORE 6.0 | 58.4% | Edge +2.5,MORE,6.0,58.4,2.52,16.8,Playable,3,Last 7 Confirmed,,3,7,3-3-3-3-3-3-3,100.0,97.0,4.92,Regular,14,1.04,TBD,R,4.2,1.25,0.224,0.03,0.085,4.18,1.29,0.2243,0.0307,Chase Field,1.0,1.0,,,,,Indoor/retractable neutral,586,481,0.266,0.386,0.503,0.889,361,1.031,128,27,3,27,84,78,97,1,7,2026-08-30 @ Los Angeles Angels: 10 FS|2026-08-29 @ Los Angeles Angels: 6 FS|2026-08-28 @ Los Angeles Angels: 3 FS|2026-08-26 @ Seattle Mariners: 21 FS|2026-08-25 @ Seattle Mariners: 6 FS,2026-08-30 @ Los Angeles Angels: 10 FS|2026-08-29 @ Los Angeles Angels: 6 FS|2026-08-28 @ Los Angeles Angels: 3 FS|2026-08-26 @ Seattle Mariners: 21 FS|2026-08-25 @ Seattle Mariners: 6 FS|2026-08-24 @ Seattle Mariners: 8 FS|2026-08-23 vs St. Louis Cardinals: 14 FS|2026-08-22 vs St. Louis Cardinals: 18 FS|2026-08-21 vs St. Louis Cardinals: 4 FS|2026-08-19 vs Miami Marlins: 7 FS,2026-08-30 @ Los Angeles Angels: 10 FS|2026-08-29 @ Los Angeles Angels: 6 FS|2026-08-28 @ Los Angeles Angels: 3 FS|2026-08-26 @ Seattle Mariners: 21 FS|2026-08-25 @ Seattle Mariners: 6 FS|2026-08-24 @ Seattle Mariners: 8 FS|2026-08-23 vs St. Louis Cardinals: 14 FS|2026-08-22 vs St. Louis Cardinals: 18 FS|2026-08-21 vs St. Louis Cardinals: 4 FS|2026-08-19 vs Miami Marlins: 7 FS|2026-08-18 vs Miami Marlins: 6 FS|2026-08-17 vs Miami Marlins: 13 FS|2026-08-16 @ Minnesota Twins: 9 FS|2026-08-15 @ Minnesota Twins: 10 FS|2026-08-13 @ Minnesota Twins: 9 FS,15,30,9.67,9.5,Last 30 games + shrinkage,9.71,9.64,0.373,Hot,9.67,2.143,0.3016,0.0952,0.0317,0.1905,0.0,9.4,9.45,9.1,8.76,8.86,28.0,16.0,20.0,16.0,20.0,6.0,21.0,64.0,36.0,Season fallback,No,52.0,40.3,68.0,71.9,1.0,0,0.0,1.0,1.0,1.0,100.0,281,82.55,19.93,1.07,32.38,0.397,0.9004,1.0,1.0,1.0,1.0,0,Fallback,1.0,0,Fallback,281,82.55,12.0,17.72,29.4,13.2,67.3,19.6,1.0,0.9976,0.9912,0.9952,0.9839,0.9982,9.52,-0.15,Unknown/neutral,Neutral fallback,1.0,1.0,1.0,1.0,1.0,1.0,Neutral fallback,1.072,3,27.0,1.1766,27.0,0.9982,0.1295,0.0506,0.0051,0.0446,0.1757,0.0001,0.2075,0.4628,0.281,0.2562,0.0519,0.1556,0.0012,1.0,Projected,5.45,4.54,11.02,16.06,4.33,0.0,Raw,88.9,88.9,88.9,77.9,77.9,70.8,63.7,54.4,54.4,50.0,42.3,42.3,38.1,33.3,33.3,29.8,27.2,27.2,24.3,22.6,19.5,19.5,18.6,15.4,15.4,14.1,11.6,4.4,4.4,4.2,7.0,6.0,5.0,4.5,4.0,3.5,3.0,2.5,1.0,0.0,0.0,0.0,0.0,0.0,0.0,0.0,0.0,0.0,0.0,0.0,0.0,0.0,0.0,0.0,Low,
22,22,2026-08-31,Kyle Schwarber,PHI,ARI,PHI @ ARI,AWAY,DH,9.22,8.79,8.79,6.39,8.09,7.37,8.56,7.37,0.861,9.4,9.4,9.53,7|7|8|25|0,7|7|8|25|0|4|16|23|2|2,7|7|8|25|0|4|16|23|2|2|5|5|9|0|30,90.3,79.7,79.2,73.0,72.0,63.4,62.9,54.8,50.6,50.1,43.4,41.9,38.4,34.8,34.8,33.0,33.0,31.4,31.4,30.0,29.2,29.2,23.8,23.8,23.4,18.9,18.9,219.76,A,MORE 5.5 | 62.9% | Edge +3.3,MORE,5.5,62.9,3.29,25.8,Good,1,Last 7 Confirmed,,1,7,1-1-1-1-1-1-1,100.0,97.0,5.13,Regular,14,1.04,TBD,R,4.2,1.25,0.224,0.03,0.085,4.18,1.29,0.2243,0.0307,Chase Field,1.0,1.0,,,,,Indoor/retractable neutral,588,491,0.244,0.359,0.527,0.886,374,0.877,120,17,1,40,80,82,85,6,3,2026-08-30 @ Los Angeles Angels: 7 FS|2026-08-29 @ Los Angeles Angels: 7 FS|2026-08-28 @ Los Angeles Angels: 8 FS|2026-08-26 @ Seattle Mariners: 25 FS|2026-08-25 @ Seattle Mariners: 0 FS,2026-08-30 @ Los Angeles Angels: 7 FS|2026-08-29 @ Los Angeles Angels: 7 FS|2026-08-28 @ Los Angeles Angels: 8 FS|2026-08-26 @ Seattle Mariners: 25 FS|2026-08-25 @ Seattle Mariners: 0 FS|2026-08-24 @ Seattle Mariners: 4 FS|2026-08-23 vs St. Louis Cardinals: 16 FS|2026-08-22 vs St. Louis Cardinals: 23 FS|2026-08-21 vs St. Louis Cardinals: 2 FS|2026-08-19 vs Miami Marlins: 2 FS,2026-08-30 @ Los Angeles Angels: 7 FS|2026-08-29 @ Los Angeles Angels: 7 FS|2026-08-28 @ Los Angeles Angels: 8 FS|2026-08-26 @ Seattle Mariners: 25 FS|2026-08-25 @ Seattle Mariners: 0 FS|2026-08-24 @ Seattle Mariners: 4 FS|2026-08-23 vs St. Louis Cardinals: 16 FS|2026-08-22 vs St. Louis Cardinals: 23 FS|2026-08-21 vs St. Louis Cardinals: 2 FS|2026-08-19 vs Miami Marlins: 2 FS|2026-08-18 vs Miami Marlins: 5 FS|2026-08-17 vs Miami Marlins: 5 FS|2026-08-16 @ Minnesota Twins: 9 FS|2026-08-15 @ Minnesota Twins: 0 FS|2026-08-13 @ Minnesota Twins: 30 FS,15,30,8.97,5.5,Last 30 games + shrinkage,9.57,8.07,0.203,Neutral,8.97,1.687,0.1791,0.0896,0.0448,0.0896,0.0,10.15,9.51,8.89,9.31,8.88,28.0,16.0,20.0,16.0,20.0,6.0,21.0,64.0,36.0,Season fallback,No,53.1,41.3,68.8,68.2,1.0,0,0.0,1.0,1.0,1.0,100.0,236,85.34,28.81,2.54,29.24,0.429,0.9966,1.0,1.0,1.0,1.0,0,Fallback,1.0,0,Fallback,236,85.34,12.0,22.11,35.0,9.3,61.9,28.8,1.0,1.007,1.0257,1.014,1.0467,1.0043,9.32,0.36,Unknown/neutral,Neutral fallback,1.0,1.0,1.0,1.0,1.0,1.0,Neutral fallback,1.072,3,27.0,0.8808,27.0,1.0,0.0858,0.0324,0.0001,0.0692,0.1513,0.0052,0.283,0.3762,0.3168,0.307,0.0531,0.1305,0.0012,1.0,Projected,7.37,2.94,13.28,19.3,4.54,0.0,Raw,83.9,71.7,71.7,66.0,66.0,58.4,58.4,50.8,47.1,47.1,40.9,40.9,38.4,34.8,34.8,33.0,33.0,31.4,31.4,30.0,29.2,29.2,23.8,23.8,23.4,18.9,18.9,6.4,8.0,7.5,7.0,6.0,5.0,4.5,4.0,3.5,3.0,2.5,1.0,0.0,0.0,0.0,0.0,0.0,0.0,0.0,0.0,0.0,0.0,0.0,0.0,0.0,0.0,0.0,Low,
23,23,2026-08-31,Jonathan Aranda,TB,NYM,NYM @ TB,HOME,1B,8.95,8.87,8.87,7.35,5.35,5.6,6.88,5.6,0.814,6.8,6.0,5.6,3|14|5|12|0,3|14|5|12|0|16|5|2|0|3,3|14|5|12|0|16|5|2|0|3|0|3|12|0|9,94.3,94.3,90.9,90.6,82.7,78.4,77.9,66.5,66.0,61.0,52.3,50.8,42.7,37.6,37.6,31.5,31.5,27.8,23.6,23.6,20.9,20.9,17.4,15.4,15.4,12.9,11.4,218.32,A,MORE 7.0 | 61.0% | Edge +1.9,MORE,7.0,61.0,1.87,22.0,Playable,2,Last 7 Confirmed,,2,7,2-2-2-2-2-5-2,85.7,97.0,5.02,Regular,13,1.04,Robert Stock,R,7.4,1.94,0.2596,0.0192,0.125,4.08,1.3,0.2099,0.0289,Tropicana Field,1.0,1.0,,,,,Indoor/retractable neutral,579,503,0.278,0.361,0.421,0.782,414,0.843,140,21,0,17,63,79,60,9,0,2026-08-30 vs San Diego Padres: 3 FS|2026-08-29 vs San Diego Padres: 14 FS|2026-08-28 vs San Diego Padres: 5 FS|2026-08-26 @ Detroit Tigers: 12 FS|2026-08-25 @ Detroit Tigers: 0 FS,2026-08-30 vs San Diego Padres: 3 FS|2026-08-29 vs San Diego Padres: 14 FS|2026-08-28 vs San Diego Padres: 5 FS|2026-08-26 @ Detroit Tigers: 12 FS|2026-08-25 @ Detroit Tigers: 0 FS|2026-08-24 @ Detroit Tigers: 16 FS|2026-08-23 @ Baltimore Orioles: 5 FS|2026-08-22 @ Baltimore Orioles: 2 FS|2026-08-21 @ Baltimore Orioles: 0 FS|2026-08-20 vs Toronto Blue Jays: 3 FS,2026-08-30 vs San Diego Padres: 3 FS|2026-08-29 vs San Diego Padres: 14 FS|2026-08-28 vs San Diego Padres: 5 FS|2026-08-26 @ Detroit Tigers: 12 FS|2026-08-25 @ Detroit Tigers: 0 FS|2026-08-24 @ Detroit Tigers: 16 FS|2026-08-23 @ Baltimore Orioles: 5 FS|2026-08-22 @ Baltimore Orioles: 2 FS|2026-08-21 @ Baltimore Orioles: 0 FS|2026-08-20 vs Toronto Blue Jays: 3 FS|2026-08-19 vs Toronto Blue Jays: 0 FS|2026-08-18 vs Toronto Blue Jays: 3 FS|2026-08-17 vs Baltimore Orioles: 12 FS|2026-08-16 vs Baltimore Orioles: 0 FS|2026-08-15 vs Baltimore Orioles: 9 FS,15,30,6.53,5.0,Last 30 games + shrinkage,7.86,5.36,0.204,Neutral,6.53,1.316,0.193,0.0702,0.0351,0.0351,0.0,9.94,9.2,8.91,9.75,9.52,28.0,16.0,20.0,16.0,20.0,6.0,19.91,58.6,41.4,Recent workload,No,51.3,39.5,70.9,75.3,1.1224,185,4.0,1.0,1.0,1.0,100.0,336,84.44,22.32,1.79,33.33,0.381,0.9244,1.0,1.0,1.0,1.0137,694,Statcast,1.0,5,Fallback,336,84.44,12.0,22.1,29.71,16.1,65.8,18.1,1.0,1.0046,1.0168,1.0092,1.0305,0.9984,6.4,-0.13,Unknown/neutral,Neutral fallback,1.0,1.0,1.0,1.0,1.0,1.0,Neutral fallback,1.072,3,27.0,0.8625,27.0,0.9994,0.2283,0.0465,0.0001,0.0269,0.0978,0.0159,0.2254,0.3759,0.349,0.2751,0.0319,0.1517,0.0001,1.0,Projected,5.6,4.91,11.42,17.11,4.58,0.0,Raw,90.5,90.5,85.5,85.5,76.7,73.4,73.4,62.5,62.5,58.0,49.8,49.8,42.7,37.6,37.6,31.5,31.5,27.8,23.6,23.6,20.9,20.9,17.4,15.4,15.4,12.9,11.4,3.8,3.8,5.4,5.1,6.0,5.0,4.5,4.0,3.5,3.0,2.5,1.0,0.0,0.0,0.0,0.0,0.0,0.0,0.0,0.0,0.0,0.0,0.0,0.0,0.0,0.0,0.0,Medium,
24,24,2026-08-31,Elly De La Cruz,CIN,SD,SD @ CIN,HOME,SS,9.45,8.43,8.43,7.06,7.66,7.08,7.41,7.08,0.955,12.8,11.9,9.33,10|16|15|18|5,10|16|15|18|5|3|7|31|0|14,10|16|15|18|5|3|7|31|0|14|5|0|14|0|2,86.8,86.8,77.0,76.5,71.1,70.1,59.4,58.9,54.7,54.2,46.2,44.7,38.5,34.5,34.5,30.0,30.0,27.6,27.6,24.2,24.2,22.7,22.7,18.6,18.6,17.5,17.5,217.79,A,MORE 6.0 | 58.9% | Edge +2.4,MORE,6.0,58.9,2.43,17.8,Playable,2,Last 7 Confirmed,,2,7,2-2-2-2-1-1-1,57.1,97.0,5.02,Regular,14,1.04,Michael King,R,3.23,1.17,0.1918,0.0283,0.0943,3.94,1.29,0.215,0.0297,Great American Ball Park,1.08,1.055,94.5,8.7,224.0,1.0,hot,529,468,0.271,0.35,0.479,0.829,382,0.755,127,24,5,21,81,60,56,2,24,2026-08-30 @ Chicago Cubs: 10 FS|2026-08-29 @ Chicago Cubs: 16 FS|2026-08-28 @ Chicago Cubs: 15 FS|2026-08-26 @ San Francisco Giants: 18 FS|2026-08-25 @ San Francisco Giants: 5 FS,2026-08-30 @ Chicago Cubs: 10 FS|2026-08-29 @ Chicago Cubs: 16 FS|2026-08-28 @ Chicago Cubs: 15 FS|2026-08-26 @ San Francisco Giants: 18 FS|2026-08-25 @ San Francisco Giants: 5 FS|2026-08-24 @ San Francisco Giants: 3 FS|2026-08-23 @ Arizona Diamondbacks: 7 FS|2026-08-22 @ Arizona Diamondbacks: 31 FS|2026-08-21 @ Arizona Diamondbacks: 0 FS|2026-08-20 vs St. Louis Cardinals: 14 FS,2026-08-30 @ Chicago Cubs: 10 FS|2026-08-29 @ Chicago Cubs: 16 FS|2026-08-28 @ Chicago Cubs: 15 FS|2026-08-26 @ San Francisco Giants: 18 FS|2026-08-25 @ San Francisco Giants: 5 FS|2026-08-24 @ San Francisco Giants: 3 FS|2026-08-23 @ Arizona Diamondbacks: 7 FS|2026-08-22 @ Arizona Diamondbacks: 31 FS|2026-08-21 @ Arizona Diamondbacks: 0 FS|2026-08-20 vs St. Louis Cardinals: 14 FS|2026-08-19 vs St. Louis Cardinals: 5 FS|2026-08-18 vs St. Louis Cardinals: 0 FS|2026-08-17 vs St. Louis Cardinals: 14 FS|2026-08-17 vs St. Louis Cardinals: 0 FS|2026-08-16 vs Miami Marlins: 2 FS,15,30,8.97,8.0,Last 30 games + shrinkage,10.57,9.86,0.339,Hot,8.97,2.156,0.3125,0.1094,0.0156,0.0781,0.0469,11.77,11.09,11.18,10.96,9.08,28.0,16.0,20.0,16.0,20.0,6.0,24.84,73.1,26.9,Recent workload,No,52.5,40.7,69.2,70.6,1.1471,180,-1.37,1.0,1.0,1.0,75.0,264,86.01,30.68,0.76,29.55,0.437,1.002,1.0,1.0,1.0,1.0375,735,Statcast,1.14,19,Statcast,264,86.01,12.0,12.13,32.18,17.1,62.1,20.8,1.0381,1.0045,1.0976,0.9284,1.1872,1.0136,10.1,1.13,Unknown/neutral,Neutral fallback,1.0,1.0,1.0,1.0,1.0,1.0,Neutral fallback,1.072,3,27.0,1.3,27.0,1.0,0.1546,0.0623,0.0051,0.0426,0.124,0.0016,0.2498,0.493,0.2153,0.2917,0.0631,0.0813,0.0199,1.0,Projected,7.08,3.24,11.84,18.53,4.35,0.0,Raw,78.8,78.8,69.5,69.5,65.1,65.1,54.9,54.9,51.2,51.2,43.7,43.7,38.5,34.5,34.5,30.0,30.0,27.6,27.6,24.2,24.2,22.7,22.7,18.6,18.6,17.5,17.5,8.0,8.0,7.5,7.0,6.0,5.0,4.5,4.0,3.5,3.0,2.5,1.0,0.0,0.0,0.0,0.0,0.0,0.0,0.0,0.0,0.0,0.0,0.0,0.0,0.0,0.0,0.0,Low,
25,25,2026-08-31,Sal Stewart,CIN,SD,SD @ CIN,HOME,1B,9.75,8.28,8.28,5.6,7.36,6.88,8.42,6.88,0.817,15.8,12.1,10.13,17|19|23|6|14,17|19|23|6|14|3|10|15|3|11,17|19|23|6|14|3|10|15|3|11|20|3|3|5|0,88.1,88.1,80.0,67.6,66.6,62.3,61.8,51.2,47.2,46.7,41.0,39.5,35.1,33.0,33.0,30.3,30.3,29.1,27.8,27.8,27.0,22.6,22.6,22.2,22.2,17.9,15.9,217.46,A,MORE 5.5 | 61.8% | Edge +2.8,MORE,5.5,61.8,2.78,23.6,Playable,3,Last 7 Confirmed,,3,7,3-3-3-3-2-2-2,57.1,97.0,4.92,Regular,14,1.04,Michael King,R,3.23,1.17,0.1918,0.0283,0.0943,3.94,1.29,0.215,0.0297,Great American Ball Park,1.08,1.055,94.5,8.7,224.0,1.0,hot,595,526,0.266,0.338,0.489,0.827,450,0.801,140,24,0,31,79,105,57,4,12,2026-08-30 @ Chicago Cubs: 17 FS|2026-08-29 @ Chicago Cubs: 19 FS|2026-08-28 @ Chicago Cubs: 23 FS|2026-08-26 @ San Francisco Giants: 6 FS|2026-08-25 @ San Francisco Giants: 14 FS,2026-08-30 @ Chicago Cubs: 17 FS|2026-08-29 @ Chicago Cubs: 19 FS|2026-08-28 @ Chicago Cubs: 23 FS|2026-08-26 @ San Francisco Giants: 6 FS|2026-08-25 @ San Francisco Giants: 14 FS|2026-08-24 @ San Francisco Giants: 3 FS|2026-08-23 @ Arizona Diamondbacks: 10 FS|2026-08-22 @ Arizona Diamondbacks: 15 FS|2026-08-21 @ Arizona Diamondbacks: 3 FS|2026-08-20 vs St. Louis Cardinals: 11 FS,2026-08-30 @ Chicago Cubs: 17 FS|2026-08-29 @ Chicago Cubs: 19 FS|2026-08-28 @ Chicago Cubs: 23 FS|2026-08-26 @ San Francisco Giants: 6 FS|2026-08-25 @ San Francisco Giants: 14 FS|2026-08-24 @ San Francisco Giants: 3 FS|2026-08-23 @ Arizona Diamondbacks: 10 FS|2026-08-22 @ Arizona Diamondbacks: 15 FS|2026-08-21 @ Arizona Diamondbacks: 3 FS|2026-08-20 vs St. Louis Cardinals: 11 FS|2026-08-19 vs St. Louis Cardinals: 20 FS|2026-08-18 vs St. Louis Cardinals: 3 FS|2026-08-17 vs St. Louis Cardinals: 3 FS|2026-08-17 vs St. Louis Cardinals: 5 FS|2026-08-16 vs Miami Marlins: 0 FS,15,30,9.87,7.5,Last 30 games + shrinkage,13.14,10.86,0.328,Hot,9.87,2.413,0.3016,0.0952,0.0794,0.0635,0.0,10.26,10.34,10.19,10.26,8.73,28.0,16.0,20.0,16.0,20.0,6.0,24.84,73.1,26.9,Recent workload,No,52.2,40.4,72.6,73.7,1.15,188,-1.37,1.0,1.0,1.0,75.0,308,84.08,20.78,2.6,33.44,0.408,0.9416,1.0,1.0,1.0,1.007,742,Statcast,0.88,22,Statcast,308,84.08,12.0,18.68,28.85,17.5,67.2,15.3,1.0482,1.0021,1.0987,0.9239,1.1802,1.0237,11.84,1.97,Unknown/neutral,Neutral fallback,1.0,1.0,1.0,1.0,1.0,1.0,Neutral fallback,1.072,3,27.0,1.2671,27.0,1.0,0.1482,0.0263,0.0001,0.0673,0.0809,0.0097,0.2165,0.4431,0.3481,0.2088,0.0628,0.2122,0.0001,1.0,Projected,6.88,3.15,12.95,17.86,4.26,0.0,Raw,80.2,80.2,72.5,60.6,60.6,57.3,57.3,47.2,43.7,43.7,38.5,38.5,35.1,33.0,33.0,30.3,30.3,29.1,27.8,27.8,27.0,22.6,22.6,22.2,22.2,17.9,15.9,7.9,7.9,7.5,7.0,6.0,5.0,4.5,4.0,3.5,3.0,2.5,1.0,0.0,0.0,0.0,0.0,0.0,0.0,0.0,0.0,0.0,0.0,0.0,0.0,0.0,0.0,0.0,Low,
26,26,2026-08-31,Wyatt Langford,TEX,ATH,ATH @ TEX,HOME,LF,8.63,8.28,8.28,7.26,5.37,5.62,7.03,5.62,0.799,6.4,8.1,8.4,4|4|0|14|10,4|4|0|14|10|23|10|0|9|7,4|4|0|14|10|23|10|0|9|7|0|12|4|22|7,93.6,93.6,86.8,86.3,78.5,70.1,69.6,60.6,54.7,54.2,45.3,43.8,38.5,32.9,32.9,28.7,25.1,25.1,22.1,22.1,19.9,17.0,17.0,15.7,13.1,13.1,11.9,216.57,A,MORE 6.0 | 60.6% | Edge +2.3,MORE,6.0,60.6,2.28,21.2,Playable,3,Last 7 Confirmed,,3,7,3-3-3-3-3-3-3,100.0,97.0,4.92,Regular,14,1.04,Gage Jump,L,4.69,1.46,0.226,0.0234,0.1091,5.43,1.5,0.2349,0.0384,Globe Life Field,1.02,1.0,,,,,Indoor/retractable neutral,366,327,0.254,0.333,0.453,0.786,118,0.75,83,16,2,15,49,36,35,4,10,2026-08-30 @ Milwaukee Brewers: 4 FS|2026-08-29 @ Milwaukee Brewers: 4 FS|2026-08-28 @ Milwaukee Brewers: 0 FS|2026-08-26 @ Chicago White Sox: 14 FS|2026-08-25 @ Chicago White Sox: 10 FS,2026-08-30 @ Milwaukee Brewers: 4 FS|2026-08-29 @ Milwaukee Brewers: 4 FS|2026-08-28 @ Milwaukee Brewers: 0 FS|2026-08-26 @ Chicago White Sox: 14 FS|2026-08-25 @ Chicago White Sox: 10 FS|2026-08-24 @ Chicago White Sox: 23 FS|2026-08-23 vs Los Angeles Angels: 10 FS|2026-08-22 vs Los Angeles Angels: 0 FS|2026-08-21 vs Los Angeles Angels: 9 FS|2026-08-20 vs Washington Nationals: 7 FS,2026-08-30 @ Milwaukee Brewers: 4 FS|2026-08-29 @ Milwaukee Brewers: 4 FS|2026-08-28 @ Milwaukee Brewers: 0 FS|2026-08-26 @ Chicago White Sox: 14 FS|2026-08-25 @ Chicago White Sox: 10 FS|2026-08-24 @ Chicago White Sox: 23 FS|2026-08-23 vs Los Angeles Angels: 10 FS|2026-08-22 vs Los Angeles Angels: 0 FS|2026-08-21 vs Los Angeles Angels: 9 FS|2026-08-20 vs Washington Nationals: 7 FS|2026-08-19 vs Washington Nationals: 0 FS|2026-08-18 vs Washington Nationals: 12 FS|2026-08-16 @ Athletics: 4 FS|2026-08-15 @ Athletics: 22 FS|2026-08-14 @ Athletics: 7 FS,15,30,6.6,6.5,Last 30 games + shrinkage,9.29,8.5,0.28,Neutral,6.6,1.889,0.2222,0.0635,0.0317,0.1905,0.0159,10.4,9.34,10.29,10.28,8.99,28.0,16.0,20.0,16.0,20.0,6.0,22.99,67.6,32.4,Recent workload,No,51.3,39.5,41.0,70.3,1.1442,143,-0.97,1.0,1.0,1.0,100.0,260,84.57,27.31,0.38,26.54,0.349,0.9054,1.0,1.0,1.0,1.0316,601,Statcast,1.0867,43,Statcast,260,84.57,12.0,23.73,34.26,23.1,66.2,10.8,1.0,1.0056,1.0206,1.0112,1.0375,1.0073,7.21,0.61,Unknown/neutral,Neutral fallback,1.0,1.0,1.0,1.0,1.0,1.0,Neutral fallback,1.072,3,27.0,1.3,27.0,1.0,0.1483,0.0396,0.005,0.0302,0.1694,0.0181,0.2215,0.3611,0.324,0.3149,0.0834,0.0737,0.0159,1.0,Projected,5.62,4.06,11.25,16.05,4.48,0.0,Raw,89.3,89.3,79.3,79.3,72.5,65.1,65.1,56.6,51.2,51.2,42.8,42.8,38.5,32.9,32.9,28.7,25.1,25.1,22.1,22.1,19.9,17.0,17.0,15.7,13.1,13.1,11.9,4.3,4.3,7.5,7.0,6.0,5.0,4.5,4.0,3.5,3.0,2.5,1.0,0.0,0.0,0.0,0.0,0.0,0.0,0.0,0.0,0.0,0.0,0.0,0.0,0.0,0.0,0.0,Low,
27,27,2026-08-31,Ben Rice,NYY,LAA,NYY @ LAA,AWAY,DH,9.09,8.5,8.5,6.51,6.36,6.23,7.82,6.23,0.797,11.2,9.0,8.33,14|0|8|10|24,14|0|8|10|24|7|10|4|4|9,14|0|8|10|24|7|10|4|4|9|17|2|16|0|0,92.3,92.3,82.3,81.8,75.2,65.8,65.3,57.0,56.5,51.1,43.4,41.9,37.4,32.9,32.9,30.2,27.9,27.9,26.2,26.2,25.0,20.8,20.8,20.2,16.4,16.4,15.3,214.95,A,MORE 5.5 | 65.3% | Edge +3.0,MORE,5.5,65.3,3.0,30.6,Good,2,Last 7 Confirmed,,2,6,2-2-2-2-2-2,100.0,97.0,5.02,Regular,14,1.04,Walbert Ureña,R,2.94,1.29,0.172,0.014,0.128,4.28,1.35,0.2038,0.0273,Angel Stadium,1.0,1.03,88.2,7.1,226.0,0.0,warm,563,488,0.254,0.35,0.527,0.877,369,0.927,124,22,3,35,85,86,68,5,3,2026-08-29 vs Boston Red Sox: 14 FS|2026-08-29 vs Boston Red Sox: 0 FS|2026-08-28 vs Boston Red Sox: 8 FS|2026-08-27 vs Houston Astros: 10 FS|2026-08-26 vs Houston Astros: 24 FS,2026-08-29 vs Boston Red Sox: 14 FS|2026-08-29 vs Boston Red Sox: 0 FS|2026-08-28 vs Boston Red Sox: 8 FS|2026-08-27 vs Houston Astros: 10 FS|2026-08-26 vs Houston Astros: 24 FS|2026-08-25 vs Houston Astros: 7 FS|2026-08-23 vs Toronto Blue Jays: 10 FS|2026-08-22 vs Toronto Blue Jays: 4 FS|2026-08-21 vs Toronto Blue Jays: 4 FS|2026-08-20 @ Baltimore Orioles: 9 FS,2026-08-29 vs Boston Red Sox: 14 FS|2026-08-29 vs Boston Red Sox: 0 FS|2026-08-28 vs Boston Red Sox: 8 FS|2026-08-27 vs Houston Astros: 10 FS|2026-08-26 vs Houston Astros: 24 FS|2026-08-25 vs Houston Astros: 7 FS|2026-08-23 vs Toronto Blue Jays: 10 FS|2026-08-22 vs Toronto Blue Jays: 4 FS|2026-08-21 vs Toronto Blue Jays: 4 FS|2026-08-20 @ Baltimore Orioles: 9 FS|2026-08-19 @ Baltimore Orioles: 17 FS|2026-08-18 @ Baltimore Orioles: 2 FS|2026-08-16 @ Toronto Blue Jays: 16 FS|2026-08-15 @ Toronto Blue Jays: 0 FS|2026-08-14 @ Toronto Blue Jays: 0 FS,15,30,6.63,4.0,Last 30 games + shrinkage,10.43,8.93,0.259,Neutral,6.63,1.984,0.2222,0.0794,0.0476,0.1111,0.0,10.34,8.54,9.48,9.65,9.43,28.0,16.0,20.0,16.0,20.0,6.0,20.81,61.2,38.8,Recent workload,No,51.3,39.5,68.5,71.5,1.15,157,-1.92,1.0,1.0,1.0,75.0,276,85.54,29.71,3.26,34.06,0.487,1.0507,1.0,1.0,1.0,1.036,587,Statcast,1.0457,60,Statcast,276,85.54,12.0,17.76,30.53,10.9,63.4,25.7,1.0346,1.0057,1.0561,1.0113,1.0737,1.023,8.55,1.92,Unknown/neutral,Neutral fallback,1.0,1.0,1.0,1.0,1.0,1.0,Neutral fallback,1.072,3,27.0,0.8625,27.0,1.0,0.0946,0.0459,0.0016,0.0526,0.1785,0.0098,0.2418,0.4016,0.3701,0.2284,0.0472,0.1393,0.0016,1.0,Projected,6.23,3.32,12.09,17.66,4.41,0.0,Raw,87.1,87.1,74.8,74.8,69.2,60.8,60.8,53.0,53.0,48.1,40.9,40.9,37.4,32.9,32.9,30.2,27.9,27.9,26.2,26.2,25.0,20.8,20.8,20.2,16.4,16.4,15.3,5.2,5.2,7.5,7.0,6.0,5.0,4.5,4.0,3.5,3.0,2.5,1.0,0.0,0.0,0.0,0.0,0.0,0.0,0.0,0.0,0.0,0.0,0.0,0.0,0.0,0.0,0.0,Low,
28,28,2026-08-31,Jackson Holliday,BAL,COL,BAL @ COL,AWAY,2B,8.21,8.42,8.42,7.12,6.61,6.39,6.96,6.39,0.918,4.0,4.9,5.87,2|3|0|15|0,2|3|0|15|0|15|0|5|9|0,2|3|0|15|0|15|0|5|9|0|9|0|5|20|5,90.9,88.7,80.6,80.1,75.2,74.2,61.6,61.1,58.2,57.7,49.2,47.7,41.4,37.0,37.0,30.5,30.5,27.9,27.9,23.5,23.5,21.3,21.3,17.3,15.4,15.4,12.9,213.31,A,MORE 6.5 | 58.2% | Edge +1.9,MORE,6.5,58.2,1.92,16.4,Playable,1,Last 7 Confirmed,,1,6,1-3-1-1-1-1,83.3,97.0,5.04,Regular,13,1.04,Tanner Gordon,R,5.38,1.43,0.2877,0.0466,0.0411,5.49,1.52,0.2567,0.0347,Coors Field,1.15,1.0,72.9,6.6,147.0,17.0,neutral,300,261,0.23,0.314,0.349,0.663,222,0.657,60,11,1,6,38,27,34,0,8,2026-08-30 @ Athletics: 2 FS|2026-08-29 @ Athletics: 3 FS|2026-08-28 @ Athletics: 0 FS|2026-08-27 @ St. Louis Cardinals: 15 FS|2026-08-26 @ St. Louis Cardinals: 0 FS,2026-08-30 @ Athletics: 2 FS|2026-08-29 @ Athletics: 3 FS|2026-08-28 @ Athletics: 0 FS|2026-08-27 @ St. Louis Cardinals: 15 FS|2026-08-26 @ St. Louis Cardinals: 0 FS|2026-08-25 @ St. Louis Cardinals: 15 FS|2026-08-23 vs Tampa Bay Rays: 0 FS|2026-08-22 vs Tampa Bay Rays: 5 FS|2026-08-21 vs Tampa Bay Rays: 9 FS|2026-08-20 vs New York Yankees: 0 FS,2026-08-30 @ Athletics: 2 FS|2026-08-29 @ Athletics: 3 FS|2026-08-28 @ Athletics: 0 FS|2026-08-27 @ St. Louis Cardinals: 15 FS|2026-08-26 @ St. Louis Cardinals: 0 FS|2026-08-25 @ St. Louis Cardinals: 15 FS|2026-08-23 vs Tampa Bay Rays: 0 FS|2026-08-22 vs Tampa Bay Rays: 5 FS|2026-08-21 vs Tampa Bay Rays: 9 FS|2026-08-20 vs New York Yankees: 0 FS|2026-08-19 vs New York Yankees: 9 FS|2026-08-18 vs New York Yankees: 0 FS|2026-08-17 @ Tampa Bay Rays: 5 FS|2026-08-16 @ Tampa Bay Rays: 20 FS|2026-08-15 @ Tampa Bay Rays: 5 FS,15,30,5.9,3.0,Last 30 games + shrinkage,5.0,5.93,0.193,Cold,5.9,1.383,0.1833,0.05,0.0,0.0333,0.0333,10.09,9.65,9.8,9.89,8.83,28.0,16.0,20.0,16.0,20.0,6.0,20.61,60.6,39.4,Recent workload,No,50.1,38.4,56.6,67.0,1.0823,116,1.64,1.0,1.08,1.0,75.0,223,81.25,19.28,0.45,30.94,0.331,0.8287,1.0,1.0,1.0,0.9924,445,Statcast,0.9415,33,Statcast,223,81.25,12.0,14.89,35.0,16.6,59.6,23.8,1.0172,1.0425,1.1095,1.1829,1.1142,0.9923,5.26,-0.64,Unknown/neutral,Neutral fallback,1.0,1.0,1.0,1.0,1.0,1.0,Neutral fallback,1.072,3,27.0,1.3,27.0,1.0,0.1815,0.052,0.0053,0.0223,0.0691,0.0005,0.212,0.5294,0.1932,0.2774,0.0785,0.0859,0.0178,1.0,Projected,6.39,3.44,11.71,17.22,4.81,0.0,Raw,84.8,81.1,73.1,73.1,69.2,69.2,57.1,57.1,54.7,54.7,46.7,46.7,41.4,37.0,37.0,30.5,30.5,27.9,27.9,23.5,23.5,21.3,21.3,17.3,15.4,15.4,12.9,6.1,7.6,7.5,7.0,6.0,5.0,4.5,4.0,3.5,3.0,2.5,1.0,0.0,0.0,0.0,0.0,0.0,0.0,0.0,0.0,0.0,0.0,0.0,0.0,0.0,0.0,0.0,Medium,
29,29,2026-08-31,Ezequiel Duran,TEX,ATH,ATH @ TEX,HOME,SS,8.79,8.02,8.02,6.77,8.22,7.46,6.74,7.32,1.107,9.4,11.5,8.67,25|3|0|12|7,25|3|0|12|7|16|16|0|14|22,25|3|0|12|7|16|16|0|14|22|0|5|0|0|10,79.3,79.3,73.5,73.0,72.0,60.6,60.1,55.4,54.9,46.1,45.6,39.1,38.1,32.9,32.9,32.9,27.8,27.8,24.4,24.4,20.7,20.7,18.8,18.8,18.8,15.6,15.6,212.96,A,MORE 5.5 | 60.1% | Edge +2.5,MORE,5.5,60.1,2.52,20.2,Playable,5,Last 7 Confirmed,,5,7,5-5-5-5-5-5-5,100.0,97.0,4.61,Regular,14,1.04,Gage Jump,L,4.69,1.46,0.226,0.0234,0.1091,5.43,1.5,0.2349,0.0384,Globe Life Field,1.02,1.0,,,,,Indoor/retractable neutral,494,447,0.273,0.331,0.45,0.781,130,0.821,122,26,4,15,60,73,37,4,10,2026-08-30 @ Milwaukee Brewers: 25 FS|2026-08-29 @ Milwaukee Brewers: 3 FS|2026-08-28 @ Milwaukee Brewers: 0 FS|2026-08-26 @ Chicago White Sox: 12 FS|2026-08-25 @ Chicago White Sox: 7 FS,2026-08-30 @ Milwaukee Brewers: 25 FS|2026-08-29 @ Milwaukee Brewers: 3 FS|2026-08-28 @ Milwaukee Brewers: 0 FS|2026-08-26 @ Chicago White Sox: 12 FS|2026-08-25 @ Chicago White Sox: 7 FS|2026-08-24 @ Chicago White Sox: 16 FS|2026-08-23 vs Los Angeles Angels: 16 FS|2026-08-22 vs Los Angeles Angels: 0 FS|2026-08-21 vs Los Angeles Angels: 14 FS|2026-08-20 vs Washington Nationals: 22 FS,2026-08-30 @ Milwaukee Brewers: 25 FS|2026-08-29 @ Milwaukee Brewers: 3 FS|2026-08-28 @ Milwaukee Brewers: 0 FS|2026-08-26 @ Chicago White Sox: 12 FS|2026-08-25 @ Chicago White Sox: 7 FS|2026-08-24 @ Chicago White Sox: 16 FS|2026-08-23 vs Los Angeles Angels: 16 FS|2026-08-22 vs Los Angeles Angels: 0 FS|2026-08-21 vs Los Angeles Angels: 14 FS|2026-08-20 vs Washington Nationals: 22 FS|2026-08-19 vs Washington Nationals: 0 FS|2026-08-18 vs Washington Nationals: 5 FS|2026-08-16 @ Athletics: 0 FS|2026-08-15 @ Athletics: 0 FS|2026-08-14 @ Athletics: 10 FS,15,30,7.4,5.0,Last 30 games + shrinkage,11.29,8.57,0.308,Hot,7.4,2.034,0.2712,0.1017,0.0339,0.1017,0.0169,9.3,8.85,9.18,9.63,8.52,28.0,16.0,20.0,16.0,20.0,6.0,22.99,67.6,32.4,Recent workload,No,50.4,38.6,43.3,72.8,1.1214,173,-0.97,1.0,1.0,1.0,100.0,295,82.13,22.03,1.36,34.58,0.357,0.8741,1.0,1.0,1.0,0.9976,663,Statcast,1.0528,41,Statcast,295,82.13,12.0,20.17,31.31,19.0,66.4,14.6,1.0,0.9975,0.9909,0.995,0.9834,1.021,9.15,1.75,Unknown/neutral,Neutral fallback,1.0,1.0,1.0,1.0,1.0,1.0,Neutral fallback,1.072,3,27.0,1.2561,27.0,1.0,0.1781,0.0535,0.0077,0.0224,0.1327,0.0175,0.2404,0.4393,0.303,0.2577,0.0629,0.17,0.0108,1.0,Projected,7.32,2.34,11.19,18.94,4.23,0.0,Raw,71.3,71.3,66.0,66.0,66.0,55.6,55.6,51.4,51.4,43.1,43.1,38.1,38.1,32.9,32.9,32.9,27.8,27.8,24.4,24.4,20.7,20.7,18.8,18.8,18.8,15.6,15.6,8.0,8.0,7.5,7.0,6.0,5.0,4.5,4.0,3.5,3.0,2.5,1.0,0.0,0.0,0.0,0.0,0.0,0.0,0.0,0.0,0.0,0.0,0.0,0.0,0.0,0.0,0.0,Low,
30,30,2026-08-31,Yordan Alvarez,HOU,CWS,CWS @ HOU,HOME,DH,9.62,8.38,8.38,6.34,6.8,6.51,7.6,6.51,0.856,6.0,9.0,8.07,0|19|6|2|3,0|19|6|2|3|20|11|2|18|9,0|19|6|2|3|20|11|2|18|9|5|0|3|4|19,92.4,85.2,84.7,75.7,74.7,68.0,57.1,56.6,51.7,51.2,43.5,42.0,36.7,32.6,32.6,29.2,29.2,27.0,24.9,24.9,23.7,23.7,20.1,20.1,19.2,15.8,15.8,212.95,A-,MORE 5.0 | 68.0% | Edge +3.4,MORE,5.0,68.0,3.38,36.0,Good,2,Last 7 Confirmed,,2,7,2-2-2-2-2-2-2,100.0,97.0,5.02,Regular,13,1.04,Anthony Kay,L,4.09,1.34,0.2211,0.0306,0.0799,4.15,1.31,0.2114,0.0298,Daikin Park,1.0,1.0,,,,,Weather unavailable,593,486,0.317,0.432,0.607,1.039,155,0.835,154,28,1,37,90,93,93,9,1,2026-08-30 @ New York Mets: 0 FS|2026-08-29 @ New York Mets: 19 FS|2026-08-28 @ New York Mets: 6 FS|2026-08-27 @ New York Yankees: 2 FS|2026-08-26 @ New York Yankees: 3 FS,2026-08-30 @ New York Mets: 0 FS|2026-08-29 @ New York Mets: 19 FS|2026-08-28 @ New York Mets: 6 FS|2026-08-27 @ New York Yankees: 2 FS|2026-08-26 @ New York Yankees: 3 FS|2026-08-25 @ New York Yankees: 20 FS|2026-08-23 vs Athletics: 11 FS|2026-08-22 vs Athletics: 2 FS|2026-08-21 vs Athletics: 18 FS|2026-08-20 vs Los Angeles Angels: 9 FS,2026-08-30 @ New York Mets: 0 FS|2026-08-29 @ New York Mets: 19 FS|2026-08-28 @ New York Mets: 6 FS|2026-08-27 @ New York Yankees: 2 FS|2026-08-26 @ New York Yankees: 3 FS|2026-08-25 @ New York Yankees: 20 FS|2026-08-23 vs Athletics: 11 FS|2026-08-22 vs Athletics: 2 FS|2026-08-21 vs Athletics: 18 FS|2026-08-20 vs Los Angeles Angels: 9 FS|2026-08-19 vs Los Angeles Angels: 5 FS|2026-08-18 vs Los Angeles Angels: 0 FS|2026-08-16 vs Seattle Mariners: 3 FS|2026-08-15 vs Seattle Mariners: 4 FS|2026-08-14 vs Seattle Mariners: 19 FS,15,30,8.57,7.0,Last 30 games + shrinkage,8.71,7.29,0.255,Neutral,8.57,1.759,0.2069,0.0862,0.0172,0.1379,0.0,11.39,9.64,9.06,9.16,8.92,28.0,16.0,20.0,16.0,20.0,6.0,23.44,68.9,31.1,Recent workload,No,51.5,39.7,47.7,70.4,1.1233,132,0.4,1.0,1.0,1.0,75.0,261,86.62,32.95,1.53,31.42,0.467,1.0449,1.0,1.0,1.0,1.0434,616,Statcast,0.88,67,Statcast,261,86.62,12.0,22.37,28.71,18.0,56.3,25.7,1.0,1.0106,1.0388,1.0212,1.0705,0.9917,7.88,-0.69,Unknown/neutral,Neutral fallback,1.0,1.0,1.0,1.0,1.0,1.0,Neutral fallback,1.072,3,27.0,0.8625,27.0,0.9839,0.1443,0.0408,0.0063,0.0495,0.1299,0.0222,0.1816,0.326,0.4074,0.2666,0.0821,0.1311,0.0004,1.0,Projected,6.51,3.77,11.48,17.47,4.33,0.0,Raw,87.3,77.2,77.2,68.7,68.7,63.0,52.6,52.6,48.2,48.2,41.0,41.0,36.7,32.6,32.6,29.2,29.2,27.0,24.9,24.9,23.7,23.7,20.1,20.1,19.2,15.8,15.8,5.1,8.0,7.5,7.0,6.0,5.0,4.5,4.0,3.5,3.0,2.5,1.0,0.0,0.0,0.0,0.0,0.0,0.0,0.0,0.0,0.0,0.0,0.0,0.0,0.0,0.0,0.0,Low,
